<?xml version="1.0" ?>
<cmt_long_report>
	<header_info>
		<cmt_version>7.0</cmt_version>
		<copyright>Copyright (c) 1993-2013 Testwell Oy</copyright>
		<copyright>Copyright (c) 2013-2018 Verifysoft Technology GmbH</copyright>
		<license_notes>
		</license_notes>
		<date>Tue Apr  4 22:40:07 2023</date>
		<cmt_options> -o C:\Users\muawi\cmt\A1_T2_S153.xml -lf -f C:\Users\muawi\cmt\files.txt</cmt_options>
		<run_directory>C:\Testwell\CMT</run_directory>
		<mccabe_preference>extended</mccabe_preference>
	</header_info>
	<file name="C:\Users\muawi\OneDrive\Documents\Study\Junior Year\Topics in Internet Research\Project\PA1_ANON_DATA\PA1_ANON_DATA\folder_153\MySortedSet.cpp" stamp="1680056129">
		<function name="MySortedSet::MySortedSet()">
			<start_line>6</start_line>
			<vG_b>1</vG_b>
			<vG_e>1</vG_e>
			<params>0</params>
			<LOCphy>6</LOCphy>
			<LOCpro>5</LOCpro>
			<LOCbl>0</LOCbl>
			<LOCcom>0</LOCcom>
			<N>22</N>
			<N1>13</N1>
			<N2>9</N2>
			<n>14</n>
			<n1>9</n1>
			<n2>5</n2>
			<V>83.762</V>
			<B>0.026</B>
			<D>8.100</D>
			<E>678.471</E>
			<L>0.123</L>
			<T>00:00:37</T>
			<MaxND>1</MaxND>
			<MIwoc>119</MIwoc>
			<MIcwc>0</MIcwc>
			<MI>119</MI>
			<operators>
				<token count="1">()</token>
				<token count="1">*</token>
				<token count="1">::</token>
				<token count="2">;</token>
				<token count="2">&lt;</token>
				<token count="1">==</token>
				<token count="3">&gt;</token>
				<token count="1">class</token>
				<token count="1">{}</token>
			</operators>
			<operands>
				<token count="1">ListItem</token>
				<token count="2">MySortedSet</token>
				<token count="1">NULL</token>
				<token count="3">T</token>
				<token count="2">temp</token>
			</operands>
		</function>
		<function name="MySortedSet::~MySortedSet()">
			<start_line>12</start_line>
			<vG_b>1</vG_b>
			<vG_e>1</vG_e>
			<params>0</params>
			<LOCphy>3</LOCphy>
			<LOCpro alarmed="1">2</LOCpro>
			<LOCbl>0</LOCbl>
			<LOCcom>0</LOCcom>
			<N>12</N>
			<N1>8</N1>
			<N2>4</N2>
			<n>9</n>
			<n1>7</n1>
			<n2>2</n2>
			<V>38.039</V>
			<B>0.014</B>
			<D>7.000</D>
			<E>266.274</E>
			<L>0.143</L>
			<T>00:00:14</T>
			<MaxND>1</MaxND>
			<MIwoc>134</MIwoc>
			<MIcwc>0</MIcwc>
			<MI>134</MI>
			<operators>
				<token count="1">()</token>
				<token count="1">::</token>
				<token count="1">&lt;</token>
				<token count="2">&gt;</token>
				<token count="1">class</token>
				<token count="1">{}</token>
				<token count="1">~</token>
			</operators>
			<operands>
				<token count="2">MySortedSet</token>
				<token count="2">T</token>
			</operands>
		</function>
		<function name="MySortedSet::getListHead()">
			<start_line>16</start_line>
			<vG_b>1</vG_b>
			<vG_e>1</vG_e>
			<params>0</params>
			<LOCphy>7</LOCphy>
			<LOCpro>6</LOCpro>
			<LOCbl>0</LOCbl>
			<LOCcom>0</LOCcom>
			<N>33</N>
			<N1>20</N1>
			<N2>13</N2>
			<n>18</n>
			<n1>11</n1>
			<n2>7</n2>
			<V>137.608</V>
			<B>0.042</B>
			<D>10.214</D>
			<E>1405.563</E>
			<L>0.098</L>
			<T>00:01:18</T>
			<MaxND>1</MaxND>
			<MIwoc>114</MIwoc>
			<MIcwc>0</MIcwc>
			<MI>114</MI>
			<operators>
				<token count="2">()</token>
				<token count="2">*</token>
				<token count="1">.</token>
				<token count="1">::</token>
				<token count="3">;</token>
				<token count="3">&lt;</token>
				<token count="1">=</token>
				<token count="4">&gt;</token>
				<token count="1">class</token>
				<token count="1">return</token>
				<token count="1">{}</token>
			</operators>
			<operands>
				<token count="2">ListItem</token>
				<token count="1">MySortedSet</token>
				<token count="4">T</token>
				<token count="1">container</token>
				<token count="1">getHead</token>
				<token count="1">getListHead</token>
				<token count="3">temp</token>
			</operands>
		</function>
		<function name="MySortedSet::insert()">
			<start_line>24</start_line>
			<vG_b>2</vG_b>
			<vG_e>2</vG_e>
			<params>1</params>
			<LOCphy>12</LOCphy>
			<LOCpro>10</LOCpro>
			<LOCbl>0</LOCbl>
			<LOCcom alarmed="1">1</LOCcom>
			<N>36</N>
			<N1>20</N1>
			<N2>16</N2>
			<n>23</n>
			<n1>12</n1>
			<n2>11</n2>
			<V>162.848</V>
			<B>0.042</B>
			<D>8.727</D>
			<E>1421.221</E>
			<L>0.115</L>
			<T>00:01:18</T>
			<MaxND>2</MaxND>
			<MIwoc>104</MIwoc>
			<MIcwc>22</MIcwc>
			<MI>125</MI>
			<operators>
				<token count="3">()</token>
				<token count="2">.</token>
				<token count="1">::</token>
				<token count="3">;</token>
				<token count="1">&lt;</token>
				<token count="1">==</token>
				<token count="2">&gt;</token>
				<token count="1">class</token>
				<token count="1">else</token>
				<token count="1">if()</token>
				<token count="2">return</token>
				<token count="2">{}</token>
			</operators>
			<operands>
				<token count="1">0</token>
				<token count="1">1</token>
				<token count="1">MySortedSet</token>
				<token count="1">NULL</token>
				<token count="3">T</token>
				<token count="2">container</token>
				<token count="3">ele</token>
				<token count="1">insert</token>
				<token count="1">insertSorted</token>
				<token count="1">int</token>
				<token count="1">searchFor</token>
			</operands>
		</function>
		<function name="MySortedSet::deleteEle()">
			<start_line>37</start_line>
			<vG_b>2</vG_b>
			<vG_e>2</vG_e>
			<params>1</params>
			<LOCphy>13</LOCphy>
			<LOCpro>12</LOCpro>
			<LOCbl>0</LOCbl>
			<LOCcom alarmed="1">0</LOCcom>
			<N>37</N>
			<N1>21</N1>
			<N2>16</N2>
			<n>23</n>
			<n1>12</n1>
			<n2>11</n2>
			<V>167.372</V>
			<B>0.043</B>
			<D>8.727</D>
			<E>1460.699</E>
			<L>0.115</L>
			<T>00:01:21</T>
			<MaxND>2</MaxND>
			<MIwoc>102</MIwoc>
			<MIcwc>0</MIcwc>
			<MI>102</MI>
			<operators>
				<token count="3">()</token>
				<token count="2">.</token>
				<token count="1">::</token>
				<token count="3">;</token>
				<token count="1">&lt;</token>
				<token count="1">==</token>
				<token count="2">&gt;</token>
				<token count="1">class</token>
				<token count="1">else</token>
				<token count="1">if()</token>
				<token count="2">return</token>
				<token count="3">{}</token>
			</operators>
			<operands>
				<token count="1">0</token>
				<token count="1">1</token>
				<token count="1">MySortedSet</token>
				<token count="1">NULL</token>
				<token count="3">T</token>
				<token count="2">container</token>
				<token count="1">deleteEle</token>
				<token count="1">deleteElement</token>
				<token count="3">ele</token>
				<token count="1">int</token>
				<token count="1">searchFor</token>
			</operands>
		</function>
		<function name="MySortedSet::isEmpty()">
			<start_line>51</start_line>
			<vG_b>2</vG_b>
			<vG_e>2</vG_e>
			<params>0</params>
			<LOCphy>12</LOCphy>
			<LOCpro>11</LOCpro>
			<LOCbl>0</LOCbl>
			<LOCcom alarmed="1">0</LOCcom>
			<N>28</N>
			<N1>18</N1>
			<N2>10</N2>
			<n>20</n>
			<n1>12</n1>
			<n2>8</n2>
			<V>121.014</V>
			<B>0.031</B>
			<D>7.500</D>
			<E>907.605</E>
			<L>0.133</L>
			<T>00:00:50</T>
			<MaxND>2</MaxND>
			<MIwoc>105</MIwoc>
			<MIcwc>0</MIcwc>
			<MI>105</MI>
			<operators>
				<token count="2">()</token>
				<token count="1">.</token>
				<token count="1">::</token>
				<token count="2">;</token>
				<token count="1">&lt;</token>
				<token count="1">==</token>
				<token count="2">&gt;</token>
				<token count="1">class</token>
				<token count="1">else</token>
				<token count="1">if()</token>
				<token count="2">return</token>
				<token count="3">{}</token>
			</operators>
			<operands>
				<token count="2">0</token>
				<token count="1">1</token>
				<token count="1">MySortedSet</token>
				<token count="2">T</token>
				<token count="1">container</token>
				<token count="1">int</token>
				<token count="1">isEmpty</token>
				<token count="1">length</token>
			</operands>
		</function>
		<function name="MySortedSet::isMember()">
			<start_line>64</start_line>
			<vG_b>2</vG_b>
			<vG_e>2</vG_e>
			<params>1</params>
			<LOCphy>11</LOCphy>
			<LOCpro>9</LOCpro>
			<LOCbl>1</LOCbl>
			<LOCcom>0</LOCcom>
			<N>30</N>
			<N1>17</N1>
			<N2>13</N2>
			<n>22</n>
			<n1>12</n1>
			<n2>10</n2>
			<V>133.783</V>
			<B>0.034</B>
			<D>7.800</D>
			<E>1043.507</E>
			<L>0.128</L>
			<T>00:00:57</T>
			<MaxND>2</MaxND>
			<MIwoc>106</MIwoc>
			<MIcwc>0</MIcwc>
			<MI>106</MI>
			<operators>
				<token count="1">!=</token>
				<token count="2">()</token>
				<token count="1">.</token>
				<token count="1">::</token>
				<token count="2">;</token>
				<token count="1">&lt;</token>
				<token count="2">&gt;</token>
				<token count="1">class</token>
				<token count="1">else</token>
				<token count="1">if()</token>
				<token count="2">return</token>
				<token count="2">{}</token>
			</operators>
			<operands>
				<token count="1">0</token>
				<token count="1">1</token>
				<token count="1">MySortedSet</token>
				<token count="1">NULL</token>
				<token count="3">T</token>
				<token count="1">container</token>
				<token count="2">ele</token>
				<token count="1">int</token>
				<token count="1">isMember</token>
				<token count="1">searchFor</token>
			</operands>
		</function>
		<function name="MySortedSet::isEqual()">
			<start_line>76</start_line>
			<vG_b>6</vG_b>
			<vG_e>7</vG_e>
			<params>1</params>
			<LOCphy>33</LOCphy>
			<LOCpro>30</LOCpro>
			<LOCbl>2</LOCbl>
			<LOCcom alarmed="1">0</LOCcom>
			<N>103</N>
			<N1>61</N1>
			<N2>42</N2>
			<n>34</n>
			<n1>18</n1>
			<n2>16</n2>
			<V>524.009</V>
			<B>0.178</B>
			<D>23.625</D>
			<E>12379.705</E>
			<L>0.042</L>
			<T>00:11:27</T>
			<MaxND>4</MaxND>
			<MIwoc>80</MIwoc>
			<MIcwc>0</MIcwc>
			<MI>80</MI>
			<operators>
				<token count="3">!=</token>
				<token count="1">&amp;&amp;</token>
				<token count="3">()</token>
				<token count="3">*</token>
				<token count="5">-&gt;</token>
				<token count="1">.</token>
				<token count="1">::</token>
				<token count="8">;</token>
				<token count="4">&lt;</token>
				<token count="4">=</token>
				<token count="3">==</token>
				<token count="5">&gt;</token>
				<token count="1">class</token>
				<token count="2">else</token>
				<token count="4">if()</token>
				<token count="4">return</token>
				<token count="1">while()</token>
				<token count="8">{}</token>
			</operators>
			<operands>
				<token count="2">0</token>
				<token count="2">1</token>
				<token count="2">ListItem</token>
				<token count="2">MySortedSet</token>
				<token count="5">NULL</token>
				<token count="5">T</token>
				<token count="2">anotherset</token>
				<token count="1">container</token>
				<token count="1">getHead</token>
				<token count="1">getListHead</token>
				<token count="1">int</token>
				<token count="1">isEqual</token>
				<token count="2">next</token>
				<token count="7">temp</token>
				<token count="6">temp1</token>
				<token count="2">value</token>
			</operands>
		</function>
		<function name="MySortedSet::isSubset()">
			<start_line>110</start_line>
			<vG_b>5</vG_b>
			<vG_e>6</vG_e>
			<params>1</params>
			<LOCphy>28</LOCphy>
			<LOCpro>26</LOCpro>
			<LOCbl>1</LOCbl>
			<LOCcom alarmed="1">0</LOCcom>
			<N>96</N>
			<N1>58</N1>
			<N2>38</N2>
			<n>35</n>
			<n1>18</n1>
			<n2>17</n2>
			<V>492.411</V>
			<B>0.154</B>
			<D>20.118</D>
			<E>9906.154</E>
			<L>0.050</L>
			<T>00:09:10</T>
			<MaxND>4</MaxND>
			<MIwoc>83</MIwoc>
			<MIcwc>0</MIcwc>
			<MI>83</MI>
			<operators>
				<token count="3">!=</token>
				<token count="1">&amp;&amp;</token>
				<token count="6">()</token>
				<token count="3">*</token>
				<token count="3">-&gt;</token>
				<token count="2">.</token>
				<token count="1">::</token>
				<token count="7">;</token>
				<token count="4">&lt;</token>
				<token count="3">=</token>
				<token count="2">==</token>
				<token count="5">&gt;</token>
				<token count="1">class</token>
				<token count="3">else</token>
				<token count="3">if()</token>
				<token count="4">return</token>
				<token count="1">while()</token>
				<token count="6">{}</token>
			</operators>
			<operands>
				<token count="2">0</token>
				<token count="2">1</token>
				<token count="2">ListItem</token>
				<token count="2">MySortedSet</token>
				<token count="5">NULL</token>
				<token count="5">T</token>
				<token count="2">anotherset</token>
				<token count="2">container</token>
				<token count="1">getHead</token>
				<token count="1">getListHead</token>
				<token count="1">int</token>
				<token count="1">isSubset</token>
				<token count="1">next</token>
				<token count="1">searchFor</token>
				<token count="2">temp</token>
				<token count="7">temp1</token>
				<token count="1">value</token>
			</operands>
		</function>
		<function name="MySortedSet::setUnion()">
			<start_line>139</start_line>
			<vG_b>6</vG_b>
			<vG_e>6</vG_e>
			<params>1</params>
			<LOCphy>37</LOCphy>
			<LOCpro>33</LOCpro>
			<LOCbl>2</LOCbl>
			<LOCcom alarmed="1">1</LOCcom>
			<N>136</N>
			<N1>79</N1>
			<N2>57</N2>
			<n>34</n>
			<n1>18</n1>
			<n2>16</n2>
			<V>691.895</V>
			<B>0.263</B>
			<D>32.063</D>
			<E>22183.881</E>
			<L>0.031</L>
			<T>00:20:32</T>
			<MaxND>4</MaxND>
			<MIwoc>77</MIwoc>
			<MIcwc>13</MIcwc>
			<MI>90</MI>
			<operators>
				<token count="4">!=</token>
				<token count="7">()</token>
				<token count="5">*</token>
				<token count="10">-&gt;</token>
				<token count="1">.</token>
				<token count="1">::</token>
				<token count="11">;</token>
				<token count="7">&lt;</token>
				<token count="6">=</token>
				<token count="1">==</token>
				<token count="8">&gt;</token>
				<token count="1">class</token>
				<token count="2">else</token>
				<token count="2">if()</token>
				<token count="1">new</token>
				<token count="2">return</token>
				<token count="3">while()</token>
				<token count="7">{}</token>
			</operators>
			<operands>
				<token count="2">ListItem</token>
				<token count="5">MySortedSet</token>
				<token count="6">NULL</token>
				<token count="6">T</token>
				<token count="5">Union</token>
				<token count="2">anotherset</token>
				<token count="1">container</token>
				<token count="1">getHead</token>
				<token count="1">getListHead</token>
				<token count="3">insert</token>
				<token count="2">int</token>
				<token count="3">next</token>
				<token count="1">setUnion</token>
				<token count="6">temp</token>
				<token count="10">temp1</token>
				<token count="3">value</token>
			</operands>
		</function>
		<function name="MySortedSet::setIntersection()">
			<start_line>177</start_line>
			<vG_b>4</vG_b>
			<vG_e>4</vG_e>
			<params>1</params>
			<LOCphy>29</LOCphy>
			<LOCpro>21</LOCpro>
			<LOCbl>5</LOCbl>
			<LOCcom alarmed="1">2</LOCcom>
			<N>95</N>
			<N1>57</N1>
			<N2>38</N2>
			<n>33</n>
			<n1>18</n1>
			<n2>15</n2>
			<V>479.217</V>
			<B>0.164</B>
			<D>22.800</D>
			<E>10926.157</E>
			<L>0.044</L>
			<T>00:10:07</T>
			<MaxND>4</MaxND>
			<MIwoc>83</MIwoc>
			<MIcwc>20</MIcwc>
			<MI>103</MI>
			<operators>
				<token count="1">!=</token>
				<token count="7">()</token>
				<token count="4">*</token>
				<token count="5">-&gt;</token>
				<token count="2">.</token>
				<token count="1">::</token>
				<token count="6">;</token>
				<token count="6">&lt;</token>
				<token count="3">=</token>
				<token count="2">==</token>
				<token count="7">&gt;</token>
				<token count="1">class</token>
				<token count="1">else</token>
				<token count="2">if()</token>
				<token count="1">new</token>
				<token count="2">return</token>
				<token count="1">while()</token>
				<token count="5">{}</token>
			</operators>
			<operands>
				<token count="1">1</token>
				<token count="4">Intersection</token>
				<token count="1">ListItem</token>
				<token count="5">MySortedSet</token>
				<token count="2">NULL</token>
				<token count="7">T</token>
				<token count="2">anotherset</token>
				<token count="2">container</token>
				<token count="2">getHead</token>
				<token count="1">insert</token>
				<token count="1">isMember</token>
				<token count="1">next</token>
				<token count="1">setIntersection</token>
				<token count="6">temp1</token>
				<token count="2">value</token>
			</operands>
		</function>
		<function name="MySortedSet::setDifference()">
			<start_line>246</start_line>
			<vG_b>4</vG_b>
			<vG_e>4</vG_e>
			<params>1</params>
			<LOCphy>28</LOCphy>
			<LOCpro>21</LOCpro>
			<LOCbl>5</LOCbl>
			<LOCcom alarmed="1">1</LOCcom>
			<N>95</N>
			<N1>57</N1>
			<N2>38</N2>
			<n>33</n>
			<n1>18</n1>
			<n2>15</n2>
			<V>479.217</V>
			<B>0.164</B>
			<D>22.800</D>
			<E>10926.157</E>
			<L>0.044</L>
			<T>00:10:07</T>
			<MaxND>4</MaxND>
			<MIwoc>84</MIwoc>
			<MIcwc>14</MIcwc>
			<MI>98</MI>
			<operators>
				<token count="1">!=</token>
				<token count="7">()</token>
				<token count="4">*</token>
				<token count="5">-&gt;</token>
				<token count="2">.</token>
				<token count="1">::</token>
				<token count="6">;</token>
				<token count="6">&lt;</token>
				<token count="3">=</token>
				<token count="2">==</token>
				<token count="7">&gt;</token>
				<token count="1">class</token>
				<token count="1">else</token>
				<token count="2">if()</token>
				<token count="1">new</token>
				<token count="2">return</token>
				<token count="1">while()</token>
				<token count="5">{}</token>
			</operators>
			<operands>
				<token count="1">0</token>
				<token count="4">Intersection</token>
				<token count="1">ListItem</token>
				<token count="5">MySortedSet</token>
				<token count="2">NULL</token>
				<token count="7">T</token>
				<token count="2">anotherset</token>
				<token count="2">container</token>
				<token count="2">getHead</token>
				<token count="1">insert</token>
				<token count="1">isMember</token>
				<token count="1">next</token>
				<token count="1">setDifference</token>
				<token count="6">temp1</token>
				<token count="2">value</token>
			</operands>
		</function>
		<function name="MySortedSet::print()">
			<start_line>276</start_line>
			<vG_b>3</vG_b>
			<vG_e>3</vG_e>
			<params>0</params>
			<LOCphy>19</LOCphy>
			<LOCpro>18</LOCpro>
			<LOCbl>0</LOCbl>
			<LOCcom alarmed="1">0</LOCcom>
			<N>58</N>
			<N1>35</N1>
			<N2>23</N2>
			<n>30</n>
			<n1>17</n1>
			<n2>13</n2>
			<V>284.600</V>
			<B>0.088</B>
			<D>15.038</D>
			<E>4279.941</E>
			<L>0.066</L>
			<T>00:03:57</T>
			<MaxND>3</MaxND>
			<MIwoc>93</MIwoc>
			<MIcwc>0</MIcwc>
			<MI>93</MI>
			<operators>
				<token count="1">!=</token>
				<token count="2">()</token>
				<token count="1">*</token>
				<token count="2">-&gt;</token>
				<token count="1">::</token>
				<token count="6">;</token>
				<token count="2">&lt;</token>
				<token count="4">&lt;&lt;</token>
				<token count="2">=</token>
				<token count="1">==</token>
				<token count="3">&gt;</token>
				<token count="1">class</token>
				<token count="1">else</token>
				<token count="1">if()</token>
				<token count="2">return</token>
				<token count="1">while()</token>
				<token count="4">{}</token>
			</operators>
			<operands>
				<token count="1">&quot;empty List&quot;</token>
				<token count="1">ListItem</token>
				<token count="1">MySortedSet</token>
				<token count="2">NULL</token>
				<token count="3">T</token>
				<token count="2">cout</token>
				<token count="2">endl</token>
				<token count="1">getListHead</token>
				<token count="1">next</token>
				<token count="1">print</token>
				<token count="6">temp</token>
				<token count="1">value</token>
				<token count="1">void</token>
			</operands>
		</function>
		<file_total>
			<vG_b>27</vG_b>
			<vG_e>29</vG_e>
			<vG_b_max>6</vG_b_max>
			<vG_b_avg>3</vG_b_avg>
			<vG_e_max>7</vG_e_max>
			<vG_e_avg>3</vG_e_avg>
			<params>8</params>
			<LOCphy>293</LOCphy>
			<LOCpro>220</LOCpro>
			<LOCbl>27</LOCbl>
			<LOCcom alarmed="1">46</LOCcom>
			<N>813</N>
			<N1>493</N1>
			<N2>320</N2>
			<n>60</n>
			<n1>23</n1>
			<n2>37</n2>
			<V>4802.302</V>
			<B alarmed="1">2.037</B>
			<D>99.459</D>
			<E>477634.375</E>
			<L>0.010</L>
			<T>07:22:15</T>
			<MaxND>4</MaxND>
			<MIwoc>89</MIwoc>
			<MIcwc>29</MIcwc>
			<MI>118</MI>
			<operators>
				<token count="14">!=</token>
				<token count="3">#</token>
				<token count="2">&amp;&amp;</token>
				<token count="46">()</token>
				<token count="23">*</token>
				<token count="30">-&gt;</token>
				<token count="15">.</token>
				<token count="13">::</token>
				<token count="59">;</token>
				<token count="52">&lt;</token>
				<token count="4">&lt;&lt;</token>
				<token count="22">=</token>
				<token count="15">==</token>
				<token count="52">&gt;</token>
				<token count="13">class</token>
				<token count="14">else</token>
				<token count="18">if()</token>
				<token count="3">new</token>
				<token count="25">return</token>
				<token count="13">template</token>
				<token count="8">while()</token>
				<token count="48">{}</token>
				<token count="1">~</token>
			</operators>
			<operands>
				<token count="1">&quot;empty List&quot;</token>
				<token count="10">0</token>
				<token count="9">1</token>
				<token count="8">Intersection</token>
				<token count="12">ListItem</token>
				<token count="29">MySortedSet</token>
				<token count="26">NULL</token>
				<token count="53">T</token>
				<token count="5">Union</token>
				<token count="10">anotherset</token>
				<token count="15">container</token>
				<token count="2">cout</token>
				<token count="1">deleteEle</token>
				<token count="1">deleteElement</token>
				<token count="8">ele</token>
				<token count="2">endl</token>
				<token count="8">getHead</token>
				<token count="5">getListHead</token>
				<token count="3">include</token>
				<token count="6">insert</token>
				<token count="1">insertSorted</token>
				<token count="8">int</token>
				<token count="1">isEmpty</token>
				<token count="1">isEqual</token>
				<token count="3">isMember</token>
				<token count="1">isSubset</token>
				<token count="1">length</token>
				<token count="9">next</token>
				<token count="1">print</token>
				<token count="4">searchFor</token>
				<token count="1">setDifference</token>
				<token count="1">setIntersection</token>
				<token count="1">setUnion</token>
				<token count="26">temp</token>
				<token count="35">temp1</token>
				<token count="11">value</token>
				<token count="1">void</token>
			</operands>
		</file_total>
	</file>
	<system>
		<files>1</files>
		<functions>13</functions>
		<LOCphy>293</LOCphy>
		<LOCbl>27</LOCbl>
		<LOCpro>220</LOCpro>
		<LOCcom>46</LOCcom>
		<semicolons>59</semicolons>
		<vG_b>27</vG_b>
		<vG_e>29</vG_e>
		<params>8</params>
		<MIwoc>94</MIwoc>
		<MIcw>11</MIcw>
		<MI>105</MI>
		<alarms>
			<file_vG>
				<measured>1</measured>
				<alarmed>0</alarmed>
				<percent>0</percent>
				<lowlimit>1</lowlimit>
				<highlimit>100</highlimit>
			</file_vG>
			<file_LOCpro>
				<measured>1</measured>
				<alarmed>0</alarmed>
				<percent>0</percent>
				<lowlimit>4</lowlimit>
				<highlimit>400</highlimit>
			</file_LOCpro>
			<file_comment_percent>
				<measured>1</measured>
				<alarmed>1</alarmed>
				<percent>100</percent>
				<lowlimit>30</lowlimit>
				<highlimit>75</highlimit>
			</file_comment_percent>
			<file_V>
				<measured>1</measured>
				<alarmed>0</alarmed>
				<percent>0</percent>
				<lowlimit>100</lowlimit>
				<highlimit>8000</highlimit>
			</file_V>
			<file_B>
				<measured>1</measured>
				<alarmed>1</alarmed>
				<percent>100</percent>
				<lowlimit>0</lowlimit>
				<highlimit>2</highlimit>
			</file_B>
			<file_MI>
				<measured>1</measured>
				<alarmed>0</alarmed>
				<percent>0</percent>
				<lowlimit>65</lowlimit>
			</file_MI>
			<function_vG>
				<measured>13</measured>
				<alarmed>0</alarmed>
				<percent>0</percent>
				<lowlimit>1</lowlimit>
				<highlimit>10</highlimit>
			</function_vG>
			<function_LOCpro>
				<measured>13</measured>
				<alarmed>1</alarmed>
				<percent>7</percent>
				<lowlimit>4</lowlimit>
				<highlimit>40</highlimit>
			</function_LOCpro>
			<function_comment_percent>
				<measured>13</measured>
				<alarmed>9</alarmed>
				<percent>69</percent>
				<lowlimit>30</lowlimit>
				<highlimit>75</highlimit>
			</function_comment_percent>
			<function_V>
				<measured>13</measured>
				<alarmed>0</alarmed>
				<percent>0</percent>
				<lowlimit>20</lowlimit>
				<highlimit>1000</highlimit>
			</function_V>
			<function_MI>
				<measured>13</measured>
				<alarmed>0</alarmed>
				<percent>0</percent>
				<lowlimit>65</lowlimit>
			</function_MI>
		</alarms>
		<error_messages count="0">
		</error_messages>
	</system>
</cmt_long_report>
