<?xml version="1.0" ?>
<cmt_long_report>
	<header_info>
		<cmt_version>7.0</cmt_version>
		<copyright>Copyright (c) 1993-2013 Testwell Oy</copyright>
		<copyright>Copyright (c) 2013-2018 Verifysoft Technology GmbH</copyright>
		<license_notes>
		</license_notes>
		<date>Tue Apr  4 22:08:09 2023</date>
		<cmt_options> -o C:\Users\muawi\cmt\A1_T2_S85.xml -lf -f C:\Users\muawi\cmt\files.txt</cmt_options>
		<run_directory>C:\Testwell\CMT</run_directory>
		<mccabe_preference>extended</mccabe_preference>
	</header_info>
	<file name="C:\Users\muawi\OneDrive\Documents\Study\Junior Year\Topics in Internet Research\Project\PA1_ANON_DATA\PA1_ANON_DATA\folder_85\MySortedSet.cpp" stamp="1680056090">
		<function name="MySortedSet::MySortedSet()">
			<start_line>5</start_line>
			<vG_b>1</vG_b>
			<vG_e>1</vG_e>
			<params>0</params>
			<LOCphy>6</LOCphy>
			<LOCpro>4</LOCpro>
			<LOCbl>0</LOCbl>
			<LOCcom>1</LOCcom>
			<N>17</N>
			<N1>10</N1>
			<N2>7</N2>
			<n>14</n>
			<n1>9</n1>
			<n2>5</n2>
			<V>64.725</V>
			<B>0.018</B>
			<D>6.300</D>
			<E>407.768</E>
			<L>0.159</L>
			<T>00:00:22</T>
			<MaxND>1</MaxND>
			<MIwoc>120</MIwoc>
			<MIcwc>30</MIcwc>
			<MI>150</MI>
			<operators>
				<token count="1">()</token>
				<token count="1">-&gt;</token>
				<token count="1">::</token>
				<token count="1">;</token>
				<token count="1">&lt;</token>
				<token count="1">=</token>
				<token count="2">&gt;</token>
				<token count="1">class</token>
				<token count="1">{}</token>
			</operators>
			<operands>
				<token count="2">MySortedSet</token>
				<token count="1">NULL</token>
				<token count="2">T</token>
				<token count="1">head</token>
				<token count="1">this</token>
			</operands>
		</function>
		<function name="MySortedSet::~MySortedSet()">
			<start_line>12</start_line>
			<vG_b>2</vG_b>
			<vG_e>2</vG_e>
			<params>0</params>
			<LOCphy>12</LOCphy>
			<LOCpro>8</LOCpro>
			<LOCbl>2</LOCbl>
			<LOCcom>1</LOCcom>
			<N>35</N>
			<N1>21</N1>
			<N2>14</N2>
			<n>21</n>
			<n1>14</n1>
			<n2>7</n2>
			<V>153.731</V>
			<B>0.056</B>
			<D>14.000</D>
			<E>2152.236</E>
			<L>0.071</L>
			<T>00:01:59</T>
			<MaxND>2</MaxND>
			<MIwoc>104</MIwoc>
			<MIcwc>22</MIcwc>
			<MI>126</MI>
			<operators>
				<token count="1">!=</token>
				<token count="1">()</token>
				<token count="1">*</token>
				<token count="1">-&gt;</token>
				<token count="1">::</token>
				<token count="3">;</token>
				<token count="2">&lt;</token>
				<token count="2">=</token>
				<token count="3">&gt;</token>
				<token count="1">class</token>
				<token count="1">delete</token>
				<token count="1">while()</token>
				<token count="2">{}</token>
				<token count="1">~</token>
			</operators>
			<operands>
				<token count="1">ListItem</token>
				<token count="2">MySortedSet</token>
				<token count="1">NULL</token>
				<token count="3">T</token>
				<token count="4">head</token>
				<token count="1">next</token>
				<token count="2">pt</token>
			</operands>
		</function>
		<function name="MySortedSet::getListHead()">
			<start_line>25</start_line>
			<vG_b>1</vG_b>
			<vG_e>1</vG_e>
			<params>0</params>
			<LOCphy>16</LOCphy>
			<LOCpro>4</LOCpro>
			<LOCbl>0</LOCbl>
			<LOCcom>11</LOCcom>
			<N>22</N>
			<N1>14</N1>
			<N2>8</N2>
			<n>16</n>
			<n1>10</n1>
			<n2>6</n2>
			<V>88.000</V>
			<B>0.023</B>
			<D>6.667</D>
			<E>586.667</E>
			<L>0.150</L>
			<T>00:00:32</T>
			<MaxND>1</MaxND>
			<MIwoc>103</MIwoc>
			<MIcwc>48</MIcwc>
			<MI>151</MI>
			<operators>
				<token count="2">()</token>
				<token count="1">*</token>
				<token count="1">.</token>
				<token count="1">::</token>
				<token count="1">;</token>
				<token count="2">&lt;</token>
				<token count="3">&gt;</token>
				<token count="1">class</token>
				<token count="1">return</token>
				<token count="1">{}</token>
			</operators>
			<operands>
				<token count="1">ListItem</token>
				<token count="1">MySortedSet</token>
				<token count="3">T</token>
				<token count="1">container</token>
				<token count="1">getHead</token>
				<token count="1">getListHead</token>
			</operands>
		</function>
		<function name="MySortedSet::insert()">
			<start_line>42</start_line>
			<vG_b>1</vG_b>
			<vG_e>1</vG_e>
			<params>1</params>
			<LOCphy>4</LOCphy>
			<LOCpro alarmed="1">3</LOCpro>
			<LOCbl>0</LOCbl>
			<LOCcom>0</LOCcom>
			<N>17</N>
			<N1>8</N1>
			<N2>9</N2>
			<n>13</n>
			<n1>7</n1>
			<n2>6</n2>
			<V>62.907</V>
			<B>0.016</B>
			<D>5.250</D>
			<E>330.264</E>
			<L>0.190</L>
			<T>00:00:18</T>
			<MaxND>1</MaxND>
			<MIwoc>127</MIwoc>
			<MIcwc>0</MIcwc>
			<MI>127</MI>
			<operators>
				<token count="1">()</token>
				<token count="1">.</token>
				<token count="1">::</token>
				<token count="1">&lt;</token>
				<token count="2">&gt;</token>
				<token count="1">class</token>
				<token count="1">{}</token>
			</operators>
			<operands>
				<token count="1">MySortedSet</token>
				<token count="3">T</token>
				<token count="1">container</token>
				<token count="1">ele</token>
				<token count="2">insert</token>
				<token count="1">int</token>
			</operands>
		</function>
		<function name="MySortedSet::deleteEle()">
			<start_line>47</start_line>
			<vG_b>1</vG_b>
			<vG_e>1</vG_e>
			<params>1</params>
			<LOCphy>4</LOCphy>
			<LOCpro alarmed="1">3</LOCpro>
			<LOCbl>0</LOCbl>
			<LOCcom>0</LOCcom>
			<N>14</N>
			<N1>7</N1>
			<N2>7</N2>
			<n>11</n>
			<n1>6</n1>
			<n2>5</n2>
			<V>48.432</V>
			<B>0.012</B>
			<D>4.200</D>
			<E>203.415</E>
			<L>0.238</L>
			<T>00:00:11</T>
			<MaxND>1</MaxND>
			<MIwoc>128</MIwoc>
			<MIcwc>0</MIcwc>
			<MI>128</MI>
			<operators>
				<token count="1">()</token>
				<token count="1">::</token>
				<token count="1">&lt;</token>
				<token count="2">&gt;</token>
				<token count="1">class</token>
				<token count="1">{}</token>
			</operators>
			<operands>
				<token count="1">MySortedSet</token>
				<token count="3">T</token>
				<token count="1">deleteEle</token>
				<token count="1">ele</token>
				<token count="1">int</token>
			</operands>
		</function>
		<function name="MySortedSet::isEmpty()">
			<start_line>52</start_line>
			<vG_b>2</vG_b>
			<vG_e>2</vG_e>
			<params>0</params>
			<LOCphy>6</LOCphy>
			<LOCpro>4</LOCpro>
			<LOCbl>1</LOCbl>
			<LOCcom>0</LOCcom>
			<N>22</N>
			<N1>13</N1>
			<N2>9</N2>
			<n>18</n>
			<n1>10</n1>
			<n2>8</n2>
			<V>91.738</V>
			<B>0.021</B>
			<D>5.625</D>
			<E>516.028</E>
			<L>0.178</L>
			<T>00:00:28</T>
			<MaxND>1</MaxND>
			<MIwoc>118</MIwoc>
			<MIcwc>0</MIcwc>
			<MI>118</MI>
			<operators>
				<token count="1">()</token>
				<token count="1">::</token>
				<token count="2">;</token>
				<token count="1">&lt;</token>
				<token count="1">==</token>
				<token count="2">&gt;</token>
				<token count="1">class</token>
				<token count="1">if()</token>
				<token count="2">return</token>
				<token count="1">{}</token>
			</operators>
			<operands>
				<token count="1">0</token>
				<token count="1">1</token>
				<token count="1">MySortedSet</token>
				<token count="1">NULL</token>
				<token count="2">T</token>
				<token count="1">head</token>
				<token count="1">int</token>
				<token count="1">isEmpty</token>
			</operands>
		</function>
		<function name="MySortedSet::isMember()">
			<start_line>59</start_line>
			<vG_b>2</vG_b>
			<vG_e>2</vG_e>
			<params>1</params>
			<LOCphy>8</LOCphy>
			<LOCpro>7</LOCpro>
			<LOCbl>0</LOCbl>
			<LOCcom>0</LOCcom>
			<N>39</N>
			<N1>22</N1>
			<N2>17</N2>
			<n>26</n>
			<n1>14</n1>
			<n2>12</n2>
			<V>183.317</V>
			<B>0.050</B>
			<D>9.917</D>
			<E>1817.895</E>
			<L>0.101</L>
			<T>00:01:40</T>
			<MaxND>2</MaxND>
			<MIwoc>110</MIwoc>
			<MIcwc>0</MIcwc>
			<MI>110</MI>
			<operators>
				<token count="2">()</token>
				<token count="1">*</token>
				<token count="1">.</token>
				<token count="1">::</token>
				<token count="3">;</token>
				<token count="2">&lt;</token>
				<token count="1">=</token>
				<token count="1">==</token>
				<token count="3">&gt;</token>
				<token count="1">class</token>
				<token count="1">else</token>
				<token count="1">if()</token>
				<token count="2">return</token>
				<token count="2">{}</token>
			</operators>
			<operands>
				<token count="1">0</token>
				<token count="1">1</token>
				<token count="1">ListItem</token>
				<token count="1">MySortedSet</token>
				<token count="1">NULL</token>
				<token count="4">T</token>
				<token count="2">ans</token>
				<token count="1">container</token>
				<token count="2">ele</token>
				<token count="1">int</token>
				<token count="1">isMember</token>
				<token count="1">searchFor</token>
			</operands>
		</function>
		<function name="MySortedSet::isEqual()">
			<start_line>68</start_line>
			<vG_b>3</vG_b>
			<vG_e>3</vG_e>
			<params>1</params>
			<LOCphy>13</LOCphy>
			<LOCpro>10</LOCpro>
			<LOCbl>2</LOCbl>
			<LOCcom alarmed="1">0</LOCcom>
			<N>70</N>
			<N1>39</N1>
			<N2>31</N2>
			<n>28</n>
			<n1>14</n1>
			<n2>14</n2>
			<V>336.515</V>
			<B>0.100</B>
			<D>15.500</D>
			<E>5215.980</E>
			<L>0.065</L>
			<T>00:04:49</T>
			<MaxND>2</MaxND>
			<MIwoc>99</MIwoc>
			<MIcwc>0</MIcwc>
			<MI>99</MI>
			<operators>
				<token count="2">!=</token>
				<token count="1">()</token>
				<token count="3">*</token>
				<token count="5">-&gt;</token>
				<token count="1">::</token>
				<token count="7">;</token>
				<token count="4">&lt;</token>
				<token count="4">=</token>
				<token count="5">&gt;</token>
				<token count="1">class</token>
				<token count="1">for()</token>
				<token count="1">if()</token>
				<token count="2">return</token>
				<token count="2">{}</token>
			</operators>
			<operands>
				<token count="1">0</token>
				<token count="1">1</token>
				<token count="2">ListItem</token>
				<token count="2">MySortedSet</token>
				<token count="1">NULL</token>
				<token count="5">T</token>
				<token count="2">anotherset</token>
				<token count="2">head</token>
				<token count="1">int</token>
				<token count="1">isEqual</token>
				<token count="5">l1</token>
				<token count="4">l2</token>
				<token count="2">next</token>
				<token count="2">value</token>
			</operands>
		</function>
		<function name="MySortedSet::isSubset()">
			<start_line>82</start_line>
			<vG_b>1</vG_b>
			<vG_e>1</vG_e>
			<params>1</params>
			<LOCphy>3</LOCphy>
			<LOCpro alarmed="1">2</LOCpro>
			<LOCbl>0</LOCbl>
			<LOCcom>0</LOCcom>
			<N>18</N>
			<N1>10</N1>
			<N2>8</N2>
			<n>12</n>
			<n1>7</n1>
			<n2>5</n2>
			<V>64.529</V>
			<B>0.017</B>
			<D>5.600</D>
			<E>361.364</E>
			<L>0.179</L>
			<T>00:00:20</T>
			<MaxND>1</MaxND>
			<MIwoc>131</MIwoc>
			<MIcwc>0</MIcwc>
			<MI>131</MI>
			<operators>
				<token count="1">()</token>
				<token count="1">*</token>
				<token count="1">::</token>
				<token count="2">&lt;</token>
				<token count="3">&gt;</token>
				<token count="1">class</token>
				<token count="1">{}</token>
			</operators>
			<operands>
				<token count="2">MySortedSet</token>
				<token count="3">T</token>
				<token count="1">anotherset</token>
				<token count="1">int</token>
				<token count="1">isSubset</token>
			</operands>
		</function>
		<function name="MySortedSet::setUnion()">
			<start_line>86</start_line>
			<vG_b>1</vG_b>
			<vG_e>1</vG_e>
			<params>1</params>
			<LOCphy>3</LOCphy>
			<LOCpro alarmed="1">2</LOCpro>
			<LOCbl>0</LOCbl>
			<LOCcom>0</LOCcom>
			<N>22</N>
			<N1>13</N1>
			<N2>9</N2>
			<n>11</n>
			<n1>7</n1>
			<n2>4</n2>
			<V>76.107</V>
			<B>0.024</B>
			<D>7.875</D>
			<E>599.347</E>
			<L>0.127</L>
			<T>00:00:33</T>
			<MaxND>1</MaxND>
			<MIwoc>130</MIwoc>
			<MIcwc>0</MIcwc>
			<MI>130</MI>
			<operators>
				<token count="1">()</token>
				<token count="2">*</token>
				<token count="1">::</token>
				<token count="3">&lt;</token>
				<token count="4">&gt;</token>
				<token count="1">class</token>
				<token count="1">{}</token>
			</operators>
			<operands>
				<token count="3">MySortedSet</token>
				<token count="4">T</token>
				<token count="1">anotherset</token>
				<token count="1">setUnion</token>
			</operands>
		</function>
		<function name="MySortedSet::setIntersection()">
			<start_line>90</start_line>
			<vG_b>1</vG_b>
			<vG_e>1</vG_e>
			<params>1</params>
			<LOCphy>3</LOCphy>
			<LOCpro alarmed="1">2</LOCpro>
			<LOCbl>0</LOCbl>
			<LOCcom>0</LOCcom>
			<N>22</N>
			<N1>13</N1>
			<N2>9</N2>
			<n>11</n>
			<n1>7</n1>
			<n2>4</n2>
			<V>76.107</V>
			<B>0.024</B>
			<D>7.875</D>
			<E>599.347</E>
			<L>0.127</L>
			<T>00:00:33</T>
			<MaxND>1</MaxND>
			<MIwoc>130</MIwoc>
			<MIcwc>0</MIcwc>
			<MI>130</MI>
			<operators>
				<token count="1">()</token>
				<token count="2">*</token>
				<token count="1">::</token>
				<token count="3">&lt;</token>
				<token count="4">&gt;</token>
				<token count="1">class</token>
				<token count="1">{}</token>
			</operators>
			<operands>
				<token count="3">MySortedSet</token>
				<token count="4">T</token>
				<token count="1">anotherset</token>
				<token count="1">setIntersection</token>
			</operands>
		</function>
		<function name="MySortedSet::setDifference()">
			<start_line>94</start_line>
			<vG_b>1</vG_b>
			<vG_e>1</vG_e>
			<params>1</params>
			<LOCphy>3</LOCphy>
			<LOCpro alarmed="1">2</LOCpro>
			<LOCbl>0</LOCbl>
			<LOCcom>0</LOCcom>
			<N>22</N>
			<N1>13</N1>
			<N2>9</N2>
			<n>11</n>
			<n1>7</n1>
			<n2>4</n2>
			<V>76.107</V>
			<B>0.024</B>
			<D>7.875</D>
			<E>599.347</E>
			<L>0.127</L>
			<T>00:00:33</T>
			<MaxND>1</MaxND>
			<MIwoc>130</MIwoc>
			<MIcwc>0</MIcwc>
			<MI>130</MI>
			<operators>
				<token count="1">()</token>
				<token count="2">*</token>
				<token count="1">::</token>
				<token count="3">&lt;</token>
				<token count="4">&gt;</token>
				<token count="1">class</token>
				<token count="1">{}</token>
			</operators>
			<operands>
				<token count="3">MySortedSet</token>
				<token count="4">T</token>
				<token count="1">anotherset</token>
				<token count="1">setDifference</token>
			</operands>
		</function>
		<file_total>
			<vG_b>6</vG_b>
			<vG_e>6</vG_e>
			<vG_b_max>3</vG_b_max>
			<vG_b_avg>1</vG_b_avg>
			<vG_e_max>3</vG_e_max>
			<vG_e_avg>1</vG_e_avg>
			<params>8</params>
			<LOCphy>95</LOCphy>
			<LOCpro>64</LOCpro>
			<LOCbl>17</LOCbl>
			<LOCcom alarmed="1">14</LOCcom>
			<N>346</N>
			<N1>208</N1>
			<N2>138</N2>
			<n>53</n>
			<n1>22</n1>
			<n2>31</n2>
			<V>1981.860</V>
			<B>0.704</B>
			<D>48.968</D>
			<E>97047.234</E>
			<L>0.020</L>
			<T>01:29:51</T>
			<MaxND>2</MaxND>
			<MIwoc>111</MIwoc>
			<MIcwc>28</MIcwc>
			<MI>139</MI>
			<operators>
				<token count="3">!=</token>
				<token count="1">#</token>
				<token count="14">()</token>
				<token count="13">*</token>
				<token count="7">-&gt;</token>
				<token count="3">.</token>
				<token count="12">::</token>
				<token count="17">;</token>
				<token count="37">&lt;</token>
				<token count="8">=</token>
				<token count="2">==</token>
				<token count="37">&gt;</token>
				<token count="12">class</token>
				<token count="1">delete</token>
				<token count="1">else</token>
				<token count="1">for()</token>
				<token count="3">if()</token>
				<token count="7">return</token>
				<token count="12">template</token>
				<token count="1">while()</token>
				<token count="15">{}</token>
				<token count="1">~</token>
			</operators>
			<operands>
				<token count="3">0</token>
				<token count="3">1</token>
				<token count="5">ListItem</token>
				<token count="22">MySortedSet</token>
				<token count="5">NULL</token>
				<token count="40">T</token>
				<token count="6">anotherset</token>
				<token count="2">ans</token>
				<token count="3">container</token>
				<token count="1">deleteEle</token>
				<token count="4">ele</token>
				<token count="1">getHead</token>
				<token count="1">getListHead</token>
				<token count="8">head</token>
				<token count="1">include</token>
				<token count="2">insert</token>
				<token count="6">int</token>
				<token count="1">isEmpty</token>
				<token count="1">isEqual</token>
				<token count="1">isMember</token>
				<token count="1">isSubset</token>
				<token count="5">l1</token>
				<token count="4">l2</token>
				<token count="3">next</token>
				<token count="2">pt</token>
				<token count="1">searchFor</token>
				<token count="1">setDifference</token>
				<token count="1">setIntersection</token>
				<token count="1">setUnion</token>
				<token count="1">this</token>
				<token count="2">value</token>
			</operands>
		</file_total>
	</file>
	<system>
		<files>1</files>
		<functions>12</functions>
		<LOCphy>95</LOCphy>
		<LOCbl>17</LOCbl>
		<LOCpro>64</LOCpro>
		<LOCcom>14</LOCcom>
		<semicolons>17</semicolons>
		<vG_b>6</vG_b>
		<vG_e>6</vG_e>
		<params>8</params>
		<MIwoc>115</MIwoc>
		<MIcw>29</MIcw>
		<MI>144</MI>
		<alarms>
			<file_vG>
				<measured>1</measured>
				<alarmed>0</alarmed>
				<percent>0</percent>
				<lowlimit>1</lowlimit>
				<highlimit>100</highlimit>
			</file_vG>
			<file_LOCpro>
				<measured>1</measured>
				<alarmed>0</alarmed>
				<percent>0</percent>
				<lowlimit>4</lowlimit>
				<highlimit>400</highlimit>
			</file_LOCpro>
			<file_comment_percent>
				<measured>1</measured>
				<alarmed>1</alarmed>
				<percent>100</percent>
				<lowlimit>30</lowlimit>
				<highlimit>75</highlimit>
			</file_comment_percent>
			<file_V>
				<measured>1</measured>
				<alarmed>0</alarmed>
				<percent>0</percent>
				<lowlimit>100</lowlimit>
				<highlimit>8000</highlimit>
			</file_V>
			<file_B>
				<measured>1</measured>
				<alarmed>0</alarmed>
				<percent>0</percent>
				<lowlimit>0</lowlimit>
				<highlimit>2</highlimit>
			</file_B>
			<file_MI>
				<measured>1</measured>
				<alarmed>0</alarmed>
				<percent>0</percent>
				<lowlimit>65</lowlimit>
			</file_MI>
			<function_vG>
				<measured>12</measured>
				<alarmed>0</alarmed>
				<percent>0</percent>
				<lowlimit>1</lowlimit>
				<highlimit>10</highlimit>
			</function_vG>
			<function_LOCpro>
				<measured>12</measured>
				<alarmed>6</alarmed>
				<percent>50</percent>
				<lowlimit>4</lowlimit>
				<highlimit>40</highlimit>
			</function_LOCpro>
			<function_comment_percent>
				<measured>12</measured>
				<alarmed>1</alarmed>
				<percent>8</percent>
				<lowlimit>30</lowlimit>
				<highlimit>75</highlimit>
			</function_comment_percent>
			<function_V>
				<measured>12</measured>
				<alarmed>0</alarmed>
				<percent>0</percent>
				<lowlimit>20</lowlimit>
				<highlimit>1000</highlimit>
			</function_V>
			<function_MI>
				<measured>12</measured>
				<alarmed>0</alarmed>
				<percent>0</percent>
				<lowlimit>65</lowlimit>
			</function_MI>
		</alarms>
		<error_messages count="0">
		</error_messages>
	</system>
</cmt_long_report>
