<?xml version="1.0" ?>
<cmt_long_report>
	<header_info>
		<cmt_version>7.0</cmt_version>
		<copyright>Copyright (c) 1993-2013 Testwell Oy</copyright>
		<copyright>Copyright (c) 2013-2018 Verifysoft Technology GmbH</copyright>
		<license_notes>
		</license_notes>
		<date>Tue Apr  4 22:39:18 2023</date>
		<cmt_options> -o C:\Users\muawi\cmt\A1_T2_S151.xml -lf -f C:\Users\muawi\cmt\files.txt</cmt_options>
		<run_directory>C:\Testwell\CMT</run_directory>
		<mccabe_preference>extended</mccabe_preference>
	</header_info>
	<file name="C:\Users\muawi\OneDrive\Documents\Study\Junior Year\Topics in Internet Research\Project\PA1_ANON_DATA\PA1_ANON_DATA\folder_151\MySortedSet.cpp" stamp="1680056157">
		<function name="MySortedSet::MySortedSet()">
			<start_line>4</start_line>
			<vG_b>1</vG_b>
			<vG_e>1</vG_e>
			<params>0</params>
			<LOCphy>3</LOCphy>
			<LOCpro alarmed="1">2</LOCpro>
			<LOCbl>0</LOCbl>
			<LOCcom>0</LOCcom>
			<N>11</N>
			<N1>7</N1>
			<N2>4</N2>
			<n>8</n>
			<n1>6</n1>
			<n2>2</n2>
			<V>33.000</V>
			<B>0.011</B>
			<D>6.000</D>
			<E>198.000</E>
			<L>0.167</L>
			<T>00:00:11</T>
			<MaxND>1</MaxND>
			<MIwoc>135</MIwoc>
			<MIcwc>0</MIcwc>
			<MI>135</MI>
			<operators>
				<token count="1">()</token>
				<token count="1">::</token>
				<token count="1">&lt;</token>
				<token count="2">&gt;</token>
				<token count="1">class</token>
				<token count="1">{}</token>
			</operators>
			<operands>
				<token count="2">MySortedSet</token>
				<token count="2">T</token>
			</operands>
		</function>
		<function name="MySortedSet::~MySortedSet()">
			<start_line>8</start_line>
			<vG_b>1</vG_b>
			<vG_e>1</vG_e>
			<params>0</params>
			<LOCphy>6</LOCphy>
			<LOCpro alarmed="1">3</LOCpro>
			<LOCbl>2</LOCbl>
			<LOCcom>0</LOCcom>
			<N>12</N>
			<N1>8</N1>
			<N2>4</N2>
			<n>9</n>
			<n1>7</n1>
			<n2>2</n2>
			<V>38.039</V>
			<B>0.014</B>
			<D>7.000</D>
			<E>266.274</E>
			<L>0.143</L>
			<T>00:00:14</T>
			<MaxND>1</MaxND>
			<MIwoc>123</MIwoc>
			<MIcwc>0</MIcwc>
			<MI>123</MI>
			<operators>
				<token count="1">()</token>
				<token count="1">::</token>
				<token count="1">&lt;</token>
				<token count="2">&gt;</token>
				<token count="1">class</token>
				<token count="1">{}</token>
				<token count="1">~</token>
			</operators>
			<operands>
				<token count="2">MySortedSet</token>
				<token count="2">T</token>
			</operands>
		</function>
		<function name="MySortedSet::getListHead()">
			<start_line>15</start_line>
			<vG_b>1</vG_b>
			<vG_e>1</vG_e>
			<params>0</params>
			<LOCphy>6</LOCphy>
			<LOCpro alarmed="1">3</LOCpro>
			<LOCbl>2</LOCbl>
			<LOCcom>0</LOCcom>
			<N>22</N>
			<N1>14</N1>
			<N2>8</N2>
			<n>16</n>
			<n1>10</n1>
			<n2>6</n2>
			<V>88.000</V>
			<B>0.023</B>
			<D>6.667</D>
			<E>586.667</E>
			<L>0.150</L>
			<T>00:00:32</T>
			<MaxND>1</MaxND>
			<MIwoc>118</MIwoc>
			<MIcwc>0</MIcwc>
			<MI>118</MI>
			<operators>
				<token count="2">()</token>
				<token count="1">*</token>
				<token count="1">.</token>
				<token count="1">::</token>
				<token count="1">;</token>
				<token count="2">&lt;</token>
				<token count="3">&gt;</token>
				<token count="1">class</token>
				<token count="1">return</token>
				<token count="1">{}</token>
			</operators>
			<operands>
				<token count="1">ListItem</token>
				<token count="1">MySortedSet</token>
				<token count="3">T</token>
				<token count="1">container</token>
				<token count="1">getHead</token>
				<token count="1">getListHead</token>
			</operands>
		</function>
		<function name="MySortedSet::insert()">
			<start_line>22</start_line>
			<vG_b>3</vG_b>
			<vG_e>3</vG_e>
			<params>1</params>
			<LOCphy>21</LOCphy>
			<LOCpro>16</LOCpro>
			<LOCbl>4</LOCbl>
			<LOCcom alarmed="1">0</LOCcom>
			<N>63</N>
			<N1>35</N1>
			<N2>28</N2>
			<n>33</n>
			<n1>17</n1>
			<n2>16</n2>
			<V>317.797</V>
			<B>0.094</B>
			<D>14.875</D>
			<E>4727.228</E>
			<L>0.067</L>
			<T>00:04:22</T>
			<MaxND>3</MaxND>
			<MIwoc>91</MIwoc>
			<MIcwc>0</MIcwc>
			<MI>91</MI>
			<operators>
				<token count="1">!=</token>
				<token count="3">()</token>
				<token count="2">*</token>
				<token count="2">-&gt;</token>
				<token count="1">.</token>
				<token count="1">::</token>
				<token count="7">;</token>
				<token count="2">&lt;</token>
				<token count="3">=</token>
				<token count="1">==</token>
				<token count="3">&gt;</token>
				<token count="1">class</token>
				<token count="1">if()</token>
				<token count="1">new</token>
				<token count="2">return</token>
				<token count="1">while()</token>
				<token count="3">{}</token>
			</operators>
			<operands>
				<token count="1">0</token>
				<token count="1">1</token>
				<token count="1">ListItem</token>
				<token count="3">MySortedSet</token>
				<token count="1">NULL</token>
				<token count="4">T</token>
				<token count="1">container</token>
				<token count="3">ele</token>
				<token count="1">getListHead</token>
				<token count="1">insert</token>
				<token count="1">insertSorted</token>
				<token count="1">int</token>
				<token count="1">next</token>
				<token count="1">node</token>
				<token count="6">traverse</token>
				<token count="1">value</token>
			</operands>
		</function>
		<function name="MySortedSet::deleteEle()">
			<start_line>44</start_line>
			<vG_b>3</vG_b>
			<vG_e>3</vG_e>
			<params>1</params>
			<LOCphy>22</LOCphy>
			<LOCpro>16</LOCpro>
			<LOCbl>5</LOCbl>
			<LOCcom alarmed="1">0</LOCcom>
			<N>65</N>
			<N1>36</N1>
			<N2>29</N2>
			<n>33</n>
			<n1>17</n1>
			<n2>16</n2>
			<V>327.886</V>
			<B>0.098</B>
			<D>15.406</D>
			<E>5051.488</E>
			<L>0.065</L>
			<T>00:04:40</T>
			<MaxND>3</MaxND>
			<MIwoc>90</MIwoc>
			<MIcwc>0</MIcwc>
			<MI>90</MI>
			<operators>
				<token count="1">!=</token>
				<token count="3">()</token>
				<token count="2">*</token>
				<token count="2">-&gt;</token>
				<token count="2">.</token>
				<token count="1">::</token>
				<token count="7">;</token>
				<token count="2">&lt;</token>
				<token count="3">=</token>
				<token count="1">==</token>
				<token count="3">&gt;</token>
				<token count="1">class</token>
				<token count="1">if()</token>
				<token count="1">new</token>
				<token count="2">return</token>
				<token count="1">while()</token>
				<token count="3">{}</token>
			</operators>
			<operands>
				<token count="1">0</token>
				<token count="1">1</token>
				<token count="1">ListItem</token>
				<token count="3">MySortedSet</token>
				<token count="1">NULL</token>
				<token count="4">T</token>
				<token count="2">container</token>
				<token count="1">deleteEle</token>
				<token count="1">deleteElement</token>
				<token count="3">ele</token>
				<token count="1">getHead</token>
				<token count="1">int</token>
				<token count="1">next</token>
				<token count="1">node</token>
				<token count="6">traverse</token>
				<token count="1">value</token>
			</operands>
		</function>
		<function name="MySortedSet::isEmpty()">
			<start_line>67</start_line>
			<vG_b>2</vG_b>
			<vG_e>2</vG_e>
			<params>0</params>
			<LOCphy>12</LOCphy>
			<LOCpro>9</LOCpro>
			<LOCbl>2</LOCbl>
			<LOCcom>0</LOCcom>
			<N>27</N>
			<N1>17</N1>
			<N2>10</N2>
			<n>20</n>
			<n1>12</n1>
			<n2>8</n2>
			<V>116.692</V>
			<B>0.030</B>
			<D>7.500</D>
			<E>875.190</E>
			<L>0.133</L>
			<T>00:00:48</T>
			<MaxND>2</MaxND>
			<MIwoc>106</MIwoc>
			<MIcwc>0</MIcwc>
			<MI>106</MI>
			<operators>
				<token count="2">()</token>
				<token count="1">.</token>
				<token count="1">::</token>
				<token count="2">;</token>
				<token count="1">&lt;</token>
				<token count="1">==</token>
				<token count="2">&gt;</token>
				<token count="1">class</token>
				<token count="1">else</token>
				<token count="1">if()</token>
				<token count="2">return</token>
				<token count="2">{}</token>
			</operators>
			<operands>
				<token count="2">0</token>
				<token count="1">1</token>
				<token count="1">MySortedSet</token>
				<token count="2">T</token>
				<token count="1">container</token>
				<token count="1">int</token>
				<token count="1">isEmpty</token>
				<token count="1">length</token>
			</operands>
		</function>
		<function name="MySortedSet::isMember()">
			<start_line>80</start_line>
			<vG_b>2</vG_b>
			<vG_e>2</vG_e>
			<params>1</params>
			<LOCphy>13</LOCphy>
			<LOCpro>10</LOCpro>
			<LOCbl>2</LOCbl>
			<LOCcom alarmed="1">0</LOCcom>
			<N>43</N>
			<N1>23</N1>
			<N2>20</N2>
			<n>26</n>
			<n1>14</n1>
			<n2>12</n2>
			<V>202.119</V>
			<B>0.059</B>
			<D>11.667</D>
			<E>2358.054</E>
			<L>0.086</L>
			<T>00:02:11</T>
			<MaxND>1</MaxND>
			<MIwoc>101</MIwoc>
			<MIcwc>0</MIcwc>
			<MI>101</MI>
			<operators>
				<token count="1">!=</token>
				<token count="2">()</token>
				<token count="1">*</token>
				<token count="1">.</token>
				<token count="1">::</token>
				<token count="5">;</token>
				<token count="2">&lt;</token>
				<token count="2">=</token>
				<token count="3">&gt;</token>
				<token count="1">class</token>
				<token count="1">else</token>
				<token count="1">if()</token>
				<token count="1">return</token>
				<token count="1">{}</token>
			</operators>
			<operands>
				<token count="1">0</token>
				<token count="1">1</token>
				<token count="1">ListItem</token>
				<token count="1">MySortedSet</token>
				<token count="2">NULL</token>
				<token count="4">T</token>
				<token count="1">container</token>
				<token count="2">ele</token>
				<token count="1">int</token>
				<token count="1">isMember</token>
				<token count="4">point</token>
				<token count="1">searchFor</token>
			</operands>
		</function>
		<function name="MySortedSet::isEqual()">
			<start_line>94</start_line>
			<vG_b>4</vG_b>
			<vG_e>4</vG_e>
			<params>1</params>
			<LOCphy>26</LOCphy>
			<LOCpro>17</LOCpro>
			<LOCbl>6</LOCbl>
			<LOCcom alarmed="1">2</LOCcom>
			<N>74</N>
			<N1>44</N1>
			<N2>30</N2>
			<n>33</n>
			<n1>16</n1>
			<n2>17</n2>
			<V>373.285</V>
			<B>0.101</B>
			<D>14.118</D>
			<E>5269.908</E>
			<L>0.071</L>
			<T>00:04:52</T>
			<MaxND>3</MaxND>
			<MIwoc>87</MIwoc>
			<MIcwc>21</MIcwc>
			<MI>107</MI>
			<operators>
				<token count="1">!</token>
				<token count="2">!=</token>
				<token count="6">()</token>
				<token count="2">*</token>
				<token count="5">-&gt;</token>
				<token count="2">.</token>
				<token count="1">::</token>
				<token count="5">;</token>
				<token count="3">&lt;</token>
				<token count="2">=</token>
				<token count="4">&gt;</token>
				<token count="1">class</token>
				<token count="2">if()</token>
				<token count="3">return</token>
				<token count="1">while()</token>
				<token count="4">{}</token>
			</operators>
			<operands>
				<token count="2">0</token>
				<token count="1">1</token>
				<token count="1">ListItem</token>
				<token count="2">MySortedSet</token>
				<token count="1">NULL</token>
				<token count="4">T</token>
				<token count="3">anotherset</token>
				<token count="2">container</token>
				<token count="5">dhead</token>
				<token count="1">getListHead</token>
				<token count="1">int</token>
				<token count="1">isEqual</token>
				<token count="1">isMember</token>
				<token count="2">length</token>
				<token count="1">next</token>
				<token count="1">this</token>
				<token count="1">value</token>
			</operands>
		</function>
		<function name="MySortedSet::isSubset()">
			<start_line>121</start_line>
			<vG_b>3</vG_b>
			<vG_e>3</vG_e>
			<params>1</params>
			<LOCphy>15</LOCphy>
			<LOCpro>10</LOCpro>
			<LOCbl>4</LOCbl>
			<LOCcom alarmed="1">0</LOCcom>
			<N>46</N>
			<N1>27</N1>
			<N2>19</N2>
			<n>23</n>
			<n1>12</n1>
			<n2>11</n2>
			<V>208.084</V>
			<B>0.056</B>
			<D>10.364</D>
			<E>2156.505</E>
			<L>0.096</L>
			<T>00:01:59</T>
			<MaxND>3</MaxND>
			<MIwoc>99</MIwoc>
			<MIcwc>0</MIcwc>
			<MI>99</MI>
			<operators>
				<token count="4">()</token>
				<token count="1">*</token>
				<token count="3">-&gt;</token>
				<token count="2">.</token>
				<token count="1">::</token>
				<token count="2">;</token>
				<token count="2">&lt;</token>
				<token count="4">&gt;</token>
				<token count="1">class</token>
				<token count="2">if()</token>
				<token count="2">return</token>
				<token count="3">{}</token>
			</operators>
			<operands>
				<token count="1">0</token>
				<token count="1">1</token>
				<token count="2">MySortedSet</token>
				<token count="3">T</token>
				<token count="3">anotherset</token>
				<token count="2">container</token>
				<token count="1">int</token>
				<token count="1">isEqual</token>
				<token count="1">isSubset</token>
				<token count="2">length</token>
				<token count="2">this</token>
			</operands>
		</function>
		<function name="MySortedSet::setUnion()">
			<start_line>137</start_line>
			<vG_b>4</vG_b>
			<vG_e>4</vG_e>
			<params>1</params>
			<LOCphy>30</LOCphy>
			<LOCpro>21</LOCpro>
			<LOCbl>8</LOCbl>
			<LOCcom alarmed="1">0</LOCcom>
			<N>107</N>
			<N1>61</N1>
			<N2>46</N2>
			<n>30</n>
			<n1>15</n1>
			<n2>15</n2>
			<V>525.037</V>
			<B>0.175</B>
			<D>23.000</D>
			<E>12075.857</E>
			<L>0.043</L>
			<T>00:11:10</T>
			<MaxND>2</MaxND>
			<MIwoc>82</MIwoc>
			<MIcwc>0</MIcwc>
			<MI>82</MI>
			<operators>
				<token count="2">!=</token>
				<token count="6">()</token>
				<token count="5">*</token>
				<token count="9">-&gt;</token>
				<token count="1">::</token>
				<token count="9">;</token>
				<token count="6">&lt;</token>
				<token count="5">=</token>
				<token count="7">&gt;</token>
				<token count="1">class</token>
				<token count="1">if()</token>
				<token count="1">new</token>
				<token count="2">return</token>
				<token count="2">while()</token>
				<token count="4">{}</token>
			</operators>
			<operands>
				<token count="2">ListItem</token>
				<token count="5">MySortedSet</token>
				<token count="2">NULL</token>
				<token count="7">T</token>
				<token count="3">anotherset</token>
				<token count="5">bhead</token>
				<token count="5">dhead</token>
				<token count="2">getListHead</token>
				<token count="2">insert</token>
				<token count="1">isSubset</token>
				<token count="4">newlist</token>
				<token count="2">next</token>
				<token count="1">setUnion</token>
				<token count="3">this</token>
				<token count="2">value</token>
			</operands>
		</function>
		<function name="MySortedSet::setIntersection()">
			<start_line>168</start_line>
			<vG_b>3</vG_b>
			<vG_e>3</vG_e>
			<params>1</params>
			<LOCphy>19</LOCphy>
			<LOCpro>13</LOCpro>
			<LOCbl>5</LOCbl>
			<LOCcom alarmed="1">0</LOCcom>
			<N>79</N>
			<N1>45</N1>
			<N2>34</N2>
			<n>30</n>
			<n1>16</n1>
			<n2>14</n2>
			<V>387.644</V>
			<B>0.128</B>
			<D>19.429</D>
			<E>7531.376</E>
			<L>0.051</L>
			<T>00:06:58</T>
			<MaxND>3</MaxND>
			<MIwoc>92</MIwoc>
			<MIcwc>0</MIcwc>
			<MI>92</MI>
			<operators>
				<token count="1">!=</token>
				<token count="4">()</token>
				<token count="4">*</token>
				<token count="7">-&gt;</token>
				<token count="1">::</token>
				<token count="5">;</token>
				<token count="5">&lt;</token>
				<token count="3">=</token>
				<token count="1">==</token>
				<token count="6">&gt;</token>
				<token count="1">class</token>
				<token count="1">if()</token>
				<token count="1">new</token>
				<token count="1">return</token>
				<token count="1">while()</token>
				<token count="3">{}</token>
			</operators>
			<operands>
				<token count="1">ListItem</token>
				<token count="5">MySortedSet</token>
				<token count="1">NULL</token>
				<token count="6">T</token>
				<token count="2">anotherset</token>
				<token count="7">dhead</token>
				<token count="1">getListHead</token>
				<token count="1">insert</token>
				<token count="1">isMember</token>
				<token count="3">newlist</token>
				<token count="1">next</token>
				<token count="1">setIntersection</token>
				<token count="1">this</token>
				<token count="3">value</token>
			</operands>
		</function>
		<function name="MySortedSet::setDifference()">
			<start_line>188</start_line>
			<vG_b>3</vG_b>
			<vG_e>3</vG_e>
			<params>1</params>
			<LOCphy>22</LOCphy>
			<LOCpro>14</LOCpro>
			<LOCbl>7</LOCbl>
			<LOCcom alarmed="1">0</LOCcom>
			<N>76</N>
			<N1>44</N1>
			<N2>32</N2>
			<n>30</n>
			<n1>16</n1>
			<n2>14</n2>
			<V>372.924</V>
			<B>0.120</B>
			<D>18.286</D>
			<E>6819.176</E>
			<L>0.055</L>
			<T>00:06:18</T>
			<MaxND>3</MaxND>
			<MIwoc>89</MIwoc>
			<MIcwc>0</MIcwc>
			<MI>89</MI>
			<operators>
				<token count="1">!</token>
				<token count="1">!=</token>
				<token count="4">()</token>
				<token count="4">*</token>
				<token count="6">-&gt;</token>
				<token count="1">::</token>
				<token count="5">;</token>
				<token count="5">&lt;</token>
				<token count="3">=</token>
				<token count="6">&gt;</token>
				<token count="1">class</token>
				<token count="1">if()</token>
				<token count="1">new</token>
				<token count="1">return</token>
				<token count="1">while()</token>
				<token count="3">{}</token>
			</operators>
			<operands>
				<token count="1">ListItem</token>
				<token count="5">MySortedSet</token>
				<token count="1">NULL</token>
				<token count="6">T</token>
				<token count="2">anotherset</token>
				<token count="6">dhead</token>
				<token count="1">getListHead</token>
				<token count="1">insert</token>
				<token count="1">isMember</token>
				<token count="3">newlist</token>
				<token count="1">next</token>
				<token count="1">setDifference</token>
				<token count="1">this</token>
				<token count="2">value</token>
			</operands>
		</function>
		<file_total>
			<vG_b>19</vG_b>
			<vG_e>19</vG_e>
			<vG_b_max>4</vG_b_max>
			<vG_b_avg>2</vG_b_avg>
			<vG_e_max>4</vG_e_max>
			<vG_e_avg>2</vG_e_avg>
			<params>8</params>
			<LOCphy>208</LOCphy>
			<LOCpro>147</LOCpro>
			<LOCbl>59</LOCbl>
			<LOCcom alarmed="1">2</LOCcom>
			<N>651</N>
			<N1>386</N1>
			<N2>265</N2>
			<n>57</n>
			<n1>22</n1>
			<n2>35</n2>
			<V>3797.211</V>
			<B>1.547</B>
			<D>83.286</D>
			<E>316253.469</E>
			<L>0.012</L>
			<T>04:52:49</T>
			<MaxND>3</MaxND>
			<MIwoc>94</MIwoc>
			<MIcwc>8</MIcwc>
			<MI>102</MI>
			<operators>
				<token count="2">!</token>
				<token count="9">!=</token>
				<token count="1">#</token>
				<token count="38">()</token>
				<token count="22">*</token>
				<token count="34">-&gt;</token>
				<token count="10">.</token>
				<token count="12">::</token>
				<token count="48">;</token>
				<token count="44">&lt;</token>
				<token count="21">=</token>
				<token count="4">==</token>
				<token count="45">&gt;</token>
				<token count="12">class</token>
				<token count="2">else</token>
				<token count="11">if()</token>
				<token count="5">new</token>
				<token count="17">return</token>
				<token count="12">template</token>
				<token count="7">while()</token>
				<token count="29">{}</token>
				<token count="1">~</token>
			</operators>
			<operands>
				<token count="8">0</token>
				<token count="6">1</token>
				<token count="9">ListItem</token>
				<token count="32">MySortedSet</token>
				<token count="9">NULL</token>
				<token count="47">T</token>
				<token count="13">anotherset</token>
				<token count="5">bhead</token>
				<token count="10">container</token>
				<token count="1">deleteEle</token>
				<token count="1">deleteElement</token>
				<token count="23">dhead</token>
				<token count="8">ele</token>
				<token count="2">getHead</token>
				<token count="7">getListHead</token>
				<token count="1">include</token>
				<token count="5">insert</token>
				<token count="1">insertSorted</token>
				<token count="6">int</token>
				<token count="1">isEmpty</token>
				<token count="2">isEqual</token>
				<token count="4">isMember</token>
				<token count="2">isSubset</token>
				<token count="5">length</token>
				<token count="10">newlist</token>
				<token count="7">next</token>
				<token count="2">node</token>
				<token count="4">point</token>
				<token count="1">searchFor</token>
				<token count="1">setDifference</token>
				<token count="1">setIntersection</token>
				<token count="1">setUnion</token>
				<token count="8">this</token>
				<token count="12">traverse</token>
				<token count="10">value</token>
			</operands>
		</file_total>
	</file>
	<system>
		<files>1</files>
		<functions>12</functions>
		<LOCphy>208</LOCphy>
		<LOCbl>59</LOCbl>
		<LOCpro>147</LOCpro>
		<LOCcom>2</LOCcom>
		<semicolons>48</semicolons>
		<vG_b>19</vG_b>
		<vG_e>19</vG_e>
		<params>8</params>
		<MIwoc>97</MIwoc>
		<MIcw>8</MIcw>
		<MI>104</MI>
		<alarms>
			<file_vG>
				<measured>1</measured>
				<alarmed>0</alarmed>
				<percent>0</percent>
				<lowlimit>1</lowlimit>
				<highlimit>100</highlimit>
			</file_vG>
			<file_LOCpro>
				<measured>1</measured>
				<alarmed>0</alarmed>
				<percent>0</percent>
				<lowlimit>4</lowlimit>
				<highlimit>400</highlimit>
			</file_LOCpro>
			<file_comment_percent>
				<measured>1</measured>
				<alarmed>1</alarmed>
				<percent>100</percent>
				<lowlimit>30</lowlimit>
				<highlimit>75</highlimit>
			</file_comment_percent>
			<file_V>
				<measured>1</measured>
				<alarmed>0</alarmed>
				<percent>0</percent>
				<lowlimit>100</lowlimit>
				<highlimit>8000</highlimit>
			</file_V>
			<file_B>
				<measured>1</measured>
				<alarmed>0</alarmed>
				<percent>0</percent>
				<lowlimit>0</lowlimit>
				<highlimit>2</highlimit>
			</file_B>
			<file_MI>
				<measured>1</measured>
				<alarmed>0</alarmed>
				<percent>0</percent>
				<lowlimit>65</lowlimit>
			</file_MI>
			<function_vG>
				<measured>12</measured>
				<alarmed>0</alarmed>
				<percent>0</percent>
				<lowlimit>1</lowlimit>
				<highlimit>10</highlimit>
			</function_vG>
			<function_LOCpro>
				<measured>12</measured>
				<alarmed>3</alarmed>
				<percent>25</percent>
				<lowlimit>4</lowlimit>
				<highlimit>40</highlimit>
			</function_LOCpro>
			<function_comment_percent>
				<measured>12</measured>
				<alarmed>8</alarmed>
				<percent>66</percent>
				<lowlimit>30</lowlimit>
				<highlimit>75</highlimit>
			</function_comment_percent>
			<function_V>
				<measured>12</measured>
				<alarmed>0</alarmed>
				<percent>0</percent>
				<lowlimit>20</lowlimit>
				<highlimit>1000</highlimit>
			</function_V>
			<function_MI>
				<measured>12</measured>
				<alarmed>0</alarmed>
				<percent>0</percent>
				<lowlimit>65</lowlimit>
			</function_MI>
		</alarms>
		<error_messages count="0">
		</error_messages>
	</system>
</cmt_long_report>
