<?xml version="1.0" ?>
<cmt_long_report>
	<header_info>
		<cmt_version>7.0</cmt_version>
		<copyright>Copyright (c) 1993-2013 Testwell Oy</copyright>
		<copyright>Copyright (c) 2013-2018 Verifysoft Technology GmbH</copyright>
		<license_notes>
		</license_notes>
		<date>Tue Apr  4 21:11:45 2023</date>
		<cmt_options> -o C:\Users\muawi\cmt\A1_T2_S32.xml -lf -f C:\Users\muawi\cmt\files.txt</cmt_options>
		<run_directory>C:\Testwell\CMT</run_directory>
		<mccabe_preference>extended</mccabe_preference>
	</header_info>
	<file name="C:\Users\muawi\OneDrive\Documents\Study\Junior Year\Topics in Internet Research\Project\PA1_ANON_DATA\PA1_ANON_DATA\folder_32\MySortedSet.cpp" stamp="1680056173">
		<function name="MySortedSet::MySortedSet()">
			<start_line>4</start_line>
			<vG_b>1</vG_b>
			<vG_e>1</vG_e>
			<params>0</params>
			<LOCphy>5</LOCphy>
			<LOCpro alarmed="1">3</LOCpro>
			<LOCbl>1</LOCbl>
			<LOCcom>0</LOCcom>
			<N>11</N>
			<N1>7</N1>
			<N2>4</N2>
			<n>8</n>
			<n1>6</n1>
			<n2>2</n2>
			<V>33.000</V>
			<B>0.011</B>
			<D>6.000</D>
			<E>198.000</E>
			<L>0.167</L>
			<T>00:00:11</T>
			<MaxND>1</MaxND>
			<MIwoc>127</MIwoc>
			<MIcwc>0</MIcwc>
			<MI>127</MI>
			<operators>
				<token count="1">()</token>
				<token count="1">::</token>
				<token count="1">&lt;</token>
				<token count="2">&gt;</token>
				<token count="1">class</token>
				<token count="1">{}</token>
			</operators>
			<operands>
				<token count="2">MySortedSet</token>
				<token count="2">T</token>
			</operands>
		</function>
		<function name="MySortedSet::~MySortedSet()">
			<start_line>10</start_line>
			<vG_b>2</vG_b>
			<vG_e>2</vG_e>
			<params>0</params>
			<LOCphy>9</LOCphy>
			<LOCpro>8</LOCpro>
			<LOCbl>0</LOCbl>
			<LOCcom>0</LOCcom>
			<N>34</N>
			<N1>21</N1>
			<N2>13</N2>
			<n>21</n>
			<n1>13</n1>
			<n2>8</n2>
			<V>149.339</V>
			<B>0.045</B>
			<D>10.563</D>
			<E>1577.391</E>
			<L>0.095</L>
			<T>00:01:27</T>
			<MaxND>2</MaxND>
			<MIwoc>109</MIwoc>
			<MIcwc>0</MIcwc>
			<MI>109</MI>
			<operators>
				<token count="1">!=</token>
				<token count="3">()</token>
				<token count="1">*</token>
				<token count="2">.</token>
				<token count="1">::</token>
				<token count="2">;</token>
				<token count="2">&lt;</token>
				<token count="1">=</token>
				<token count="3">&gt;</token>
				<token count="1">class</token>
				<token count="1">while()</token>
				<token count="2">{}</token>
				<token count="1">~</token>
			</operators>
			<operands>
				<token count="1">ListItem</token>
				<token count="2">MySortedSet</token>
				<token count="1">NULL</token>
				<token count="3">T</token>
				<token count="2">a</token>
				<token count="2">container</token>
				<token count="1">deleteHead</token>
				<token count="1">getHead</token>
			</operands>
		</function>
		<function name="MySortedSet::getListHead()">
			<start_line>20</start_line>
			<vG_b>1</vG_b>
			<vG_e>1</vG_e>
			<params>0</params>
			<LOCphy>6</LOCphy>
			<LOCpro>5</LOCpro>
			<LOCbl>0</LOCbl>
			<LOCcom>0</LOCcom>
			<N>31</N>
			<N1>19</N1>
			<N2>12</N2>
			<n>18</n>
			<n1>11</n1>
			<n2>7</n2>
			<V>129.268</V>
			<B>0.038</B>
			<D>9.429</D>
			<E>1218.809</E>
			<L>0.106</L>
			<T>00:01:07</T>
			<MaxND>1</MaxND>
			<MIwoc>116</MIwoc>
			<MIcwc>0</MIcwc>
			<MI>116</MI>
			<operators>
				<token count="2">()</token>
				<token count="2">*</token>
				<token count="1">.</token>
				<token count="1">::</token>
				<token count="2">;</token>
				<token count="3">&lt;</token>
				<token count="1">=</token>
				<token count="4">&gt;</token>
				<token count="1">class</token>
				<token count="1">return</token>
				<token count="1">{}</token>
			</operators>
			<operands>
				<token count="2">ListItem</token>
				<token count="1">MySortedSet</token>
				<token count="4">T</token>
				<token count="2">a</token>
				<token count="1">container</token>
				<token count="1">getHead</token>
				<token count="1">getListHead</token>
			</operands>
		</function>
		<function name="MySortedSet::insert()">
			<start_line>27</start_line>
			<vG_b>2</vG_b>
			<vG_e>2</vG_e>
			<params>1</params>
			<LOCphy>11</LOCphy>
			<LOCpro>10</LOCpro>
			<LOCbl>0</LOCbl>
			<LOCcom alarmed="1">0</LOCcom>
			<N>44</N>
			<N1>24</N1>
			<N2>20</N2>
			<n>26</n>
			<n1>13</n1>
			<n2>13</n2>
			<V>206.819</V>
			<B>0.054</B>
			<D>10.000</D>
			<E>2068.193</E>
			<L>0.100</L>
			<T>00:01:54</T>
			<MaxND>2</MaxND>
			<MIwoc>104</MIwoc>
			<MIcwc>0</MIcwc>
			<MI>104</MI>
			<operators>
				<token count="3">()</token>
				<token count="1">*</token>
				<token count="2">.</token>
				<token count="1">::</token>
				<token count="4">;</token>
				<token count="2">&lt;</token>
				<token count="1">=</token>
				<token count="1">==</token>
				<token count="3">&gt;</token>
				<token count="1">class</token>
				<token count="1">if()</token>
				<token count="2">return</token>
				<token count="2">{}</token>
			</operators>
			<operands>
				<token count="1">0</token>
				<token count="1">1</token>
				<token count="1">ListItem</token>
				<token count="1">MySortedSet</token>
				<token count="1">NULL</token>
				<token count="4">T</token>
				<token count="2">a</token>
				<token count="2">container</token>
				<token count="3">ele</token>
				<token count="1">insert</token>
				<token count="1">insertSorted</token>
				<token count="1">int</token>
				<token count="1">searchFor</token>
			</operands>
		</function>
		<function name="MySortedSet::deleteEle()">
			<start_line>39</start_line>
			<vG_b>2</vG_b>
			<vG_e>2</vG_e>
			<params>1</params>
			<LOCphy>11</LOCphy>
			<LOCpro>10</LOCpro>
			<LOCbl>0</LOCbl>
			<LOCcom alarmed="1">0</LOCcom>
			<N>44</N>
			<N1>24</N1>
			<N2>20</N2>
			<n>26</n>
			<n1>13</n1>
			<n2>13</n2>
			<V>206.819</V>
			<B>0.054</B>
			<D>10.000</D>
			<E>2068.193</E>
			<L>0.100</L>
			<T>00:01:54</T>
			<MaxND>2</MaxND>
			<MIwoc>104</MIwoc>
			<MIcwc>0</MIcwc>
			<MI>104</MI>
			<operators>
				<token count="1">!=</token>
				<token count="3">()</token>
				<token count="1">*</token>
				<token count="2">.</token>
				<token count="1">::</token>
				<token count="4">;</token>
				<token count="2">&lt;</token>
				<token count="1">=</token>
				<token count="3">&gt;</token>
				<token count="1">class</token>
				<token count="1">if()</token>
				<token count="2">return</token>
				<token count="2">{}</token>
			</operators>
			<operands>
				<token count="1">0</token>
				<token count="1">1</token>
				<token count="1">ListItem</token>
				<token count="1">MySortedSet</token>
				<token count="1">NULL</token>
				<token count="4">T</token>
				<token count="2">a</token>
				<token count="2">container</token>
				<token count="1">deleteEle</token>
				<token count="1">deleteElement</token>
				<token count="3">ele</token>
				<token count="1">int</token>
				<token count="1">searchFor</token>
			</operands>
		</function>
		<function name="MySortedSet::isEmpty()">
			<start_line>51</start_line>
			<vG_b>2</vG_b>
			<vG_e>2</vG_e>
			<params>0</params>
			<LOCphy>10</LOCphy>
			<LOCpro>9</LOCpro>
			<LOCbl>0</LOCbl>
			<LOCcom>0</LOCcom>
			<N>35</N>
			<N1>21</N1>
			<N2>14</N2>
			<n>24</n>
			<n1>13</n1>
			<n2>11</n2>
			<V>160.474</V>
			<B>0.040</B>
			<D>8.273</D>
			<E>1327.555</E>
			<L>0.121</L>
			<T>00:01:13</T>
			<MaxND>2</MaxND>
			<MIwoc>107</MIwoc>
			<MIcwc>0</MIcwc>
			<MI>107</MI>
			<operators>
				<token count="2">()</token>
				<token count="1">*</token>
				<token count="1">.</token>
				<token count="1">::</token>
				<token count="3">;</token>
				<token count="2">&lt;</token>
				<token count="1">=</token>
				<token count="1">==</token>
				<token count="3">&gt;</token>
				<token count="1">class</token>
				<token count="1">if()</token>
				<token count="2">return</token>
				<token count="2">{}</token>
			</operators>
			<operands>
				<token count="1">0</token>
				<token count="1">1</token>
				<token count="1">ListItem</token>
				<token count="1">MySortedSet</token>
				<token count="1">NULL</token>
				<token count="3">T</token>
				<token count="1">container</token>
				<token count="1">getHead</token>
				<token count="1">int</token>
				<token count="1">isEmpty</token>
				<token count="2">temp</token>
			</operands>
		</function>
		<function name="MySortedSet::isMember()">
			<start_line>62</start_line>
			<vG_b>2</vG_b>
			<vG_e>2</vG_e>
			<params>1</params>
			<LOCphy>11</LOCphy>
			<LOCpro>9</LOCpro>
			<LOCbl>1</LOCbl>
			<LOCcom>0</LOCcom>
			<N>38</N>
			<N1>21</N1>
			<N2>17</N2>
			<n>25</n>
			<n1>13</n1>
			<n2>12</n2>
			<V>176.467</V>
			<B>0.046</B>
			<D>9.208</D>
			<E>1624.963</E>
			<L>0.109</L>
			<T>00:01:30</T>
			<MaxND>2</MaxND>
			<MIwoc>105</MIwoc>
			<MIcwc>0</MIcwc>
			<MI>105</MI>
			<operators>
				<token count="1">!=</token>
				<token count="2">()</token>
				<token count="1">*</token>
				<token count="1">.</token>
				<token count="1">::</token>
				<token count="3">;</token>
				<token count="2">&lt;</token>
				<token count="1">=</token>
				<token count="3">&gt;</token>
				<token count="1">class</token>
				<token count="1">if()</token>
				<token count="2">return</token>
				<token count="2">{}</token>
			</operators>
			<operands>
				<token count="1">0</token>
				<token count="1">1</token>
				<token count="1">ListItem</token>
				<token count="1">MySortedSet</token>
				<token count="1">NULL</token>
				<token count="4">T</token>
				<token count="2">a</token>
				<token count="1">container</token>
				<token count="2">ele</token>
				<token count="1">int</token>
				<token count="1">isMember</token>
				<token count="1">searchFor</token>
			</operands>
		</function>
		<function name="MySortedSet::count()">
			<start_line>74</start_line>
			<vG_b>1</vG_b>
			<vG_e>1</vG_e>
			<params>0</params>
			<LOCphy>6</LOCphy>
			<LOCpro>5</LOCpro>
			<LOCbl>0</LOCbl>
			<LOCcom>0</LOCcom>
			<N>23</N>
			<N1>13</N1>
			<N2>10</N2>
			<n>17</n>
			<n1>10</n1>
			<n2>7</n2>
			<V>94.012</V>
			<B>0.026</B>
			<D>7.143</D>
			<E>671.512</E>
			<L>0.140</L>
			<T>00:00:37</T>
			<MaxND>1</MaxND>
			<MIwoc>118</MIwoc>
			<MIcwc>0</MIcwc>
			<MI>118</MI>
			<operators>
				<token count="2">()</token>
				<token count="1">.</token>
				<token count="1">::</token>
				<token count="2">;</token>
				<token count="1">&lt;</token>
				<token count="1">=</token>
				<token count="2">&gt;</token>
				<token count="1">class</token>
				<token count="1">return</token>
				<token count="1">{}</token>
			</operators>
			<operands>
				<token count="1">MySortedSet</token>
				<token count="2">T</token>
				<token count="1">container</token>
				<token count="1">count</token>
				<token count="2">int</token>
				<token count="1">length</token>
				<token count="2">temp</token>
			</operands>
		</function>
		<function name="MySortedSet::isEqual()">
			<start_line>81</start_line>
			<vG_b>6</vG_b>
			<vG_e>8</vG_e>
			<params>1</params>
			<LOCphy>37</LOCphy>
			<LOCpro>35</LOCpro>
			<LOCbl>1</LOCbl>
			<LOCcom alarmed="1">0</LOCcom>
			<N>138</N>
			<N1>80</N1>
			<N2>58</N2>
			<n>40</n>
			<n1>19</n1>
			<n2>21</n2>
			<V>734.426</V>
			<B>0.240</B>
			<D>26.238</D>
			<E>19269.941</E>
			<L>0.038</L>
			<T>00:17:50</T>
			<MaxND>4</MaxND>
			<MIwoc>76</MIwoc>
			<MIcwc>0</MIcwc>
			<MI>76</MI>
			<operators>
				<token count="2">!=</token>
				<token count="2">&amp;&amp;</token>
				<token count="5">()</token>
				<token count="3">*</token>
				<token count="6">-&gt;</token>
				<token count="2">.</token>
				<token count="1">::</token>
				<token count="14">;</token>
				<token count="4">&lt;</token>
				<token count="8">=</token>
				<token count="5">==</token>
				<token count="5">&gt;</token>
				<token count="1">break</token>
				<token count="1">class</token>
				<token count="3">else</token>
				<token count="4">if()</token>
				<token count="4">return</token>
				<token count="1">while()</token>
				<token count="9">{}</token>
			</operators>
			<operands>
				<token count="3">0</token>
				<token count="4">1</token>
				<token count="2">ListItem</token>
				<token count="2">MySortedSet</token>
				<token count="4">NULL</token>
				<token count="5">T</token>
				<token count="3">anotherset</token>
				<token count="2">container</token>
				<token count="1">count</token>
				<token count="4">flag</token>
				<token count="1">getHead</token>
				<token count="1">getListHead</token>
				<token count="4">int</token>
				<token count="1">isEqual</token>
				<token count="1">length</token>
				<token count="2">length1</token>
				<token count="2">length2</token>
				<token count="2">next</token>
				<token count="6">temp1</token>
				<token count="6">temp2</token>
				<token count="2">value</token>
			</operands>
		</function>
		<function name="MySortedSet::isSubset()">
			<start_line>119</start_line>
			<vG_b>5</vG_b>
			<vG_e>6</vG_e>
			<params>1</params>
			<LOCphy>29</LOCphy>
			<LOCpro>28</LOCpro>
			<LOCbl>0</LOCbl>
			<LOCcom alarmed="1">0</LOCcom>
			<N>108</N>
			<N1>63</N1>
			<N2>45</N2>
			<n>40</n>
			<n1>19</n1>
			<n2>21</n2>
			<V>574.768</V>
			<B>0.172</B>
			<D>20.357</D>
			<E>11700.639</E>
			<L>0.049</L>
			<T>00:10:50</T>
			<MaxND>4</MaxND>
			<MIwoc>82</MIwoc>
			<MIcwc>0</MIcwc>
			<MI>82</MI>
			<operators>
				<token count="1">!=</token>
				<token count="1">&amp;&amp;</token>
				<token count="6">()</token>
				<token count="3">*</token>
				<token count="4">-&gt;</token>
				<token count="3">.</token>
				<token count="1">::</token>
				<token count="9">;</token>
				<token count="4">&lt;</token>
				<token count="5">=</token>
				<token count="2">==</token>
				<token count="5">&gt;</token>
				<token count="1">&gt;=</token>
				<token count="1">class</token>
				<token count="2">else</token>
				<token count="3">if()</token>
				<token count="4">return</token>
				<token count="1">while()</token>
				<token count="7">{}</token>
			</operators>
			<operands>
				<token count="2">0</token>
				<token count="2">1</token>
				<token count="2">ListItem</token>
				<token count="2">MySortedSet</token>
				<token count="3">NULL</token>
				<token count="5">T</token>
				<token count="3">anotherset</token>
				<token count="3">container</token>
				<token count="1">count</token>
				<token count="1">getHead</token>
				<token count="1">getListHead</token>
				<token count="3">int</token>
				<token count="1">isSubset</token>
				<token count="1">length</token>
				<token count="2">length1</token>
				<token count="2">length2</token>
				<token count="1">next</token>
				<token count="1">searchFor</token>
				<token count="2">temp1</token>
				<token count="6">temp2</token>
				<token count="1">value</token>
			</operands>
		</function>
		<function name="MySortedSet::setUnion()">
			<start_line>149</start_line>
			<vG_b>8</vG_b>
			<vG_e alarmed="1">12</vG_e>
			<params>1</params>
			<LOCphy>46</LOCphy>
			<LOCpro alarmed="1">41</LOCpro>
			<LOCbl>4</LOCbl>
			<LOCcom alarmed="1">0</LOCcom>
			<N>165</N>
			<N1>96</N1>
			<N2>69</N2>
			<n>36</n>
			<n1>19</n1>
			<n2>17</n2>
			<V>853.038</V>
			<B>0.342</B>
			<D>38.559</D>
			<E>32892.129</E>
			<L>0.026</L>
			<T>00:30:27</T>
			<MaxND>4</MaxND>
			<MIwoc>71</MIwoc>
			<MIcwc>0</MIcwc>
			<MI>71</MI>
			<operators>
				<token count="6">!=</token>
				<token count="4">&amp;&amp;</token>
				<token count="7">()</token>
				<token count="5">*</token>
				<token count="9">-&gt;</token>
				<token count="2">.</token>
				<token count="1">::</token>
				<token count="12">;</token>
				<token count="7">&lt;</token>
				<token count="6">=</token>
				<token count="4">==</token>
				<token count="8">&gt;</token>
				<token count="1">class</token>
				<token count="2">else</token>
				<token count="4">if()</token>
				<token count="1">new</token>
				<token count="4">return</token>
				<token count="3">while()</token>
				<token count="10">{}</token>
			</operators>
			<operands>
				<token count="2">ListItem</token>
				<token count="5">MySortedSet</token>
				<token count="11">NULL</token>
				<token count="8">T</token>
				<token count="3">anotherset</token>
				<token count="2">container</token>
				<token count="1">getHead</token>
				<token count="1">getListHead</token>
				<token count="2">insert</token>
				<token count="3">next</token>
				<token count="1">searchFor</token>
				<token count="1">setUnion</token>
				<token count="9">temp1</token>
				<token count="12">temp2</token>
				<token count="4">temp3</token>
				<token count="1">this</token>
				<token count="3">value</token>
			</operands>
		</function>
		<function name="MySortedSet::setIntersection()">
			<start_line>196</start_line>
			<vG_b>8</vG_b>
			<vG_e alarmed="1">12</vG_e>
			<params>1</params>
			<LOCphy>42</LOCphy>
			<LOCpro>39</LOCpro>
			<LOCbl>2</LOCbl>
			<LOCcom alarmed="1">0</LOCcom>
			<N>151</N>
			<N1>89</N1>
			<N2>62</N2>
			<n>36</n>
			<n1>19</n1>
			<n2>17</n2>
			<V>780.659</V>
			<B>0.300</B>
			<D>34.647</D>
			<E>27047.527</E>
			<L>0.029</L>
			<T>00:25:02</T>
			<MaxND>4</MaxND>
			<MIwoc>73</MIwoc>
			<MIcwc>0</MIcwc>
			<MI>73</MI>
			<operators>
				<token count="6">!=</token>
				<token count="4">&amp;&amp;</token>
				<token count="6">()</token>
				<token count="5">*</token>
				<token count="6">-&gt;</token>
				<token count="2">.</token>
				<token count="1">::</token>
				<token count="10">;</token>
				<token count="7">&lt;</token>
				<token count="5">=</token>
				<token count="4">==</token>
				<token count="8">&gt;</token>
				<token count="1">class</token>
				<token count="2">else</token>
				<token count="4">if()</token>
				<token count="1">new</token>
				<token count="4">return</token>
				<token count="3">while()</token>
				<token count="10">{}</token>
			</operators>
			<operands>
				<token count="2">ListItem</token>
				<token count="5">MySortedSet</token>
				<token count="11">NULL</token>
				<token count="8">T</token>
				<token count="3">anotherset</token>
				<token count="2">container</token>
				<token count="1">getHead</token>
				<token count="1">getListHead</token>
				<token count="1">insert</token>
				<token count="2">next</token>
				<token count="1">searchFor</token>
				<token count="1">setIntersection</token>
				<token count="6">temp1</token>
				<token count="12">temp2</token>
				<token count="3">temp3</token>
				<token count="1">this</token>
				<token count="2">value</token>
			</operands>
		</function>
		<function name="MySortedSet::setDifference()">
			<start_line>239</start_line>
			<vG_b>4</vG_b>
			<vG_e>5</vG_e>
			<params>1</params>
			<LOCphy>29</LOCphy>
			<LOCpro>26</LOCpro>
			<LOCbl>2</LOCbl>
			<LOCcom alarmed="1">0</LOCcom>
			<N>116</N>
			<N1>68</N1>
			<N2>48</N2>
			<n>35</n>
			<n1>19</n1>
			<n2>16</n2>
			<V>594.997</V>
			<B>0.220</B>
			<D>28.500</D>
			<E>16957.410</E>
			<L>0.035</L>
			<T>00:15:42</T>
			<MaxND>4</MaxND>
			<MIwoc>82</MIwoc>
			<MIcwc>0</MIcwc>
			<MI>82</MI>
			<operators>
				<token count="1">!=</token>
				<token count="6">()</token>
				<token count="5">*</token>
				<token count="9">-&gt;</token>
				<token count="1">.</token>
				<token count="1">::</token>
				<token count="8">;</token>
				<token count="7">&lt;</token>
				<token count="5">=</token>
				<token count="1">==</token>
				<token count="8">&gt;</token>
				<token count="1">class</token>
				<token count="2">else</token>
				<token count="2">if()</token>
				<token count="1">new</token>
				<token count="2">return</token>
				<token count="1">while()</token>
				<token count="6">{}</token>
				<token count="1">||</token>
			</operators>
			<operands>
				<token count="2">ListItem</token>
				<token count="5">MySortedSet</token>
				<token count="2">NULL</token>
				<token count="8">T</token>
				<token count="3">anotherset</token>
				<token count="1">container</token>
				<token count="1">getHead</token>
				<token count="1">getListHead</token>
				<token count="1">insert</token>
				<token count="2">isMember</token>
				<token count="2">next</token>
				<token count="1">setDifference</token>
				<token count="10">temp1</token>
				<token count="1">temp2</token>
				<token count="5">temp3</token>
				<token count="3">value</token>
			</operands>
		</function>
		<file_total>
			<vG_b>32</vG_b>
			<vG_e>44</vG_e>
			<vG_b_max>8</vG_b_max>
			<vG_b_avg>3</vG_b_avg>
			<vG_e_max>12</vG_e_max>
			<vG_e_avg>4</vG_e_avg>
			<params>8</params>
			<LOCphy>265</LOCphy>
			<LOCpro>242</LOCpro>
			<LOCbl>24</LOCbl>
			<LOCcom alarmed="1">0</LOCcom>
			<N>966</N>
			<N1>573</N1>
			<N2>393</N2>
			<n>64</n>
			<n1>25</n1>
			<n2>39</n2>
			<V>5796.000</V>
			<B alarmed="1">2.703</B>
			<D>125.962</D>
			<E>730073.063</E>
			<L>0.008</L>
			<T>11:15:59</T>
			<MaxND>4</MaxND>
			<MIwoc>90</MIwoc>
			<MIcwc>0</MIcwc>
			<MI>90</MI>
			<operators>
				<token count="19">!=</token>
				<token count="1">#</token>
				<token count="11">&amp;&amp;</token>
				<token count="48">()</token>
				<token count="28">*</token>
				<token count="34">-&gt;</token>
				<token count="20">.</token>
				<token count="13">::</token>
				<token count="73">;</token>
				<token count="57">&lt;</token>
				<token count="36">=</token>
				<token count="18">==</token>
				<token count="57">&gt;</token>
				<token count="1">&gt;=</token>
				<token count="1">break</token>
				<token count="13">class</token>
				<token count="11">else</token>
				<token count="21">if()</token>
				<token count="3">new</token>
				<token count="28">return</token>
				<token count="13">template</token>
				<token count="10">while()</token>
				<token count="55">{}</token>
				<token count="1">||</token>
				<token count="1">~</token>
			</operators>
			<operands>
				<token count="9">0</token>
				<token count="10">1</token>
				<token count="17">ListItem</token>
				<token count="29">MySortedSet</token>
				<token count="36">NULL</token>
				<token count="60">T</token>
				<token count="10">a</token>
				<token count="15">anotherset</token>
				<token count="20">container</token>
				<token count="3">count</token>
				<token count="1">deleteEle</token>
				<token count="1">deleteElement</token>
				<token count="1">deleteHead</token>
				<token count="8">ele</token>
				<token count="4">flag</token>
				<token count="8">getHead</token>
				<token count="6">getListHead</token>
				<token count="1">include</token>
				<token count="5">insert</token>
				<token count="1">insertSorted</token>
				<token count="13">int</token>
				<token count="1">isEmpty</token>
				<token count="1">isEqual</token>
				<token count="3">isMember</token>
				<token count="1">isSubset</token>
				<token count="3">length</token>
				<token count="4">length1</token>
				<token count="4">length2</token>
				<token count="10">next</token>
				<token count="6">searchFor</token>
				<token count="1">setDifference</token>
				<token count="1">setIntersection</token>
				<token count="1">setUnion</token>
				<token count="4">temp</token>
				<token count="33">temp1</token>
				<token count="37">temp2</token>
				<token count="12">temp3</token>
				<token count="2">this</token>
				<token count="11">value</token>
			</operands>
		</file_total>
	</file>
	<system>
		<files>1</files>
		<functions>13</functions>
		<LOCphy>265</LOCphy>
		<LOCbl>24</LOCbl>
		<LOCpro>242</LOCpro>
		<LOCcom>0</LOCcom>
		<semicolons>73</semicolons>
		<vG_b>32</vG_b>
		<vG_e>44</vG_e>
		<params>8</params>
		<MIwoc>91</MIwoc>
		<MIcw>0</MIcw>
		<MI>91</MI>
		<alarms>
			<file_vG>
				<measured>1</measured>
				<alarmed>0</alarmed>
				<percent>0</percent>
				<lowlimit>1</lowlimit>
				<highlimit>100</highlimit>
			</file_vG>
			<file_LOCpro>
				<measured>1</measured>
				<alarmed>0</alarmed>
				<percent>0</percent>
				<lowlimit>4</lowlimit>
				<highlimit>400</highlimit>
			</file_LOCpro>
			<file_comment_percent>
				<measured>1</measured>
				<alarmed>1</alarmed>
				<percent>100</percent>
				<lowlimit>30</lowlimit>
				<highlimit>75</highlimit>
			</file_comment_percent>
			<file_V>
				<measured>1</measured>
				<alarmed>0</alarmed>
				<percent>0</percent>
				<lowlimit>100</lowlimit>
				<highlimit>8000</highlimit>
			</file_V>
			<file_B>
				<measured>1</measured>
				<alarmed>1</alarmed>
				<percent>100</percent>
				<lowlimit>0</lowlimit>
				<highlimit>2</highlimit>
			</file_B>
			<file_MI>
				<measured>1</measured>
				<alarmed>0</alarmed>
				<percent>0</percent>
				<lowlimit>65</lowlimit>
			</file_MI>
			<function_vG>
				<measured>13</measured>
				<alarmed>2</alarmed>
				<percent>15</percent>
				<lowlimit>1</lowlimit>
				<highlimit>10</highlimit>
			</function_vG>
			<function_LOCpro>
				<measured>13</measured>
				<alarmed>2</alarmed>
				<percent>15</percent>
				<lowlimit>4</lowlimit>
				<highlimit>40</highlimit>
			</function_LOCpro>
			<function_comment_percent>
				<measured>13</measured>
				<alarmed>7</alarmed>
				<percent>53</percent>
				<lowlimit>30</lowlimit>
				<highlimit>75</highlimit>
			</function_comment_percent>
			<function_V>
				<measured>13</measured>
				<alarmed>0</alarmed>
				<percent>0</percent>
				<lowlimit>20</lowlimit>
				<highlimit>1000</highlimit>
			</function_V>
			<function_MI>
				<measured>13</measured>
				<alarmed>0</alarmed>
				<percent>0</percent>
				<lowlimit>65</lowlimit>
			</function_MI>
		</alarms>
		<error_messages count="0">
		</error_messages>
	</system>
</cmt_long_report>
