<?xml version="1.0" ?>
<cmt_long_report>
	<header_info>
		<cmt_version>7.0</cmt_version>
		<copyright>Copyright (c) 1993-2013 Testwell Oy</copyright>
		<copyright>Copyright (c) 2013-2018 Verifysoft Technology GmbH</copyright>
		<license_notes>
		</license_notes>
		<date>Tue Apr  4 21:29:50 2023</date>
		<cmt_options> -o C:\Users\muawi\cmt\A1_T2_S69.xml -lf -f C:\Users\muawi\cmt\files.txt</cmt_options>
		<run_directory>C:\Testwell\CMT</run_directory>
		<mccabe_preference>extended</mccabe_preference>
	</header_info>
	<file name="C:\Users\muawi\OneDrive\Documents\Study\Junior Year\Topics in Internet Research\Project\PA1_ANON_DATA\PA1_ANON_DATA\folder_69\MySortedSet.cpp" stamp="1680056143">
		<function name="MySortedSet::MySortedSet()">
			<start_line>7</start_line>
			<vG_b>1</vG_b>
			<vG_e>1</vG_e>
			<params>0</params>
			<LOCphy>7</LOCphy>
			<LOCpro>5</LOCpro>
			<LOCbl>1</LOCbl>
			<LOCcom>0</LOCcom>
			<N>35</N>
			<N1>21</N1>
			<N2>14</N2>
			<n>18</n>
			<n1>10</n1>
			<n2>8</n2>
			<V>145.947</V>
			<B>0.039</B>
			<D>8.750</D>
			<E>1277.040</E>
			<L>0.114</L>
			<T>00:01:10</T>
			<MaxND>1</MaxND>
			<MIwoc>113</MIwoc>
			<MIcwc>0</MIcwc>
			<MI>113</MI>
			<operators>
				<token count="3">()</token>
				<token count="2">*</token>
				<token count="2">.</token>
				<token count="1">::</token>
				<token count="2">;</token>
				<token count="3">&lt;</token>
				<token count="2">=</token>
				<token count="4">&gt;</token>
				<token count="1">class</token>
				<token count="1">{}</token>
			</operators>
			<operands>
				<token count="2">ListItem</token>
				<token count="2">MySortedSet</token>
				<token count="4">T</token>
				<token count="2">container</token>
				<token count="1">getHead</token>
				<token count="1">getTail</token>
				<token count="1">temp</token>
				<token count="1">temp2</token>
			</operands>
		</function>
		<function name="MySortedSet::~MySortedSet()">
			<start_line>15</start_line>
			<vG_b>1</vG_b>
			<vG_e>1</vG_e>
			<params>0</params>
			<LOCphy>3</LOCphy>
			<LOCpro alarmed="1">2</LOCpro>
			<LOCbl>0</LOCbl>
			<LOCcom>0</LOCcom>
			<N>12</N>
			<N1>8</N1>
			<N2>4</N2>
			<n>9</n>
			<n1>7</n1>
			<n2>2</n2>
			<V>38.039</V>
			<B>0.014</B>
			<D>7.000</D>
			<E>266.274</E>
			<L>0.143</L>
			<T>00:00:14</T>
			<MaxND>1</MaxND>
			<MIwoc>134</MIwoc>
			<MIcwc>0</MIcwc>
			<MI>134</MI>
			<operators>
				<token count="1">()</token>
				<token count="1">::</token>
				<token count="1">&lt;</token>
				<token count="2">&gt;</token>
				<token count="1">class</token>
				<token count="1">{}</token>
				<token count="1">~</token>
			</operators>
			<operands>
				<token count="2">MySortedSet</token>
				<token count="2">T</token>
			</operands>
		</function>
		<function name="MySortedSet::getListHead()">
			<start_line>19</start_line>
			<vG_b>1</vG_b>
			<vG_e>1</vG_e>
			<params>0</params>
			<LOCphy>6</LOCphy>
			<LOCpro>4</LOCpro>
			<LOCbl>1</LOCbl>
			<LOCcom>0</LOCcom>
			<N>22</N>
			<N1>14</N1>
			<N2>8</N2>
			<n>16</n>
			<n1>10</n1>
			<n2>6</n2>
			<V>88.000</V>
			<B>0.023</B>
			<D>6.667</D>
			<E>586.667</E>
			<L>0.150</L>
			<T>00:00:32</T>
			<MaxND>1</MaxND>
			<MIwoc>118</MIwoc>
			<MIcwc>0</MIcwc>
			<MI>118</MI>
			<operators>
				<token count="2">()</token>
				<token count="1">*</token>
				<token count="1">.</token>
				<token count="1">::</token>
				<token count="1">;</token>
				<token count="2">&lt;</token>
				<token count="3">&gt;</token>
				<token count="1">class</token>
				<token count="1">return</token>
				<token count="1">{}</token>
			</operators>
			<operands>
				<token count="1">ListItem</token>
				<token count="1">MySortedSet</token>
				<token count="3">T</token>
				<token count="1">container</token>
				<token count="1">getHead</token>
				<token count="1">getListHead</token>
			</operands>
		</function>
		<function name="MySortedSet::insert()">
			<start_line>26</start_line>
			<vG_b>2</vG_b>
			<vG_e>2</vG_e>
			<params>1</params>
			<LOCphy>11</LOCphy>
			<LOCpro>10</LOCpro>
			<LOCbl>0</LOCbl>
			<LOCcom alarmed="1">0</LOCcom>
			<N>37</N>
			<N1>21</N1>
			<N2>16</N2>
			<n>23</n>
			<n1>12</n1>
			<n2>11</n2>
			<V>167.372</V>
			<B>0.043</B>
			<D>8.727</D>
			<E>1460.699</E>
			<L>0.115</L>
			<T>00:01:21</T>
			<MaxND>2</MaxND>
			<MIwoc>105</MIwoc>
			<MIcwc>0</MIcwc>
			<MI>105</MI>
			<operators>
				<token count="1">!=</token>
				<token count="3">()</token>
				<token count="2">.</token>
				<token count="1">::</token>
				<token count="3">;</token>
				<token count="1">&lt;</token>
				<token count="2">&gt;</token>
				<token count="1">class</token>
				<token count="1">else</token>
				<token count="1">if()</token>
				<token count="2">return</token>
				<token count="3">{}</token>
			</operators>
			<operands>
				<token count="1">0</token>
				<token count="1">1</token>
				<token count="1">MySortedSet</token>
				<token count="1">NULL</token>
				<token count="3">T</token>
				<token count="2">container</token>
				<token count="3">ele</token>
				<token count="1">insert</token>
				<token count="1">insertSorted</token>
				<token count="1">int</token>
				<token count="1">searchFor</token>
			</operands>
		</function>
		<function name="MySortedSet::deleteEle()">
			<start_line>38</start_line>
			<vG_b>2</vG_b>
			<vG_e>2</vG_e>
			<params>1</params>
			<LOCphy>10</LOCphy>
			<LOCpro>7</LOCpro>
			<LOCbl>2</LOCbl>
			<LOCcom>0</LOCcom>
			<N>32</N>
			<N1>17</N1>
			<N2>15</N2>
			<n>20</n>
			<n1>10</n1>
			<n2>10</n2>
			<V>138.302</V>
			<B>0.034</B>
			<D>7.500</D>
			<E>1037.263</E>
			<L>0.133</L>
			<T>00:00:57</T>
			<MaxND>1</MaxND>
			<MIwoc>108</MIwoc>
			<MIcwc>0</MIcwc>
			<MI>108</MI>
			<operators>
				<token count="3">()</token>
				<token count="2">.</token>
				<token count="1">::</token>
				<token count="3">;</token>
				<token count="1">&lt;</token>
				<token count="2">&gt;</token>
				<token count="1">class</token>
				<token count="1">if()</token>
				<token count="2">return</token>
				<token count="1">{}</token>
			</operators>
			<operands>
				<token count="1">0</token>
				<token count="1">1</token>
				<token count="1">MySortedSet</token>
				<token count="3">T</token>
				<token count="2">container</token>
				<token count="1">deleteEle</token>
				<token count="1">deleteElement</token>
				<token count="3">ele</token>
				<token count="1">int</token>
				<token count="1">searchFor</token>
			</operands>
		</function>
		<function name="MySortedSet::isEmpty()">
			<start_line>49</start_line>
			<vG_b>2</vG_b>
			<vG_e>2</vG_e>
			<params>0</params>
			<LOCphy>8</LOCphy>
			<LOCpro>6</LOCpro>
			<LOCbl>1</LOCbl>
			<LOCcom>0</LOCcom>
			<N>24</N>
			<N1>15</N1>
			<N2>9</N2>
			<n>19</n>
			<n1>11</n1>
			<n2>8</n2>
			<V>101.950</V>
			<B>0.025</B>
			<D>6.188</D>
			<E>630.817</E>
			<L>0.162</L>
			<T>00:00:35</T>
			<MaxND>1</MaxND>
			<MIwoc>113</MIwoc>
			<MIcwc>0</MIcwc>
			<MI>113</MI>
			<operators>
				<token count="1">!</token>
				<token count="2">()</token>
				<token count="1">.</token>
				<token count="1">::</token>
				<token count="2">;</token>
				<token count="1">&lt;</token>
				<token count="2">&gt;</token>
				<token count="1">class</token>
				<token count="1">if()</token>
				<token count="2">return</token>
				<token count="1">{}</token>
			</operators>
			<operands>
				<token count="1">0</token>
				<token count="1">1</token>
				<token count="1">MySortedSet</token>
				<token count="2">T</token>
				<token count="1">container</token>
				<token count="1">getHead</token>
				<token count="1">int</token>
				<token count="1">isEmpty</token>
			</operands>
		</function>
		<function name="MySortedSet::isMember()">
			<start_line>58</start_line>
			<vG_b>2</vG_b>
			<vG_e>2</vG_e>
			<params>1</params>
			<LOCphy>8</LOCphy>
			<LOCpro>6</LOCpro>
			<LOCbl>1</LOCbl>
			<LOCcom>0</LOCcom>
			<N>26</N>
			<N1>14</N1>
			<N2>12</N2>
			<n>19</n>
			<n1>10</n1>
			<n2>9</n2>
			<V>110.446</V>
			<B>0.027</B>
			<D>6.667</D>
			<E>736.307</E>
			<L>0.150</L>
			<T>00:00:40</T>
			<MaxND>1</MaxND>
			<MIwoc>112</MIwoc>
			<MIcwc>0</MIcwc>
			<MI>112</MI>
			<operators>
				<token count="2">()</token>
				<token count="1">.</token>
				<token count="1">::</token>
				<token count="2">;</token>
				<token count="1">&lt;</token>
				<token count="2">&gt;</token>
				<token count="1">class</token>
				<token count="1">if()</token>
				<token count="2">return</token>
				<token count="1">{}</token>
			</operators>
			<operands>
				<token count="1">0</token>
				<token count="1">1</token>
				<token count="1">MySortedSet</token>
				<token count="3">T</token>
				<token count="1">container</token>
				<token count="2">ele</token>
				<token count="1">int</token>
				<token count="1">isMember</token>
				<token count="1">searchFor</token>
			</operands>
		</function>
		<function name="MySortedSet::isEqual()">
			<start_line>67</start_line>
			<vG_b>3</vG_b>
			<vG_e>3</vG_e>
			<params>1</params>
			<LOCphy>11</LOCphy>
			<LOCpro>10</LOCpro>
			<LOCbl>0</LOCbl>
			<LOCcom alarmed="1">0</LOCcom>
			<N>53</N>
			<N1>31</N1>
			<N2>22</N2>
			<n>27</n>
			<n1>14</n1>
			<n2>13</n2>
			<V>252.009</V>
			<B>0.069</B>
			<D>11.846</D>
			<E>2985.338</E>
			<L>0.084</L>
			<T>00:02:45</T>
			<MaxND>2</MaxND>
			<MIwoc>103</MIwoc>
			<MIcwc>0</MIcwc>
			<MI>103</MI>
			<operators>
				<token count="1">!</token>
				<token count="4">()</token>
				<token count="2">*</token>
				<token count="3">-&gt;</token>
				<token count="1">::</token>
				<token count="4">;</token>
				<token count="3">&lt;</token>
				<token count="2">=</token>
				<token count="4">&gt;</token>
				<token count="1">class</token>
				<token count="1">if()</token>
				<token count="2">return</token>
				<token count="1">while()</token>
				<token count="2">{}</token>
			</operators>
			<operands>
				<token count="1">0</token>
				<token count="1">1</token>
				<token count="1">ListItem</token>
				<token count="2">MySortedSet</token>
				<token count="4">T</token>
				<token count="2">anotherset</token>
				<token count="1">getListHead</token>
				<token count="1">int</token>
				<token count="1">isEqual</token>
				<token count="1">isMember</token>
				<token count="1">next</token>
				<token count="5">temp</token>
				<token count="1">value</token>
			</operands>
		</function>
		<function name="MySortedSet::isSubset()">
			<start_line>79</start_line>
			<vG_b>3</vG_b>
			<vG_e>3</vG_e>
			<params>1</params>
			<LOCphy>12</LOCphy>
			<LOCpro>10</LOCpro>
			<LOCbl>1</LOCbl>
			<LOCcom alarmed="1">0</LOCcom>
			<N>55</N>
			<N1>32</N1>
			<N2>23</N2>
			<n>29</n>
			<n1>15</n1>
			<n2>14</n2>
			<V>267.189</V>
			<B>0.074</B>
			<D>12.321</D>
			<E>3292.150</E>
			<L>0.081</L>
			<T>00:03:02</T>
			<MaxND>2</MaxND>
			<MIwoc>101</MIwoc>
			<MIcwc>0</MIcwc>
			<MI>101</MI>
			<operators>
				<token count="1">!</token>
				<token count="1">!=</token>
				<token count="4">()</token>
				<token count="2">*</token>
				<token count="3">-&gt;</token>
				<token count="1">::</token>
				<token count="4">;</token>
				<token count="3">&lt;</token>
				<token count="2">=</token>
				<token count="4">&gt;</token>
				<token count="1">class</token>
				<token count="1">if()</token>
				<token count="2">return</token>
				<token count="1">while()</token>
				<token count="2">{}</token>
			</operators>
			<operands>
				<token count="1">0</token>
				<token count="1">1</token>
				<token count="1">ListItem</token>
				<token count="2">MySortedSet</token>
				<token count="1">NULL</token>
				<token count="4">T</token>
				<token count="2">anotherset</token>
				<token count="1">getListHead</token>
				<token count="1">int</token>
				<token count="1">isMember</token>
				<token count="1">isSubset</token>
				<token count="1">next</token>
				<token count="5">temp</token>
				<token count="1">value</token>
			</operands>
		</function>
		<function name="MySortedSet::setUnion()">
			<start_line>92</start_line>
			<vG_b>4</vG_b>
			<vG_e>4</vG_e>
			<params>1</params>
			<LOCphy>20</LOCphy>
			<LOCpro>17</LOCpro>
			<LOCbl>2</LOCbl>
			<LOCcom alarmed="1">0</LOCcom>
			<N>100</N>
			<N1>58</N1>
			<N2>42</N2>
			<n>27</n>
			<n1>15</n1>
			<n2>12</n2>
			<V>475.489</V>
			<B>0.179</B>
			<D>26.250</D>
			<E>12481.580</E>
			<L>0.038</L>
			<T>00:11:33</T>
			<MaxND>3</MaxND>
			<MIwoc>89</MIwoc>
			<MIcwc>0</MIcwc>
			<MI>89</MI>
			<operators>
				<token count="1">!</token>
				<token count="7">()</token>
				<token count="4">*</token>
				<token count="9">-&gt;</token>
				<token count="1">::</token>
				<token count="8">;</token>
				<token count="6">&lt;</token>
				<token count="5">=</token>
				<token count="7">&gt;</token>
				<token count="1">class</token>
				<token count="1">if()</token>
				<token count="1">new</token>
				<token count="1">return</token>
				<token count="2">while()</token>
				<token count="4">{}</token>
			</operators>
			<operands>
				<token count="1">ListItem</token>
				<token count="5">MySortedSet</token>
				<token count="7">T</token>
				<token count="2">anotherset</token>
				<token count="2">getListHead</token>
				<token count="2">insert</token>
				<token count="1">isMember</token>
				<token count="2">next</token>
				<token count="1">setUnion</token>
				<token count="11">temp</token>
				<token count="5">temp2</token>
				<token count="3">value</token>
			</operands>
		</function>
		<function name="MySortedSet::setIntersection()">
			<start_line>113</start_line>
			<vG_b>3</vG_b>
			<vG_e>3</vG_e>
			<params>1</params>
			<LOCphy>15</LOCphy>
			<LOCpro>11</LOCpro>
			<LOCbl>3</LOCbl>
			<LOCcom alarmed="1">0</LOCcom>
			<N>73</N>
			<N1>42</N1>
			<N2>31</N2>
			<n>26</n>
			<n1>14</n1>
			<n2>12</n2>
			<V>343.132</V>
			<B>0.113</B>
			<D>18.083</D>
			<E>6204.972</E>
			<L>0.055</L>
			<T>00:05:44</T>
			<MaxND>2</MaxND>
			<MIwoc>96</MIwoc>
			<MIcwc>0</MIcwc>
			<MI>96</MI>
			<operators>
				<token count="4">()</token>
				<token count="4">*</token>
				<token count="5">-&gt;</token>
				<token count="1">::</token>
				<token count="5">;</token>
				<token count="6">&lt;</token>
				<token count="3">=</token>
				<token count="7">&gt;</token>
				<token count="1">class</token>
				<token count="1">if()</token>
				<token count="1">new</token>
				<token count="1">return</token>
				<token count="1">while()</token>
				<token count="2">{}</token>
			</operators>
			<operands>
				<token count="1">ListItem</token>
				<token count="5">MySortedSet</token>
				<token count="7">T</token>
				<token count="2">anotherset</token>
				<token count="1">getListHead</token>
				<token count="1">insert</token>
				<token count="1">isMember</token>
				<token count="1">next</token>
				<token count="1">setIntersection</token>
				<token count="6">temp</token>
				<token count="3">temp2</token>
				<token count="2">value</token>
			</operands>
		</function>
		<function name="MySortedSet::setDifference()">
			<start_line>129</start_line>
			<vG_b>4</vG_b>
			<vG_e>4</vG_e>
			<params>1</params>
			<LOCphy>21</LOCphy>
			<LOCpro>15</LOCpro>
			<LOCbl>5</LOCbl>
			<LOCcom alarmed="1">0</LOCcom>
			<N>86</N>
			<N1>51</N1>
			<N2>35</N2>
			<n>28</n>
			<n1>15</n1>
			<n2>13</n2>
			<V>413.433</V>
			<B>0.137</B>
			<D>20.192</D>
			<E>8348.156</E>
			<L>0.050</L>
			<T>00:07:43</T>
			<MaxND>2</MaxND>
			<MIwoc>89</MIwoc>
			<MIcwc>0</MIcwc>
			<MI>89</MI>
			<operators>
				<token count="2">!</token>
				<token count="5">()</token>
				<token count="4">*</token>
				<token count="5">-&gt;</token>
				<token count="1">::</token>
				<token count="7">;</token>
				<token count="6">&lt;</token>
				<token count="4">=</token>
				<token count="7">&gt;</token>
				<token count="1">class</token>
				<token count="2">if()</token>
				<token count="1">new</token>
				<token count="2">return</token>
				<token count="1">while()</token>
				<token count="3">{}</token>
			</operators>
			<operands>
				<token count="1">ListItem</token>
				<token count="5">MySortedSet</token>
				<token count="1">NULL</token>
				<token count="7">T</token>
				<token count="2">anotherset</token>
				<token count="1">getListHead</token>
				<token count="1">insert</token>
				<token count="1">isMember</token>
				<token count="1">next</token>
				<token count="1">setDifference</token>
				<token count="7">temp</token>
				<token count="5">temp2</token>
				<token count="2">value</token>
			</operands>
		</function>
		<file_total>
			<vG_b>17</vG_b>
			<vG_e>17</vG_e>
			<vG_b_max>4</vG_b_max>
			<vG_b_avg>2</vG_b_avg>
			<vG_e_max>4</vG_e_max>
			<vG_e_avg>2</vG_e_avg>
			<params>8</params>
			<LOCphy>147</LOCphy>
			<LOCpro>116</LOCpro>
			<LOCbl>32</LOCbl>
			<LOCcom alarmed="1">0</LOCcom>
			<N>581</N>
			<N1>349</N1>
			<N2>232</N2>
			<n>51</n>
			<n1>21</n1>
			<n2>30</n2>
			<V>3295.679</V>
			<B>1.384</B>
			<D>81.200</D>
			<E>267609.156</E>
			<L>0.012</L>
			<T>04:07:47</T>
			<MaxND>3</MaxND>
			<MIwoc>101</MIwoc>
			<MIcwc>0</MIcwc>
			<MI>101</MI>
			<operators>
				<token count="6">!</token>
				<token count="2">!=</token>
				<token count="1">#</token>
				<token count="40">()</token>
				<token count="19">*</token>
				<token count="25">-&gt;</token>
				<token count="9">.</token>
				<token count="12">::</token>
				<token count="41">;</token>
				<token count="46">&lt;</token>
				<token count="18">=</token>
				<token count="46">&gt;</token>
				<token count="12">class</token>
				<token count="1">else</token>
				<token count="10">if()</token>
				<token count="3">new</token>
				<token count="17">return</token>
				<token count="12">template</token>
				<token count="6">while()</token>
				<token count="22">{}</token>
				<token count="1">~</token>
			</operators>
			<operands>
				<token count="6">0</token>
				<token count="6">1</token>
				<token count="8">ListItem</token>
				<token count="28">MySortedSet</token>
				<token count="3">NULL</token>
				<token count="49">T</token>
				<token count="10">anotherset</token>
				<token count="9">container</token>
				<token count="1">deleteEle</token>
				<token count="1">deleteElement</token>
				<token count="8">ele</token>
				<token count="3">getHead</token>
				<token count="7">getListHead</token>
				<token count="1">getTail</token>
				<token count="1">include</token>
				<token count="5">insert</token>
				<token count="1">insertSorted</token>
				<token count="6">int</token>
				<token count="1">isEmpty</token>
				<token count="1">isEqual</token>
				<token count="6">isMember</token>
				<token count="1">isSubset</token>
				<token count="6">next</token>
				<token count="3">searchFor</token>
				<token count="1">setDifference</token>
				<token count="1">setIntersection</token>
				<token count="1">setUnion</token>
				<token count="35">temp</token>
				<token count="14">temp2</token>
				<token count="9">value</token>
			</operands>
		</file_total>
	</file>
	<system>
		<files>1</files>
		<functions>12</functions>
		<LOCphy>147</LOCphy>
		<LOCbl>32</LOCbl>
		<LOCpro>116</LOCpro>
		<LOCcom>0</LOCcom>
		<semicolons>41</semicolons>
		<vG_b>17</vG_b>
		<vG_e>17</vG_e>
		<params>8</params>
		<MIwoc>104</MIwoc>
		<MIcw>0</MIcw>
		<MI>104</MI>
		<alarms>
			<file_vG>
				<measured>1</measured>
				<alarmed>0</alarmed>
				<percent>0</percent>
				<lowlimit>1</lowlimit>
				<highlimit>100</highlimit>
			</file_vG>
			<file_LOCpro>
				<measured>1</measured>
				<alarmed>0</alarmed>
				<percent>0</percent>
				<lowlimit>4</lowlimit>
				<highlimit>400</highlimit>
			</file_LOCpro>
			<file_comment_percent>
				<measured>1</measured>
				<alarmed>1</alarmed>
				<percent>100</percent>
				<lowlimit>30</lowlimit>
				<highlimit>75</highlimit>
			</file_comment_percent>
			<file_V>
				<measured>1</measured>
				<alarmed>0</alarmed>
				<percent>0</percent>
				<lowlimit>100</lowlimit>
				<highlimit>8000</highlimit>
			</file_V>
			<file_B>
				<measured>1</measured>
				<alarmed>0</alarmed>
				<percent>0</percent>
				<lowlimit>0</lowlimit>
				<highlimit>2</highlimit>
			</file_B>
			<file_MI>
				<measured>1</measured>
				<alarmed>0</alarmed>
				<percent>0</percent>
				<lowlimit>65</lowlimit>
			</file_MI>
			<function_vG>
				<measured>12</measured>
				<alarmed>0</alarmed>
				<percent>0</percent>
				<lowlimit>1</lowlimit>
				<highlimit>10</highlimit>
			</function_vG>
			<function_LOCpro>
				<measured>12</measured>
				<alarmed>1</alarmed>
				<percent>8</percent>
				<lowlimit>4</lowlimit>
				<highlimit>40</highlimit>
			</function_LOCpro>
			<function_comment_percent>
				<measured>12</measured>
				<alarmed>6</alarmed>
				<percent>50</percent>
				<lowlimit>30</lowlimit>
				<highlimit>75</highlimit>
			</function_comment_percent>
			<function_V>
				<measured>12</measured>
				<alarmed>0</alarmed>
				<percent>0</percent>
				<lowlimit>20</lowlimit>
				<highlimit>1000</highlimit>
			</function_V>
			<function_MI>
				<measured>12</measured>
				<alarmed>0</alarmed>
				<percent>0</percent>
				<lowlimit>65</lowlimit>
			</function_MI>
		</alarms>
		<error_messages count="0">
		</error_messages>
	</system>
</cmt_long_report>
