<?xml version="1.0" ?>
<cmt_long_report>
	<header_info>
		<cmt_version>7.0</cmt_version>
		<copyright>Copyright (c) 1993-2013 Testwell Oy</copyright>
		<copyright>Copyright (c) 2013-2018 Verifysoft Technology GmbH</copyright>
		<license_notes>
		</license_notes>
		<date>Tue Apr  4 22:13:59 2023</date>
		<cmt_options> -o C:\Users\muawi\cmt\A1_T2_S98.xml -lf -f C:\Users\muawi\cmt\files.txt</cmt_options>
		<run_directory>C:\Testwell\CMT</run_directory>
		<mccabe_preference>extended</mccabe_preference>
	</header_info>
	<file name="C:\Users\muawi\OneDrive\Documents\Study\Junior Year\Topics in Internet Research\Project\PA1_ANON_DATA\PA1_ANON_DATA\folder_98\MySortedSet.cpp" stamp="1680056123">
		<function name="MySortedSet::MySortedSet()">
			<start_line>6</start_line>
			<vG_b>1</vG_b>
			<vG_e>1</vG_e>
			<params>0</params>
			<LOCphy>3</LOCphy>
			<LOCpro alarmed="1">2</LOCpro>
			<LOCbl>0</LOCbl>
			<LOCcom>0</LOCcom>
			<N>11</N>
			<N1>7</N1>
			<N2>4</N2>
			<n>8</n>
			<n1>6</n1>
			<n2>2</n2>
			<V>33.000</V>
			<B>0.011</B>
			<D>6.000</D>
			<E>198.000</E>
			<L>0.167</L>
			<T>00:00:11</T>
			<MaxND>1</MaxND>
			<MIwoc>135</MIwoc>
			<MIcwc>0</MIcwc>
			<MI>135</MI>
			<operators>
				<token count="1">()</token>
				<token count="1">::</token>
				<token count="1">&lt;</token>
				<token count="2">&gt;</token>
				<token count="1">class</token>
				<token count="1">{}</token>
			</operators>
			<operands>
				<token count="2">MySortedSet</token>
				<token count="2">T</token>
			</operands>
		</function>
		<function name="MySortedSet::~MySortedSet()">
			<start_line>10</start_line>
			<vG_b>2</vG_b>
			<vG_e>2</vG_e>
			<params>0</params>
			<LOCphy>14</LOCphy>
			<LOCpro>10</LOCpro>
			<LOCbl>3</LOCbl>
			<LOCcom alarmed="1">0</LOCcom>
			<N>46</N>
			<N1>27</N1>
			<N2>19</N2>
			<n>23</n>
			<n1>15</n1>
			<n2>8</n2>
			<V>208.084</V>
			<B>0.080</B>
			<D>17.813</D>
			<E>3706.494</E>
			<L>0.056</L>
			<T>00:03:25</T>
			<MaxND>2</MaxND>
			<MIwoc>100</MIwoc>
			<MIcwc>0</MIcwc>
			<MI>100</MI>
			<operators>
				<token count="1">!=</token>
				<token count="1">()</token>
				<token count="2">*</token>
				<token count="1">-&gt;</token>
				<token count="1">.</token>
				<token count="1">::</token>
				<token count="4">;</token>
				<token count="3">&lt;</token>
				<token count="3">=</token>
				<token count="4">&gt;</token>
				<token count="1">class</token>
				<token count="1">delete</token>
				<token count="1">while()</token>
				<token count="2">{}</token>
				<token count="1">~</token>
			</operators>
			<operands>
				<token count="2">ListItem</token>
				<token count="2">MySortedSet</token>
				<token count="1">NULL</token>
				<token count="4">T</token>
				<token count="1">container</token>
				<token count="5">current</token>
				<token count="1">head</token>
				<token count="3">next</token>
			</operands>
		</function>
		<function name="MySortedSet::getListHead()">
			<start_line>26</start_line>
			<vG_b>1</vG_b>
			<vG_e>1</vG_e>
			<params>0</params>
			<LOCphy>5</LOCphy>
			<LOCpro>4</LOCpro>
			<LOCbl>0</LOCbl>
			<LOCcom>0</LOCcom>
			<N>22</N>
			<N1>14</N1>
			<N2>8</N2>
			<n>16</n>
			<n1>10</n1>
			<n2>6</n2>
			<V>88.000</V>
			<B>0.023</B>
			<D>6.667</D>
			<E>586.667</E>
			<L>0.150</L>
			<T>00:00:32</T>
			<MaxND>1</MaxND>
			<MIwoc>121</MIwoc>
			<MIcwc>0</MIcwc>
			<MI>121</MI>
			<operators>
				<token count="2">()</token>
				<token count="1">*</token>
				<token count="1">.</token>
				<token count="1">::</token>
				<token count="1">;</token>
				<token count="2">&lt;</token>
				<token count="3">&gt;</token>
				<token count="1">class</token>
				<token count="1">return</token>
				<token count="1">{}</token>
			</operators>
			<operands>
				<token count="1">ListItem</token>
				<token count="1">MySortedSet</token>
				<token count="3">T</token>
				<token count="1">container</token>
				<token count="1">getHead</token>
				<token count="1">getListHead</token>
			</operands>
		</function>
		<function name="MySortedSet::insert()">
			<start_line>32</start_line>
			<vG_b>3</vG_b>
			<vG_e>3</vG_e>
			<params>1</params>
			<LOCphy>24</LOCphy>
			<LOCpro>20</LOCpro>
			<LOCbl>3</LOCbl>
			<LOCcom alarmed="1">0</LOCcom>
			<N>56</N>
			<N1>33</N1>
			<N2>23</N2>
			<n>25</n>
			<n1>12</n1>
			<n2>13</n2>
			<V>260.056</V>
			<B>0.066</B>
			<D>10.615</D>
			<E>2760.594</E>
			<L>0.094</L>
			<T>00:02:33</T>
			<MaxND>3</MaxND>
			<MIwoc>90</MIwoc>
			<MIcwc>0</MIcwc>
			<MI>90</MI>
			<operators>
				<token count="5">()</token>
				<token count="4">.</token>
				<token count="1">::</token>
				<token count="5">;</token>
				<token count="1">&lt;</token>
				<token count="2">==</token>
				<token count="2">&gt;</token>
				<token count="1">class</token>
				<token count="2">else</token>
				<token count="2">if()</token>
				<token count="3">return</token>
				<token count="5">{}</token>
			</operators>
			<operands>
				<token count="1">0</token>
				<token count="2">1</token>
				<token count="1">MySortedSet</token>
				<token count="2">NULL</token>
				<token count="3">T</token>
				<token count="4">container</token>
				<token count="4">ele</token>
				<token count="1">getHead</token>
				<token count="1">insert</token>
				<token count="1">insertAtHead</token>
				<token count="1">insertSorted</token>
				<token count="1">int</token>
				<token count="1">searchFor</token>
			</operands>
		</function>
		<function name="MySortedSet::deleteEle()">
			<start_line>57</start_line>
			<vG_b>2</vG_b>
			<vG_e>3</vG_e>
			<params>1</params>
			<LOCphy>14</LOCphy>
			<LOCpro>12</LOCpro>
			<LOCbl>1</LOCbl>
			<LOCcom alarmed="1">0</LOCcom>
			<N>44</N>
			<N1>25</N1>
			<N2>19</N2>
			<n>25</n>
			<n1>13</n1>
			<n2>12</n2>
			<V>204.330</V>
			<B>0.055</B>
			<D>10.292</D>
			<E>2102.893</E>
			<L>0.097</L>
			<T>00:01:56</T>
			<MaxND>2</MaxND>
			<MIwoc>100</MIwoc>
			<MIcwc>0</MIcwc>
			<MI>100</MI>
			<operators>
				<token count="4">()</token>
				<token count="3">.</token>
				<token count="1">::</token>
				<token count="3">;</token>
				<token count="1">&lt;</token>
				<token count="2">==</token>
				<token count="2">&gt;</token>
				<token count="1">class</token>
				<token count="1">else</token>
				<token count="1">if()</token>
				<token count="2">return</token>
				<token count="3">{}</token>
				<token count="1">||</token>
			</operators>
			<operands>
				<token count="1">0</token>
				<token count="1">1</token>
				<token count="1">MySortedSet</token>
				<token count="2">NULL</token>
				<token count="3">T</token>
				<token count="3">container</token>
				<token count="1">deleteEle</token>
				<token count="1">deleteElement</token>
				<token count="3">ele</token>
				<token count="1">getHead</token>
				<token count="1">int</token>
				<token count="1">searchFor</token>
			</operands>
		</function>
		<function name="MySortedSet::isEmpty()">
			<start_line>72</start_line>
			<vG_b>2</vG_b>
			<vG_e>2</vG_e>
			<params>0</params>
			<LOCphy>11</LOCphy>
			<LOCpro>9</LOCpro>
			<LOCbl>1</LOCbl>
			<LOCcom>0</LOCcom>
			<N>27</N>
			<N1>17</N1>
			<N2>10</N2>
			<n>21</n>
			<n1>12</n1>
			<n2>9</n2>
			<V>118.593</V>
			<B>0.029</B>
			<D>6.667</D>
			<E>790.617</E>
			<L>0.150</L>
			<T>00:00:43</T>
			<MaxND>2</MaxND>
			<MIwoc>107</MIwoc>
			<MIcwc>0</MIcwc>
			<MI>107</MI>
			<operators>
				<token count="2">()</token>
				<token count="1">.</token>
				<token count="1">::</token>
				<token count="2">;</token>
				<token count="1">&lt;</token>
				<token count="1">==</token>
				<token count="2">&gt;</token>
				<token count="1">class</token>
				<token count="1">else</token>
				<token count="1">if()</token>
				<token count="2">return</token>
				<token count="2">{}</token>
			</operators>
			<operands>
				<token count="1">0</token>
				<token count="1">1</token>
				<token count="1">MySortedSet</token>
				<token count="1">NULL</token>
				<token count="2">T</token>
				<token count="1">container</token>
				<token count="1">getHead</token>
				<token count="1">int</token>
				<token count="1">isEmpty</token>
			</operands>
		</function>
		<function name="MySortedSet::isMember()">
			<start_line>84</start_line>
			<vG_b>2</vG_b>
			<vG_e>2</vG_e>
			<params>1</params>
			<LOCphy>8</LOCphy>
			<LOCpro>7</LOCpro>
			<LOCbl>0</LOCbl>
			<LOCcom>0</LOCcom>
			<N>29</N>
			<N1>16</N1>
			<N2>13</N2>
			<n>22</n>
			<n1>12</n1>
			<n2>10</n2>
			<V>129.324</V>
			<B>0.034</B>
			<D>7.800</D>
			<E>1008.723</E>
			<L>0.128</L>
			<T>00:00:56</T>
			<MaxND>1</MaxND>
			<MIwoc>112</MIwoc>
			<MIcwc>0</MIcwc>
			<MI>112</MI>
			<operators>
				<token count="2">()</token>
				<token count="1">.</token>
				<token count="1">::</token>
				<token count="2">;</token>
				<token count="1">&lt;</token>
				<token count="1">==</token>
				<token count="2">&gt;</token>
				<token count="1">class</token>
				<token count="1">else</token>
				<token count="1">if()</token>
				<token count="2">return</token>
				<token count="1">{}</token>
			</operators>
			<operands>
				<token count="1">0</token>
				<token count="1">1</token>
				<token count="1">MySortedSet</token>
				<token count="1">NULL</token>
				<token count="3">T</token>
				<token count="1">container</token>
				<token count="2">ele</token>
				<token count="1">int</token>
				<token count="1">isMember</token>
				<token count="1">searchFor</token>
			</operands>
		</function>
		<function name="MySortedSet::isEqual()">
			<start_line>93</start_line>
			<vG_b>4</vG_b>
			<vG_e>4</vG_e>
			<params>1</params>
			<LOCphy>24</LOCphy>
			<LOCpro>21</LOCpro>
			<LOCbl>2</LOCbl>
			<LOCcom alarmed="1">0</LOCcom>
			<N>107</N>
			<N1>63</N1>
			<N2>44</N2>
			<n>33</n>
			<n1>17</n1>
			<n2>16</n2>
			<V>539.750</V>
			<B>0.181</B>
			<D>23.375</D>
			<E>12616.660</E>
			<L>0.043</L>
			<T>00:11:40</T>
			<MaxND>4</MaxND>
			<MIwoc>86</MIwoc>
			<MIcwc>0</MIcwc>
			<MI>86</MI>
			<operators>
				<token count="2">!=</token>
				<token count="8">()</token>
				<token count="3">*</token>
				<token count="1">++</token>
				<token count="6">-&gt;</token>
				<token count="5">.</token>
				<token count="1">::</token>
				<token count="9">;</token>
				<token count="5">&lt;</token>
				<token count="5">=</token>
				<token count="5">&gt;</token>
				<token count="1">class</token>
				<token count="2">else</token>
				<token count="1">for()</token>
				<token count="2">if()</token>
				<token count="3">return</token>
				<token count="4">{}</token>
			</operators>
			<operands>
				<token count="3">0</token>
				<token count="1">1</token>
				<token count="2">ListItem</token>
				<token count="2">MySortedSet</token>
				<token count="5">T</token>
				<token count="3">anotherset</token>
				<token count="5">container</token>
				<token count="4">current</token>
				<token count="2">getHead</token>
				<token count="3">i</token>
				<token count="2">int</token>
				<token count="1">isEqual</token>
				<token count="3">length</token>
				<token count="2">next</token>
				<token count="4">othercurrent</token>
				<token count="2">value</token>
			</operands>
		</function>
		<function name="MySortedSet::isSubset()">
			<start_line>118</start_line>
			<vG_b>6</vG_b>
			<vG_e>8</vG_e>
			<params>1</params>
			<LOCphy>27</LOCphy>
			<LOCpro>20</LOCpro>
			<LOCbl>6</LOCbl>
			<LOCcom alarmed="1">0</LOCcom>
			<N>108</N>
			<N1>64</N1>
			<N2>44</N2>
			<n>34</n>
			<n1>18</n1>
			<n2>16</n2>
			<V>549.446</V>
			<B>0.190</B>
			<D>24.750</D>
			<E>13598.788</E>
			<L>0.040</L>
			<T>00:12:35</T>
			<MaxND>3</MaxND>
			<MIwoc>83</MIwoc>
			<MIcwc>0</MIcwc>
			<MI>83</MI>
			<operators>
				<token count="2">!=</token>
				<token count="2">&amp;&amp;</token>
				<token count="9">()</token>
				<token count="2">*</token>
				<token count="4">-&gt;</token>
				<token count="6">.</token>
				<token count="1">::</token>
				<token count="7">;</token>
				<token count="3">&lt;</token>
				<token count="2">=</token>
				<token count="4">==</token>
				<token count="5">&gt;</token>
				<token count="1">class</token>
				<token count="3">else</token>
				<token count="4">if()</token>
				<token count="5">return</token>
				<token count="1">while()</token>
				<token count="3">{}</token>
			</operators>
			<operands>
				<token count="3">0</token>
				<token count="2">1</token>
				<token count="1">ListItem</token>
				<token count="2">MySortedSet</token>
				<token count="6">NULL</token>
				<token count="4">T</token>
				<token count="3">anotherset</token>
				<token count="6">container</token>
				<token count="7">current</token>
				<token count="3">getHead</token>
				<token count="1">int</token>
				<token count="1">isSubset</token>
				<token count="2">length</token>
				<token count="1">next</token>
				<token count="1">searchFor</token>
				<token count="1">value</token>
			</operands>
		</function>
		<function name="MySortedSet::count()">
			<start_line>146</start_line>
			<vG_b>1</vG_b>
			<vG_e>1</vG_e>
			<params>0</params>
			<LOCphy>5</LOCphy>
			<LOCpro>4</LOCpro>
			<LOCbl>0</LOCbl>
			<LOCcom>0</LOCcom>
			<N>18</N>
			<N1>11</N1>
			<N2>7</N2>
			<n>15</n>
			<n1>9</n1>
			<n2>6</n2>
			<V>70.324</V>
			<B>0.017</B>
			<D>5.250</D>
			<E>369.201</E>
			<L>0.190</L>
			<T>00:00:20</T>
			<MaxND>1</MaxND>
			<MIwoc>123</MIwoc>
			<MIcwc>0</MIcwc>
			<MI>123</MI>
			<operators>
				<token count="2">()</token>
				<token count="1">.</token>
				<token count="1">::</token>
				<token count="1">;</token>
				<token count="1">&lt;</token>
				<token count="2">&gt;</token>
				<token count="1">class</token>
				<token count="1">return</token>
				<token count="1">{}</token>
			</operators>
			<operands>
				<token count="1">MySortedSet</token>
				<token count="2">T</token>
				<token count="1">container</token>
				<token count="1">count</token>
				<token count="1">int</token>
				<token count="1">length</token>
			</operands>
		</function>
		<function name="MySortedSet::setUnion()">
			<start_line>152</start_line>
			<vG_b>9</vG_b>
			<vG_e alarmed="1">12</vG_e>
			<params>1</params>
			<LOCphy>60</LOCphy>
			<LOCpro alarmed="1">50</LOCpro>
			<LOCbl>9</LOCbl>
			<LOCcom alarmed="1">0</LOCcom>
			<N>257</N>
			<N1>150</N1>
			<N2>107</N2>
			<n>35</n>
			<n1>19</n1>
			<n2>16</n2>
			<V alarmed="1">1318.226</V>
			<B>0.638</B>
			<D>63.531</D>
			<E>83748.531</E>
			<L>0.016</L>
			<T>01:17:32</T>
			<MaxND>4</MaxND>
			<MIwoc>65</MIwoc>
			<MIcwc>0</MIcwc>
			<MI>65</MI>
			<operators>
				<token count="6">!=</token>
				<token count="3">&amp;&amp;</token>
				<token count="21">()</token>
				<token count="7">*</token>
				<token count="20">-&gt;</token>
				<token count="10">.</token>
				<token count="1">::</token>
				<token count="19">;</token>
				<token count="9">&lt;</token>
				<token count="11">=</token>
				<token count="5">==</token>
				<token count="10">&gt;</token>
				<token count="1">class</token>
				<token count="4">else</token>
				<token count="4">if()</token>
				<token count="1">new</token>
				<token count="4">return</token>
				<token count="4">while()</token>
				<token count="10">{}</token>
			</operators>
			<operands>
				<token count="1">0</token>
				<token count="4">ListItem</token>
				<token count="5">MySortedSet</token>
				<token count="11">NULL</token>
				<token count="10">T</token>
				<token count="6">anotherset</token>
				<token count="10">container</token>
				<token count="15">current</token>
				<token count="10">getHead</token>
				<token count="4">insert</token>
				<token count="1">isMember</token>
				<token count="5">next</token>
				<token count="8">other</token>
				<token count="1">setUnion</token>
				<token count="11">unionset</token>
				<token count="5">value</token>
			</operands>
		</function>
		<function name="MySortedSet::setIntersection()">
			<start_line>213</start_line>
			<vG_b>4</vG_b>
			<vG_e>5</vG_e>
			<params>1</params>
			<LOCphy>29</LOCphy>
			<LOCpro>25</LOCpro>
			<LOCbl>3</LOCbl>
			<LOCcom alarmed="1">0</LOCcom>
			<N>111</N>
			<N1>66</N1>
			<N2>45</N2>
			<n>34</n>
			<n1>19</n1>
			<n2>15</n2>
			<V>564.708</V>
			<B>0.212</B>
			<D>28.500</D>
			<E>16094.188</E>
			<L>0.035</L>
			<T>00:14:54</T>
			<MaxND>4</MaxND>
			<MIwoc>82</MIwoc>
			<MIcwc>0</MIcwc>
			<MI>82</MI>
			<operators>
				<token count="1">!=</token>
				<token count="7">()</token>
				<token count="4">*</token>
				<token count="7">-&gt;</token>
				<token count="3">.</token>
				<token count="1">::</token>
				<token count="7">;</token>
				<token count="6">&lt;</token>
				<token count="4">=</token>
				<token count="3">==</token>
				<token count="7">&gt;</token>
				<token count="1">class</token>
				<token count="2">else</token>
				<token count="2">if()</token>
				<token count="1">new</token>
				<token count="2">return</token>
				<token count="1">while()</token>
				<token count="6">{}</token>
				<token count="1">||</token>
			</operators>
			<operands>
				<token count="1">0</token>
				<token count="1">ListItem</token>
				<token count="5">MySortedSet</token>
				<token count="3">NULL</token>
				<token count="7">T</token>
				<token count="3">anotherset</token>
				<token count="3">container</token>
				<token count="8">current</token>
				<token count="3">getHead</token>
				<token count="1">insert</token>
				<token count="4">intersectionset</token>
				<token count="1">isMember</token>
				<token count="2">next</token>
				<token count="1">setIntersection</token>
				<token count="2">value</token>
			</operands>
		</function>
		<function name="MySortedSet::setDifference()">
			<start_line>243</start_line>
			<vG_b>6</vG_b>
			<vG_e>6</vG_e>
			<params>1</params>
			<LOCphy>45</LOCphy>
			<LOCpro>35</LOCpro>
			<LOCbl>9</LOCbl>
			<LOCcom alarmed="1">0</LOCcom>
			<N>138</N>
			<N1>82</N1>
			<N2>56</N2>
			<n>33</n>
			<n1>17</n1>
			<n2>16</n2>
			<V>696.126</V>
			<B>0.251</B>
			<D>29.750</D>
			<E>20709.760</E>
			<L>0.034</L>
			<T>00:19:10</T>
			<MaxND>4</MaxND>
			<MIwoc>74</MIwoc>
			<MIcwc>0</MIcwc>
			<MI>74</MI>
			<operators>
				<token count="2">!=</token>
				<token count="8">()</token>
				<token count="5">*</token>
				<token count="11">-&gt;</token>
				<token count="2">.</token>
				<token count="1">::</token>
				<token count="11">;</token>
				<token count="7">&lt;</token>
				<token count="6">=</token>
				<token count="8">&gt;</token>
				<token count="1">class</token>
				<token count="3">else</token>
				<token count="3">if()</token>
				<token count="1">new</token>
				<token count="3">return</token>
				<token count="2">while()</token>
				<token count="8">{}</token>
			</operators>
			<operands>
				<token count="2">ListItem</token>
				<token count="5">MySortedSet</token>
				<token count="2">NULL</token>
				<token count="8">T</token>
				<token count="3">anotherset</token>
				<token count="2">container</token>
				<token count="13">current</token>
				<token count="6">diff</token>
				<token count="2">getHead</token>
				<token count="2">insert</token>
				<token count="2">isEmpty</token>
				<token count="1">isMember</token>
				<token count="3">next</token>
				<token count="1">setDifference</token>
				<token count="1">this</token>
				<token count="3">value</token>
			</operands>
		</function>
		<file_total>
			<vG_b>31</vG_b>
			<vG_e>38</vG_e>
			<vG_b_max>9</vG_b_max>
			<vG_b_avg>3</vG_b_avg>
			<vG_e_max>12</vG_e_max>
			<vG_e_avg>3</vG_e_avg>
			<params>8</params>
			<LOCphy>286</LOCphy>
			<LOCpro>234</LOCpro>
			<LOCbl>52</LOCbl>
			<LOCcom alarmed="1">0</LOCcom>
			<N>1006</N>
			<N1>605</N1>
			<N2>401</N2>
			<n>68</n>
			<n1>28</n1>
			<n2>40</n2>
			<V>6123.988</V>
			<B alarmed="1">3.013</B>
			<D>140.350</D>
			<E>859501.688</E>
			<L>0.007</L>
			<T>13:15:50</T>
			<MaxND>4</MaxND>
			<MIwoc>88</MIwoc>
			<MIcwc>0</MIcwc>
			<MI>88</MI>
			<operators>
				<token count="14">!=</token>
				<token count="1">#</token>
				<token count="5">&amp;&amp;</token>
				<token count="72">()</token>
				<token count="24">*</token>
				<token count="1">++</token>
				<token count="49">-&gt;</token>
				<token count="38">.</token>
				<token count="13">::</token>
				<token count="72">;</token>
				<token count="54">&lt;</token>
				<token count="31">=</token>
				<token count="18">==</token>
				<token count="54">&gt;</token>
				<token count="13">class</token>
				<token count="1">delete</token>
				<token count="19">else</token>
				<token count="1">for()</token>
				<token count="20">if()</token>
				<token count="1">namespace</token>
				<token count="3">new</token>
				<token count="28">return</token>
				<token count="13">template</token>
				<token count="1">using</token>
				<token count="9">while()</token>
				<token count="47">{}</token>
				<token count="2">||</token>
				<token count="1">~</token>
			</operators>
			<operands>
				<token count="12">0</token>
				<token count="8">1</token>
				<token count="13">ListItem</token>
				<token count="29">MySortedSet</token>
				<token count="29">NULL</token>
				<token count="56">T</token>
				<token count="18">anotherset</token>
				<token count="38">container</token>
				<token count="1">count</token>
				<token count="52">current</token>
				<token count="1">deleteEle</token>
				<token count="1">deleteElement</token>
				<token count="6">diff</token>
				<token count="9">ele</token>
				<token count="24">getHead</token>
				<token count="1">getListHead</token>
				<token count="1">head</token>
				<token count="3">i</token>
				<token count="1">include</token>
				<token count="8">insert</token>
				<token count="1">insertAtHead</token>
				<token count="1">insertSorted</token>
				<token count="8">int</token>
				<token count="4">intersectionset</token>
				<token count="3">isEmpty</token>
				<token count="1">isEqual</token>
				<token count="4">isMember</token>
				<token count="1">isSubset</token>
				<token count="6">length</token>
				<token count="16">next</token>
				<token count="8">other</token>
				<token count="4">othercurrent</token>
				<token count="4">searchFor</token>
				<token count="1">setDifference</token>
				<token count="1">setIntersection</token>
				<token count="1">setUnion</token>
				<token count="1">std</token>
				<token count="1">this</token>
				<token count="11">unionset</token>
				<token count="13">value</token>
			</operands>
		</file_total>
	</file>
	<system>
		<files>1</files>
		<functions>13</functions>
		<LOCphy>286</LOCphy>
		<LOCbl>52</LOCbl>
		<LOCpro>234</LOCpro>
		<LOCcom>0</LOCcom>
		<semicolons>72</semicolons>
		<vG_b>31</vG_b>
		<vG_e>38</vG_e>
		<params>8</params>
		<MIwoc>90</MIwoc>
		<MIcw>0</MIcw>
		<MI>90</MI>
		<alarms>
			<file_vG>
				<measured>1</measured>
				<alarmed>0</alarmed>
				<percent>0</percent>
				<lowlimit>1</lowlimit>
				<highlimit>100</highlimit>
			</file_vG>
			<file_LOCpro>
				<measured>1</measured>
				<alarmed>0</alarmed>
				<percent>0</percent>
				<lowlimit>4</lowlimit>
				<highlimit>400</highlimit>
			</file_LOCpro>
			<file_comment_percent>
				<measured>1</measured>
				<alarmed>1</alarmed>
				<percent>100</percent>
				<lowlimit>30</lowlimit>
				<highlimit>75</highlimit>
			</file_comment_percent>
			<file_V>
				<measured>1</measured>
				<alarmed>0</alarmed>
				<percent>0</percent>
				<lowlimit>100</lowlimit>
				<highlimit>8000</highlimit>
			</file_V>
			<file_B>
				<measured>1</measured>
				<alarmed>1</alarmed>
				<percent>100</percent>
				<lowlimit>0</lowlimit>
				<highlimit>2</highlimit>
			</file_B>
			<file_MI>
				<measured>1</measured>
				<alarmed>0</alarmed>
				<percent>0</percent>
				<lowlimit>65</lowlimit>
			</file_MI>
			<function_vG>
				<measured>13</measured>
				<alarmed>1</alarmed>
				<percent>7</percent>
				<lowlimit>1</lowlimit>
				<highlimit>10</highlimit>
			</function_vG>
			<function_LOCpro>
				<measured>13</measured>
				<alarmed>2</alarmed>
				<percent>15</percent>
				<lowlimit>4</lowlimit>
				<highlimit>40</highlimit>
			</function_LOCpro>
			<function_comment_percent>
				<measured>13</measured>
				<alarmed>8</alarmed>
				<percent>61</percent>
				<lowlimit>30</lowlimit>
				<highlimit>75</highlimit>
			</function_comment_percent>
			<function_V>
				<measured>13</measured>
				<alarmed>1</alarmed>
				<percent>7</percent>
				<lowlimit>20</lowlimit>
				<highlimit>1000</highlimit>
			</function_V>
			<function_MI>
				<measured>13</measured>
				<alarmed>0</alarmed>
				<percent>0</percent>
				<lowlimit>65</lowlimit>
			</function_MI>
		</alarms>
		<error_messages count="0">
		</error_messages>
	</system>
</cmt_long_report>
