<?xml version="1.0" ?>
<cmt_long_report>
	<header_info>
		<cmt_version>7.0</cmt_version>
		<copyright>Copyright (c) 1993-2013 Testwell Oy</copyright>
		<copyright>Copyright (c) 2013-2018 Verifysoft Technology GmbH</copyright>
		<license_notes>
		</license_notes>
		<date>Tue Apr  4 21:04:16 2023</date>
		<cmt_options> -o C:\Users\muawi\cmt\A1_T2_S20.xml -lf -f C:\Users\muawi\cmt\files.txt</cmt_options>
		<run_directory>C:\Testwell\CMT</run_directory>
		<mccabe_preference>extended</mccabe_preference>
	</header_info>
	<file name="C:\Users\muawi\OneDrive\Documents\Study\Junior Year\Topics in Internet Research\Project\PA1_ANON_DATA\PA1_ANON_DATA\folder_20\MySortedSet.cpp" stamp="1680056149">
		<function name="MySortedSet::MySortedSet()">
			<start_line>4</start_line>
			<vG_b>1</vG_b>
			<vG_e>1</vG_e>
			<params>0</params>
			<LOCphy>6</LOCphy>
			<LOCpro>5</LOCpro>
			<LOCbl>0</LOCbl>
			<LOCcom>0</LOCcom>
			<N>27</N>
			<N1>16</N1>
			<N2>11</N2>
			<n>17</n>
			<n1>10</n1>
			<n2>7</n2>
			<V>110.361</V>
			<B>0.030</B>
			<D>7.857</D>
			<E>867.126</E>
			<L>0.127</L>
			<T>00:00:48</T>
			<MaxND>1</MaxND>
			<MIwoc>117</MIwoc>
			<MIcwc>0</MIcwc>
			<MI>117</MI>
			<operators>
				<token count="2">()</token>
				<token count="1">*</token>
				<token count="1">.</token>
				<token count="1">::</token>
				<token count="2">;</token>
				<token count="2">&lt;</token>
				<token count="2">=</token>
				<token count="3">&gt;</token>
				<token count="1">class</token>
				<token count="1">{}</token>
			</operators>
			<operands>
				<token count="1">ListItem</token>
				<token count="2">MySortedSet</token>
				<token count="1">NULL</token>
				<token count="3">T</token>
				<token count="1">container</token>
				<token count="1">getHead</token>
				<token count="2">myhead</token>
			</operands>
		</function>
		<function name="MySortedSet::~MySortedSet()">
			<start_line>11</start_line>
			<vG_b>1</vG_b>
			<vG_e>1</vG_e>
			<params>0</params>
			<LOCphy>5</LOCphy>
			<LOCpro alarmed="1">3</LOCpro>
			<LOCbl>1</LOCbl>
			<LOCcom>0</LOCcom>
			<N>12</N>
			<N1>8</N1>
			<N2>4</N2>
			<n>9</n>
			<n1>7</n1>
			<n2>2</n2>
			<V>38.039</V>
			<B>0.014</B>
			<D>7.000</D>
			<E>266.274</E>
			<L>0.143</L>
			<T>00:00:14</T>
			<MaxND>1</MaxND>
			<MIwoc>126</MIwoc>
			<MIcwc>0</MIcwc>
			<MI>126</MI>
			<operators>
				<token count="1">()</token>
				<token count="1">::</token>
				<token count="1">&lt;</token>
				<token count="2">&gt;</token>
				<token count="1">class</token>
				<token count="1">{}</token>
				<token count="1">~</token>
			</operators>
			<operands>
				<token count="2">MySortedSet</token>
				<token count="2">T</token>
			</operands>
		</function>
		<function name="MySortedSet::getListHead()">
			<start_line>17</start_line>
			<vG_b>1</vG_b>
			<vG_e>1</vG_e>
			<params>0</params>
			<LOCphy>5</LOCphy>
			<LOCpro>4</LOCpro>
			<LOCbl>0</LOCbl>
			<LOCcom>0</LOCcom>
			<N>22</N>
			<N1>14</N1>
			<N2>8</N2>
			<n>16</n>
			<n1>10</n1>
			<n2>6</n2>
			<V>88.000</V>
			<B>0.023</B>
			<D>6.667</D>
			<E>586.667</E>
			<L>0.150</L>
			<T>00:00:32</T>
			<MaxND>1</MaxND>
			<MIwoc>121</MIwoc>
			<MIcwc>0</MIcwc>
			<MI>121</MI>
			<operators>
				<token count="2">()</token>
				<token count="1">*</token>
				<token count="1">.</token>
				<token count="1">::</token>
				<token count="1">;</token>
				<token count="2">&lt;</token>
				<token count="3">&gt;</token>
				<token count="1">class</token>
				<token count="1">return</token>
				<token count="1">{}</token>
			</operators>
			<operands>
				<token count="1">ListItem</token>
				<token count="1">MySortedSet</token>
				<token count="3">T</token>
				<token count="1">container</token>
				<token count="1">getHead</token>
				<token count="1">getListHead</token>
			</operands>
		</function>
		<function name="MySortedSet::insert()">
			<start_line>23</start_line>
			<vG_b>2</vG_b>
			<vG_e>2</vG_e>
			<params>1</params>
			<LOCphy>11</LOCphy>
			<LOCpro>9</LOCpro>
			<LOCbl>1</LOCbl>
			<LOCcom>0</LOCcom>
			<N>34</N>
			<N1>19</N1>
			<N2>15</N2>
			<n>21</n>
			<n1>11</n1>
			<n2>10</n2>
			<V>149.339</V>
			<B>0.038</B>
			<D>8.250</D>
			<E>1232.045</E>
			<L>0.121</L>
			<T>00:01:08</T>
			<MaxND>2</MaxND>
			<MIwoc>106</MIwoc>
			<MIcwc>0</MIcwc>
			<MI>106</MI>
			<operators>
				<token count="1">!</token>
				<token count="3">()</token>
				<token count="2">.</token>
				<token count="1">::</token>
				<token count="3">;</token>
				<token count="1">&lt;</token>
				<token count="2">&gt;</token>
				<token count="1">class</token>
				<token count="1">if()</token>
				<token count="2">return</token>
				<token count="2">{}</token>
			</operators>
			<operands>
				<token count="1">0</token>
				<token count="1">1</token>
				<token count="1">MySortedSet</token>
				<token count="3">T</token>
				<token count="2">container</token>
				<token count="3">ele</token>
				<token count="1">insert</token>
				<token count="1">insertSorted</token>
				<token count="1">int</token>
				<token count="1">searchFor</token>
			</operands>
		</function>
		<function name="MySortedSet::deleteEle()">
			<start_line>35</start_line>
			<vG_b>2</vG_b>
			<vG_e>2</vG_e>
			<params>1</params>
			<LOCphy>11</LOCphy>
			<LOCpro>9</LOCpro>
			<LOCbl>1</LOCbl>
			<LOCcom>0</LOCcom>
			<N>33</N>
			<N1>18</N1>
			<N2>15</N2>
			<n>20</n>
			<n1>10</n1>
			<n2>10</n2>
			<V>142.624</V>
			<B>0.035</B>
			<D>7.500</D>
			<E>1069.677</E>
			<L>0.133</L>
			<T>00:00:59</T>
			<MaxND>2</MaxND>
			<MIwoc>106</MIwoc>
			<MIcwc>0</MIcwc>
			<MI>106</MI>
			<operators>
				<token count="3">()</token>
				<token count="2">.</token>
				<token count="1">::</token>
				<token count="3">;</token>
				<token count="1">&lt;</token>
				<token count="2">&gt;</token>
				<token count="1">class</token>
				<token count="1">if()</token>
				<token count="2">return</token>
				<token count="2">{}</token>
			</operators>
			<operands>
				<token count="1">0</token>
				<token count="1">1</token>
				<token count="1">MySortedSet</token>
				<token count="3">T</token>
				<token count="2">container</token>
				<token count="1">deleteEle</token>
				<token count="1">deleteElement</token>
				<token count="3">ele</token>
				<token count="1">int</token>
				<token count="1">searchFor</token>
			</operands>
		</function>
		<function name="MySortedSet::isEmpty()">
			<start_line>47</start_line>
			<vG_b>1</vG_b>
			<vG_e>1</vG_e>
			<params>0</params>
			<LOCphy>5</LOCphy>
			<LOCpro>4</LOCpro>
			<LOCbl>0</LOCbl>
			<LOCcom>0</LOCcom>
			<N>20</N>
			<N1>13</N1>
			<N2>7</N2>
			<n>16</n>
			<n1>10</n1>
			<n2>6</n2>
			<V>80.000</V>
			<B>0.020</B>
			<D>5.833</D>
			<E>466.667</E>
			<L>0.171</L>
			<T>00:00:25</T>
			<MaxND>1</MaxND>
			<MIwoc>122</MIwoc>
			<MIcwc>0</MIcwc>
			<MI>122</MI>
			<operators>
				<token count="1">!</token>
				<token count="3">()</token>
				<token count="1">.</token>
				<token count="1">::</token>
				<token count="1">;</token>
				<token count="1">&lt;</token>
				<token count="2">&gt;</token>
				<token count="1">class</token>
				<token count="1">return</token>
				<token count="1">{}</token>
			</operators>
			<operands>
				<token count="1">MySortedSet</token>
				<token count="2">T</token>
				<token count="1">container</token>
				<token count="1">int</token>
				<token count="1">isEmpty</token>
				<token count="1">length</token>
			</operands>
		</function>
		<function name="MySortedSet::isMember()">
			<start_line>53</start_line>
			<vG_b>2</vG_b>
			<vG_e>2</vG_e>
			<params>1</params>
			<LOCphy>10</LOCphy>
			<LOCpro>8</LOCpro>
			<LOCbl>1</LOCbl>
			<LOCcom>0</LOCcom>
			<N>27</N>
			<N1>15</N1>
			<N2>12</N2>
			<n>19</n>
			<n1>10</n1>
			<n2>9</n2>
			<V>114.694</V>
			<B>0.028</B>
			<D>6.667</D>
			<E>764.627</E>
			<L>0.150</L>
			<T>00:00:42</T>
			<MaxND>2</MaxND>
			<MIwoc>109</MIwoc>
			<MIcwc>0</MIcwc>
			<MI>109</MI>
			<operators>
				<token count="2">()</token>
				<token count="1">.</token>
				<token count="1">::</token>
				<token count="2">;</token>
				<token count="1">&lt;</token>
				<token count="2">&gt;</token>
				<token count="1">class</token>
				<token count="1">if()</token>
				<token count="2">return</token>
				<token count="2">{}</token>
			</operators>
			<operands>
				<token count="1">0</token>
				<token count="1">1</token>
				<token count="1">MySortedSet</token>
				<token count="3">T</token>
				<token count="1">container</token>
				<token count="2">ele</token>
				<token count="1">int</token>
				<token count="1">isMember</token>
				<token count="1">searchFor</token>
			</operands>
		</function>
		<function name="MySortedSet::isEqual()">
			<start_line>64</start_line>
			<vG_b>4</vG_b>
			<vG_e>6</vG_e>
			<params>1</params>
			<LOCphy>20</LOCphy>
			<LOCpro>14</LOCpro>
			<LOCbl>5</LOCbl>
			<LOCcom alarmed="1">0</LOCcom>
			<N>87</N>
			<N1>48</N1>
			<N2>39</N2>
			<n>32</n>
			<n1>17</n1>
			<n2>15</n2>
			<V>435.000</V>
			<B>0.151</B>
			<D>22.100</D>
			<E>9613.500</E>
			<L>0.045</L>
			<T>00:08:54</T>
			<MaxND>2</MaxND>
			<MIwoc>89</MIwoc>
			<MIcwc>0</MIcwc>
			<MI>89</MI>
			<operators>
				<token count="3">!=</token>
				<token count="2">&amp;&amp;</token>
				<token count="3">()</token>
				<token count="3">*</token>
				<token count="5">-&gt;</token>
				<token count="2">.</token>
				<token count="1">::</token>
				<token count="6">;</token>
				<token count="4">&lt;</token>
				<token count="4">=</token>
				<token count="2">==</token>
				<token count="5">&gt;</token>
				<token count="1">class</token>
				<token count="2">if()</token>
				<token count="2">return</token>
				<token count="1">while()</token>
				<token count="2">{}</token>
			</operators>
			<operands>
				<token count="1">0</token>
				<token count="1">1</token>
				<token count="2">ListItem</token>
				<token count="2">MySortedSet</token>
				<token count="4">NULL</token>
				<token count="5">T</token>
				<token count="2">anotherset</token>
				<token count="2">container</token>
				<token count="2">getHead</token>
				<token count="1">int</token>
				<token count="1">isEqual</token>
				<token count="2">next</token>
				<token count="6">temp</token>
				<token count="6">temp2</token>
				<token count="2">value</token>
			</operands>
		</function>
		<function name="MySortedSet::isSubset()">
			<start_line>85</start_line>
			<vG_b>3</vG_b>
			<vG_e>3</vG_e>
			<params>1</params>
			<LOCphy>15</LOCphy>
			<LOCpro>11</LOCpro>
			<LOCbl>3</LOCbl>
			<LOCcom alarmed="1">0</LOCcom>
			<N>56</N>
			<N1>32</N1>
			<N2>24</N2>
			<n>29</n>
			<n1>15</n1>
			<n2>14</n2>
			<V>272.047</V>
			<B>0.077</B>
			<D>12.857</D>
			<E>3497.746</E>
			<L>0.078</L>
			<T>00:03:14</T>
			<MaxND>2</MaxND>
			<MIwoc>97</MIwoc>
			<MIcwc>0</MIcwc>
			<MI>97</MI>
			<operators>
				<token count="1">!</token>
				<token count="3">()</token>
				<token count="2">*</token>
				<token count="3">-&gt;</token>
				<token count="2">.</token>
				<token count="1">::</token>
				<token count="4">;</token>
				<token count="3">&lt;</token>
				<token count="2">=</token>
				<token count="4">&gt;</token>
				<token count="1">class</token>
				<token count="1">if()</token>
				<token count="2">return</token>
				<token count="1">while()</token>
				<token count="2">{}</token>
			</operators>
			<operands>
				<token count="1">0</token>
				<token count="1">1</token>
				<token count="1">ListItem</token>
				<token count="2">MySortedSet</token>
				<token count="4">T</token>
				<token count="2">anotherset</token>
				<token count="2">container</token>
				<token count="1">getHead</token>
				<token count="1">int</token>
				<token count="1">isSubset</token>
				<token count="1">next</token>
				<token count="1">searchFor</token>
				<token count="5">temp2</token>
				<token count="1">value</token>
			</operands>
		</function>
		<function name="MySortedSet::setUnion()">
			<start_line>101</start_line>
			<vG_b>3</vG_b>
			<vG_e>3</vG_e>
			<params>1</params>
			<LOCphy>16</LOCphy>
			<LOCpro>13</LOCpro>
			<LOCbl>2</LOCbl>
			<LOCcom alarmed="1">0</LOCcom>
			<N>62</N>
			<N1>36</N1>
			<N2>26</N2>
			<n>28</n>
			<n1>15</n1>
			<n2>13</n2>
			<V>298.056</V>
			<B>0.090</B>
			<D>15.000</D>
			<E>4470.840</E>
			<L>0.067</L>
			<T>00:04:08</T>
			<MaxND>3</MaxND>
			<MIwoc>96</MIwoc>
			<MIcwc>0</MIcwc>
			<MI>96</MI>
			<operators>
				<token count="1">!</token>
				<token count="4">()</token>
				<token count="3">*</token>
				<token count="4">-&gt;</token>
				<token count="1">.</token>
				<token count="1">::</token>
				<token count="4">;</token>
				<token count="4">&lt;</token>
				<token count="2">=</token>
				<token count="5">&gt;</token>
				<token count="1">class</token>
				<token count="1">if()</token>
				<token count="1">return</token>
				<token count="1">while()</token>
				<token count="3">{}</token>
			</operators>
			<operands>
				<token count="1">ListItem</token>
				<token count="3">MySortedSet</token>
				<token count="5">T</token>
				<token count="2">anotherset</token>
				<token count="1">container</token>
				<token count="1">getHead</token>
				<token count="1">insert</token>
				<token count="1">isMember</token>
				<token count="1">next</token>
				<token count="1">setUnion</token>
				<token count="6">temp2</token>
				<token count="1">this</token>
				<token count="2">value</token>
			</operands>
		</function>
		<function name="MySortedSet::setIntersection()">
			<start_line>118</start_line>
			<vG_b>3</vG_b>
			<vG_e>3</vG_e>
			<params>1</params>
			<LOCphy>14</LOCphy>
			<LOCpro>13</LOCpro>
			<LOCbl>0</LOCbl>
			<LOCcom alarmed="1">0</LOCcom>
			<N>76</N>
			<N1>44</N1>
			<N2>32</N2>
			<n>28</n>
			<n1>15</n1>
			<n2>13</n2>
			<V>365.359</V>
			<B>0.119</B>
			<D>18.462</D>
			<E>6745.089</E>
			<L>0.054</L>
			<T>00:06:14</T>
			<MaxND>3</MaxND>
			<MIwoc>97</MIwoc>
			<MIcwc>0</MIcwc>
			<MI>97</MI>
			<operators>
				<token count="4">()</token>
				<token count="4">*</token>
				<token count="5">-&gt;</token>
				<token count="1">.</token>
				<token count="1">::</token>
				<token count="5">;</token>
				<token count="6">&lt;</token>
				<token count="3">=</token>
				<token count="7">&gt;</token>
				<token count="1">class</token>
				<token count="1">if()</token>
				<token count="1">new</token>
				<token count="1">return</token>
				<token count="1">while()</token>
				<token count="3">{}</token>
			</operators>
			<operands>
				<token count="1">ListItem</token>
				<token count="5">MySortedSet</token>
				<token count="7">T</token>
				<token count="2">anotherset</token>
				<token count="1">container</token>
				<token count="1">getHead</token>
				<token count="1">insert</token>
				<token count="1">isMember</token>
				<token count="3">newset</token>
				<token count="1">next</token>
				<token count="1">setIntersection</token>
				<token count="6">temp2</token>
				<token count="2">value</token>
			</operands>
		</function>
		<function name="MySortedSet::setDifference()">
			<start_line>133</start_line>
			<vG_b>3</vG_b>
			<vG_e>3</vG_e>
			<params>1</params>
			<LOCphy>20</LOCphy>
			<LOCpro>17</LOCpro>
			<LOCbl>2</LOCbl>
			<LOCcom alarmed="1">0</LOCcom>
			<N>94</N>
			<N1>54</N1>
			<N2>40</N2>
			<n>32</n>
			<n1>16</n1>
			<n2>16</n2>
			<V>470.000</V>
			<B>0.148</B>
			<D>20.000</D>
			<E>9400.000</E>
			<L>0.050</L>
			<T>00:08:42</T>
			<MaxND>3</MaxND>
			<MIwoc>90</MIwoc>
			<MIcwc>0</MIcwc>
			<MI>90</MI>
			<operators>
				<token count="5">()</token>
				<token count="5">*</token>
				<token count="6">-&gt;</token>
				<token count="1">.</token>
				<token count="1">::</token>
				<token count="8">;</token>
				<token count="7">&lt;</token>
				<token count="4">=</token>
				<token count="1">==</token>
				<token count="8">&gt;</token>
				<token count="1">class</token>
				<token count="1">if()</token>
				<token count="1">new</token>
				<token count="1">return</token>
				<token count="1">while()</token>
				<token count="3">{}</token>
			</operators>
			<operands>
				<token count="1">0</token>
				<token count="2">ListItem</token>
				<token count="5">MySortedSet</token>
				<token count="8">T</token>
				<token count="3">anotherset</token>
				<token count="1">container</token>
				<token count="1">getHead</token>
				<token count="1">getListHead</token>
				<token count="1">insert</token>
				<token count="1">isMember</token>
				<token count="3">n</token>
				<token count="1">next</token>
				<token count="1">setDifference</token>
				<token count="7">temp</token>
				<token count="2">temp1</token>
				<token count="2">value</token>
			</operands>
		</function>
		<file_total>
			<vG_b>15</vG_b>
			<vG_e>17</vG_e>
			<vG_b_max>4</vG_b_max>
			<vG_b_avg>2</vG_b_avg>
			<vG_e_max>6</vG_e_max>
			<vG_e_avg>2</vG_e_avg>
			<params>8</params>
			<LOCphy>150</LOCphy>
			<LOCpro>123</LOCpro>
			<LOCbl>28</LOCbl>
			<LOCcom alarmed="1">0</LOCcom>
			<N>576</N>
			<N1>342</N1>
			<N2>234</N2>
			<n>57</n>
			<n1>22</n1>
			<n2>35</n2>
			<V>3359.745</V>
			<B>1.313</B>
			<D>73.543</D>
			<E>247085.219</E>
			<L>0.014</L>
			<T>03:48:46</T>
			<MaxND>3</MaxND>
			<MIwoc>100</MIwoc>
			<MIcwc>0</MIcwc>
			<MI>100</MI>
			<operators>
				<token count="4">!</token>
				<token count="3">!=</token>
				<token count="1">#</token>
				<token count="2">&amp;&amp;</token>
				<token count="35">()</token>
				<token count="19">*</token>
				<token count="23">-&gt;</token>
				<token count="15">.</token>
				<token count="12">::</token>
				<token count="39">;</token>
				<token count="45">&lt;</token>
				<token count="17">=</token>
				<token count="3">==</token>
				<token count="45">&gt;</token>
				<token count="12">class</token>
				<token count="9">if()</token>
				<token count="2">new</token>
				<token count="15">return</token>
				<token count="12">template</token>
				<token count="5">while()</token>
				<token count="23">{}</token>
				<token count="1">~</token>
			</operators>
			<operands>
				<token count="6">0</token>
				<token count="5">1</token>
				<token count="9">ListItem</token>
				<token count="26">MySortedSet</token>
				<token count="5">NULL</token>
				<token count="48">T</token>
				<token count="11">anotherset</token>
				<token count="15">container</token>
				<token count="1">deleteEle</token>
				<token count="1">deleteElement</token>
				<token count="8">ele</token>
				<token count="8">getHead</token>
				<token count="2">getListHead</token>
				<token count="1">include</token>
				<token count="4">insert</token>
				<token count="1">insertSorted</token>
				<token count="6">int</token>
				<token count="1">isEmpty</token>
				<token count="1">isEqual</token>
				<token count="4">isMember</token>
				<token count="1">isSubset</token>
				<token count="1">length</token>
				<token count="2">myhead</token>
				<token count="3">n</token>
				<token count="3">newset</token>
				<token count="6">next</token>
				<token count="4">searchFor</token>
				<token count="1">setDifference</token>
				<token count="1">setIntersection</token>
				<token count="1">setUnion</token>
				<token count="13">temp</token>
				<token count="2">temp1</token>
				<token count="23">temp2</token>
				<token count="1">this</token>
				<token count="9">value</token>
			</operands>
		</file_total>
	</file>
	<system>
		<files>1</files>
		<functions>12</functions>
		<LOCphy>150</LOCphy>
		<LOCbl>28</LOCbl>
		<LOCpro>123</LOCpro>
		<LOCcom>0</LOCcom>
		<semicolons>39</semicolons>
		<vG_b>15</vG_b>
		<vG_e>17</vG_e>
		<params>8</params>
		<MIwoc>103</MIwoc>
		<MIcw>0</MIcw>
		<MI>103</MI>
		<alarms>
			<file_vG>
				<measured>1</measured>
				<alarmed>0</alarmed>
				<percent>0</percent>
				<lowlimit>1</lowlimit>
				<highlimit>100</highlimit>
			</file_vG>
			<file_LOCpro>
				<measured>1</measured>
				<alarmed>0</alarmed>
				<percent>0</percent>
				<lowlimit>4</lowlimit>
				<highlimit>400</highlimit>
			</file_LOCpro>
			<file_comment_percent>
				<measured>1</measured>
				<alarmed>1</alarmed>
				<percent>100</percent>
				<lowlimit>30</lowlimit>
				<highlimit>75</highlimit>
			</file_comment_percent>
			<file_V>
				<measured>1</measured>
				<alarmed>0</alarmed>
				<percent>0</percent>
				<lowlimit>100</lowlimit>
				<highlimit>8000</highlimit>
			</file_V>
			<file_B>
				<measured>1</measured>
				<alarmed>0</alarmed>
				<percent>0</percent>
				<lowlimit>0</lowlimit>
				<highlimit>2</highlimit>
			</file_B>
			<file_MI>
				<measured>1</measured>
				<alarmed>0</alarmed>
				<percent>0</percent>
				<lowlimit>65</lowlimit>
			</file_MI>
			<function_vG>
				<measured>12</measured>
				<alarmed>0</alarmed>
				<percent>0</percent>
				<lowlimit>1</lowlimit>
				<highlimit>10</highlimit>
			</function_vG>
			<function_LOCpro>
				<measured>12</measured>
				<alarmed>1</alarmed>
				<percent>8</percent>
				<lowlimit>4</lowlimit>
				<highlimit>40</highlimit>
			</function_LOCpro>
			<function_comment_percent>
				<measured>12</measured>
				<alarmed>5</alarmed>
				<percent>41</percent>
				<lowlimit>30</lowlimit>
				<highlimit>75</highlimit>
			</function_comment_percent>
			<function_V>
				<measured>12</measured>
				<alarmed>0</alarmed>
				<percent>0</percent>
				<lowlimit>20</lowlimit>
				<highlimit>1000</highlimit>
			</function_V>
			<function_MI>
				<measured>12</measured>
				<alarmed>0</alarmed>
				<percent>0</percent>
				<lowlimit>65</lowlimit>
			</function_MI>
		</alarms>
		<error_messages count="0">
		</error_messages>
	</system>
</cmt_long_report>
