<?xml version="1.0" ?>
<cmt_long_report>
	<header_info>
		<cmt_version>7.0</cmt_version>
		<copyright>Copyright (c) 1993-2013 Testwell Oy</copyright>
		<copyright>Copyright (c) 2013-2018 Verifysoft Technology GmbH</copyright>
		<license_notes>
		</license_notes>
		<date>Tue Apr  4 22:14:54 2023</date>
		<cmt_options> -o C:\Users\muawi\cmt\A1_T2_S100.xml -lf -f C:\Users\muawi\cmt\files.txt</cmt_options>
		<run_directory>C:\Testwell\CMT</run_directory>
		<mccabe_preference>extended</mccabe_preference>
	</header_info>
	<file name="C:\Users\muawi\OneDrive\Documents\Study\Junior Year\Topics in Internet Research\Project\PA1_ANON_DATA\PA1_ANON_DATA\folder_100\MySortedSet.cpp" stamp="1680056170">
		<function name="MySortedSet::MySortedSet()">
			<start_line>4</start_line>
			<vG_b>1</vG_b>
			<vG_e>1</vG_e>
			<params>0</params>
			<LOCphy>5</LOCphy>
			<LOCpro alarmed="1">3</LOCpro>
			<LOCbl>1</LOCbl>
			<LOCcom>0</LOCcom>
			<N>11</N>
			<N1>7</N1>
			<N2>4</N2>
			<n>8</n>
			<n1>6</n1>
			<n2>2</n2>
			<V>33.000</V>
			<B>0.011</B>
			<D>6.000</D>
			<E>198.000</E>
			<L>0.167</L>
			<T>00:00:11</T>
			<MaxND>1</MaxND>
			<MIwoc>127</MIwoc>
			<MIcwc>0</MIcwc>
			<MI>127</MI>
			<operators>
				<token count="1">()</token>
				<token count="1">::</token>
				<token count="1">&lt;</token>
				<token count="2">&gt;</token>
				<token count="1">class</token>
				<token count="1">{}</token>
			</operators>
			<operands>
				<token count="2">MySortedSet</token>
				<token count="2">T</token>
			</operands>
		</function>
		<function name="MySortedSet::~MySortedSet()">
			<start_line>10</start_line>
			<vG_b>1</vG_b>
			<vG_e>1</vG_e>
			<params>0</params>
			<LOCphy>5</LOCphy>
			<LOCpro alarmed="1">3</LOCpro>
			<LOCbl>1</LOCbl>
			<LOCcom>0</LOCcom>
			<N>12</N>
			<N1>8</N1>
			<N2>4</N2>
			<n>9</n>
			<n1>7</n1>
			<n2>2</n2>
			<V>38.039</V>
			<B>0.014</B>
			<D>7.000</D>
			<E>266.274</E>
			<L>0.143</L>
			<T>00:00:14</T>
			<MaxND>1</MaxND>
			<MIwoc>126</MIwoc>
			<MIcwc>0</MIcwc>
			<MI>126</MI>
			<operators>
				<token count="1">()</token>
				<token count="1">::</token>
				<token count="1">&lt;</token>
				<token count="2">&gt;</token>
				<token count="1">class</token>
				<token count="1">{}</token>
				<token count="1">~</token>
			</operators>
			<operands>
				<token count="2">MySortedSet</token>
				<token count="2">T</token>
			</operands>
		</function>
		<function name="MySortedSet::getListHead()">
			<start_line>16</start_line>
			<vG_b>1</vG_b>
			<vG_e>1</vG_e>
			<params>0</params>
			<LOCphy>5</LOCphy>
			<LOCpro>4</LOCpro>
			<LOCbl>0</LOCbl>
			<LOCcom>0</LOCcom>
			<N>22</N>
			<N1>14</N1>
			<N2>8</N2>
			<n>16</n>
			<n1>10</n1>
			<n2>6</n2>
			<V>88.000</V>
			<B>0.023</B>
			<D>6.667</D>
			<E>586.667</E>
			<L>0.150</L>
			<T>00:00:32</T>
			<MaxND>1</MaxND>
			<MIwoc>121</MIwoc>
			<MIcwc>0</MIcwc>
			<MI>121</MI>
			<operators>
				<token count="2">()</token>
				<token count="1">*</token>
				<token count="1">.</token>
				<token count="1">::</token>
				<token count="1">;</token>
				<token count="2">&lt;</token>
				<token count="3">&gt;</token>
				<token count="1">class</token>
				<token count="1">return</token>
				<token count="1">{}</token>
			</operators>
			<operands>
				<token count="1">ListItem</token>
				<token count="1">MySortedSet</token>
				<token count="3">T</token>
				<token count="1">container</token>
				<token count="1">getHead</token>
				<token count="1">getListHead</token>
			</operands>
		</function>
		<function name="MySortedSet::insert()">
			<start_line>22</start_line>
			<vG_b>3</vG_b>
			<vG_e>3</vG_e>
			<params>1</params>
			<LOCphy>14</LOCphy>
			<LOCpro>12</LOCpro>
			<LOCbl>1</LOCbl>
			<LOCcom alarmed="1">0</LOCcom>
			<N>41</N>
			<N1>23</N1>
			<N2>18</N2>
			<n>23</n>
			<n1>13</n1>
			<n2>10</n2>
			<V>185.466</V>
			<B>0.056</B>
			<D>11.700</D>
			<E>2169.953</E>
			<L>0.085</L>
			<T>00:02:00</T>
			<MaxND>2</MaxND>
			<MIwoc>100</MIwoc>
			<MIcwc>0</MIcwc>
			<MI>100</MI>
			<operators>
				<token count="1">!=</token>
				<token count="4">()</token>
				<token count="1">.</token>
				<token count="1">::</token>
				<token count="3">;</token>
				<token count="1">&lt;</token>
				<token count="1">==</token>
				<token count="2">&gt;</token>
				<token count="1">class</token>
				<token count="1">else</token>
				<token count="2">if()</token>
				<token count="2">return</token>
				<token count="3">{}</token>
			</operators>
			<operands>
				<token count="3">0</token>
				<token count="1">1</token>
				<token count="1">MySortedSet</token>
				<token count="3">T</token>
				<token count="1">container</token>
				<token count="4">ele</token>
				<token count="1">insert</token>
				<token count="1">insertSorted</token>
				<token count="1">int</token>
				<token count="2">isMember</token>
			</operands>
		</function>
		<function name="MySortedSet::deleteEle()">
			<start_line>37</start_line>
			<vG_b>2</vG_b>
			<vG_e>2</vG_e>
			<params>1</params>
			<LOCphy>14</LOCphy>
			<LOCpro>13</LOCpro>
			<LOCbl>0</LOCbl>
			<LOCcom alarmed="1">0</LOCcom>
			<N>48</N>
			<N1>27</N1>
			<N2>21</N2>
			<n>28</n>
			<n1>15</n1>
			<n2>13</n2>
			<V>230.753</V>
			<B>0.066</B>
			<D>12.115</D>
			<E>2795.662</E>
			<L>0.083</L>
			<T>00:02:35</T>
			<MaxND>2</MaxND>
			<MIwoc>99</MIwoc>
			<MIcwc>0</MIcwc>
			<MI>99</MI>
			<operators>
				<token count="3">()</token>
				<token count="1">*</token>
				<token count="1">-&gt;</token>
				<token count="2">.</token>
				<token count="1">::</token>
				<token count="4">;</token>
				<token count="2">&lt;</token>
				<token count="1">=</token>
				<token count="1">==</token>
				<token count="3">&gt;</token>
				<token count="1">class</token>
				<token count="1">else</token>
				<token count="1">if()</token>
				<token count="2">return</token>
				<token count="3">{}</token>
			</operators>
			<operands>
				<token count="1">0</token>
				<token count="1">1</token>
				<token count="1">ListItem</token>
				<token count="1">MySortedSet</token>
				<token count="4">T</token>
				<token count="2">container</token>
				<token count="1">deleteEle</token>
				<token count="1">deleteElement</token>
				<token count="4">ele</token>
				<token count="2">flag</token>
				<token count="1">int</token>
				<token count="1">searchFor</token>
				<token count="1">value</token>
			</operands>
		</function>
		<function name="MySortedSet::isEmpty()">
			<start_line>54</start_line>
			<vG_b>3</vG_b>
			<vG_e>3</vG_e>
			<params>0</params>
			<LOCphy>13</LOCphy>
			<LOCpro>11</LOCpro>
			<LOCbl>1</LOCbl>
			<LOCcom alarmed="1">0</LOCcom>
			<N>35</N>
			<N1>22</N1>
			<N2>13</N2>
			<n>21</n>
			<n1>13</n1>
			<n2>8</n2>
			<V>153.731</V>
			<B>0.046</B>
			<D>10.563</D>
			<E>1623.785</E>
			<L>0.095</L>
			<T>00:01:30</T>
			<MaxND>2</MaxND>
			<MIwoc>103</MIwoc>
			<MIcwc>0</MIcwc>
			<MI>103</MI>
			<operators>
				<token count="1">!=</token>
				<token count="3">()</token>
				<token count="2">.</token>
				<token count="1">::</token>
				<token count="2">;</token>
				<token count="1">&lt;</token>
				<token count="1">==</token>
				<token count="2">&gt;</token>
				<token count="1">class</token>
				<token count="1">else</token>
				<token count="2">if()</token>
				<token count="2">return</token>
				<token count="3">{}</token>
			</operators>
			<operands>
				<token count="3">0</token>
				<token count="1">1</token>
				<token count="1">MySortedSet</token>
				<token count="2">T</token>
				<token count="2">container</token>
				<token count="1">int</token>
				<token count="1">isEmpty</token>
				<token count="2">length</token>
			</operands>
		</function>
		<function name="MySortedSet::isMember()">
			<start_line>68</start_line>
			<vG_b>2</vG_b>
			<vG_e>2</vG_e>
			<params>1</params>
			<LOCphy>13</LOCphy>
			<LOCpro>12</LOCpro>
			<LOCbl>0</LOCbl>
			<LOCcom alarmed="1">0</LOCcom>
			<N>42</N>
			<N1>24</N1>
			<N2>18</N2>
			<n>27</n>
			<n1>15</n1>
			<n2>12</n2>
			<V>199.705</V>
			<B>0.057</B>
			<D>11.250</D>
			<E>2246.684</E>
			<L>0.089</L>
			<T>00:02:04</T>
			<MaxND>2</MaxND>
			<MIwoc>101</MIwoc>
			<MIcwc>0</MIcwc>
			<MI>101</MI>
			<operators>
				<token count="2">()</token>
				<token count="1">*</token>
				<token count="1">-&gt;</token>
				<token count="1">.</token>
				<token count="1">::</token>
				<token count="3">;</token>
				<token count="2">&lt;</token>
				<token count="1">=</token>
				<token count="1">==</token>
				<token count="3">&gt;</token>
				<token count="1">class</token>
				<token count="1">else</token>
				<token count="1">if()</token>
				<token count="2">return</token>
				<token count="3">{}</token>
			</operators>
			<operands>
				<token count="1">0</token>
				<token count="1">1</token>
				<token count="1">ListItem</token>
				<token count="1">MySortedSet</token>
				<token count="4">T</token>
				<token count="2">check</token>
				<token count="1">container</token>
				<token count="3">ele</token>
				<token count="1">int</token>
				<token count="1">isMember</token>
				<token count="1">searchFor</token>
				<token count="1">value</token>
			</operands>
		</function>
		<function name="MySortedSet::isEqual()">
			<start_line>82</start_line>
			<vG_b>6</vG_b>
			<vG_e>6</vG_e>
			<params>1</params>
			<LOCphy>27</LOCphy>
			<LOCpro>25</LOCpro>
			<LOCbl>1</LOCbl>
			<LOCcom alarmed="1">0</LOCcom>
			<N>105</N>
			<N1>57</N1>
			<N2>48</N2>
			<n>37</n>
			<n1>17</n1>
			<n2>20</n2>
			<V>546.993</V>
			<B>0.166</B>
			<D>20.400</D>
			<E>11158.649</E>
			<L>0.049</L>
			<T>00:10:19</T>
			<MaxND>4</MaxND>
			<MIwoc>83</MIwoc>
			<MIcwc>0</MIcwc>
			<MI>83</MI>
			<operators>
				<token count="3">!=</token>
				<token count="1">()</token>
				<token count="1">*</token>
				<token count="3">-&gt;</token>
				<token count="4">.</token>
				<token count="1">::</token>
				<token count="7">;</token>
				<token count="6">&lt;</token>
				<token count="6">&lt;&lt;</token>
				<token count="2">=</token>
				<token count="2">==</token>
				<token count="7">&gt;</token>
				<token count="1">class</token>
				<token count="2">else</token>
				<token count="4">if()</token>
				<token count="1">while()</token>
				<token count="6">{}</token>
			</operators>
			<operands>
				<token count="1">&quot;Both sets are equal &quot;</token>
				<token count="1">&quot;Not equal &quot;</token>
				<token count="1">&quot;The other set is empty &quot;</token>
				<token count="2">ListItem</token>
				<token count="4">MySortedSet</token>
				<token count="3">NULL</token>
				<token count="7">T</token>
				<token count="1">a</token>
				<token count="2">anotherset</token>
				<token count="1">b</token>
				<token count="3">cout</token>
				<token count="3">endl</token>
				<token count="2">getListHead</token>
				<token count="1">int</token>
				<token count="1">isEqual</token>
				<token count="4">length</token>
				<token count="4">my</token>
				<token count="1">next</token>
				<token count="5">not</token>
				<token count="1">this</token>
			</operands>
		</function>
		<function name="MySortedSet::isSubset()">
			<start_line>110</start_line>
			<vG_b>6</vG_b>
			<vG_e>6</vG_e>
			<params>1</params>
			<LOCphy>28</LOCphy>
			<LOCpro>25</LOCpro>
			<LOCbl>2</LOCbl>
			<LOCcom alarmed="1">0</LOCcom>
			<N>105</N>
			<N1>57</N1>
			<N2>48</N2>
			<n>37</n>
			<n1>17</n1>
			<n2>20</n2>
			<V>546.993</V>
			<B>0.166</B>
			<D>20.400</D>
			<E>11158.649</E>
			<L>0.049</L>
			<T>00:10:19</T>
			<MaxND>4</MaxND>
			<MIwoc>83</MIwoc>
			<MIcwc>0</MIcwc>
			<MI>83</MI>
			<operators>
				<token count="3">!=</token>
				<token count="1">()</token>
				<token count="1">*</token>
				<token count="3">-&gt;</token>
				<token count="4">.</token>
				<token count="1">::</token>
				<token count="7">;</token>
				<token count="6">&lt;</token>
				<token count="6">&lt;&lt;</token>
				<token count="2">=</token>
				<token count="2">==</token>
				<token count="7">&gt;</token>
				<token count="1">class</token>
				<token count="2">else</token>
				<token count="4">if()</token>
				<token count="1">while()</token>
				<token count="6">{}</token>
			</operators>
			<operands>
				<token count="1">&quot;Both sets are equal &quot;</token>
				<token count="1">&quot;Not equal &quot;</token>
				<token count="1">&quot;The other set is empty &quot;</token>
				<token count="2">ListItem</token>
				<token count="4">MySortedSet</token>
				<token count="3">NULL</token>
				<token count="7">T</token>
				<token count="1">a</token>
				<token count="2">anotherset</token>
				<token count="1">b</token>
				<token count="3">cout</token>
				<token count="3">endl</token>
				<token count="2">getListHead</token>
				<token count="1">int</token>
				<token count="1">isSubset</token>
				<token count="4">length</token>
				<token count="4">my</token>
				<token count="1">next</token>
				<token count="5">not</token>
				<token count="1">this</token>
			</operands>
		</function>
		<function name="MySortedSet::setUnion()">
			<start_line>139</start_line>
			<vG_b>6</vG_b>
			<vG_e>6</vG_e>
			<params>1</params>
			<LOCphy>28</LOCphy>
			<LOCpro>25</LOCpro>
			<LOCbl>2</LOCbl>
			<LOCcom alarmed="1">0</LOCcom>
			<N>109</N>
			<N1>60</N1>
			<N2>49</N2>
			<n>36</n>
			<n1>17</n1>
			<n2>19</n2>
			<V>563.522</V>
			<B>0.178</B>
			<D>21.921</D>
			<E>12352.991</E>
			<L>0.046</L>
			<T>00:11:26</T>
			<MaxND>4</MaxND>
			<MIwoc>83</MIwoc>
			<MIcwc>0</MIcwc>
			<MI>83</MI>
			<operators>
				<token count="3">!=</token>
				<token count="1">()</token>
				<token count="2">*</token>
				<token count="3">-&gt;</token>
				<token count="4">.</token>
				<token count="1">::</token>
				<token count="7">;</token>
				<token count="7">&lt;</token>
				<token count="6">&lt;&lt;</token>
				<token count="2">=</token>
				<token count="2">==</token>
				<token count="8">&gt;</token>
				<token count="1">class</token>
				<token count="2">else</token>
				<token count="4">if()</token>
				<token count="1">while()</token>
				<token count="6">{}</token>
			</operators>
			<operands>
				<token count="1">&quot;Both sets are equal &quot;</token>
				<token count="1">&quot;Not equal &quot;</token>
				<token count="1">&quot;The other set is empty &quot;</token>
				<token count="2">ListItem</token>
				<token count="5">MySortedSet</token>
				<token count="3">NULL</token>
				<token count="8">T</token>
				<token count="2">anotherset</token>
				<token count="1">c</token>
				<token count="3">cout</token>
				<token count="1">d</token>
				<token count="3">endl</token>
				<token count="2">getListHead</token>
				<token count="4">length</token>
				<token count="4">my</token>
				<token count="1">next</token>
				<token count="5">not</token>
				<token count="1">setUnion</token>
				<token count="1">this</token>
			</operands>
		</function>
		<function name="MySortedSet::setIntersection()">
			<start_line>168</start_line>
			<vG_b>6</vG_b>
			<vG_e>6</vG_e>
			<params>1</params>
			<LOCphy>27</LOCphy>
			<LOCpro>25</LOCpro>
			<LOCbl>1</LOCbl>
			<LOCcom alarmed="1">0</LOCcom>
			<N>109</N>
			<N1>60</N1>
			<N2>49</N2>
			<n>36</n>
			<n1>17</n1>
			<n2>19</n2>
			<V>563.522</V>
			<B>0.178</B>
			<D>21.921</D>
			<E>12352.991</E>
			<L>0.046</L>
			<T>00:11:26</T>
			<MaxND>4</MaxND>
			<MIwoc>83</MIwoc>
			<MIcwc>0</MIcwc>
			<MI>83</MI>
			<operators>
				<token count="3">!=</token>
				<token count="1">()</token>
				<token count="2">*</token>
				<token count="3">-&gt;</token>
				<token count="4">.</token>
				<token count="1">::</token>
				<token count="7">;</token>
				<token count="7">&lt;</token>
				<token count="6">&lt;&lt;</token>
				<token count="2">=</token>
				<token count="2">==</token>
				<token count="8">&gt;</token>
				<token count="1">class</token>
				<token count="2">else</token>
				<token count="4">if()</token>
				<token count="1">while()</token>
				<token count="6">{}</token>
			</operators>
			<operands>
				<token count="1">&quot;Both sets are equal &quot;</token>
				<token count="1">&quot;Not equal &quot;</token>
				<token count="1">&quot;The other set is empty &quot;</token>
				<token count="2">ListItem</token>
				<token count="5">MySortedSet</token>
				<token count="3">NULL</token>
				<token count="8">T</token>
				<token count="2">anotherset</token>
				<token count="3">cout</token>
				<token count="1">e</token>
				<token count="3">endl</token>
				<token count="1">f</token>
				<token count="2">getListHead</token>
				<token count="4">length</token>
				<token count="4">my</token>
				<token count="1">next</token>
				<token count="5">not</token>
				<token count="1">setIntersection</token>
				<token count="1">this</token>
			</operands>
		</function>
		<function name="MySortedSet::setDifference()">
			<start_line>196</start_line>
			<vG_b>6</vG_b>
			<vG_e>6</vG_e>
			<params>1</params>
			<LOCphy>28</LOCphy>
			<LOCpro>25</LOCpro>
			<LOCbl>2</LOCbl>
			<LOCcom alarmed="1">0</LOCcom>
			<N>109</N>
			<N1>60</N1>
			<N2>49</N2>
			<n>36</n>
			<n1>17</n1>
			<n2>19</n2>
			<V>563.522</V>
			<B>0.178</B>
			<D>21.921</D>
			<E>12352.991</E>
			<L>0.046</L>
			<T>00:11:26</T>
			<MaxND>4</MaxND>
			<MIwoc>83</MIwoc>
			<MIcwc>0</MIcwc>
			<MI>83</MI>
			<operators>
				<token count="3">!=</token>
				<token count="1">()</token>
				<token count="2">*</token>
				<token count="3">-&gt;</token>
				<token count="4">.</token>
				<token count="1">::</token>
				<token count="7">;</token>
				<token count="7">&lt;</token>
				<token count="6">&lt;&lt;</token>
				<token count="2">=</token>
				<token count="2">==</token>
				<token count="8">&gt;</token>
				<token count="1">class</token>
				<token count="2">else</token>
				<token count="4">if()</token>
				<token count="1">while()</token>
				<token count="6">{}</token>
			</operators>
			<operands>
				<token count="1">&quot;Both sets are equal &quot;</token>
				<token count="1">&quot;Not equal &quot;</token>
				<token count="1">&quot;The other set is empty &quot;</token>
				<token count="2">ListItem</token>
				<token count="5">MySortedSet</token>
				<token count="3">NULL</token>
				<token count="8">T</token>
				<token count="2">anotherset</token>
				<token count="3">cout</token>
				<token count="3">endl</token>
				<token count="1">g</token>
				<token count="2">getListHead</token>
				<token count="1">h</token>
				<token count="4">length</token>
				<token count="4">my</token>
				<token count="1">next</token>
				<token count="5">not</token>
				<token count="1">setDifference</token>
				<token count="1">this</token>
			</operands>
		</function>
		<file_total>
			<vG_b>32</vG_b>
			<vG_e>32</vG_e>
			<vG_b_max>6</vG_b_max>
			<vG_b_avg>3</vG_b_avg>
			<vG_e_max>6</vG_e_max>
			<vG_e_avg>3</vG_e_avg>
			<params>8</params>
			<LOCphy>222</LOCphy>
			<LOCpro>196</LOCpro>
			<LOCbl>26</LOCbl>
			<LOCcom alarmed="1">0</LOCcom>
			<N>774</N>
			<N1>444</N1>
			<N2>330</N2>
			<n>67</n>
			<n1>21</n1>
			<n2>46</n2>
			<V>4695.153</V>
			<B>1.667</B>
			<D>75.326</D>
			<E>353667.500</E>
			<L>0.013</L>
			<T>05:27:28</T>
			<MaxND>4</MaxND>
			<MIwoc>92</MIwoc>
			<MIcwc>0</MIcwc>
			<MI>92</MI>
			<operators>
				<token count="17">!=</token>
				<token count="1">#</token>
				<token count="21">()</token>
				<token count="11">*</token>
				<token count="17">-&gt;</token>
				<token count="27">.</token>
				<token count="12">::</token>
				<token count="48">;</token>
				<token count="55">&lt;</token>
				<token count="30">&lt;&lt;</token>
				<token count="12">=</token>
				<token count="14">==</token>
				<token count="55">&gt;</token>
				<token count="12">class</token>
				<token count="14">else</token>
				<token count="26">if()</token>
				<token count="9">return</token>
				<token count="12">template</token>
				<token count="5">while()</token>
				<token count="45">{}</token>
				<token count="1">~</token>
			</operators>
			<operands>
				<token count="5">&quot;Both sets are equal &quot;</token>
				<token count="5">&quot;Not equal &quot;</token>
				<token count="5">&quot;The other set is empty &quot;</token>
				<token count="8">0</token>
				<token count="4">1</token>
				<token count="13">ListItem</token>
				<token count="32">MySortedSet</token>
				<token count="15">NULL</token>
				<token count="58">T</token>
				<token count="2">a</token>
				<token count="10">anotherset</token>
				<token count="2">b</token>
				<token count="1">c</token>
				<token count="2">check</token>
				<token count="7">container</token>
				<token count="15">cout</token>
				<token count="1">d</token>
				<token count="1">deleteEle</token>
				<token count="1">deleteElement</token>
				<token count="1">e</token>
				<token count="11">ele</token>
				<token count="15">endl</token>
				<token count="1">f</token>
				<token count="2">flag</token>
				<token count="1">g</token>
				<token count="1">getHead</token>
				<token count="11">getListHead</token>
				<token count="1">h</token>
				<token count="1">include</token>
				<token count="1">insert</token>
				<token count="1">insertSorted</token>
				<token count="6">int</token>
				<token count="1">isEmpty</token>
				<token count="1">isEqual</token>
				<token count="3">isMember</token>
				<token count="1">isSubset</token>
				<token count="22">length</token>
				<token count="20">my</token>
				<token count="5">next</token>
				<token count="25">not</token>
				<token count="2">searchFor</token>
				<token count="1">setDifference</token>
				<token count="1">setIntersection</token>
				<token count="1">setUnion</token>
				<token count="5">this</token>
				<token count="2">value</token>
			</operands>
		</file_total>
	</file>
	<system>
		<files>1</files>
		<functions>12</functions>
		<LOCphy>222</LOCphy>
		<LOCbl>26</LOCbl>
		<LOCpro>196</LOCpro>
		<LOCcom>0</LOCcom>
		<semicolons>48</semicolons>
		<vG_b>32</vG_b>
		<vG_e>32</vG_e>
		<params>8</params>
		<MIwoc>94</MIwoc>
		<MIcw>0</MIcw>
		<MI>94</MI>
		<alarms>
			<file_vG>
				<measured>1</measured>
				<alarmed>0</alarmed>
				<percent>0</percent>
				<lowlimit>1</lowlimit>
				<highlimit>100</highlimit>
			</file_vG>
			<file_LOCpro>
				<measured>1</measured>
				<alarmed>0</alarmed>
				<percent>0</percent>
				<lowlimit>4</lowlimit>
				<highlimit>400</highlimit>
			</file_LOCpro>
			<file_comment_percent>
				<measured>1</measured>
				<alarmed>1</alarmed>
				<percent>100</percent>
				<lowlimit>30</lowlimit>
				<highlimit>75</highlimit>
			</file_comment_percent>
			<file_V>
				<measured>1</measured>
				<alarmed>0</alarmed>
				<percent>0</percent>
				<lowlimit>100</lowlimit>
				<highlimit>8000</highlimit>
			</file_V>
			<file_B>
				<measured>1</measured>
				<alarmed>0</alarmed>
				<percent>0</percent>
				<lowlimit>0</lowlimit>
				<highlimit>2</highlimit>
			</file_B>
			<file_MI>
				<measured>1</measured>
				<alarmed>0</alarmed>
				<percent>0</percent>
				<lowlimit>65</lowlimit>
			</file_MI>
			<function_vG>
				<measured>12</measured>
				<alarmed>0</alarmed>
				<percent>0</percent>
				<lowlimit>1</lowlimit>
				<highlimit>10</highlimit>
			</function_vG>
			<function_LOCpro>
				<measured>12</measured>
				<alarmed>2</alarmed>
				<percent>16</percent>
				<lowlimit>4</lowlimit>
				<highlimit>40</highlimit>
			</function_LOCpro>
			<function_comment_percent>
				<measured>12</measured>
				<alarmed>9</alarmed>
				<percent>75</percent>
				<lowlimit>30</lowlimit>
				<highlimit>75</highlimit>
			</function_comment_percent>
			<function_V>
				<measured>12</measured>
				<alarmed>0</alarmed>
				<percent>0</percent>
				<lowlimit>20</lowlimit>
				<highlimit>1000</highlimit>
			</function_V>
			<function_MI>
				<measured>12</measured>
				<alarmed>0</alarmed>
				<percent>0</percent>
				<lowlimit>65</lowlimit>
			</function_MI>
		</alarms>
		<error_messages count="0">
		</error_messages>
	</system>
</cmt_long_report>
