<?xml version="1.0" ?>
<cmt_long_report>
	<header_info>
		<cmt_version>7.0</cmt_version>
		<copyright>Copyright (c) 1993-2013 Testwell Oy</copyright>
		<copyright>Copyright (c) 2013-2018 Verifysoft Technology GmbH</copyright>
		<license_notes>
		</license_notes>
		<date>Tue Apr  4 21:28:56 2023</date>
		<cmt_options> -o C:\Users\muawi\cmt\A1_T2_S67.xml -lf -f C:\Users\muawi\cmt\files.txt</cmt_options>
		<run_directory>C:\Testwell\CMT</run_directory>
		<mccabe_preference>extended</mccabe_preference>
	</header_info>
	<file name="C:\Users\muawi\OneDrive\Documents\Study\Junior Year\Topics in Internet Research\Project\PA1_ANON_DATA\PA1_ANON_DATA\folder_67\MySortedSet.cpp" stamp="1680056151">
		<function name="MySortedSet::MySortedSet()">
			<start_line>9</start_line>
			<vG_b>1</vG_b>
			<vG_e>1</vG_e>
			<params>0</params>
			<LOCphy>5</LOCphy>
			<LOCpro alarmed="1">3</LOCpro>
			<LOCbl>1</LOCbl>
			<LOCcom>0</LOCcom>
			<N>11</N>
			<N1>7</N1>
			<N2>4</N2>
			<n>8</n>
			<n1>6</n1>
			<n2>2</n2>
			<V>33.000</V>
			<B>0.011</B>
			<D>6.000</D>
			<E>198.000</E>
			<L>0.167</L>
			<T>00:00:11</T>
			<MaxND>1</MaxND>
			<MIwoc>127</MIwoc>
			<MIcwc>0</MIcwc>
			<MI>127</MI>
			<operators>
				<token count="1">()</token>
				<token count="1">::</token>
				<token count="1">&lt;</token>
				<token count="2">&gt;</token>
				<token count="1">class</token>
				<token count="1">{}</token>
			</operators>
			<operands>
				<token count="2">MySortedSet</token>
				<token count="2">T</token>
			</operands>
		</function>
		<function name="MySortedSet::~MySortedSet()">
			<start_line>15</start_line>
			<vG_b>1</vG_b>
			<vG_e>1</vG_e>
			<params>0</params>
			<LOCphy>5</LOCphy>
			<LOCpro alarmed="1">3</LOCpro>
			<LOCbl>1</LOCbl>
			<LOCcom>0</LOCcom>
			<N>12</N>
			<N1>8</N1>
			<N2>4</N2>
			<n>9</n>
			<n1>7</n1>
			<n2>2</n2>
			<V>38.039</V>
			<B>0.014</B>
			<D>7.000</D>
			<E>266.274</E>
			<L>0.143</L>
			<T>00:00:14</T>
			<MaxND>1</MaxND>
			<MIwoc>126</MIwoc>
			<MIcwc>0</MIcwc>
			<MI>126</MI>
			<operators>
				<token count="1">()</token>
				<token count="1">::</token>
				<token count="1">&lt;</token>
				<token count="2">&gt;</token>
				<token count="1">class</token>
				<token count="1">{}</token>
				<token count="1">~</token>
			</operators>
			<operands>
				<token count="2">MySortedSet</token>
				<token count="2">T</token>
			</operands>
		</function>
		<function name="MySortedSet::getListHead()">
			<start_line>21</start_line>
			<vG_b>1</vG_b>
			<vG_e>1</vG_e>
			<params>0</params>
			<LOCphy>5</LOCphy>
			<LOCpro>4</LOCpro>
			<LOCbl>0</LOCbl>
			<LOCcom>0</LOCcom>
			<N>22</N>
			<N1>14</N1>
			<N2>8</N2>
			<n>16</n>
			<n1>10</n1>
			<n2>6</n2>
			<V>88.000</V>
			<B>0.023</B>
			<D>6.667</D>
			<E>586.667</E>
			<L>0.150</L>
			<T>00:00:32</T>
			<MaxND>1</MaxND>
			<MIwoc>121</MIwoc>
			<MIcwc>0</MIcwc>
			<MI>121</MI>
			<operators>
				<token count="2">()</token>
				<token count="1">*</token>
				<token count="1">.</token>
				<token count="1">::</token>
				<token count="1">;</token>
				<token count="2">&lt;</token>
				<token count="3">&gt;</token>
				<token count="1">class</token>
				<token count="1">return</token>
				<token count="1">{}</token>
			</operators>
			<operands>
				<token count="1">ListItem</token>
				<token count="1">MySortedSet</token>
				<token count="3">T</token>
				<token count="1">container</token>
				<token count="1">getHead</token>
				<token count="1">getListHead</token>
			</operands>
		</function>
		<function name="MySortedSet::insert()">
			<start_line>27</start_line>
			<vG_b>2</vG_b>
			<vG_e>2</vG_e>
			<params>1</params>
			<LOCphy>9</LOCphy>
			<LOCpro>8</LOCpro>
			<LOCbl>0</LOCbl>
			<LOCcom>0</LOCcom>
			<N>34</N>
			<N1>19</N1>
			<N2>15</N2>
			<n>22</n>
			<n1>12</n1>
			<n2>10</n2>
			<V>151.621</V>
			<B>0.041</B>
			<D>9.000</D>
			<E>1364.586</E>
			<L>0.111</L>
			<T>00:01:15</T>
			<MaxND>2</MaxND>
			<MIwoc>109</MIwoc>
			<MIcwc>0</MIcwc>
			<MI>109</MI>
			<operators>
				<token count="3">()</token>
				<token count="1">.</token>
				<token count="1">::</token>
				<token count="3">;</token>
				<token count="1">&lt;</token>
				<token count="1">==</token>
				<token count="2">&gt;</token>
				<token count="1">class</token>
				<token count="1">else</token>
				<token count="1">if()</token>
				<token count="2">return</token>
				<token count="2">{}</token>
			</operators>
			<operands>
				<token count="2">0</token>
				<token count="1">1</token>
				<token count="1">MySortedSet</token>
				<token count="3">T</token>
				<token count="1">container</token>
				<token count="3">ele</token>
				<token count="1">insert</token>
				<token count="1">insertSorted</token>
				<token count="1">int</token>
				<token count="1">isMember</token>
			</operands>
		</function>
		<function name="MySortedSet::deleteEle()">
			<start_line>37</start_line>
			<vG_b>1</vG_b>
			<vG_e>1</vG_e>
			<params>1</params>
			<LOCphy>5</LOCphy>
			<LOCpro>4</LOCpro>
			<LOCbl>0</LOCbl>
			<LOCcom>0</LOCcom>
			<N>20</N>
			<N1>10</N1>
			<N2>10</N2>
			<n>15</n>
			<n1>8</n1>
			<n2>7</n2>
			<V>78.138</V>
			<B>0.019</B>
			<D>5.714</D>
			<E>446.502</E>
			<L>0.175</L>
			<T>00:00:24</T>
			<MaxND>1</MaxND>
			<MIwoc>122</MIwoc>
			<MIcwc>0</MIcwc>
			<MI>122</MI>
			<operators>
				<token count="2">()</token>
				<token count="1">.</token>
				<token count="1">::</token>
				<token count="1">;</token>
				<token count="1">&lt;</token>
				<token count="2">&gt;</token>
				<token count="1">class</token>
				<token count="1">{}</token>
			</operators>
			<operands>
				<token count="1">MySortedSet</token>
				<token count="3">T</token>
				<token count="1">container</token>
				<token count="1">deleteEle</token>
				<token count="1">deleteElement</token>
				<token count="2">ele</token>
				<token count="1">int</token>
			</operands>
		</function>
		<function name="MySortedSet::isEmpty()">
			<start_line>43</start_line>
			<vG_b>2</vG_b>
			<vG_e>2</vG_e>
			<params>0</params>
			<LOCphy>10</LOCphy>
			<LOCpro>8</LOCpro>
			<LOCbl>1</LOCbl>
			<LOCcom>0</LOCcom>
			<N>25</N>
			<N1>16</N1>
			<N2>9</N2>
			<n>19</n>
			<n1>11</n1>
			<n2>8</n2>
			<V>106.198</V>
			<B>0.025</B>
			<D>6.188</D>
			<E>657.101</E>
			<L>0.162</L>
			<T>00:00:36</T>
			<MaxND>2</MaxND>
			<MIwoc>109</MIwoc>
			<MIcwc>0</MIcwc>
			<MI>109</MI>
			<operators>
				<token count="2">()</token>
				<token count="1">.</token>
				<token count="1">::</token>
				<token count="2">;</token>
				<token count="1">&lt;</token>
				<token count="2">&gt;</token>
				<token count="1">class</token>
				<token count="1">else</token>
				<token count="1">if()</token>
				<token count="2">return</token>
				<token count="2">{}</token>
			</operators>
			<operands>
				<token count="1">0</token>
				<token count="1">1</token>
				<token count="1">MySortedSet</token>
				<token count="2">T</token>
				<token count="1">container</token>
				<token count="1">getHead</token>
				<token count="1">int</token>
				<token count="1">isEmpty</token>
			</operands>
		</function>
		<function name="MySortedSet::isMember()">
			<start_line>54</start_line>
			<vG_b>2</vG_b>
			<vG_e>2</vG_e>
			<params>1</params>
			<LOCphy>10</LOCphy>
			<LOCpro>8</LOCpro>
			<LOCbl>1</LOCbl>
			<LOCcom>0</LOCcom>
			<N>28</N>
			<N1>16</N1>
			<N2>12</N2>
			<n>20</n>
			<n1>11</n1>
			<n2>9</n2>
			<V>121.014</V>
			<B>0.031</B>
			<D>7.333</D>
			<E>887.436</E>
			<L>0.136</L>
			<T>00:00:49</T>
			<MaxND>2</MaxND>
			<MIwoc>108</MIwoc>
			<MIcwc>0</MIcwc>
			<MI>108</MI>
			<operators>
				<token count="2">()</token>
				<token count="1">.</token>
				<token count="1">::</token>
				<token count="2">;</token>
				<token count="1">&lt;</token>
				<token count="2">&gt;</token>
				<token count="1">class</token>
				<token count="1">else</token>
				<token count="1">if()</token>
				<token count="2">return</token>
				<token count="2">{}</token>
			</operators>
			<operands>
				<token count="1">0</token>
				<token count="1">1</token>
				<token count="1">MySortedSet</token>
				<token count="3">T</token>
				<token count="1">container</token>
				<token count="2">ele</token>
				<token count="1">int</token>
				<token count="1">isMember</token>
				<token count="1">searchFor</token>
			</operands>
		</function>
		<function name="MySortedSet::isEqual()">
			<start_line>65</start_line>
			<vG_b>6</vG_b>
			<vG_e>7</vG_e>
			<params>1</params>
			<LOCphy>37</LOCphy>
			<LOCpro>26</LOCpro>
			<LOCbl>10</LOCbl>
			<LOCcom alarmed="1">0</LOCcom>
			<N>121</N>
			<N1>72</N1>
			<N2>49</N2>
			<n>38</n>
			<n1>20</n1>
			<n2>18</n2>
			<V>634.999</V>
			<B>0.223</B>
			<D>27.222</D>
			<E>17286.090</E>
			<L>0.037</L>
			<T>00:16:00</T>
			<MaxND>3</MaxND>
			<MIwoc>77</MIwoc>
			<MIcwc>0</MIcwc>
			<MI>77</MI>
			<operators>
				<token count="2">!=</token>
				<token count="1">&amp;&amp;</token>
				<token count="5">()</token>
				<token count="3">*</token>
				<token count="6">-&gt;</token>
				<token count="4">.</token>
				<token count="1">::</token>
				<token count="11">;</token>
				<token count="4">&lt;</token>
				<token count="7">=</token>
				<token count="3">==</token>
				<token count="5">&gt;</token>
				<token count="1">class</token>
				<token count="2">else</token>
				<token count="2">false</token>
				<token count="4">if()</token>
				<token count="4">return</token>
				<token count="1">true</token>
				<token count="1">while()</token>
				<token count="5">{}</token>
			</operators>
			<operands>
				<token count="2">0</token>
				<token count="2">1</token>
				<token count="2">ListItem</token>
				<token count="2">MySortedSet</token>
				<token count="3">NULL</token>
				<token count="5">T</token>
				<token count="3">anotherset</token>
				<token count="1">bool</token>
				<token count="4">container</token>
				<token count="2">getHead</token>
				<token count="1">int</token>
				<token count="1">isEqual</token>
				<token count="4">iseq</token>
				<token count="2">length</token>
				<token count="2">next</token>
				<token count="6">temp</token>
				<token count="5">temper</token>
				<token count="2">value</token>
			</operands>
		</function>
		<function name="MySortedSet::isSubset()">
			<start_line>103</start_line>
			<vG_b>2</vG_b>
			<vG_e>2</vG_e>
			<params>1</params>
			<LOCphy>13</LOCphy>
			<LOCpro>10</LOCpro>
			<LOCbl>1</LOCbl>
			<LOCcom alarmed="1">1</LOCcom>
			<N>82</N>
			<N1>48</N1>
			<N2>34</N2>
			<n>31</n>
			<n1>15</n1>
			<n2>16</n2>
			<V>406.244</V>
			<B>0.116</B>
			<D>15.938</D>
			<E>6474.515</E>
			<L>0.063</L>
			<T>00:05:59</T>
			<MaxND>1</MaxND>
			<MIwoc>98</MIwoc>
			<MIcwc>21</MIcwc>
			<MI>119</MI>
			<operators>
				<token count="6">()</token>
				<token count="5">*</token>
				<token count="2">-&gt;</token>
				<token count="2">.</token>
				<token count="1">::</token>
				<token count="6">;</token>
				<token count="7">&lt;</token>
				<token count="4">=</token>
				<token count="8">&gt;</token>
				<token count="1">class</token>
				<token count="1">else</token>
				<token count="1">if()</token>
				<token count="1">new</token>
				<token count="2">return</token>
				<token count="1">{}</token>
			</operators>
			<operands>
				<token count="1">0</token>
				<token count="1">1</token>
				<token count="2">Iset</token>
				<token count="2">ListItem</token>
				<token count="5">MySortedSet</token>
				<token count="8">T</token>
				<token count="1">Uset</token>
				<token count="4">anotherset</token>
				<token count="2">container</token>
				<token count="2">getHead</token>
				<token count="1">int</token>
				<token count="1">isEqual</token>
				<token count="1">isSubset</token>
				<token count="1">setIntersection</token>
				<token count="1">temp1</token>
				<token count="1">temp2</token>
			</operands>
		</function>
		<function name="MySortedSet::setUnion()">
			<start_line>117</start_line>
			<vG_b>5</vG_b>
			<vG_e>6</vG_e>
			<params>1</params>
			<LOCphy>31</LOCphy>
			<LOCpro>24</LOCpro>
			<LOCbl>6</LOCbl>
			<LOCcom alarmed="1">0</LOCcom>
			<N>152</N>
			<N1>87</N1>
			<N2>65</N2>
			<n>40</n>
			<n1>20</n1>
			<n2>20</n2>
			<V>808.933</V>
			<B>0.295</B>
			<D>32.500</D>
			<E>26290.324</E>
			<L>0.031</L>
			<T>00:24:20</T>
			<MaxND>3</MaxND>
			<MIwoc>79</MIwoc>
			<MIcwc>0</MIcwc>
			<MI>79</MI>
			<operators>
				<token count="3">!=</token>
				<token count="1">&amp;&amp;</token>
				<token count="11">()</token>
				<token count="5">*</token>
				<token count="2">,</token>
				<token count="9">-&gt;</token>
				<token count="6">.</token>
				<token count="1">::</token>
				<token count="11">;</token>
				<token count="8">&lt;</token>
				<token count="5">=</token>
				<token count="2">==</token>
				<token count="9">&gt;</token>
				<token count="1">class</token>
				<token count="1">else</token>
				<token count="2">if()</token>
				<token count="1">new</token>
				<token count="2">return</token>
				<token count="2">while()</token>
				<token count="5">{}</token>
			</operators>
			<operands>
				<token count="2">ListItem</token>
				<token count="5">MySortedSet</token>
				<token count="4">NULL</token>
				<token count="9">T</token>
				<token count="5">Uset</token>
				<token count="2">anotherset</token>
				<token count="1">begin</token>
				<token count="2">container</token>
				<token count="2">end</token>
				<token count="1">find</token>
				<token count="2">getHead</token>
				<token count="2">insert</token>
				<token count="2">next</token>
				<token count="1">push_back</token>
				<token count="1">setUnion</token>
				<token count="7">temp1</token>
				<token count="7">temp2</token>
				<token count="5">val</token>
				<token count="4">value</token>
				<token count="1">vector</token>
			</operands>
		</function>
		<function name="MySortedSet::setIntersection()">
			<start_line>149</start_line>
			<vG_b>5</vG_b>
			<vG_e>6</vG_e>
			<params>1</params>
			<LOCphy>32</LOCphy>
			<LOCpro>25</LOCpro>
			<LOCbl>5</LOCbl>
			<LOCcom alarmed="1">1</LOCcom>
			<N>134</N>
			<N1>77</N1>
			<N2>57</N2>
			<n>33</n>
			<n1>18</n1>
			<n2>15</n2>
			<V>675.949</V>
			<B>0.271</B>
			<D>34.200</D>
			<E>23117.449</E>
			<L>0.029</L>
			<T>00:21:24</T>
			<MaxND>4</MaxND>
			<MIwoc>80</MIwoc>
			<MIcwc>14</MIcwc>
			<MI>93</MI>
			<operators>
				<token count="2">!=</token>
				<token count="6">()</token>
				<token count="6">*</token>
				<token count="8">-&gt;</token>
				<token count="3">.</token>
				<token count="1">::</token>
				<token count="10">;</token>
				<token count="8">&lt;</token>
				<token count="7">=</token>
				<token count="3">==</token>
				<token count="9">&gt;</token>
				<token count="1">class</token>
				<token count="2">if()</token>
				<token count="1">new</token>
				<token count="2">return</token>
				<token count="2">while()</token>
				<token count="5">{}</token>
				<token count="1">||</token>
			</operators>
			<operands>
				<token count="3">ListItem</token>
				<token count="5">MySortedSet</token>
				<token count="4">NULL</token>
				<token count="9">T</token>
				<token count="4">Uset</token>
				<token count="3">anotherset</token>
				<token count="3">container</token>
				<token count="3">getHead</token>
				<token count="1">insert</token>
				<token count="2">next</token>
				<token count="1">setIntersection</token>
				<token count="6">temp1</token>
				<token count="8">temp2</token>
				<token count="2">temp3</token>
				<token count="3">value</token>
			</operands>
		</function>
		<function name="MySortedSet::setDifference()">
			<start_line>182</start_line>
			<vG_b>6</vG_b>
			<vG_e>7</vG_e>
			<params>1</params>
			<LOCphy>36</LOCphy>
			<LOCpro>27</LOCpro>
			<LOCbl>8</LOCbl>
			<LOCcom alarmed="1">0</LOCcom>
			<N>144</N>
			<N1>82</N1>
			<N2>62</N2>
			<n>36</n>
			<n1>18</n1>
			<n2>18</n2>
			<V>744.469</V>
			<B>0.270</B>
			<D>31.000</D>
			<E>23078.545</E>
			<L>0.032</L>
			<T>00:21:22</T>
			<MaxND>3</MaxND>
			<MIwoc>77</MIwoc>
			<MIcwc>0</MIcwc>
			<MI>77</MI>
			<operators>
				<token count="2">!=</token>
				<token count="1">&amp;&amp;</token>
				<token count="8">()</token>
				<token count="6">*</token>
				<token count="9">-&gt;</token>
				<token count="2">.</token>
				<token count="1">::</token>
				<token count="11">;</token>
				<token count="8">&lt;</token>
				<token count="6">=</token>
				<token count="4">==</token>
				<token count="9">&gt;</token>
				<token count="1">class</token>
				<token count="3">if()</token>
				<token count="1">new</token>
				<token count="3">return</token>
				<token count="2">while()</token>
				<token count="5">{}</token>
			</operators>
			<operands>
				<token count="1">0</token>
				<token count="2">Iset</token>
				<token count="2">ListItem</token>
				<token count="6">MySortedSet</token>
				<token count="5">NULL</token>
				<token count="9">T</token>
				<token count="6">Uset</token>
				<token count="3">anotherset</token>
				<token count="2">container</token>
				<token count="2">getHead</token>
				<token count="2">insert</token>
				<token count="1">isMember</token>
				<token count="2">next</token>
				<token count="1">setDifference</token>
				<token count="1">setIntersection</token>
				<token count="11">temp1</token>
				<token count="3">temp2</token>
				<token count="3">value</token>
			</operands>
		</function>
		<function name="MySortedSet::PrintSet()">
			<start_line>219</start_line>
			<vG_b>1</vG_b>
			<vG_e>1</vG_e>
			<params>0</params>
			<LOCphy>5</LOCphy>
			<LOCpro>4</LOCpro>
			<LOCbl>0</LOCbl>
			<LOCcom>0</LOCcom>
			<N>17</N>
			<N1>10</N1>
			<N2>7</N2>
			<n>14</n>
			<n1>8</n1>
			<n2>6</n2>
			<V>64.725</V>
			<B>0.015</B>
			<D>4.667</D>
			<E>302.050</E>
			<L>0.214</L>
			<T>00:00:16</T>
			<MaxND>1</MaxND>
			<MIwoc>123</MIwoc>
			<MIcwc>0</MIcwc>
			<MI>123</MI>
			<operators>
				<token count="2">()</token>
				<token count="1">.</token>
				<token count="1">::</token>
				<token count="1">;</token>
				<token count="1">&lt;</token>
				<token count="2">&gt;</token>
				<token count="1">class</token>
				<token count="1">{}</token>
			</operators>
			<operands>
				<token count="1">MySortedSet</token>
				<token count="1">PrintSet</token>
				<token count="2">T</token>
				<token count="1">container</token>
				<token count="1">printList</token>
				<token count="1">void</token>
			</operands>
		</function>
		<file_total>
			<vG_b>23</vG_b>
			<vG_e>27</vG_e>
			<vG_b_max>6</vG_b_max>
			<vG_b_avg>2</vG_b_avg>
			<vG_e_max>7</vG_e_max>
			<vG_e_avg>3</vG_e_avg>
			<params>8</params>
			<LOCphy>250</LOCphy>
			<LOCpro>171</LOCpro>
			<LOCbl>57</LOCbl>
			<LOCcom alarmed="1">23</LOCcom>
			<N>838</N>
			<N1>498</N1>
			<N2>340</N2>
			<n>75</n>
			<n1>28</n1>
			<n2>47</n2>
			<V>5219.750</V>
			<B alarmed="1">2.179</B>
			<D>101.277</D>
			<E>528638.500</E>
			<L>0.010</L>
			<T>08:09:28</T>
			<MaxND>4</MaxND>
			<MIwoc>91</MIwoc>
			<MIcwc>23</MIcwc>
			<MI>114</MI>
			<operators>
				<token count="9">!=</token>
				<token count="3">#</token>
				<token count="3">&amp;&amp;</token>
				<token count="51">()</token>
				<token count="26">*</token>
				<token count="2">,</token>
				<token count="34">-&gt;</token>
				<token count="23">.</token>
				<token count="13">::</token>
				<token count="60">;</token>
				<token count="57">&lt;</token>
				<token count="29">=</token>
				<token count="13">==</token>
				<token count="57">&gt;</token>
				<token count="13">class</token>
				<token count="7">else</token>
				<token count="2">false</token>
				<token count="15">if()</token>
				<token count="1">namespace</token>
				<token count="4">new</token>
				<token count="20">return</token>
				<token count="13">template</token>
				<token count="1">true</token>
				<token count="1">using</token>
				<token count="7">while()</token>
				<token count="32">{}</token>
				<token count="1">||</token>
				<token count="1">~</token>
			</operators>
			<operands>
				<token count="8">0</token>
				<token count="6">1</token>
				<token count="4">Iset</token>
				<token count="12">ListItem</token>
				<token count="33">MySortedSet</token>
				<token count="16">NULL</token>
				<token count="1">PrintSet</token>
				<token count="60">T</token>
				<token count="16">Uset</token>
				<token count="15">anotherset</token>
				<token count="1">begin</token>
				<token count="1">bool</token>
				<token count="19">container</token>
				<token count="1">deleteEle</token>
				<token count="1">deleteElement</token>
				<token count="7">ele</token>
				<token count="2">end</token>
				<token count="1">find</token>
				<token count="13">getHead</token>
				<token count="1">getListHead</token>
				<token count="3">include</token>
				<token count="6">insert</token>
				<token count="1">insertSorted</token>
				<token count="6">int</token>
				<token count="1">isEmpty</token>
				<token count="2">isEqual</token>
				<token count="3">isMember</token>
				<token count="1">isSubset</token>
				<token count="4">iseq</token>
				<token count="2">length</token>
				<token count="8">next</token>
				<token count="1">printList</token>
				<token count="1">push_back</token>
				<token count="1">searchFor</token>
				<token count="1">setDifference</token>
				<token count="3">setIntersection</token>
				<token count="1">setUnion</token>
				<token count="1">std</token>
				<token count="6">temp</token>
				<token count="25">temp1</token>
				<token count="19">temp2</token>
				<token count="2">temp3</token>
				<token count="5">temper</token>
				<token count="5">val</token>
				<token count="12">value</token>
				<token count="1">vector</token>
				<token count="1">void</token>
			</operands>
		</file_total>
	</file>
	<system>
		<files>1</files>
		<functions>13</functions>
		<LOCphy>250</LOCphy>
		<LOCbl>57</LOCbl>
		<LOCpro>171</LOCpro>
		<LOCcom>23</LOCcom>
		<semicolons>60</semicolons>
		<vG_b>23</vG_b>
		<vG_e>27</vG_e>
		<params>8</params>
		<MIwoc>96</MIwoc>
		<MIcw>8</MIcw>
		<MI>104</MI>
		<alarms>
			<file_vG>
				<measured>1</measured>
				<alarmed>0</alarmed>
				<percent>0</percent>
				<lowlimit>1</lowlimit>
				<highlimit>100</highlimit>
			</file_vG>
			<file_LOCpro>
				<measured>1</measured>
				<alarmed>0</alarmed>
				<percent>0</percent>
				<lowlimit>4</lowlimit>
				<highlimit>400</highlimit>
			</file_LOCpro>
			<file_comment_percent>
				<measured>1</measured>
				<alarmed>1</alarmed>
				<percent>100</percent>
				<lowlimit>30</lowlimit>
				<highlimit>75</highlimit>
			</file_comment_percent>
			<file_V>
				<measured>1</measured>
				<alarmed>0</alarmed>
				<percent>0</percent>
				<lowlimit>100</lowlimit>
				<highlimit>8000</highlimit>
			</file_V>
			<file_B>
				<measured>1</measured>
				<alarmed>1</alarmed>
				<percent>100</percent>
				<lowlimit>0</lowlimit>
				<highlimit>2</highlimit>
			</file_B>
			<file_MI>
				<measured>1</measured>
				<alarmed>0</alarmed>
				<percent>0</percent>
				<lowlimit>65</lowlimit>
			</file_MI>
			<function_vG>
				<measured>13</measured>
				<alarmed>0</alarmed>
				<percent>0</percent>
				<lowlimit>1</lowlimit>
				<highlimit>10</highlimit>
			</function_vG>
			<function_LOCpro>
				<measured>13</measured>
				<alarmed>2</alarmed>
				<percent>15</percent>
				<lowlimit>4</lowlimit>
				<highlimit>40</highlimit>
			</function_LOCpro>
			<function_comment_percent>
				<measured>13</measured>
				<alarmed>5</alarmed>
				<percent>38</percent>
				<lowlimit>30</lowlimit>
				<highlimit>75</highlimit>
			</function_comment_percent>
			<function_V>
				<measured>13</measured>
				<alarmed>0</alarmed>
				<percent>0</percent>
				<lowlimit>20</lowlimit>
				<highlimit>1000</highlimit>
			</function_V>
			<function_MI>
				<measured>13</measured>
				<alarmed>0</alarmed>
				<percent>0</percent>
				<lowlimit>65</lowlimit>
			</function_MI>
		</alarms>
		<error_messages count="0">
		</error_messages>
	</system>
</cmt_long_report>
