<?xml version="1.0" ?>
<cmt_long_report>
	<header_info>
		<cmt_version>7.0</cmt_version>
		<copyright>Copyright (c) 1993-2013 Testwell Oy</copyright>
		<copyright>Copyright (c) 2013-2018 Verifysoft Technology GmbH</copyright>
		<license_notes>
		</license_notes>
		<date>Tue Apr  4 21:33:39 2023</date>
		<cmt_options> -o C:\Users\muawi\cmt\A1_T2_S77.xml -lf -f C:\Users\muawi\cmt\files.txt</cmt_options>
		<run_directory>C:\Testwell\CMT</run_directory>
		<mccabe_preference>extended</mccabe_preference>
	</header_info>
	<file name="C:\Users\muawi\OneDrive\Documents\Study\Junior Year\Topics in Internet Research\Project\PA1_ANON_DATA\PA1_ANON_DATA\folder_77\MySortedSet.cpp" stamp="1680056075">
		<function name="MySortedSet::MySortedSet()">
			<start_line>4</start_line>
			<vG_b>1</vG_b>
			<vG_e>1</vG_e>
			<params>0</params>
			<LOCphy>3</LOCphy>
			<LOCpro alarmed="1">2</LOCpro>
			<LOCbl>0</LOCbl>
			<LOCcom>0</LOCcom>
			<N>11</N>
			<N1>7</N1>
			<N2>4</N2>
			<n>8</n>
			<n1>6</n1>
			<n2>2</n2>
			<V>33.000</V>
			<B>0.011</B>
			<D>6.000</D>
			<E>198.000</E>
			<L>0.167</L>
			<T>00:00:11</T>
			<MaxND>1</MaxND>
			<MIwoc>135</MIwoc>
			<MIcwc>0</MIcwc>
			<MI>135</MI>
			<operators>
				<token count="1">()</token>
				<token count="1">::</token>
				<token count="1">&lt;</token>
				<token count="2">&gt;</token>
				<token count="1">class</token>
				<token count="1">{}</token>
			</operators>
			<operands>
				<token count="2">MySortedSet</token>
				<token count="2">T</token>
			</operands>
		</function>
		<function name="MySortedSet::~MySortedSet()">
			<start_line>8</start_line>
			<vG_b>1</vG_b>
			<vG_e>1</vG_e>
			<params>0</params>
			<LOCphy>3</LOCphy>
			<LOCpro alarmed="1">2</LOCpro>
			<LOCbl>0</LOCbl>
			<LOCcom>0</LOCcom>
			<N>12</N>
			<N1>8</N1>
			<N2>4</N2>
			<n>9</n>
			<n1>7</n1>
			<n2>2</n2>
			<V>38.039</V>
			<B>0.014</B>
			<D>7.000</D>
			<E>266.274</E>
			<L>0.143</L>
			<T>00:00:14</T>
			<MaxND>1</MaxND>
			<MIwoc>134</MIwoc>
			<MIcwc>0</MIcwc>
			<MI>134</MI>
			<operators>
				<token count="1">()</token>
				<token count="1">::</token>
				<token count="1">&lt;</token>
				<token count="2">&gt;</token>
				<token count="1">class</token>
				<token count="1">{}</token>
				<token count="1">~</token>
			</operators>
			<operands>
				<token count="2">MySortedSet</token>
				<token count="2">T</token>
			</operands>
		</function>
		<function name="MySortedSet::getListHead()">
			<start_line>12</start_line>
			<vG_b>1</vG_b>
			<vG_e>1</vG_e>
			<params>0</params>
			<LOCphy>3</LOCphy>
			<LOCpro alarmed="1">2</LOCpro>
			<LOCbl>0</LOCbl>
			<LOCcom>0</LOCcom>
			<N>16</N>
			<N1>10</N1>
			<N2>6</N2>
			<n>11</n>
			<n1>7</n1>
			<n2>4</n2>
			<V>55.351</V>
			<B>0.015</B>
			<D>5.250</D>
			<E>290.592</E>
			<L>0.190</L>
			<T>00:00:16</T>
			<MaxND>1</MaxND>
			<MIwoc>132</MIwoc>
			<MIcwc>0</MIcwc>
			<MI>132</MI>
			<operators>
				<token count="1">()</token>
				<token count="1">*</token>
				<token count="1">::</token>
				<token count="2">&lt;</token>
				<token count="3">&gt;</token>
				<token count="1">class</token>
				<token count="1">{}</token>
			</operators>
			<operands>
				<token count="1">ListItem</token>
				<token count="1">MySortedSet</token>
				<token count="3">T</token>
				<token count="1">getListHead</token>
			</operands>
		</function>
		<function name="MySortedSet::insert()">
			<start_line>16</start_line>
			<vG_b>1</vG_b>
			<vG_e>1</vG_e>
			<params>1</params>
			<LOCphy>3</LOCphy>
			<LOCpro alarmed="1">2</LOCpro>
			<LOCbl>0</LOCbl>
			<LOCcom>0</LOCcom>
			<N>14</N>
			<N1>7</N1>
			<N2>7</N2>
			<n>11</n>
			<n1>6</n1>
			<n2>5</n2>
			<V>48.432</V>
			<B>0.012</B>
			<D>4.200</D>
			<E>203.415</E>
			<L>0.238</L>
			<T>00:00:11</T>
			<MaxND>1</MaxND>
			<MIwoc>133</MIwoc>
			<MIcwc>0</MIcwc>
			<MI>133</MI>
			<operators>
				<token count="1">()</token>
				<token count="1">::</token>
				<token count="1">&lt;</token>
				<token count="2">&gt;</token>
				<token count="1">class</token>
				<token count="1">{}</token>
			</operators>
			<operands>
				<token count="1">MySortedSet</token>
				<token count="3">T</token>
				<token count="1">ele</token>
				<token count="1">insert</token>
				<token count="1">int</token>
			</operands>
		</function>
		<function name="MySortedSet::deleteEle()">
			<start_line>20</start_line>
			<vG_b>1</vG_b>
			<vG_e>1</vG_e>
			<params>1</params>
			<LOCphy>3</LOCphy>
			<LOCpro alarmed="1">2</LOCpro>
			<LOCbl>0</LOCbl>
			<LOCcom>0</LOCcom>
			<N>14</N>
			<N1>7</N1>
			<N2>7</N2>
			<n>11</n>
			<n1>6</n1>
			<n2>5</n2>
			<V>48.432</V>
			<B>0.012</B>
			<D>4.200</D>
			<E>203.415</E>
			<L>0.238</L>
			<T>00:00:11</T>
			<MaxND>1</MaxND>
			<MIwoc>133</MIwoc>
			<MIcwc>0</MIcwc>
			<MI>133</MI>
			<operators>
				<token count="1">()</token>
				<token count="1">::</token>
				<token count="1">&lt;</token>
				<token count="2">&gt;</token>
				<token count="1">class</token>
				<token count="1">{}</token>
			</operators>
			<operands>
				<token count="1">MySortedSet</token>
				<token count="3">T</token>
				<token count="1">deleteEle</token>
				<token count="1">ele</token>
				<token count="1">int</token>
			</operands>
		</function>
		<function name="MySortedSet::isEmpty()">
			<start_line>24</start_line>
			<vG_b>1</vG_b>
			<vG_e>1</vG_e>
			<params>0</params>
			<LOCphy>3</LOCphy>
			<LOCpro alarmed="1">2</LOCpro>
			<LOCbl>0</LOCbl>
			<LOCcom>0</LOCcom>
			<N>12</N>
			<N1>7</N1>
			<N2>5</N2>
			<n>10</n>
			<n1>6</n1>
			<n2>4</n2>
			<V>39.863</V>
			<B>0.009</B>
			<D>3.750</D>
			<E>149.487</E>
			<L>0.267</L>
			<T>00:00:08</T>
			<MaxND>1</MaxND>
			<MIwoc>134</MIwoc>
			<MIcwc>0</MIcwc>
			<MI>134</MI>
			<operators>
				<token count="1">()</token>
				<token count="1">::</token>
				<token count="1">&lt;</token>
				<token count="2">&gt;</token>
				<token count="1">class</token>
				<token count="1">{}</token>
			</operators>
			<operands>
				<token count="1">MySortedSet</token>
				<token count="2">T</token>
				<token count="1">int</token>
				<token count="1">isEmpty</token>
			</operands>
		</function>
		<function name="MySortedSet::isMember()">
			<start_line>28</start_line>
			<vG_b>1</vG_b>
			<vG_e>1</vG_e>
			<params>1</params>
			<LOCphy>3</LOCphy>
			<LOCpro alarmed="1">2</LOCpro>
			<LOCbl>0</LOCbl>
			<LOCcom>0</LOCcom>
			<N>14</N>
			<N1>7</N1>
			<N2>7</N2>
			<n>11</n>
			<n1>6</n1>
			<n2>5</n2>
			<V>48.432</V>
			<B>0.012</B>
			<D>4.200</D>
			<E>203.415</E>
			<L>0.238</L>
			<T>00:00:11</T>
			<MaxND>1</MaxND>
			<MIwoc>133</MIwoc>
			<MIcwc>0</MIcwc>
			<MI>133</MI>
			<operators>
				<token count="1">()</token>
				<token count="1">::</token>
				<token count="1">&lt;</token>
				<token count="2">&gt;</token>
				<token count="1">class</token>
				<token count="1">{}</token>
			</operators>
			<operands>
				<token count="1">MySortedSet</token>
				<token count="3">T</token>
				<token count="1">ele</token>
				<token count="1">int</token>
				<token count="1">isMember</token>
			</operands>
		</function>
		<function name="MySortedSet::isEqual()">
			<start_line>32</start_line>
			<vG_b>1</vG_b>
			<vG_e>1</vG_e>
			<params>1</params>
			<LOCphy>3</LOCphy>
			<LOCpro alarmed="1">2</LOCpro>
			<LOCbl>0</LOCbl>
			<LOCcom>0</LOCcom>
			<N>18</N>
			<N1>10</N1>
			<N2>8</N2>
			<n>12</n>
			<n1>7</n1>
			<n2>5</n2>
			<V>64.529</V>
			<B>0.017</B>
			<D>5.600</D>
			<E>361.364</E>
			<L>0.179</L>
			<T>00:00:20</T>
			<MaxND>1</MaxND>
			<MIwoc>131</MIwoc>
			<MIcwc>0</MIcwc>
			<MI>131</MI>
			<operators>
				<token count="1">()</token>
				<token count="1">*</token>
				<token count="1">::</token>
				<token count="2">&lt;</token>
				<token count="3">&gt;</token>
				<token count="1">class</token>
				<token count="1">{}</token>
			</operators>
			<operands>
				<token count="2">MySortedSet</token>
				<token count="3">T</token>
				<token count="1">anotherset</token>
				<token count="1">int</token>
				<token count="1">isEqual</token>
			</operands>
		</function>
		<function name="MySortedSet::isSubset()">
			<start_line>36</start_line>
			<vG_b>1</vG_b>
			<vG_e>1</vG_e>
			<params>1</params>
			<LOCphy>3</LOCphy>
			<LOCpro alarmed="1">2</LOCpro>
			<LOCbl>0</LOCbl>
			<LOCcom>0</LOCcom>
			<N>18</N>
			<N1>10</N1>
			<N2>8</N2>
			<n>12</n>
			<n1>7</n1>
			<n2>5</n2>
			<V>64.529</V>
			<B>0.017</B>
			<D>5.600</D>
			<E>361.364</E>
			<L>0.179</L>
			<T>00:00:20</T>
			<MaxND>1</MaxND>
			<MIwoc>131</MIwoc>
			<MIcwc>0</MIcwc>
			<MI>131</MI>
			<operators>
				<token count="1">()</token>
				<token count="1">*</token>
				<token count="1">::</token>
				<token count="2">&lt;</token>
				<token count="3">&gt;</token>
				<token count="1">class</token>
				<token count="1">{}</token>
			</operators>
			<operands>
				<token count="2">MySortedSet</token>
				<token count="3">T</token>
				<token count="1">anotherset</token>
				<token count="1">int</token>
				<token count="1">isSubset</token>
			</operands>
		</function>
		<function name="MySortedSet::setUnion()">
			<start_line>40</start_line>
			<vG_b>1</vG_b>
			<vG_e>1</vG_e>
			<params>1</params>
			<LOCphy>3</LOCphy>
			<LOCpro alarmed="1">2</LOCpro>
			<LOCbl>0</LOCbl>
			<LOCcom>0</LOCcom>
			<N>22</N>
			<N1>13</N1>
			<N2>9</N2>
			<n>11</n>
			<n1>7</n1>
			<n2>4</n2>
			<V>76.107</V>
			<B>0.024</B>
			<D>7.875</D>
			<E>599.347</E>
			<L>0.127</L>
			<T>00:00:33</T>
			<MaxND>1</MaxND>
			<MIwoc>130</MIwoc>
			<MIcwc>0</MIcwc>
			<MI>130</MI>
			<operators>
				<token count="1">()</token>
				<token count="2">*</token>
				<token count="1">::</token>
				<token count="3">&lt;</token>
				<token count="4">&gt;</token>
				<token count="1">class</token>
				<token count="1">{}</token>
			</operators>
			<operands>
				<token count="3">MySortedSet</token>
				<token count="4">T</token>
				<token count="1">anotherset</token>
				<token count="1">setUnion</token>
			</operands>
		</function>
		<function name="MySortedSet::setIntersection()">
			<start_line>44</start_line>
			<vG_b>1</vG_b>
			<vG_e>1</vG_e>
			<params>1</params>
			<LOCphy>3</LOCphy>
			<LOCpro alarmed="1">2</LOCpro>
			<LOCbl>0</LOCbl>
			<LOCcom>0</LOCcom>
			<N>22</N>
			<N1>13</N1>
			<N2>9</N2>
			<n>11</n>
			<n1>7</n1>
			<n2>4</n2>
			<V>76.107</V>
			<B>0.024</B>
			<D>7.875</D>
			<E>599.347</E>
			<L>0.127</L>
			<T>00:00:33</T>
			<MaxND>1</MaxND>
			<MIwoc>130</MIwoc>
			<MIcwc>0</MIcwc>
			<MI>130</MI>
			<operators>
				<token count="1">()</token>
				<token count="2">*</token>
				<token count="1">::</token>
				<token count="3">&lt;</token>
				<token count="4">&gt;</token>
				<token count="1">class</token>
				<token count="1">{}</token>
			</operators>
			<operands>
				<token count="3">MySortedSet</token>
				<token count="4">T</token>
				<token count="1">anotherset</token>
				<token count="1">setIntersection</token>
			</operands>
		</function>
		<function name="MySortedSet::setDifference()">
			<start_line>48</start_line>
			<vG_b>1</vG_b>
			<vG_e>1</vG_e>
			<params>1</params>
			<LOCphy>3</LOCphy>
			<LOCpro alarmed="1">2</LOCpro>
			<LOCbl>0</LOCbl>
			<LOCcom>0</LOCcom>
			<N>22</N>
			<N1>13</N1>
			<N2>9</N2>
			<n>11</n>
			<n1>7</n1>
			<n2>4</n2>
			<V>76.107</V>
			<B>0.024</B>
			<D>7.875</D>
			<E>599.347</E>
			<L>0.127</L>
			<T>00:00:33</T>
			<MaxND>1</MaxND>
			<MIwoc>130</MIwoc>
			<MIcwc>0</MIcwc>
			<MI>130</MI>
			<operators>
				<token count="1">()</token>
				<token count="2">*</token>
				<token count="1">::</token>
				<token count="3">&lt;</token>
				<token count="4">&gt;</token>
				<token count="1">class</token>
				<token count="1">{}</token>
			</operators>
			<operands>
				<token count="3">MySortedSet</token>
				<token count="4">T</token>
				<token count="1">anotherset</token>
				<token count="1">setDifference</token>
			</operands>
		</function>
		<file_total>
			<vG_b>1</vG_b>
			<vG_e>1</vG_e>
			<vG_b_max>1</vG_b_max>
			<vG_b_avg>1</vG_b_avg>
			<vG_e_max>1</vG_e_max>
			<vG_e_avg>1</vG_e_avg>
			<params>8</params>
			<LOCphy>48</LOCphy>
			<LOCpro>37</LOCpro>
			<LOCbl>12</LOCbl>
			<LOCcom alarmed="1">0</LOCcom>
			<N>221</N>
			<N1>137</N1>
			<N2>84</N2>
			<n>27</n>
			<n1>10</n1>
			<n2>17</n2>
			<V>1050.830</V>
			<B>0.292</B>
			<D>24.706</D>
			<E>25961.686</E>
			<L>0.040</L>
			<T>00:24:02</T>
			<MaxND>1</MaxND>
			<MIwoc>125</MIwoc>
			<MIcwc>0</MIcwc>
			<MI>125</MI>
			<operators>
				<token count="1">#</token>
				<token count="12">()</token>
				<token count="9">*</token>
				<token count="12">::</token>
				<token count="33">&lt;</token>
				<token count="33">&gt;</token>
				<token count="12">class</token>
				<token count="12">template</token>
				<token count="12">{}</token>
				<token count="1">~</token>
			</operators>
			<operands>
				<token count="1">ListItem</token>
				<token count="22">MySortedSet</token>
				<token count="36">T</token>
				<token count="5">anotherset</token>
				<token count="1">deleteEle</token>
				<token count="3">ele</token>
				<token count="1">getListHead</token>
				<token count="1">include</token>
				<token count="1">insert</token>
				<token count="6">int</token>
				<token count="1">isEmpty</token>
				<token count="1">isEqual</token>
				<token count="1">isMember</token>
				<token count="1">isSubset</token>
				<token count="1">setDifference</token>
				<token count="1">setIntersection</token>
				<token count="1">setUnion</token>
			</operands>
		</file_total>
	</file>
	<system>
		<files>1</files>
		<functions>12</functions>
		<LOCphy>48</LOCphy>
		<LOCbl>12</LOCbl>
		<LOCpro>37</LOCpro>
		<LOCcom>0</LOCcom>
		<semicolons>0</semicolons>
		<vG_b>1</vG_b>
		<vG_e>1</vG_e>
		<params>8</params>
		<MIwoc>132</MIwoc>
		<MIcw>0</MIcw>
		<MI>132</MI>
		<alarms>
			<file_vG>
				<measured>1</measured>
				<alarmed>0</alarmed>
				<percent>0</percent>
				<lowlimit>1</lowlimit>
				<highlimit>100</highlimit>
			</file_vG>
			<file_LOCpro>
				<measured>1</measured>
				<alarmed>0</alarmed>
				<percent>0</percent>
				<lowlimit>4</lowlimit>
				<highlimit>400</highlimit>
			</file_LOCpro>
			<file_comment_percent>
				<measured>1</measured>
				<alarmed>1</alarmed>
				<percent>100</percent>
				<lowlimit>30</lowlimit>
				<highlimit>75</highlimit>
			</file_comment_percent>
			<file_V>
				<measured>1</measured>
				<alarmed>0</alarmed>
				<percent>0</percent>
				<lowlimit>100</lowlimit>
				<highlimit>8000</highlimit>
			</file_V>
			<file_B>
				<measured>1</measured>
				<alarmed>0</alarmed>
				<percent>0</percent>
				<lowlimit>0</lowlimit>
				<highlimit>2</highlimit>
			</file_B>
			<file_MI>
				<measured>1</measured>
				<alarmed>0</alarmed>
				<percent>0</percent>
				<lowlimit>65</lowlimit>
			</file_MI>
			<function_vG>
				<measured>12</measured>
				<alarmed>0</alarmed>
				<percent>0</percent>
				<lowlimit>1</lowlimit>
				<highlimit>10</highlimit>
			</function_vG>
			<function_LOCpro>
				<measured>12</measured>
				<alarmed>12</alarmed>
				<percent>100</percent>
				<lowlimit>4</lowlimit>
				<highlimit>40</highlimit>
			</function_LOCpro>
			<function_comment_percent>
				<measured>12</measured>
				<alarmed>0</alarmed>
				<percent>0</percent>
				<lowlimit>30</lowlimit>
				<highlimit>75</highlimit>
			</function_comment_percent>
			<function_V>
				<measured>12</measured>
				<alarmed>0</alarmed>
				<percent>0</percent>
				<lowlimit>20</lowlimit>
				<highlimit>1000</highlimit>
			</function_V>
			<function_MI>
				<measured>12</measured>
				<alarmed>0</alarmed>
				<percent>0</percent>
				<lowlimit>65</lowlimit>
			</function_MI>
		</alarms>
		<error_messages count="0">
		</error_messages>
	</system>
</cmt_long_report>
