<?xml version="1.0" ?>
<cmt_long_report>
	<header_info>
		<cmt_version>7.0</cmt_version>
		<copyright>Copyright (c) 1993-2013 Testwell Oy</copyright>
		<copyright>Copyright (c) 2013-2018 Verifysoft Technology GmbH</copyright>
		<license_notes>
		</license_notes>
		<date>Tue Apr  4 21:15:29 2023</date>
		<cmt_options> -o C:\Users\muawi\cmt\A1_T2_S41.xml -lf -f C:\Users\muawi\cmt\files.txt</cmt_options>
		<run_directory>C:\Testwell\CMT</run_directory>
		<mccabe_preference>extended</mccabe_preference>
	</header_info>
	<file name="C:\Users\muawi\OneDrive\Documents\Study\Junior Year\Topics in Internet Research\Project\PA1_ANON_DATA\PA1_ANON_DATA\folder_41\MySortedSet.cpp" stamp="1680056177">
		<function name="MySortedSet::MySortedSet()">
			<start_line>7</start_line>
			<vG_b>1</vG_b>
			<vG_e>1</vG_e>
			<params>0</params>
			<LOCphy>4</LOCphy>
			<LOCpro alarmed="1">3</LOCpro>
			<LOCbl>0</LOCbl>
			<LOCcom>0</LOCcom>
			<N>15</N>
			<N1>9</N1>
			<N2>6</N2>
			<n>12</n>
			<n1>8</n1>
			<n2>4</n2>
			<V>53.774</V>
			<B>0.016</B>
			<D>6.000</D>
			<E>322.647</E>
			<L>0.167</L>
			<T>00:00:17</T>
			<MaxND>1</MaxND>
			<MIwoc>128</MIwoc>
			<MIcwc>0</MIcwc>
			<MI>128</MI>
			<operators>
				<token count="1">()</token>
				<token count="1">::</token>
				<token count="1">;</token>
				<token count="1">&lt;</token>
				<token count="1">=</token>
				<token count="2">&gt;</token>
				<token count="1">class</token>
				<token count="1">{}</token>
			</operators>
			<operands>
				<token count="1">0</token>
				<token count="2">MySortedSet</token>
				<token count="2">T</token>
				<token count="1">size</token>
			</operands>
		</function>
		<function name="MySortedSet::~MySortedSet()">
			<start_line>12</start_line>
			<vG_b>1</vG_b>
			<vG_e>1</vG_e>
			<params>0</params>
			<LOCphy>4</LOCphy>
			<LOCpro alarmed="1">2</LOCpro>
			<LOCbl>1</LOCbl>
			<LOCcom>0</LOCcom>
			<N>12</N>
			<N1>8</N1>
			<N2>4</N2>
			<n>9</n>
			<n1>7</n1>
			<n2>2</n2>
			<V>38.039</V>
			<B>0.014</B>
			<D>7.000</D>
			<E>266.274</E>
			<L>0.143</L>
			<T>00:00:14</T>
			<MaxND>1</MaxND>
			<MIwoc>129</MIwoc>
			<MIcwc>0</MIcwc>
			<MI>129</MI>
			<operators>
				<token count="1">()</token>
				<token count="1">::</token>
				<token count="1">&lt;</token>
				<token count="2">&gt;</token>
				<token count="1">class</token>
				<token count="1">{}</token>
				<token count="1">~</token>
			</operators>
			<operands>
				<token count="2">MySortedSet</token>
				<token count="2">T</token>
			</operands>
		</function>
		<function name="MySortedSet::getListHead()">
			<start_line>17</start_line>
			<vG_b>1</vG_b>
			<vG_e>1</vG_e>
			<params>0</params>
			<LOCphy>4</LOCphy>
			<LOCpro alarmed="1">3</LOCpro>
			<LOCbl>0</LOCbl>
			<LOCcom>0</LOCcom>
			<N>22</N>
			<N1>14</N1>
			<N2>8</N2>
			<n>16</n>
			<n1>10</n1>
			<n2>6</n2>
			<V>88.000</V>
			<B>0.023</B>
			<D>6.667</D>
			<E>586.667</E>
			<L>0.150</L>
			<T>00:00:32</T>
			<MaxND>1</MaxND>
			<MIwoc>125</MIwoc>
			<MIcwc>0</MIcwc>
			<MI>125</MI>
			<operators>
				<token count="2">()</token>
				<token count="1">*</token>
				<token count="1">.</token>
				<token count="1">::</token>
				<token count="1">;</token>
				<token count="2">&lt;</token>
				<token count="3">&gt;</token>
				<token count="1">class</token>
				<token count="1">return</token>
				<token count="1">{}</token>
			</operators>
			<operands>
				<token count="1">ListItem</token>
				<token count="1">MySortedSet</token>
				<token count="3">T</token>
				<token count="1">container</token>
				<token count="1">getHead</token>
				<token count="1">getListHead</token>
			</operands>
		</function>
		<function name="MySortedSet::insert()">
			<start_line>22</start_line>
			<vG_b>2</vG_b>
			<vG_e>2</vG_e>
			<params>1</params>
			<LOCphy>13</LOCphy>
			<LOCpro>10</LOCpro>
			<LOCbl>2</LOCbl>
			<LOCcom alarmed="1">0</LOCcom>
			<N>48</N>
			<N1>27</N1>
			<N2>21</N2>
			<n>27</n>
			<n1>14</n1>
			<n2>13</n2>
			<V>228.235</V>
			<B>0.063</B>
			<D>11.308</D>
			<E>2580.807</E>
			<L>0.088</L>
			<T>00:02:23</T>
			<MaxND>2</MaxND>
			<MIwoc>101</MIwoc>
			<MIcwc>0</MIcwc>
			<MI>101</MI>
			<operators>
				<token count="3">()</token>
				<token count="1">*</token>
				<token count="1">++</token>
				<token count="2">.</token>
				<token count="1">::</token>
				<token count="6">;</token>
				<token count="2">&lt;</token>
				<token count="1">=</token>
				<token count="3">&gt;</token>
				<token count="1">class</token>
				<token count="1">else</token>
				<token count="1">if()</token>
				<token count="2">return</token>
				<token count="2">{}</token>
			</operators>
			<operands>
				<token count="1">0</token>
				<token count="1">1</token>
				<token count="1">ListItem</token>
				<token count="1">MySortedSet</token>
				<token count="4">T</token>
				<token count="2">container</token>
				<token count="3">ele</token>
				<token count="1">insert</token>
				<token count="1">insertSorted</token>
				<token count="1">int</token>
				<token count="1">searchFor</token>
				<token count="1">size</token>
				<token count="3">temp</token>
			</operands>
		</function>
		<function name="MySortedSet::deleteEle()">
			<start_line>36</start_line>
			<vG_b>2</vG_b>
			<vG_e>2</vG_e>
			<params>1</params>
			<LOCphy>12</LOCphy>
			<LOCpro>10</LOCpro>
			<LOCbl>1</LOCbl>
			<LOCcom alarmed="1">0</LOCcom>
			<N>47</N>
			<N1>26</N1>
			<N2>21</N2>
			<n>26</n>
			<n1>13</n1>
			<n2>13</n2>
			<V>220.921</V>
			<B>0.058</B>
			<D>10.500</D>
			<E>2319.667</E>
			<L>0.095</L>
			<T>00:02:08</T>
			<MaxND>2</MaxND>
			<MIwoc>102</MIwoc>
			<MIcwc>0</MIcwc>
			<MI>102</MI>
			<operators>
				<token count="3">()</token>
				<token count="1">*</token>
				<token count="1">--</token>
				<token count="2">.</token>
				<token count="1">::</token>
				<token count="6">;</token>
				<token count="2">&lt;</token>
				<token count="1">=</token>
				<token count="3">&gt;</token>
				<token count="1">class</token>
				<token count="1">if()</token>
				<token count="2">return</token>
				<token count="2">{}</token>
			</operators>
			<operands>
				<token count="1">0</token>
				<token count="1">1</token>
				<token count="1">ListItem</token>
				<token count="1">MySortedSet</token>
				<token count="4">T</token>
				<token count="2">container</token>
				<token count="1">deleteEle</token>
				<token count="1">deleteElement</token>
				<token count="3">ele</token>
				<token count="1">int</token>
				<token count="1">searchFor</token>
				<token count="1">size</token>
				<token count="3">temp</token>
			</operands>
		</function>
		<function name="MySortedSet::isEmpty()">
			<start_line>49</start_line>
			<vG_b>2</vG_b>
			<vG_e>2</vG_e>
			<params>0</params>
			<LOCphy>5</LOCphy>
			<LOCpro>4</LOCpro>
			<LOCbl>0</LOCbl>
			<LOCcom>0</LOCcom>
			<N>26</N>
			<N1>16</N1>
			<N2>10</N2>
			<n>20</n>
			<n1>12</n1>
			<n2>8</n2>
			<V>112.370</V>
			<B>0.030</B>
			<D>7.500</D>
			<E>842.776</E>
			<L>0.133</L>
			<T>00:00:46</T>
			<MaxND>1</MaxND>
			<MIwoc>120</MIwoc>
			<MIcwc>0</MIcwc>
			<MI>120</MI>
			<operators>
				<token count="2">()</token>
				<token count="1">.</token>
				<token count="1">::</token>
				<token count="2">;</token>
				<token count="1">&lt;</token>
				<token count="1">==</token>
				<token count="2">&gt;</token>
				<token count="1">class</token>
				<token count="1">else</token>
				<token count="1">if()</token>
				<token count="2">return</token>
				<token count="1">{}</token>
			</operators>
			<operands>
				<token count="2">0</token>
				<token count="1">1</token>
				<token count="1">MySortedSet</token>
				<token count="2">T</token>
				<token count="1">container</token>
				<token count="1">int</token>
				<token count="1">isEmpty</token>
				<token count="1">length</token>
			</operands>
		</function>
		<function name="MySortedSet::isMember()">
			<start_line>55</start_line>
			<vG_b>2</vG_b>
			<vG_e>2</vG_e>
			<params>1</params>
			<LOCphy>5</LOCphy>
			<LOCpro>4</LOCpro>
			<LOCbl>0</LOCbl>
			<LOCcom>0</LOCcom>
			<N>27</N>
			<N1>15</N1>
			<N2>12</N2>
			<n>20</n>
			<n1>11</n1>
			<n2>9</n2>
			<V>116.692</V>
			<B>0.030</B>
			<D>7.333</D>
			<E>855.742</E>
			<L>0.136</L>
			<T>00:00:47</T>
			<MaxND>1</MaxND>
			<MIwoc>120</MIwoc>
			<MIcwc>0</MIcwc>
			<MI>120</MI>
			<operators>
				<token count="2">()</token>
				<token count="1">.</token>
				<token count="1">::</token>
				<token count="2">;</token>
				<token count="1">&lt;</token>
				<token count="2">&gt;</token>
				<token count="1">class</token>
				<token count="1">else</token>
				<token count="1">if()</token>
				<token count="2">return</token>
				<token count="1">{}</token>
			</operators>
			<operands>
				<token count="1">0</token>
				<token count="1">1</token>
				<token count="1">MySortedSet</token>
				<token count="3">T</token>
				<token count="1">container</token>
				<token count="2">ele</token>
				<token count="1">int</token>
				<token count="1">isMember</token>
				<token count="1">searchFor</token>
			</operands>
		</function>
		<function name="MySortedSet::isEqual()">
			<start_line>61</start_line>
			<vG_b>3</vG_b>
			<vG_e>3</vG_e>
			<params>1</params>
			<LOCphy>11</LOCphy>
			<LOCpro>8</LOCpro>
			<LOCbl>2</LOCbl>
			<LOCcom>0</LOCcom>
			<N>55</N>
			<N1>31</N1>
			<N2>24</N2>
			<n>29</n>
			<n1>15</n1>
			<n2>14</n2>
			<V>267.189</V>
			<B>0.076</B>
			<D>12.857</D>
			<E>3435.287</E>
			<L>0.078</L>
			<T>00:03:10</T>
			<MaxND>2</MaxND>
			<MIwoc>102</MIwoc>
			<MIcwc>0</MIcwc>
			<MI>102</MI>
			<operators>
				<token count="3">()</token>
				<token count="2">*</token>
				<token count="3">-&gt;</token>
				<token count="1">.</token>
				<token count="1">::</token>
				<token count="4">;</token>
				<token count="3">&lt;</token>
				<token count="2">=</token>
				<token count="1">==</token>
				<token count="4">&gt;</token>
				<token count="1">class</token>
				<token count="1">if()</token>
				<token count="2">return</token>
				<token count="1">while()</token>
				<token count="2">{}</token>
			</operators>
			<operands>
				<token count="2">0</token>
				<token count="1">1</token>
				<token count="1">ListItem</token>
				<token count="2">MySortedSet</token>
				<token count="4">T</token>
				<token count="2">anotherset</token>
				<token count="1">container</token>
				<token count="1">getHead</token>
				<token count="1">int</token>
				<token count="1">isEqual</token>
				<token count="1">isMember</token>
				<token count="1">next</token>
				<token count="5">traverse</token>
				<token count="1">value</token>
			</operands>
		</function>
		<function name="MySortedSet::isSubset()">
			<start_line>73</start_line>
			<vG_b>4</vG_b>
			<vG_e>4</vG_e>
			<params>1</params>
			<LOCphy>13</LOCphy>
			<LOCpro>9</LOCpro>
			<LOCbl>3</LOCbl>
			<LOCcom>0</LOCcom>
			<N>61</N>
			<N1>35</N1>
			<N2>26</N2>
			<n>28</n>
			<n1>14</n1>
			<n2>14</n2>
			<V>293.249</V>
			<B>0.081</B>
			<D>13.000</D>
			<E>3812.232</E>
			<L>0.077</L>
			<T>00:03:31</T>
			<MaxND>2</MaxND>
			<MIwoc>99</MIwoc>
			<MIcwc>0</MIcwc>
			<MI>99</MI>
			<operators>
				<token count="4">()</token>
				<token count="2">*</token>
				<token count="4">-&gt;</token>
				<token count="1">::</token>
				<token count="5">;</token>
				<token count="3">&lt;</token>
				<token count="2">=</token>
				<token count="1">==</token>
				<token count="4">&gt;</token>
				<token count="1">class</token>
				<token count="2">if()</token>
				<token count="3">return</token>
				<token count="1">while()</token>
				<token count="2">{}</token>
			</operators>
			<operands>
				<token count="2">0</token>
				<token count="2">1</token>
				<token count="1">ListItem</token>
				<token count="2">MySortedSet</token>
				<token count="4">T</token>
				<token count="3">anotherset</token>
				<token count="1">getListHead</token>
				<token count="1">int</token>
				<token count="1">isEmpty</token>
				<token count="1">isMember</token>
				<token count="1">isSubset</token>
				<token count="1">next</token>
				<token count="5">traverse</token>
				<token count="1">value</token>
			</operands>
		</function>
		<function name="MySortedSet::count()">
			<start_line>87</start_line>
			<vG_b>1</vG_b>
			<vG_e>1</vG_e>
			<params>0</params>
			<LOCphy>4</LOCphy>
			<LOCpro alarmed="1">3</LOCpro>
			<LOCbl>0</LOCbl>
			<LOCcom>0</LOCcom>
			<N>15</N>
			<N1>9</N1>
			<N2>6</N2>
			<n>13</n>
			<n1>8</n1>
			<n2>5</n2>
			<V>55.507</V>
			<B>0.014</B>
			<D>4.800</D>
			<E>266.432</E>
			<L>0.208</L>
			<T>00:00:14</T>
			<MaxND>1</MaxND>
			<MIwoc>127</MIwoc>
			<MIcwc>0</MIcwc>
			<MI>127</MI>
			<operators>
				<token count="1">()</token>
				<token count="1">::</token>
				<token count="1">;</token>
				<token count="1">&lt;</token>
				<token count="2">&gt;</token>
				<token count="1">class</token>
				<token count="1">return</token>
				<token count="1">{}</token>
			</operators>
			<operands>
				<token count="1">MySortedSet</token>
				<token count="2">T</token>
				<token count="1">count</token>
				<token count="1">int</token>
				<token count="1">size</token>
			</operands>
		</function>
		<function name="MySortedSet::setUnion()">
			<start_line>92</start_line>
			<vG_b>3</vG_b>
			<vG_e>3</vG_e>
			<params>1</params>
			<LOCphy>16</LOCphy>
			<LOCpro>14</LOCpro>
			<LOCbl>1</LOCbl>
			<LOCcom alarmed="1">0</LOCcom>
			<N>91</N>
			<N1>52</N1>
			<N2>39</N2>
			<n>25</n>
			<n1>13</n1>
			<n2>12</n2>
			<V>422.591</V>
			<B>0.143</B>
			<D>21.125</D>
			<E>8927.233</E>
			<L>0.047</L>
			<T>00:08:15</T>
			<MaxND>2</MaxND>
			<MIwoc>94</MIwoc>
			<MIcwc>0</MIcwc>
			<MI>94</MI>
			<operators>
				<token count="5">()</token>
				<token count="4">*</token>
				<token count="8">-&gt;</token>
				<token count="1">::</token>
				<token count="8">;</token>
				<token count="6">&lt;</token>
				<token count="5">=</token>
				<token count="7">&gt;</token>
				<token count="1">class</token>
				<token count="1">new</token>
				<token count="1">return</token>
				<token count="2">while()</token>
				<token count="3">{}</token>
			</operators>
			<operands>
				<token count="1">ListItem</token>
				<token count="5">MySortedSet</token>
				<token count="7">T</token>
				<token count="2">anotherset</token>
				<token count="2">getListHead</token>
				<token count="2">insert</token>
				<token count="4">newset</token>
				<token count="2">next</token>
				<token count="1">setUnion</token>
				<token count="1">this</token>
				<token count="10">traverse</token>
				<token count="2">value</token>
			</operands>
		</function>
		<function name="MySortedSet::setIntersection()">
			<start_line>109</start_line>
			<vG_b>5</vG_b>
			<vG_e>5</vG_e>
			<params>1</params>
			<LOCphy>21</LOCphy>
			<LOCpro>18</LOCpro>
			<LOCbl>2</LOCbl>
			<LOCcom alarmed="1">0</LOCcom>
			<N>109</N>
			<N1>62</N1>
			<N2>47</N2>
			<n>27</n>
			<n1>14</n1>
			<n2>13</n2>
			<V>518.283</V>
			<B>0.185</B>
			<D>25.308</D>
			<E>13116.540</E>
			<L>0.040</L>
			<T>00:12:08</T>
			<MaxND>3</MaxND>
			<MIwoc>88</MIwoc>
			<MIcwc>0</MIcwc>
			<MI>88</MI>
			<operators>
				<token count="7">()</token>
				<token count="4">*</token>
				<token count="12">-&gt;</token>
				<token count="1">::</token>
				<token count="8">;</token>
				<token count="6">&lt;</token>
				<token count="5">=</token>
				<token count="7">&gt;</token>
				<token count="1">class</token>
				<token count="2">if()</token>
				<token count="1">new</token>
				<token count="1">return</token>
				<token count="2">while()</token>
				<token count="5">{}</token>
			</operators>
			<operands>
				<token count="1">ListItem</token>
				<token count="5">MySortedSet</token>
				<token count="7">T</token>
				<token count="3">anotherset</token>
				<token count="2">getListHead</token>
				<token count="2">insert</token>
				<token count="2">isMember</token>
				<token count="4">newset</token>
				<token count="2">next</token>
				<token count="1">setIntersection</token>
				<token count="2">this</token>
				<token count="12">traverse</token>
				<token count="4">value</token>
			</operands>
		</function>
		<function name="MySortedSet::setDifference()">
			<start_line>131</start_line>
			<vG_b>3</vG_b>
			<vG_e>3</vG_e>
			<params>1</params>
			<LOCphy>14</LOCphy>
			<LOCpro>11</LOCpro>
			<LOCbl>2</LOCbl>
			<LOCcom alarmed="1">0</LOCcom>
			<N>78</N>
			<N1>45</N1>
			<N2>33</N2>
			<n>29</n>
			<n1>15</n1>
			<n2>14</n2>
			<V>378.923</V>
			<B>0.118</B>
			<D>17.679</D>
			<E>6698.809</E>
			<L>0.057</L>
			<T>00:06:12</T>
			<MaxND>3</MaxND>
			<MIwoc>97</MIwoc>
			<MIcwc>0</MIcwc>
			<MI>97</MI>
			<operators>
				<token count="4">()</token>
				<token count="4">*</token>
				<token count="6">-&gt;</token>
				<token count="1">::</token>
				<token count="5">;</token>
				<token count="6">&lt;</token>
				<token count="3">=</token>
				<token count="1">==</token>
				<token count="7">&gt;</token>
				<token count="1">class</token>
				<token count="1">if()</token>
				<token count="1">new</token>
				<token count="1">return</token>
				<token count="1">while()</token>
				<token count="3">{}</token>
			</operators>
			<operands>
				<token count="1">0</token>
				<token count="1">ListItem</token>
				<token count="5">MySortedSet</token>
				<token count="7">T</token>
				<token count="2">anotherset</token>
				<token count="1">getListHead</token>
				<token count="1">insert</token>
				<token count="1">isMember</token>
				<token count="3">newset</token>
				<token count="1">next</token>
				<token count="1">setDifference</token>
				<token count="1">this</token>
				<token count="6">traverse</token>
				<token count="2">value</token>
			</operands>
		</function>
		<file_total>
			<vG_b>18</vG_b>
			<vG_e>18</vG_e>
			<vG_b_max>5</vG_b_max>
			<vG_b_avg>2</vG_b_avg>
			<vG_e_max>5</vG_e_max>
			<vG_e_avg>2</vG_e_avg>
			<params>8</params>
			<LOCphy>177</LOCphy>
			<LOCpro>113</LOCpro>
			<LOCbl>30</LOCbl>
			<LOCcom alarmed="1">35</LOCcom>
			<N>634</N>
			<N1>376</N1>
			<N2>258</N2>
			<n>55</n>
			<n1>22</n1>
			<n2>33</n2>
			<V>3665.382</V>
			<B>1.544</B>
			<D>86.000</D>
			<E>315222.844</E>
			<L>0.012</L>
			<T>04:51:52</T>
			<MaxND>3</MaxND>
			<MIwoc>99</MIwoc>
			<MIcwc>32</MIcwc>
			<MI>131</MI>
			<operators>
				<token count="1">#</token>
				<token count="38">()</token>
				<token count="19">*</token>
				<token count="1">++</token>
				<token count="1">--</token>
				<token count="33">-&gt;</token>
				<token count="8">.</token>
				<token count="13">::</token>
				<token count="49">;</token>
				<token count="48">&lt;</token>
				<token count="20">=</token>
				<token count="4">==</token>
				<token count="48">&gt;</token>
				<token count="13">class</token>
				<token count="3">else</token>
				<token count="10">if()</token>
				<token count="3">new</token>
				<token count="18">return</token>
				<token count="13">template</token>
				<token count="7">while()</token>
				<token count="25">{}</token>
				<token count="1">~</token>
			</operators>
			<operands>
				<token count="11">0</token>
				<token count="7">1</token>
				<token count="8">ListItem</token>
				<token count="29">MySortedSet</token>
				<token count="51">T</token>
				<token count="12">anotherset</token>
				<token count="8">container</token>
				<token count="1">count</token>
				<token count="1">deleteEle</token>
				<token count="1">deleteElement</token>
				<token count="8">ele</token>
				<token count="2">getHead</token>
				<token count="7">getListHead</token>
				<token count="1">include</token>
				<token count="6">insert</token>
				<token count="1">insertSorted</token>
				<token count="7">int</token>
				<token count="2">isEmpty</token>
				<token count="1">isEqual</token>
				<token count="6">isMember</token>
				<token count="1">isSubset</token>
				<token count="1">length</token>
				<token count="11">newset</token>
				<token count="7">next</token>
				<token count="3">searchFor</token>
				<token count="1">setDifference</token>
				<token count="1">setIntersection</token>
				<token count="1">setUnion</token>
				<token count="4">size</token>
				<token count="6">temp</token>
				<token count="4">this</token>
				<token count="38">traverse</token>
				<token count="10">value</token>
			</operands>
		</file_total>
	</file>
	<system>
		<files>1</files>
		<functions>13</functions>
		<LOCphy>177</LOCphy>
		<LOCbl>30</LOCbl>
		<LOCpro>113</LOCpro>
		<LOCcom>35</LOCcom>
		<semicolons>49</semicolons>
		<vG_b>18</vG_b>
		<vG_e>18</vG_e>
		<params>8</params>
		<MIwoc>106</MIwoc>
		<MIcw>0</MIcw>
		<MI>106</MI>
		<alarms>
			<file_vG>
				<measured>1</measured>
				<alarmed>0</alarmed>
				<percent>0</percent>
				<lowlimit>1</lowlimit>
				<highlimit>100</highlimit>
			</file_vG>
			<file_LOCpro>
				<measured>1</measured>
				<alarmed>0</alarmed>
				<percent>0</percent>
				<lowlimit>4</lowlimit>
				<highlimit>400</highlimit>
			</file_LOCpro>
			<file_comment_percent>
				<measured>1</measured>
				<alarmed>1</alarmed>
				<percent>100</percent>
				<lowlimit>30</lowlimit>
				<highlimit>75</highlimit>
			</file_comment_percent>
			<file_V>
				<measured>1</measured>
				<alarmed>0</alarmed>
				<percent>0</percent>
				<lowlimit>100</lowlimit>
				<highlimit>8000</highlimit>
			</file_V>
			<file_B>
				<measured>1</measured>
				<alarmed>0</alarmed>
				<percent>0</percent>
				<lowlimit>0</lowlimit>
				<highlimit>2</highlimit>
			</file_B>
			<file_MI>
				<measured>1</measured>
				<alarmed>0</alarmed>
				<percent>0</percent>
				<lowlimit>65</lowlimit>
			</file_MI>
			<function_vG>
				<measured>13</measured>
				<alarmed>0</alarmed>
				<percent>0</percent>
				<lowlimit>1</lowlimit>
				<highlimit>10</highlimit>
			</function_vG>
			<function_LOCpro>
				<measured>13</measured>
				<alarmed>4</alarmed>
				<percent>30</percent>
				<lowlimit>4</lowlimit>
				<highlimit>40</highlimit>
			</function_LOCpro>
			<function_comment_percent>
				<measured>13</measured>
				<alarmed>5</alarmed>
				<percent>38</percent>
				<lowlimit>30</lowlimit>
				<highlimit>75</highlimit>
			</function_comment_percent>
			<function_V>
				<measured>13</measured>
				<alarmed>0</alarmed>
				<percent>0</percent>
				<lowlimit>20</lowlimit>
				<highlimit>1000</highlimit>
			</function_V>
			<function_MI>
				<measured>13</measured>
				<alarmed>0</alarmed>
				<percent>0</percent>
				<lowlimit>65</lowlimit>
			</function_MI>
		</alarms>
		<error_messages count="0">
		</error_messages>
	</system>
</cmt_long_report>
