<?xml version="1.0" ?>
<cmt_long_report>
	<header_info>
		<cmt_version>7.0</cmt_version>
		<copyright>Copyright (c) 1993-2013 Testwell Oy</copyright>
		<copyright>Copyright (c) 2013-2018 Verifysoft Technology GmbH</copyright>
		<license_notes>
		</license_notes>
		<date>Tue Apr  4 22:24:06 2023</date>
		<cmt_options> -o C:\Users\muawi\cmt\A1_T2_S117.xml -lf -f C:\Users\muawi\cmt\files.txt</cmt_options>
		<run_directory>C:\Testwell\CMT</run_directory>
		<mccabe_preference>extended</mccabe_preference>
	</header_info>
	<file name="C:\Users\muawi\OneDrive\Documents\Study\Junior Year\Topics in Internet Research\Project\PA1_ANON_DATA\PA1_ANON_DATA\folder_117\MySortedSet.cpp" stamp="1680056123">
		<function name="MySortedSet::MySortedSet()">
			<start_line>4</start_line>
			<vG_b>1</vG_b>
			<vG_e>1</vG_e>
			<params>0</params>
			<LOCphy>4</LOCphy>
			<LOCpro alarmed="1">3</LOCpro>
			<LOCbl>0</LOCbl>
			<LOCcom>0</LOCcom>
			<N>11</N>
			<N1>7</N1>
			<N2>4</N2>
			<n>8</n>
			<n1>6</n1>
			<n2>2</n2>
			<V>33.000</V>
			<B>0.011</B>
			<D>6.000</D>
			<E>198.000</E>
			<L>0.167</L>
			<T>00:00:11</T>
			<MaxND>1</MaxND>
			<MIwoc>130</MIwoc>
			<MIcwc>0</MIcwc>
			<MI>130</MI>
			<operators>
				<token count="1">()</token>
				<token count="1">::</token>
				<token count="1">&lt;</token>
				<token count="2">&gt;</token>
				<token count="1">class</token>
				<token count="1">{}</token>
			</operators>
			<operands>
				<token count="2">MySortedSet</token>
				<token count="2">T</token>
			</operands>
		</function>
		<function name="MySortedSet::~MySortedSet()">
			<start_line>9</start_line>
			<vG_b>1</vG_b>
			<vG_e>1</vG_e>
			<params>0</params>
			<LOCphy>5</LOCphy>
			<LOCpro alarmed="1">3</LOCpro>
			<LOCbl>1</LOCbl>
			<LOCcom>0</LOCcom>
			<N>12</N>
			<N1>8</N1>
			<N2>4</N2>
			<n>9</n>
			<n1>7</n1>
			<n2>2</n2>
			<V>38.039</V>
			<B>0.014</B>
			<D>7.000</D>
			<E>266.274</E>
			<L>0.143</L>
			<T>00:00:14</T>
			<MaxND>1</MaxND>
			<MIwoc>126</MIwoc>
			<MIcwc>0</MIcwc>
			<MI>126</MI>
			<operators>
				<token count="1">()</token>
				<token count="1">::</token>
				<token count="1">&lt;</token>
				<token count="2">&gt;</token>
				<token count="1">class</token>
				<token count="1">{}</token>
				<token count="1">~</token>
			</operators>
			<operands>
				<token count="2">MySortedSet</token>
				<token count="2">T</token>
			</operands>
		</function>
		<function name="MySortedSet::getListHead()">
			<start_line>15</start_line>
			<vG_b>1</vG_b>
			<vG_e>1</vG_e>
			<params>0</params>
			<LOCphy>5</LOCphy>
			<LOCpro>4</LOCpro>
			<LOCbl>0</LOCbl>
			<LOCcom>0</LOCcom>
			<N>22</N>
			<N1>14</N1>
			<N2>8</N2>
			<n>16</n>
			<n1>10</n1>
			<n2>6</n2>
			<V>88.000</V>
			<B>0.023</B>
			<D>6.667</D>
			<E>586.667</E>
			<L>0.150</L>
			<T>00:00:32</T>
			<MaxND>1</MaxND>
			<MIwoc>121</MIwoc>
			<MIcwc>0</MIcwc>
			<MI>121</MI>
			<operators>
				<token count="2">()</token>
				<token count="1">*</token>
				<token count="1">.</token>
				<token count="1">::</token>
				<token count="1">;</token>
				<token count="2">&lt;</token>
				<token count="3">&gt;</token>
				<token count="1">class</token>
				<token count="1">return</token>
				<token count="1">{}</token>
			</operators>
			<operands>
				<token count="1">ListItem</token>
				<token count="1">MySortedSet</token>
				<token count="3">T</token>
				<token count="1">container</token>
				<token count="1">getHead</token>
				<token count="1">getListHead</token>
			</operands>
		</function>
		<function name="MySortedSet::insert()">
			<start_line>21</start_line>
			<vG_b>2</vG_b>
			<vG_e>2</vG_e>
			<params>1</params>
			<LOCphy>11</LOCphy>
			<LOCpro>10</LOCpro>
			<LOCbl>0</LOCbl>
			<LOCcom alarmed="1">0</LOCcom>
			<N>35</N>
			<N1>20</N1>
			<N2>15</N2>
			<n>21</n>
			<n1>11</n1>
			<n2>10</n2>
			<V>153.731</V>
			<B>0.039</B>
			<D>8.250</D>
			<E>1268.282</E>
			<L>0.121</L>
			<T>00:01:10</T>
			<MaxND>2</MaxND>
			<MIwoc>106</MIwoc>
			<MIcwc>0</MIcwc>
			<MI>106</MI>
			<operators>
				<token count="3">()</token>
				<token count="2">.</token>
				<token count="1">::</token>
				<token count="3">;</token>
				<token count="1">&lt;</token>
				<token count="2">&gt;</token>
				<token count="1">class</token>
				<token count="1">else</token>
				<token count="1">if()</token>
				<token count="2">return</token>
				<token count="3">{}</token>
			</operators>
			<operands>
				<token count="1">0</token>
				<token count="1">1</token>
				<token count="1">MySortedSet</token>
				<token count="3">T</token>
				<token count="2">container</token>
				<token count="3">ele</token>
				<token count="1">insert</token>
				<token count="1">insertSorted</token>
				<token count="1">int</token>
				<token count="1">searchFor</token>
			</operands>
		</function>
		<function name="MySortedSet::deleteEle()">
			<start_line>33</start_line>
			<vG_b>2</vG_b>
			<vG_e>2</vG_e>
			<params>1</params>
			<LOCphy>11</LOCphy>
			<LOCpro>10</LOCpro>
			<LOCbl>0</LOCbl>
			<LOCcom alarmed="1">0</LOCcom>
			<N>35</N>
			<N1>20</N1>
			<N2>15</N2>
			<n>21</n>
			<n1>11</n1>
			<n2>10</n2>
			<V>153.731</V>
			<B>0.039</B>
			<D>8.250</D>
			<E>1268.282</E>
			<L>0.121</L>
			<T>00:01:10</T>
			<MaxND>2</MaxND>
			<MIwoc>106</MIwoc>
			<MIcwc>0</MIcwc>
			<MI>106</MI>
			<operators>
				<token count="3">()</token>
				<token count="2">.</token>
				<token count="1">::</token>
				<token count="3">;</token>
				<token count="1">&lt;</token>
				<token count="2">&gt;</token>
				<token count="1">class</token>
				<token count="1">else</token>
				<token count="1">if()</token>
				<token count="2">return</token>
				<token count="3">{}</token>
			</operators>
			<operands>
				<token count="1">0</token>
				<token count="1">1</token>
				<token count="1">MySortedSet</token>
				<token count="3">T</token>
				<token count="2">container</token>
				<token count="1">deleteEle</token>
				<token count="1">deleteElement</token>
				<token count="3">ele</token>
				<token count="1">int</token>
				<token count="1">searchFor</token>
			</operands>
		</function>
		<function name="MySortedSet::isEmpty()">
			<start_line>45</start_line>
			<vG_b>2</vG_b>
			<vG_e>2</vG_e>
			<params>0</params>
			<LOCphy>9</LOCphy>
			<LOCpro>8</LOCpro>
			<LOCbl>0</LOCbl>
			<LOCcom>0</LOCcom>
			<N>26</N>
			<N1>17</N1>
			<N2>9</N2>
			<n>19</n>
			<n1>11</n1>
			<n2>8</n2>
			<V>110.446</V>
			<B>0.026</B>
			<D>6.188</D>
			<E>683.385</E>
			<L>0.162</L>
			<T>00:00:37</T>
			<MaxND>2</MaxND>
			<MIwoc>110</MIwoc>
			<MIcwc>0</MIcwc>
			<MI>110</MI>
			<operators>
				<token count="2">()</token>
				<token count="1">::</token>
				<token count="2">;</token>
				<token count="1">&lt;</token>
				<token count="1">==</token>
				<token count="2">&gt;</token>
				<token count="1">class</token>
				<token count="1">else</token>
				<token count="1">if()</token>
				<token count="2">return</token>
				<token count="3">{}</token>
			</operators>
			<operands>
				<token count="1">0</token>
				<token count="1">1</token>
				<token count="1">MySortedSet</token>
				<token count="1">NULL</token>
				<token count="2">T</token>
				<token count="1">getListHead</token>
				<token count="1">int</token>
				<token count="1">isEmpty</token>
			</operands>
		</function>
		<function name="MySortedSet::isMember()">
			<start_line>55</start_line>
			<vG_b>2</vG_b>
			<vG_e>2</vG_e>
			<params>1</params>
			<LOCphy>11</LOCphy>
			<LOCpro>9</LOCpro>
			<LOCbl>1</LOCbl>
			<LOCcom>0</LOCcom>
			<N>29</N>
			<N1>17</N1>
			<N2>12</N2>
			<n>20</n>
			<n1>11</n1>
			<n2>9</n2>
			<V>125.336</V>
			<B>0.032</B>
			<D>7.333</D>
			<E>919.130</E>
			<L>0.136</L>
			<T>00:00:51</T>
			<MaxND>2</MaxND>
			<MIwoc>107</MIwoc>
			<MIcwc>0</MIcwc>
			<MI>107</MI>
			<operators>
				<token count="2">()</token>
				<token count="1">.</token>
				<token count="1">::</token>
				<token count="2">;</token>
				<token count="1">&lt;</token>
				<token count="2">&gt;</token>
				<token count="1">class</token>
				<token count="1">else</token>
				<token count="1">if()</token>
				<token count="2">return</token>
				<token count="3">{}</token>
			</operators>
			<operands>
				<token count="1">0</token>
				<token count="1">1</token>
				<token count="1">MySortedSet</token>
				<token count="3">T</token>
				<token count="1">container</token>
				<token count="2">ele</token>
				<token count="1">int</token>
				<token count="1">isMember</token>
				<token count="1">searchFor</token>
			</operands>
		</function>
		<function name="MySortedSet::isEqual()">
			<start_line>67</start_line>
			<vG_b>5</vG_b>
			<vG_e>6</vG_e>
			<params>1</params>
			<LOCphy>25</LOCphy>
			<LOCpro>24</LOCpro>
			<LOCbl>0</LOCbl>
			<LOCcom alarmed="1">0</LOCcom>
			<N>107</N>
			<N1>62</N1>
			<N2>45</N2>
			<n>37</n>
			<n1>19</n1>
			<n2>18</n2>
			<V>557.411</V>
			<B>0.187</B>
			<D>23.750</D>
			<E>13238.523</E>
			<L>0.042</L>
			<T>00:12:15</T>
			<MaxND>4</MaxND>
			<MIwoc>85</MIwoc>
			<MIcwc>0</MIcwc>
			<MI>85</MI>
			<operators>
				<token count="2">!=</token>
				<token count="1">&amp;&amp;</token>
				<token count="5">()</token>
				<token count="3">*</token>
				<token count="1">++</token>
				<token count="6">-&gt;</token>
				<token count="1">.</token>
				<token count="1">::</token>
				<token count="10">;</token>
				<token count="4">&lt;</token>
				<token count="5">=</token>
				<token count="3">==</token>
				<token count="5">&gt;</token>
				<token count="1">class</token>
				<token count="1">else</token>
				<token count="3">if()</token>
				<token count="4">return</token>
				<token count="1">while()</token>
				<token count="5">{}</token>
			</operators>
			<operands>
				<token count="3">0</token>
				<token count="2">1</token>
				<token count="2">ListItem</token>
				<token count="2">MySortedSet</token>
				<token count="3">NULL</token>
				<token count="5">T</token>
				<token count="3">anotherset</token>
				<token count="6">anotherset_head</token>
				<token count="1">container</token>
				<token count="5">container_head</token>
				<token count="2">count</token>
				<token count="2">counter</token>
				<token count="1">getHead</token>
				<token count="1">getListHead</token>
				<token count="2">int</token>
				<token count="1">isEqual</token>
				<token count="2">next</token>
				<token count="2">value</token>
			</operands>
		</function>
		<function name="MySortedSet::count()">
			<start_line>93</start_line>
			<vG_b>2</vG_b>
			<vG_e>2</vG_e>
			<params>0</params>
			<LOCphy>10</LOCphy>
			<LOCpro>9</LOCpro>
			<LOCbl>0</LOCbl>
			<LOCcom>0</LOCcom>
			<N>46</N>
			<N1>26</N1>
			<N2>20</N2>
			<n>27</n>
			<n1>15</n1>
			<n2>12</n2>
			<V>218.725</V>
			<B>0.065</B>
			<D>12.500</D>
			<E>2734.060</E>
			<L>0.080</L>
			<T>00:02:31</T>
			<MaxND>2</MaxND>
			<MIwoc>105</MIwoc>
			<MIcwc>0</MIcwc>
			<MI>105</MI>
			<operators>
				<token count="1">!=</token>
				<token count="2">()</token>
				<token count="1">*</token>
				<token count="1">++</token>
				<token count="1">-&gt;</token>
				<token count="1">.</token>
				<token count="1">::</token>
				<token count="5">;</token>
				<token count="2">&lt;</token>
				<token count="3">=</token>
				<token count="3">&gt;</token>
				<token count="1">class</token>
				<token count="1">return</token>
				<token count="1">while()</token>
				<token count="2">{}</token>
			</operators>
			<operands>
				<token count="1">0</token>
				<token count="1">ListItem</token>
				<token count="1">MySortedSet</token>
				<token count="1">NULL</token>
				<token count="3">T</token>
				<token count="1">container</token>
				<token count="1">count</token>
				<token count="3">counter</token>
				<token count="1">getHead</token>
				<token count="2">int</token>
				<token count="1">next</token>
				<token count="4">temp</token>
			</operands>
		</function>
		<function name="MySortedSet::isSubset()">
			<start_line>104</start_line>
			<vG_b>3</vG_b>
			<vG_e>3</vG_e>
			<params>1</params>
			<LOCphy>16</LOCphy>
			<LOCpro>13</LOCpro>
			<LOCbl>2</LOCbl>
			<LOCcom alarmed="1">0</LOCcom>
			<N>58</N>
			<N1>34</N1>
			<N2>24</N2>
			<n>31</n>
			<n1>16</n1>
			<n2>15</n2>
			<V>287.343</V>
			<B>0.079</B>
			<D>12.800</D>
			<E>3677.995</E>
			<L>0.078</L>
			<T>00:03:24</T>
			<MaxND>3</MaxND>
			<MIwoc>96</MIwoc>
			<MIcwc>0</MIcwc>
			<MI>96</MI>
			<operators>
				<token count="1">!=</token>
				<token count="3">()</token>
				<token count="2">*</token>
				<token count="3">-&gt;</token>
				<token count="1">.</token>
				<token count="1">::</token>
				<token count="4">;</token>
				<token count="3">&lt;</token>
				<token count="2">=</token>
				<token count="4">&gt;</token>
				<token count="1">class</token>
				<token count="1">else</token>
				<token count="1">if()</token>
				<token count="2">return</token>
				<token count="1">while()</token>
				<token count="4">{}</token>
			</operators>
			<operands>
				<token count="1">0</token>
				<token count="1">1</token>
				<token count="1">ListItem</token>
				<token count="2">MySortedSet</token>
				<token count="1">NULL</token>
				<token count="4">T</token>
				<token count="2">anotherset</token>
				<token count="1">container</token>
				<token count="1">getHead</token>
				<token count="1">int</token>
				<token count="1">isMember</token>
				<token count="1">isSubset</token>
				<token count="1">next</token>
				<token count="5">temp</token>
				<token count="1">value</token>
			</operands>
		</function>
		<function name="MySortedSet::setUnion()">
			<start_line>120</start_line>
			<vG_b>6</vG_b>
			<vG_e>7</vG_e>
			<params>1</params>
			<LOCphy>36</LOCphy>
			<LOCpro>33</LOCpro>
			<LOCbl>2</LOCbl>
			<LOCcom alarmed="1">0</LOCcom>
			<N>149</N>
			<N1>84</N1>
			<N2>65</N2>
			<n>34</n>
			<n1>19</n1>
			<n2>15</n2>
			<V>758.032</V>
			<B>0.330</B>
			<D>41.167</D>
			<E>31205.648</E>
			<L>0.024</L>
			<T>00:28:53</T>
			<MaxND>3</MaxND>
			<MIwoc>77</MIwoc>
			<MIcwc>0</MIcwc>
			<MI>77</MI>
			<operators>
				<token count="5">!=</token>
				<token count="1">&amp;&amp;</token>
				<token count="7">()</token>
				<token count="5">*</token>
				<token count="13">-&gt;</token>
				<token count="1">.</token>
				<token count="1">::</token>
				<token count="12">;</token>
				<token count="7">&lt;</token>
				<token count="7">=</token>
				<token count="1">==</token>
				<token count="8">&gt;</token>
				<token count="1">class</token>
				<token count="1">else</token>
				<token count="1">if()</token>
				<token count="1">new</token>
				<token count="1">return</token>
				<token count="4">while()</token>
				<token count="7">{}</token>
			</operators>
			<operands>
				<token count="2">ListItem</token>
				<token count="5">MySortedSet</token>
				<token count="6">NULL</token>
				<token count="8">T</token>
				<token count="2">anotherset</token>
				<token count="1">container</token>
				<token count="6">final</token>
				<token count="1">getHead</token>
				<token count="1">getListHead</token>
				<token count="4">insert</token>
				<token count="4">next</token>
				<token count="1">setUnion</token>
				<token count="10">temp</token>
				<token count="10">temp2</token>
				<token count="4">value</token>
			</operands>
		</function>
		<function name="MySortedSet::setIntersection()">
			<start_line>158</start_line>
			<vG_b>3</vG_b>
			<vG_e>3</vG_e>
			<params>1</params>
			<LOCphy>14</LOCphy>
			<LOCpro>13</LOCpro>
			<LOCbl>0</LOCbl>
			<LOCcom alarmed="1">0</LOCcom>
			<N>79</N>
			<N1>46</N1>
			<N2>33</N2>
			<n>30</n>
			<n1>16</n1>
			<n2>14</n2>
			<V>387.644</V>
			<B>0.126</B>
			<D>18.857</D>
			<E>7309.865</E>
			<L>0.053</L>
			<T>00:06:46</T>
			<MaxND>3</MaxND>
			<MIwoc>97</MIwoc>
			<MIcwc>0</MIcwc>
			<MI>97</MI>
			<operators>
				<token count="1">!=</token>
				<token count="5">()</token>
				<token count="4">*</token>
				<token count="5">-&gt;</token>
				<token count="1">.</token>
				<token count="1">::</token>
				<token count="5">;</token>
				<token count="6">&lt;</token>
				<token count="3">=</token>
				<token count="7">&gt;</token>
				<token count="1">class</token>
				<token count="1">if()</token>
				<token count="1">new</token>
				<token count="1">return</token>
				<token count="1">while()</token>
				<token count="3">{}</token>
			</operators>
			<operands>
				<token count="1">ListItem</token>
				<token count="5">MySortedSet</token>
				<token count="1">NULL</token>
				<token count="7">T</token>
				<token count="2">anotherset</token>
				<token count="1">container</token>
				<token count="3">final</token>
				<token count="1">getHead</token>
				<token count="1">insert</token>
				<token count="1">isMember</token>
				<token count="1">next</token>
				<token count="1">setIntersection</token>
				<token count="6">temp</token>
				<token count="2">value</token>
			</operands>
		</function>
		<function name="MySortedSet::setDifference()">
			<start_line>175</start_line>
			<vG_b>5</vG_b>
			<vG_e>5</vG_e>
			<params>1</params>
			<LOCphy>25</LOCphy>
			<LOCpro>21</LOCpro>
			<LOCbl>3</LOCbl>
			<LOCcom alarmed="1">0</LOCcom>
			<N>118</N>
			<N1>69</N1>
			<N2>49</N2>
			<n>31</n>
			<n1>17</n1>
			<n2>14</n2>
			<V>584.595</V>
			<B>0.224</B>
			<D>29.750</D>
			<E>17391.707</E>
			<L>0.034</L>
			<T>00:16:06</T>
			<MaxND>3</MaxND>
			<MIwoc>85</MIwoc>
			<MIcwc>0</MIcwc>
			<MI>85</MI>
			<operators>
				<token count="2">!</token>
				<token count="2">!=</token>
				<token count="10">()</token>
				<token count="4">*</token>
				<token count="10">-&gt;</token>
				<token count="2">.</token>
				<token count="1">::</token>
				<token count="8">;</token>
				<token count="6">&lt;</token>
				<token count="5">=</token>
				<token count="7">&gt;</token>
				<token count="1">class</token>
				<token count="2">if()</token>
				<token count="1">new</token>
				<token count="1">return</token>
				<token count="2">while()</token>
				<token count="5">{}</token>
			</operators>
			<operands>
				<token count="1">ListItem</token>
				<token count="5">MySortedSet</token>
				<token count="2">NULL</token>
				<token count="7">T</token>
				<token count="3">anotherset</token>
				<token count="2">container</token>
				<token count="4">final</token>
				<token count="2">getHead</token>
				<token count="2">insert</token>
				<token count="2">isMember</token>
				<token count="2">next</token>
				<token count="1">setDifference</token>
				<token count="12">temp</token>
				<token count="4">value</token>
			</operands>
		</function>
		<file_total>
			<vG_b>23</vG_b>
			<vG_e>25</vG_e>
			<vG_b_max>6</vG_b_max>
			<vG_b_avg>2</vG_b_avg>
			<vG_e_max>7</vG_e_max>
			<vG_e_avg>2</vG_e_avg>
			<params>8</params>
			<LOCphy>198</LOCphy>
			<LOCpro>174</LOCpro>
			<LOCbl>24</LOCbl>
			<LOCcom alarmed="1">0</LOCcom>
			<N>755</N>
			<N1>451</N1>
			<N2>304</N2>
			<n>58</n>
			<n1>24</n1>
			<n2>34</n2>
			<V>4422.776</V>
			<B alarmed="1">2.028</B>
			<D>107.294</D>
			<E>474537.813</E>
			<L>0.009</L>
			<T>07:19:23</T>
			<MaxND>4</MaxND>
			<MIwoc>96</MIwoc>
			<MIcwc>0</MIcwc>
			<MI>96</MI>
			<operators>
				<token count="2">!</token>
				<token count="12">!=</token>
				<token count="1">#</token>
				<token count="2">&amp;&amp;</token>
				<token count="46">()</token>
				<token count="20">*</token>
				<token count="2">++</token>
				<token count="38">-&gt;</token>
				<token count="13">.</token>
				<token count="13">::</token>
				<token count="55">;</token>
				<token count="49">&lt;</token>
				<token count="25">=</token>
				<token count="5">==</token>
				<token count="49">&gt;</token>
				<token count="13">class</token>
				<token count="7">else</token>
				<token count="12">if()</token>
				<token count="3">new</token>
				<token count="19">return</token>
				<token count="13">template</token>
				<token count="10">while()</token>
				<token count="41">{}</token>
				<token count="1">~</token>
			</operators>
			<operands>
				<token count="9">0</token>
				<token count="7">1</token>
				<token count="9">ListItem</token>
				<token count="29">MySortedSet</token>
				<token count="15">NULL</token>
				<token count="52">T</token>
				<token count="12">anotherset</token>
				<token count="6">anotherset_head</token>
				<token count="13">container</token>
				<token count="5">container_head</token>
				<token count="3">count</token>
				<token count="5">counter</token>
				<token count="1">deleteEle</token>
				<token count="1">deleteElement</token>
				<token count="8">ele</token>
				<token count="13">final</token>
				<token count="8">getHead</token>
				<token count="4">getListHead</token>
				<token count="1">include</token>
				<token count="8">insert</token>
				<token count="1">insertSorted</token>
				<token count="9">int</token>
				<token count="1">isEmpty</token>
				<token count="1">isEqual</token>
				<token count="5">isMember</token>
				<token count="1">isSubset</token>
				<token count="11">next</token>
				<token count="3">searchFor</token>
				<token count="1">setDifference</token>
				<token count="1">setIntersection</token>
				<token count="1">setUnion</token>
				<token count="37">temp</token>
				<token count="10">temp2</token>
				<token count="13">value</token>
			</operands>
		</file_total>
	</file>
	<system>
		<files>1</files>
		<functions>13</functions>
		<LOCphy>198</LOCphy>
		<LOCbl>24</LOCbl>
		<LOCpro>174</LOCpro>
		<LOCcom>0</LOCcom>
		<semicolons>55</semicolons>
		<vG_b>23</vG_b>
		<vG_e>25</vG_e>
		<params>8</params>
		<MIwoc>99</MIwoc>
		<MIcw>0</MIcw>
		<MI>99</MI>
		<alarms>
			<file_vG>
				<measured>1</measured>
				<alarmed>0</alarmed>
				<percent>0</percent>
				<lowlimit>1</lowlimit>
				<highlimit>100</highlimit>
			</file_vG>
			<file_LOCpro>
				<measured>1</measured>
				<alarmed>0</alarmed>
				<percent>0</percent>
				<lowlimit>4</lowlimit>
				<highlimit>400</highlimit>
			</file_LOCpro>
			<file_comment_percent>
				<measured>1</measured>
				<alarmed>1</alarmed>
				<percent>100</percent>
				<lowlimit>30</lowlimit>
				<highlimit>75</highlimit>
			</file_comment_percent>
			<file_V>
				<measured>1</measured>
				<alarmed>0</alarmed>
				<percent>0</percent>
				<lowlimit>100</lowlimit>
				<highlimit>8000</highlimit>
			</file_V>
			<file_B>
				<measured>1</measured>
				<alarmed>1</alarmed>
				<percent>100</percent>
				<lowlimit>0</lowlimit>
				<highlimit>2</highlimit>
			</file_B>
			<file_MI>
				<measured>1</measured>
				<alarmed>0</alarmed>
				<percent>0</percent>
				<lowlimit>65</lowlimit>
			</file_MI>
			<function_vG>
				<measured>13</measured>
				<alarmed>0</alarmed>
				<percent>0</percent>
				<lowlimit>1</lowlimit>
				<highlimit>10</highlimit>
			</function_vG>
			<function_LOCpro>
				<measured>13</measured>
				<alarmed>2</alarmed>
				<percent>15</percent>
				<lowlimit>4</lowlimit>
				<highlimit>40</highlimit>
			</function_LOCpro>
			<function_comment_percent>
				<measured>13</measured>
				<alarmed>7</alarmed>
				<percent>53</percent>
				<lowlimit>30</lowlimit>
				<highlimit>75</highlimit>
			</function_comment_percent>
			<function_V>
				<measured>13</measured>
				<alarmed>0</alarmed>
				<percent>0</percent>
				<lowlimit>20</lowlimit>
				<highlimit>1000</highlimit>
			</function_V>
			<function_MI>
				<measured>13</measured>
				<alarmed>0</alarmed>
				<percent>0</percent>
				<lowlimit>65</lowlimit>
			</function_MI>
		</alarms>
		<error_messages count="0">
		</error_messages>
	</system>
</cmt_long_report>
