<?xml version="1.0" ?>
<cmt_long_report>
	<header_info>
		<cmt_version>7.0</cmt_version>
		<copyright>Copyright (c) 1993-2013 Testwell Oy</copyright>
		<copyright>Copyright (c) 2013-2018 Verifysoft Technology GmbH</copyright>
		<license_notes>
		</license_notes>
		<date>Tue Apr  4 21:22:23 2023</date>
		<cmt_options> -o C:\Users\muawi\cmt\A1_T2_S55.xml -lf -f C:\Users\muawi\cmt\files.txt</cmt_options>
		<run_directory>C:\Testwell\CMT</run_directory>
		<mccabe_preference>extended</mccabe_preference>
	</header_info>
	<file name="C:\Users\muawi\OneDrive\Documents\Study\Junior Year\Topics in Internet Research\Project\PA1_ANON_DATA\PA1_ANON_DATA\folder_55\MySortedSet.cpp" stamp="1680056138">
		<function name="MySortedSet::MySortedSet()">
			<start_line>6</start_line>
			<vG_b>1</vG_b>
			<vG_e>1</vG_e>
			<params>0</params>
			<LOCphy>5</LOCphy>
			<LOCpro alarmed="1">3</LOCpro>
			<LOCbl>1</LOCbl>
			<LOCcom>0</LOCcom>
			<N>11</N>
			<N1>7</N1>
			<N2>4</N2>
			<n>8</n>
			<n1>6</n1>
			<n2>2</n2>
			<V>33.000</V>
			<B>0.011</B>
			<D>6.000</D>
			<E>198.000</E>
			<L>0.167</L>
			<T>00:00:11</T>
			<MaxND>1</MaxND>
			<MIwoc>127</MIwoc>
			<MIcwc>0</MIcwc>
			<MI>127</MI>
			<operators>
				<token count="1">()</token>
				<token count="1">::</token>
				<token count="1">&lt;</token>
				<token count="2">&gt;</token>
				<token count="1">class</token>
				<token count="1">{}</token>
			</operators>
			<operands>
				<token count="2">MySortedSet</token>
				<token count="2">T</token>
			</operands>
		</function>
		<function name="MySortedSet::~MySortedSet()">
			<start_line>12</start_line>
			<vG_b>1</vG_b>
			<vG_e>1</vG_e>
			<params>0</params>
			<LOCphy>5</LOCphy>
			<LOCpro>4</LOCpro>
			<LOCbl>0</LOCbl>
			<LOCcom>0</LOCcom>
			<N>18</N>
			<N1>12</N1>
			<N2>6</N2>
			<n>13</n>
			<n1>9</n1>
			<n2>4</n2>
			<V>66.608</V>
			<B>0.020</B>
			<D>6.750</D>
			<E>449.603</E>
			<L>0.148</L>
			<T>00:00:24</T>
			<MaxND>1</MaxND>
			<MIwoc>123</MIwoc>
			<MIcwc>0</MIcwc>
			<MI>123</MI>
			<operators>
				<token count="2">()</token>
				<token count="1">.</token>
				<token count="1">::</token>
				<token count="1">;</token>
				<token count="1">&lt;</token>
				<token count="2">&gt;</token>
				<token count="1">class</token>
				<token count="1">{}</token>
				<token count="2">~</token>
			</operators>
			<operands>
				<token count="1">LinkedList</token>
				<token count="2">MySortedSet</token>
				<token count="2">T</token>
				<token count="1">container</token>
			</operands>
		</function>
		<function name="MySortedSet::getListHead()">
			<start_line>18</start_line>
			<vG_b>1</vG_b>
			<vG_e>1</vG_e>
			<params>0</params>
			<LOCphy>5</LOCphy>
			<LOCpro>4</LOCpro>
			<LOCbl>0</LOCbl>
			<LOCcom>0</LOCcom>
			<N>22</N>
			<N1>14</N1>
			<N2>8</N2>
			<n>16</n>
			<n1>10</n1>
			<n2>6</n2>
			<V>88.000</V>
			<B>0.023</B>
			<D>6.667</D>
			<E>586.667</E>
			<L>0.150</L>
			<T>00:00:32</T>
			<MaxND>1</MaxND>
			<MIwoc>121</MIwoc>
			<MIcwc>0</MIcwc>
			<MI>121</MI>
			<operators>
				<token count="2">()</token>
				<token count="1">*</token>
				<token count="1">.</token>
				<token count="1">::</token>
				<token count="1">;</token>
				<token count="2">&lt;</token>
				<token count="3">&gt;</token>
				<token count="1">class</token>
				<token count="1">return</token>
				<token count="1">{}</token>
			</operators>
			<operands>
				<token count="1">ListItem</token>
				<token count="1">MySortedSet</token>
				<token count="3">T</token>
				<token count="1">container</token>
				<token count="1">getHead</token>
				<token count="1">getListHead</token>
			</operands>
		</function>
		<function name="MySortedSet::insert()">
			<start_line>24</start_line>
			<vG_b>2</vG_b>
			<vG_e>2</vG_e>
			<params>1</params>
			<LOCphy>13</LOCphy>
			<LOCpro>12</LOCpro>
			<LOCbl>0</LOCbl>
			<LOCcom alarmed="1">0</LOCcom>
			<N>33</N>
			<N1>19</N1>
			<N2>14</N2>
			<n>21</n>
			<n1>11</n1>
			<n2>10</n2>
			<V>144.946</V>
			<B>0.036</B>
			<D>7.700</D>
			<E>1116.088</E>
			<L>0.130</L>
			<T>00:01:02</T>
			<MaxND>2</MaxND>
			<MIwoc>103</MIwoc>
			<MIcwc>0</MIcwc>
			<MI>103</MI>
			<operators>
				<token count="3">()</token>
				<token count="1">.</token>
				<token count="1">::</token>
				<token count="3">;</token>
				<token count="1">&lt;</token>
				<token count="2">&gt;</token>
				<token count="1">class</token>
				<token count="1">else</token>
				<token count="1">if()</token>
				<token count="2">return</token>
				<token count="3">{}</token>
			</operators>
			<operands>
				<token count="1">0</token>
				<token count="1">1</token>
				<token count="1">MySortedSet</token>
				<token count="3">T</token>
				<token count="1">container</token>
				<token count="3">ele</token>
				<token count="1">insert</token>
				<token count="1">insertSorted</token>
				<token count="1">int</token>
				<token count="1">isMember</token>
			</operands>
		</function>
		<function name="MySortedSet::deleteEle()">
			<start_line>38</start_line>
			<vG_b>2</vG_b>
			<vG_e>2</vG_e>
			<params>1</params>
			<LOCphy>14</LOCphy>
			<LOCpro>12</LOCpro>
			<LOCbl>1</LOCbl>
			<LOCcom alarmed="1">0</LOCcom>
			<N>34</N>
			<N1>20</N1>
			<N2>14</N2>
			<n>22</n>
			<n1>12</n1>
			<n2>10</n2>
			<V>151.621</V>
			<B>0.039</B>
			<D>8.400</D>
			<E>1273.614</E>
			<L>0.119</L>
			<T>00:01:10</T>
			<MaxND>2</MaxND>
			<MIwoc>102</MIwoc>
			<MIcwc>0</MIcwc>
			<MI>102</MI>
			<operators>
				<token count="1">!</token>
				<token count="3">()</token>
				<token count="1">.</token>
				<token count="1">::</token>
				<token count="3">;</token>
				<token count="1">&lt;</token>
				<token count="2">&gt;</token>
				<token count="1">class</token>
				<token count="1">else</token>
				<token count="1">if()</token>
				<token count="2">return</token>
				<token count="3">{}</token>
			</operators>
			<operands>
				<token count="1">0</token>
				<token count="1">1</token>
				<token count="1">MySortedSet</token>
				<token count="3">T</token>
				<token count="1">container</token>
				<token count="1">deleteEle</token>
				<token count="1">deleteElement</token>
				<token count="3">ele</token>
				<token count="1">int</token>
				<token count="1">isMember</token>
			</operands>
		</function>
		<function name="MySortedSet::isEmpty()">
			<start_line>53</start_line>
			<vG_b>2</vG_b>
			<vG_e>2</vG_e>
			<params>0</params>
			<LOCphy>12</LOCphy>
			<LOCpro>11</LOCpro>
			<LOCbl>0</LOCbl>
			<LOCcom alarmed="1">0</LOCcom>
			<N>26</N>
			<N1>17</N1>
			<N2>9</N2>
			<n>17</n>
			<n1>10</n1>
			<n2>7</n2>
			<V>106.274</V>
			<B>0.026</B>
			<D>6.429</D>
			<E>683.190</E>
			<L>0.156</L>
			<T>00:00:37</T>
			<MaxND>2</MaxND>
			<MIwoc>106</MIwoc>
			<MIcwc>0</MIcwc>
			<MI>106</MI>
			<operators>
				<token count="2">()</token>
				<token count="1">::</token>
				<token count="2">;</token>
				<token count="1">&lt;</token>
				<token count="3">&gt;</token>
				<token count="1">class</token>
				<token count="1">else</token>
				<token count="1">if()</token>
				<token count="2">return</token>
				<token count="3">{}</token>
			</operators>
			<operands>
				<token count="2">0</token>
				<token count="1">1</token>
				<token count="1">MySortedSet</token>
				<token count="2">T</token>
				<token count="1">count</token>
				<token count="1">int</token>
				<token count="1">isEmpty</token>
			</operands>
		</function>
		<function name="MySortedSet::isMember()">
			<start_line>66</start_line>
			<vG_b>2</vG_b>
			<vG_e>2</vG_e>
			<params>1</params>
			<LOCphy>12</LOCphy>
			<LOCpro>11</LOCpro>
			<LOCbl>0</LOCbl>
			<LOCcom alarmed="1">0</LOCcom>
			<N>31</N>
			<N1>18</N1>
			<N2>13</N2>
			<n>22</n>
			<n1>12</n1>
			<n2>10</n2>
			<V>138.242</V>
			<B>0.035</B>
			<D>7.800</D>
			<E>1078.291</E>
			<L>0.128</L>
			<T>00:00:59</T>
			<MaxND>2</MaxND>
			<MIwoc>105</MIwoc>
			<MIcwc>0</MIcwc>
			<MI>105</MI>
			<operators>
				<token count="1">!=</token>
				<token count="2">()</token>
				<token count="1">.</token>
				<token count="1">::</token>
				<token count="2">;</token>
				<token count="1">&lt;</token>
				<token count="2">&gt;</token>
				<token count="1">class</token>
				<token count="1">else</token>
				<token count="1">if()</token>
				<token count="2">return</token>
				<token count="3">{}</token>
			</operators>
			<operands>
				<token count="1">0</token>
				<token count="1">1</token>
				<token count="1">MySortedSet</token>
				<token count="1">NULL</token>
				<token count="3">T</token>
				<token count="1">container</token>
				<token count="2">ele</token>
				<token count="1">int</token>
				<token count="1">isMember</token>
				<token count="1">searchFor</token>
			</operands>
		</function>
		<function name="MySortedSet::isEqual()">
			<start_line>79</start_line>
			<vG_b>5</vG_b>
			<vG_e>9</vG_e>
			<params>1</params>
			<LOCphy>25</LOCphy>
			<LOCpro>22</LOCpro>
			<LOCbl>2</LOCbl>
			<LOCcom alarmed="1">0</LOCcom>
			<N>111</N>
			<N1>63</N1>
			<N2>48</N2>
			<n>32</n>
			<n1>18</n1>
			<n2>14</n2>
			<V>555.000</V>
			<B>0.221</B>
			<D>30.857</D>
			<E>17125.715</E>
			<L>0.032</L>
			<T>00:15:51</T>
			<MaxND>3</MaxND>
			<MIwoc>84</MIwoc>
			<MIcwc>0</MIcwc>
			<MI>84</MI>
			<operators>
				<token count="3">!=</token>
				<token count="3">&amp;&amp;</token>
				<token count="3">()</token>
				<token count="3">*</token>
				<token count="11">-&gt;</token>
				<token count="1">::</token>
				<token count="7">;</token>
				<token count="4">&lt;</token>
				<token count="4">=</token>
				<token count="4">==</token>
				<token count="5">&gt;</token>
				<token count="1">class</token>
				<token count="3">if()</token>
				<token count="3">return</token>
				<token count="1">true</token>
				<token count="1">while()</token>
				<token count="5">{}</token>
				<token count="1">||</token>
			</operators>
			<operands>
				<token count="2">0</token>
				<token count="1">1</token>
				<token count="2">ListItem</token>
				<token count="2">MySortedSet</token>
				<token count="6">NULL</token>
				<token count="5">T</token>
				<token count="2">anotherset</token>
				<token count="2">getListHead</token>
				<token count="1">int</token>
				<token count="1">isEqual</token>
				<token count="7">newlistptr</token>
				<token count="8">next</token>
				<token count="7">oldlistptr</token>
				<token count="2">value</token>
			</operands>
		</function>
		<function name="MySortedSet::isSubset()">
			<start_line>105</start_line>
			<vG_b>6</vG_b>
			<vG_e>10</vG_e>
			<params>1</params>
			<LOCphy>30</LOCphy>
			<LOCpro>26</LOCpro>
			<LOCbl>3</LOCbl>
			<LOCcom alarmed="1">0</LOCcom>
			<N>121</N>
			<N1>69</N1>
			<N2>52</N2>
			<n>36</n>
			<n1>19</n1>
			<n2>17</n2>
			<V>625.561</V>
			<B>0.230</B>
			<D>29.059</D>
			<E>18178.064</E>
			<L>0.034</L>
			<T>00:16:49</T>
			<MaxND>3</MaxND>
			<MIwoc>80</MIwoc>
			<MIcwc>0</MIcwc>
			<MI>80</MI>
			<operators>
				<token count="2">!=</token>
				<token count="3">&amp;&amp;</token>
				<token count="5">()</token>
				<token count="3">*</token>
				<token count="10">-&gt;</token>
				<token count="1">.</token>
				<token count="1">::</token>
				<token count="8">;</token>
				<token count="4">&lt;</token>
				<token count="4">=</token>
				<token count="5">==</token>
				<token count="5">&gt;</token>
				<token count="1">class</token>
				<token count="4">if()</token>
				<token count="4">return</token>
				<token count="1">true</token>
				<token count="1">while()</token>
				<token count="6">{}</token>
				<token count="1">||</token>
			</operators>
			<operands>
				<token count="1">0</token>
				<token count="3">1</token>
				<token count="2">ListItem</token>
				<token count="2">MySortedSet</token>
				<token count="7">NULL</token>
				<token count="5">T</token>
				<token count="3">anotherset</token>
				<token count="1">container</token>
				<token count="2">getListHead</token>
				<token count="1">int</token>
				<token count="1">isEqual</token>
				<token count="1">isSubset</token>
				<token count="7">newlistptr</token>
				<token count="8">next</token>
				<token count="6">oldlistptr</token>
				<token count="1">searchFor</token>
				<token count="1">value</token>
			</operands>
		</function>
		<function name="MySortedSet::count()">
			<start_line>136</start_line>
			<vG_b>1</vG_b>
			<vG_e>1</vG_e>
			<params>0</params>
			<LOCphy>5</LOCphy>
			<LOCpro>4</LOCpro>
			<LOCbl>0</LOCbl>
			<LOCcom>0</LOCcom>
			<N>18</N>
			<N1>11</N1>
			<N2>7</N2>
			<n>15</n>
			<n1>9</n1>
			<n2>6</n2>
			<V>70.324</V>
			<B>0.017</B>
			<D>5.250</D>
			<E>369.201</E>
			<L>0.190</L>
			<T>00:00:20</T>
			<MaxND>1</MaxND>
			<MIwoc>123</MIwoc>
			<MIcwc>0</MIcwc>
			<MI>123</MI>
			<operators>
				<token count="2">()</token>
				<token count="1">.</token>
				<token count="1">::</token>
				<token count="1">;</token>
				<token count="1">&lt;</token>
				<token count="2">&gt;</token>
				<token count="1">class</token>
				<token count="1">return</token>
				<token count="1">{}</token>
			</operators>
			<operands>
				<token count="1">MySortedSet</token>
				<token count="2">T</token>
				<token count="1">container</token>
				<token count="1">count</token>
				<token count="1">int</token>
				<token count="1">length</token>
			</operands>
		</function>
		<function name="MySortedSet::setUnion()">
			<start_line>142</start_line>
			<vG_b>3</vG_b>
			<vG_e>3</vG_e>
			<params>1</params>
			<LOCphy>22</LOCphy>
			<LOCpro>17</LOCpro>
			<LOCbl>4</LOCbl>
			<LOCcom alarmed="1">0</LOCcom>
			<N>102</N>
			<N1>58</N1>
			<N2>44</N2>
			<n>29</n>
			<n1>15</n1>
			<n2>14</n2>
			<V>495.514</V>
			<B>0.172</B>
			<D>23.571</D>
			<E>11679.975</E>
			<L>0.042</L>
			<T>00:10:48</T>
			<MaxND>2</MaxND>
			<MIwoc>88</MIwoc>
			<MIcwc>0</MIcwc>
			<MI>88</MI>
			<operators>
				<token count="2">!=</token>
				<token count="5">()</token>
				<token count="5">*</token>
				<token count="7">-&gt;</token>
				<token count="2">.</token>
				<token count="1">::</token>
				<token count="8">;</token>
				<token count="7">&lt;</token>
				<token count="5">=</token>
				<token count="8">&gt;</token>
				<token count="1">class</token>
				<token count="1">new</token>
				<token count="1">return</token>
				<token count="2">while()</token>
				<token count="3">{}</token>
			</operators>
			<operands>
				<token count="2">ListItem</token>
				<token count="5">MySortedSet</token>
				<token count="2">NULL</token>
				<token count="8">T</token>
				<token count="2">anotherset</token>
				<token count="2">container</token>
				<token count="2">getHead</token>
				<token count="2">insert</token>
				<token count="5">newlistptr</token>
				<token count="4">newset</token>
				<token count="2">next</token>
				<token count="5">oldlistptr</token>
				<token count="1">setUnion</token>
				<token count="2">value</token>
			</operands>
		</function>
		<function name="MySortedSet::setIntersection()">
			<start_line>165</start_line>
			<vG_b>4</vG_b>
			<vG_e>4</vG_e>
			<params>1</params>
			<LOCphy>23</LOCphy>
			<LOCpro>18</LOCpro>
			<LOCbl>4</LOCbl>
			<LOCcom alarmed="1">0</LOCcom>
			<N>91</N>
			<N1>53</N1>
			<N2>38</N2>
			<n>31</n>
			<n1>16</n1>
			<n2>15</n2>
			<V>450.832</V>
			<B>0.146</B>
			<D>20.267</D>
			<E>9136.859</E>
			<L>0.049</L>
			<T>00:08:27</T>
			<MaxND>3</MaxND>
			<MIwoc>88</MIwoc>
			<MIcwc>0</MIcwc>
			<MI>88</MI>
			<operators>
				<token count="2">!=</token>
				<token count="5">()</token>
				<token count="4">*</token>
				<token count="6">-&gt;</token>
				<token count="2">.</token>
				<token count="1">::</token>
				<token count="6">;</token>
				<token count="6">&lt;</token>
				<token count="3">=</token>
				<token count="7">&gt;</token>
				<token count="1">class</token>
				<token count="2">if()</token>
				<token count="1">new</token>
				<token count="2">return</token>
				<token count="1">while()</token>
				<token count="4">{}</token>
			</operators>
			<operands>
				<token count="1">ListItem</token>
				<token count="5">MySortedSet</token>
				<token count="2">NULL</token>
				<token count="7">T</token>
				<token count="3">anotherset</token>
				<token count="2">container</token>
				<token count="1">getHead</token>
				<token count="1">insert</token>
				<token count="1">isEmpty</token>
				<token count="6">newlistptr</token>
				<token count="4">newset</token>
				<token count="1">next</token>
				<token count="1">searchFor</token>
				<token count="1">setIntersection</token>
				<token count="2">value</token>
			</operands>
		</function>
		<function name="MySortedSet::setDifference()">
			<start_line>189</start_line>
			<vG_b>3</vG_b>
			<vG_e>3</vG_e>
			<params>1</params>
			<LOCphy>17</LOCphy>
			<LOCpro>14</LOCpro>
			<LOCbl>2</LOCbl>
			<LOCcom alarmed="1">0</LOCcom>
			<N>83</N>
			<N1>48</N1>
			<N2>35</N2>
			<n>31</n>
			<n1>17</n1>
			<n2>14</n2>
			<V>411.198</V>
			<B>0.141</B>
			<D>21.250</D>
			<E>8737.964</E>
			<L>0.047</L>
			<T>00:08:05</T>
			<MaxND>3</MaxND>
			<MIwoc>93</MIwoc>
			<MIcwc>0</MIcwc>
			<MI>93</MI>
			<operators>
				<token count="1">!=</token>
				<token count="5">()</token>
				<token count="4">*</token>
				<token count="5">-&gt;</token>
				<token count="2">.</token>
				<token count="1">::</token>
				<token count="5">;</token>
				<token count="6">&lt;</token>
				<token count="3">=</token>
				<token count="1">==</token>
				<token count="7">&gt;</token>
				<token count="1">class</token>
				<token count="1">if()</token>
				<token count="1">new</token>
				<token count="1">return</token>
				<token count="1">while()</token>
				<token count="3">{}</token>
			</operators>
			<operands>
				<token count="1">ListItem</token>
				<token count="5">MySortedSet</token>
				<token count="2">NULL</token>
				<token count="7">T</token>
				<token count="2">anotherset</token>
				<token count="2">container</token>
				<token count="1">getHead</token>
				<token count="1">insert</token>
				<token count="6">newlistptr</token>
				<token count="3">newset</token>
				<token count="1">next</token>
				<token count="1">searchFor</token>
				<token count="1">setDifference</token>
				<token count="2">value</token>
			</operands>
		</function>
		<file_total>
			<vG_b>21</vG_b>
			<vG_e>29</vG_e>
			<vG_b_max>6</vG_b_max>
			<vG_b_avg>2</vG_b_avg>
			<vG_e_max>10</vG_e_max>
			<vG_e_avg>3</vG_e_avg>
			<params>8</params>
			<LOCphy>203</LOCphy>
			<LOCpro>174</LOCpro>
			<LOCbl>30</LOCbl>
			<LOCcom alarmed="1">0</LOCcom>
			<N>735</N>
			<N1>440</N1>
			<N2>295</N2>
			<n>61</n>
			<n1>27</n1>
			<n2>34</n2>
			<V>4359.092</V>
			<B alarmed="1">2.129</B>
			<D>117.132</D>
			<E>510590.688</E>
			<L>0.009</L>
			<T>07:52:46</T>
			<MaxND>3</MaxND>
			<MIwoc>96</MIwoc>
			<MIcwc>0</MIcwc>
			<MI>96</MI>
			<operators>
				<token count="1">!</token>
				<token count="11">!=</token>
				<token count="2">#</token>
				<token count="6">&amp;&amp;</token>
				<token count="40">()</token>
				<token count="20">*</token>
				<token count="39">-&gt;</token>
				<token count="13">.</token>
				<token count="13">::</token>
				<token count="48">;</token>
				<token count="49">&lt;</token>
				<token count="19">=</token>
				<token count="10">==</token>
				<token count="50">&gt;</token>
				<token count="13">class</token>
				<token count="4">else</token>
				<token count="14">if()</token>
				<token count="1">namespace</token>
				<token count="3">new</token>
				<token count="21">return</token>
				<token count="13">template</token>
				<token count="2">true</token>
				<token count="1">using</token>
				<token count="6">while()</token>
				<token count="37">{}</token>
				<token count="2">||</token>
				<token count="2">~</token>
			</operators>
			<operands>
				<token count="8">0</token>
				<token count="8">1</token>
				<token count="1">LinkedList</token>
				<token count="9">ListItem</token>
				<token count="29">MySortedSet</token>
				<token count="20">NULL</token>
				<token count="52">T</token>
				<token count="12">anotherset</token>
				<token count="13">container</token>
				<token count="2">count</token>
				<token count="1">deleteEle</token>
				<token count="1">deleteElement</token>
				<token count="8">ele</token>
				<token count="5">getHead</token>
				<token count="5">getListHead</token>
				<token count="2">include</token>
				<token count="5">insert</token>
				<token count="1">insertSorted</token>
				<token count="7">int</token>
				<token count="2">isEmpty</token>
				<token count="2">isEqual</token>
				<token count="3">isMember</token>
				<token count="1">isSubset</token>
				<token count="1">length</token>
				<token count="31">newlistptr</token>
				<token count="11">newset</token>
				<token count="20">next</token>
				<token count="18">oldlistptr</token>
				<token count="4">searchFor</token>
				<token count="1">setDifference</token>
				<token count="1">setIntersection</token>
				<token count="1">setUnion</token>
				<token count="1">std</token>
				<token count="9">value</token>
			</operands>
		</file_total>
	</file>
	<system>
		<files>1</files>
		<functions>13</functions>
		<LOCphy>203</LOCphy>
		<LOCbl>30</LOCbl>
		<LOCpro>174</LOCpro>
		<LOCcom>0</LOCcom>
		<semicolons>48</semicolons>
		<vG_b>21</vG_b>
		<vG_e>29</vG_e>
		<params>8</params>
		<MIwoc>98</MIwoc>
		<MIcw>0</MIcw>
		<MI>98</MI>
		<alarms>
			<file_vG>
				<measured>1</measured>
				<alarmed>0</alarmed>
				<percent>0</percent>
				<lowlimit>1</lowlimit>
				<highlimit>100</highlimit>
			</file_vG>
			<file_LOCpro>
				<measured>1</measured>
				<alarmed>0</alarmed>
				<percent>0</percent>
				<lowlimit>4</lowlimit>
				<highlimit>400</highlimit>
			</file_LOCpro>
			<file_comment_percent>
				<measured>1</measured>
				<alarmed>1</alarmed>
				<percent>100</percent>
				<lowlimit>30</lowlimit>
				<highlimit>75</highlimit>
			</file_comment_percent>
			<file_V>
				<measured>1</measured>
				<alarmed>0</alarmed>
				<percent>0</percent>
				<lowlimit>100</lowlimit>
				<highlimit>8000</highlimit>
			</file_V>
			<file_B>
				<measured>1</measured>
				<alarmed>1</alarmed>
				<percent>100</percent>
				<lowlimit>0</lowlimit>
				<highlimit>2</highlimit>
			</file_B>
			<file_MI>
				<measured>1</measured>
				<alarmed>0</alarmed>
				<percent>0</percent>
				<lowlimit>65</lowlimit>
			</file_MI>
			<function_vG>
				<measured>13</measured>
				<alarmed>0</alarmed>
				<percent>0</percent>
				<lowlimit>1</lowlimit>
				<highlimit>10</highlimit>
			</function_vG>
			<function_LOCpro>
				<measured>13</measured>
				<alarmed>1</alarmed>
				<percent>7</percent>
				<lowlimit>4</lowlimit>
				<highlimit>40</highlimit>
			</function_LOCpro>
			<function_comment_percent>
				<measured>13</measured>
				<alarmed>9</alarmed>
				<percent>69</percent>
				<lowlimit>30</lowlimit>
				<highlimit>75</highlimit>
			</function_comment_percent>
			<function_V>
				<measured>13</measured>
				<alarmed>0</alarmed>
				<percent>0</percent>
				<lowlimit>20</lowlimit>
				<highlimit>1000</highlimit>
			</function_V>
			<function_MI>
				<measured>13</measured>
				<alarmed>0</alarmed>
				<percent>0</percent>
				<lowlimit>65</lowlimit>
			</function_MI>
		</alarms>
		<error_messages count="0">
		</error_messages>
	</system>
</cmt_long_report>
