<?xml version="1.0" ?>
<cmt_long_report>
	<header_info>
		<cmt_version>7.0</cmt_version>
		<copyright>Copyright (c) 1993-2013 Testwell Oy</copyright>
		<copyright>Copyright (c) 2013-2018 Verifysoft Technology GmbH</copyright>
		<license_notes>
		</license_notes>
		<date>Tue Apr  4 20:55:50 2023</date>
		<cmt_options> -o C:\Users\muawi\cmt\A1_T2_S5.xml -lf -f C:\Users\muawi\cmt\files.txt</cmt_options>
		<run_directory>C:\Testwell\CMT</run_directory>
		<mccabe_preference>extended</mccabe_preference>
	</header_info>
	<file name="C:\Users\muawi\OneDrive\Documents\Study\Junior Year\Topics in Internet Research\Project\PA1_ANON_DATA\PA1_ANON_DATA\folder_5\MySortedSet.cpp" stamp="1680056120">
		<function name="MySortedSet::MySortedSet()">
			<start_line>4</start_line>
			<vG_b>1</vG_b>
			<vG_e>1</vG_e>
			<params>0</params>
			<LOCphy>5</LOCphy>
			<LOCpro alarmed="1">3</LOCpro>
			<LOCbl>1</LOCbl>
			<LOCcom>0</LOCcom>
			<N>11</N>
			<N1>7</N1>
			<N2>4</N2>
			<n>8</n>
			<n1>6</n1>
			<n2>2</n2>
			<V>33.000</V>
			<B>0.011</B>
			<D>6.000</D>
			<E>198.000</E>
			<L>0.167</L>
			<T>00:00:11</T>
			<MaxND>1</MaxND>
			<MIwoc>127</MIwoc>
			<MIcwc>0</MIcwc>
			<MI>127</MI>
			<operators>
				<token count="1">()</token>
				<token count="1">::</token>
				<token count="1">&lt;</token>
				<token count="2">&gt;</token>
				<token count="1">class</token>
				<token count="1">{}</token>
			</operators>
			<operands>
				<token count="2">MySortedSet</token>
				<token count="2">T</token>
			</operands>
		</function>
		<function name="MySortedSet::~MySortedSet()">
			<start_line>10</start_line>
			<vG_b>1</vG_b>
			<vG_e>1</vG_e>
			<params>0</params>
			<LOCphy>5</LOCphy>
			<LOCpro alarmed="1">3</LOCpro>
			<LOCbl>1</LOCbl>
			<LOCcom>0</LOCcom>
			<N>12</N>
			<N1>8</N1>
			<N2>4</N2>
			<n>9</n>
			<n1>7</n1>
			<n2>2</n2>
			<V>38.039</V>
			<B>0.014</B>
			<D>7.000</D>
			<E>266.274</E>
			<L>0.143</L>
			<T>00:00:14</T>
			<MaxND>1</MaxND>
			<MIwoc>126</MIwoc>
			<MIcwc>0</MIcwc>
			<MI>126</MI>
			<operators>
				<token count="1">()</token>
				<token count="1">::</token>
				<token count="1">&lt;</token>
				<token count="2">&gt;</token>
				<token count="1">class</token>
				<token count="1">{}</token>
				<token count="1">~</token>
			</operators>
			<operands>
				<token count="2">MySortedSet</token>
				<token count="2">T</token>
			</operands>
		</function>
		<function name="MySortedSet::getListHead()">
			<start_line>16</start_line>
			<vG_b>1</vG_b>
			<vG_e>1</vG_e>
			<params>0</params>
			<LOCphy>5</LOCphy>
			<LOCpro>4</LOCpro>
			<LOCbl>0</LOCbl>
			<LOCcom>0</LOCcom>
			<N>22</N>
			<N1>14</N1>
			<N2>8</N2>
			<n>16</n>
			<n1>10</n1>
			<n2>6</n2>
			<V>88.000</V>
			<B>0.023</B>
			<D>6.667</D>
			<E>586.667</E>
			<L>0.150</L>
			<T>00:00:32</T>
			<MaxND>1</MaxND>
			<MIwoc>121</MIwoc>
			<MIcwc>0</MIcwc>
			<MI>121</MI>
			<operators>
				<token count="2">()</token>
				<token count="1">*</token>
				<token count="1">.</token>
				<token count="1">::</token>
				<token count="1">;</token>
				<token count="2">&lt;</token>
				<token count="3">&gt;</token>
				<token count="1">class</token>
				<token count="1">return</token>
				<token count="1">{}</token>
			</operators>
			<operands>
				<token count="1">ListItem</token>
				<token count="1">MySortedSet</token>
				<token count="3">T</token>
				<token count="1">container</token>
				<token count="1">getHead</token>
				<token count="1">getListHead</token>
			</operands>
		</function>
		<function name="MySortedSet::insert()">
			<start_line>22</start_line>
			<vG_b>2</vG_b>
			<vG_e>2</vG_e>
			<params>1</params>
			<LOCphy>13</LOCphy>
			<LOCpro>12</LOCpro>
			<LOCbl>0</LOCbl>
			<LOCcom alarmed="1">0</LOCcom>
			<N>33</N>
			<N1>19</N1>
			<N2>14</N2>
			<n>21</n>
			<n1>11</n1>
			<n2>10</n2>
			<V>144.946</V>
			<B>0.036</B>
			<D>7.700</D>
			<E>1116.088</E>
			<L>0.130</L>
			<T>00:01:02</T>
			<MaxND>2</MaxND>
			<MIwoc>103</MIwoc>
			<MIcwc>0</MIcwc>
			<MI>103</MI>
			<operators>
				<token count="3">()</token>
				<token count="1">.</token>
				<token count="1">::</token>
				<token count="3">;</token>
				<token count="1">&lt;</token>
				<token count="2">&gt;</token>
				<token count="1">class</token>
				<token count="1">else</token>
				<token count="1">if()</token>
				<token count="2">return</token>
				<token count="3">{}</token>
			</operators>
			<operands>
				<token count="1">0</token>
				<token count="1">1</token>
				<token count="1">MySortedSet</token>
				<token count="3">T</token>
				<token count="1">container</token>
				<token count="3">ele</token>
				<token count="1">insert</token>
				<token count="1">insertSorted</token>
				<token count="1">int</token>
				<token count="1">isMember</token>
			</operands>
		</function>
		<function name="MySortedSet::deleteEle()">
			<start_line>36</start_line>
			<vG_b>2</vG_b>
			<vG_e>2</vG_e>
			<params>1</params>
			<LOCphy>14</LOCphy>
			<LOCpro>13</LOCpro>
			<LOCbl>0</LOCbl>
			<LOCcom alarmed="1">1</LOCcom>
			<N>44</N>
			<N1>25</N1>
			<N2>19</N2>
			<n>25</n>
			<n1>13</n1>
			<n2>12</n2>
			<V>204.330</V>
			<B>0.055</B>
			<D>10.292</D>
			<E>2102.893</E>
			<L>0.097</L>
			<T>00:01:56</T>
			<MaxND>2</MaxND>
			<MIwoc>100</MIwoc>
			<MIcwc>20</MIcwc>
			<MI>120</MI>
			<operators>
				<token count="3">()</token>
				<token count="1">*</token>
				<token count="2">.</token>
				<token count="1">::</token>
				<token count="4">;</token>
				<token count="2">&lt;</token>
				<token count="1">=</token>
				<token count="3">&gt;</token>
				<token count="1">class</token>
				<token count="1">else</token>
				<token count="1">if()</token>
				<token count="2">return</token>
				<token count="3">{}</token>
			</operators>
			<operands>
				<token count="1">0</token>
				<token count="1">1</token>
				<token count="1">ListItem</token>
				<token count="1">MySortedSet</token>
				<token count="4">T</token>
				<token count="2">container</token>
				<token count="1">deleteEle</token>
				<token count="1">deleteElement</token>
				<token count="3">ele</token>
				<token count="2">element</token>
				<token count="1">int</token>
				<token count="1">searchFor</token>
			</operands>
		</function>
		<function name="MySortedSet::isEmpty()">
			<start_line>51</start_line>
			<vG_b>2</vG_b>
			<vG_e>2</vG_e>
			<params>0</params>
			<LOCphy>9</LOCphy>
			<LOCpro>8</LOCpro>
			<LOCbl>0</LOCbl>
			<LOCcom>0</LOCcom>
			<N>33</N>
			<N1>20</N1>
			<N2>13</N2>
			<n>23</n>
			<n1>13</n1>
			<n2>10</n2>
			<V>149.278</V>
			<B>0.039</B>
			<D>8.450</D>
			<E>1261.395</E>
			<L>0.118</L>
			<T>00:01:10</T>
			<MaxND>1</MaxND>
			<MIwoc>109</MIwoc>
			<MIcwc>0</MIcwc>
			<MI>109</MI>
			<operators>
				<token count="2">()</token>
				<token count="1">*</token>
				<token count="1">.</token>
				<token count="1">::</token>
				<token count="3">;</token>
				<token count="2">&lt;</token>
				<token count="1">=</token>
				<token count="3">&gt;</token>
				<token count="1">class</token>
				<token count="1">else</token>
				<token count="1">if()</token>
				<token count="2">return</token>
				<token count="1">{}</token>
			</operators>
			<operands>
				<token count="1">0</token>
				<token count="1">1</token>
				<token count="1">ListItem</token>
				<token count="1">MySortedSet</token>
				<token count="3">T</token>
				<token count="1">container</token>
				<token count="2">exists</token>
				<token count="1">getHead</token>
				<token count="1">int</token>
				<token count="1">isEmpty</token>
			</operands>
		</function>
		<function name="MySortedSet::isMember()">
			<start_line>61</start_line>
			<vG_b>2</vG_b>
			<vG_e>2</vG_e>
			<params>1</params>
			<LOCphy>9</LOCphy>
			<LOCpro>8</LOCpro>
			<LOCbl>0</LOCbl>
			<LOCcom>0</LOCcom>
			<N>36</N>
			<N1>20</N1>
			<N2>16</N2>
			<n>24</n>
			<n1>13</n1>
			<n2>11</n2>
			<V>165.059</V>
			<B>0.045</B>
			<D>9.455</D>
			<E>1560.555</E>
			<L>0.106</L>
			<T>00:01:26</T>
			<MaxND>1</MaxND>
			<MIwoc>108</MIwoc>
			<MIcwc>0</MIcwc>
			<MI>108</MI>
			<operators>
				<token count="2">()</token>
				<token count="1">*</token>
				<token count="1">.</token>
				<token count="1">::</token>
				<token count="3">;</token>
				<token count="2">&lt;</token>
				<token count="1">=</token>
				<token count="3">&gt;</token>
				<token count="1">class</token>
				<token count="1">else</token>
				<token count="1">if()</token>
				<token count="2">return</token>
				<token count="1">{}</token>
			</operators>
			<operands>
				<token count="1">0</token>
				<token count="1">1</token>
				<token count="1">ListItem</token>
				<token count="1">MySortedSet</token>
				<token count="4">T</token>
				<token count="1">container</token>
				<token count="2">ele</token>
				<token count="2">exists</token>
				<token count="1">int</token>
				<token count="1">isMember</token>
				<token count="1">searchFor</token>
			</operands>
		</function>
		<function name="MySortedSet::isEqual()">
			<start_line>71</start_line>
			<vG_b>7</vG_b>
			<vG_e alarmed="1">12</vG_e>
			<params>1</params>
			<LOCphy>25</LOCphy>
			<LOCpro>22</LOCpro>
			<LOCbl>2</LOCbl>
			<LOCcom alarmed="1">0</LOCcom>
			<N>132</N>
			<N1>76</N1>
			<N2>56</N2>
			<n>34</n>
			<n1>18</n1>
			<n2>16</n2>
			<V>671.545</V>
			<B>0.255</B>
			<D>31.500</D>
			<E>21153.670</E>
			<L>0.032</L>
			<T>00:19:35</T>
			<MaxND>4</MaxND>
			<MIwoc>82</MIwoc>
			<MIcwc>0</MIcwc>
			<MI>82</MI>
			<operators>
				<token count="5">!=</token>
				<token count="5">&amp;&amp;</token>
				<token count="3">()</token>
				<token count="3">*</token>
				<token count="9">-&gt;</token>
				<token count="1">.</token>
				<token count="1">::</token>
				<token count="10">;</token>
				<token count="4">&lt;</token>
				<token count="4">=</token>
				<token count="4">==</token>
				<token count="5">&gt;</token>
				<token count="1">class</token>
				<token count="5">else</token>
				<token count="5">if()</token>
				<token count="6">return</token>
				<token count="1">while()</token>
				<token count="4">{}</token>
			</operators>
			<operands>
				<token count="5">0</token>
				<token count="1">1</token>
				<token count="2">ListItem</token>
				<token count="2">MySortedSet</token>
				<token count="8">NULL</token>
				<token count="5">T</token>
				<token count="2">anotherset</token>
				<token count="1">container</token>
				<token count="1">getHead</token>
				<token count="1">getListHead</token>
				<token count="1">int</token>
				<token count="1">isEqual</token>
				<token count="6">next</token>
				<token count="9">oponent</token>
				<token count="9">temp</token>
				<token count="2">value</token>
			</operands>
		</function>
		<function name="MySortedSet::isSubset()">
			<start_line>97</start_line>
			<vG_b>3</vG_b>
			<vG_e>3</vG_e>
			<params>1</params>
			<LOCphy>11</LOCphy>
			<LOCpro>10</LOCpro>
			<LOCbl>0</LOCbl>
			<LOCcom alarmed="1">0</LOCcom>
			<N>52</N>
			<N1>30</N1>
			<N2>22</N2>
			<n>27</n>
			<n1>14</n1>
			<n2>13</n2>
			<V>247.254</V>
			<B>0.068</B>
			<D>11.846</D>
			<E>2929.011</E>
			<L>0.084</L>
			<T>00:02:42</T>
			<MaxND>2</MaxND>
			<MIwoc>103</MIwoc>
			<MIcwc>0</MIcwc>
			<MI>103</MI>
			<operators>
				<token count="1">!</token>
				<token count="3">()</token>
				<token count="2">*</token>
				<token count="3">-&gt;</token>
				<token count="1">::</token>
				<token count="4">;</token>
				<token count="3">&lt;</token>
				<token count="2">=</token>
				<token count="4">&gt;</token>
				<token count="1">class</token>
				<token count="1">if()</token>
				<token count="2">return</token>
				<token count="1">while()</token>
				<token count="2">{}</token>
			</operators>
			<operands>
				<token count="1">0</token>
				<token count="1">1</token>
				<token count="1">ListItem</token>
				<token count="2">MySortedSet</token>
				<token count="4">T</token>
				<token count="2">anotherset</token>
				<token count="1">getListHead</token>
				<token count="1">int</token>
				<token count="1">isMember</token>
				<token count="1">isSubset</token>
				<token count="1">next</token>
				<token count="5">oponent</token>
				<token count="1">value</token>
			</operands>
		</function>
		<function name="MySortedSet::setUnion()">
			<start_line>109</start_line>
			<vG_b>5</vG_b>
			<vG_e>5</vG_e>
			<params>1</params>
			<LOCphy>28</LOCphy>
			<LOCpro>25</LOCpro>
			<LOCbl>2</LOCbl>
			<LOCcom alarmed="1">0</LOCcom>
			<N>113</N>
			<N1>66</N1>
			<N2>47</N2>
			<n>30</n>
			<n1>16</n1>
			<n2>14</n2>
			<V>554.479</V>
			<B>0.202</B>
			<D>26.857</D>
			<E>14891.712</E>
			<L>0.037</L>
			<T>00:13:47</T>
			<MaxND>3</MaxND>
			<MIwoc>83</MIwoc>
			<MIcwc>0</MIcwc>
			<MI>83</MI>
			<operators>
				<token count="7">()</token>
				<token count="4">*</token>
				<token count="11">-&gt;</token>
				<token count="1">.</token>
				<token count="1">::</token>
				<token count="10">;</token>
				<token count="6">&lt;</token>
				<token count="5">=</token>
				<token count="7">&gt;</token>
				<token count="1">class</token>
				<token count="2">else</token>
				<token count="2">if()</token>
				<token count="1">new</token>
				<token count="1">return</token>
				<token count="2">while()</token>
				<token count="5">{}</token>
			</operators>
			<operands>
				<token count="1">ListItem</token>
				<token count="5">MySortedSet</token>
				<token count="7">T</token>
				<token count="2">anotherset</token>
				<token count="6">ans</token>
				<token count="1">container</token>
				<token count="1">getHead</token>
				<token count="1">getListHead</token>
				<token count="2">insert</token>
				<token count="2">isMember</token>
				<token count="2">next</token>
				<token count="1">setUnion</token>
				<token count="12">temp</token>
				<token count="4">value</token>
			</operands>
		</function>
		<function name="MySortedSet::setIntersection()">
			<start_line>138</start_line>
			<vG_b>4</vG_b>
			<vG_e>5</vG_e>
			<params>1</params>
			<LOCphy>26</LOCphy>
			<LOCpro>24</LOCpro>
			<LOCbl>1</LOCbl>
			<LOCcom alarmed="1">0</LOCcom>
			<N>124</N>
			<N1>71</N1>
			<N2>53</N2>
			<n>34</n>
			<n1>19</n1>
			<n2>15</n2>
			<V>630.845</V>
			<B>0.255</B>
			<D>33.567</D>
			<E>21175.377</E>
			<L>0.030</L>
			<T>00:19:36</T>
			<MaxND>3</MaxND>
			<MIwoc>84</MIwoc>
			<MIcwc>0</MIcwc>
			<MI>84</MI>
			<operators>
				<token count="2">!=</token>
				<token count="1">&amp;&amp;</token>
				<token count="4">()</token>
				<token count="5">*</token>
				<token count="11">-&gt;</token>
				<token count="1">.</token>
				<token count="1">::</token>
				<token count="9">;</token>
				<token count="8">&lt;</token>
				<token count="7">=</token>
				<token count="1">==</token>
				<token count="8">&gt;</token>
				<token count="1">class</token>
				<token count="2">else</token>
				<token count="2">if()</token>
				<token count="1">new</token>
				<token count="1">return</token>
				<token count="1">while()</token>
				<token count="5">{}</token>
			</operators>
			<operands>
				<token count="2">ListItem</token>
				<token count="5">MySortedSet</token>
				<token count="2">NULL</token>
				<token count="8">T</token>
				<token count="2">anotherset</token>
				<token count="3">ans</token>
				<token count="1">container</token>
				<token count="1">getHead</token>
				<token count="1">getListHead</token>
				<token count="1">insert</token>
				<token count="4">next</token>
				<token count="8">oponent</token>
				<token count="1">setIntersection</token>
				<token count="9">temp</token>
				<token count="5">value</token>
			</operands>
		</function>
		<function name="MySortedSet::setDifference()">
			<start_line>165</start_line>
			<vG_b>3</vG_b>
			<vG_e>3</vG_e>
			<params>1</params>
			<LOCphy>19</LOCphy>
			<LOCpro>16</LOCpro>
			<LOCbl>1</LOCbl>
			<LOCcom alarmed="1">1</LOCcom>
			<N>89</N>
			<N1>52</N1>
			<N2>37</N2>
			<n>31</n>
			<n1>16</n1>
			<n2>15</n2>
			<V>440.923</V>
			<B>0.141</B>
			<D>19.733</D>
			<E>8700.890</E>
			<L>0.051</L>
			<T>00:08:03</T>
			<MaxND>3</MaxND>
			<MIwoc>91</MIwoc>
			<MIcwc>17</MIcwc>
			<MI>108</MI>
			<operators>
				<token count="5">()</token>
				<token count="5">*</token>
				<token count="5">-&gt;</token>
				<token count="1">.</token>
				<token count="1">::</token>
				<token count="7">;</token>
				<token count="7">&lt;</token>
				<token count="4">=</token>
				<token count="8">&gt;</token>
				<token count="1">class</token>
				<token count="1">else</token>
				<token count="1">if()</token>
				<token count="1">new</token>
				<token count="1">return</token>
				<token count="1">while()</token>
				<token count="3">{}</token>
			</operators>
			<operands>
				<token count="1">ListItem</token>
				<token count="6">MySortedSet</token>
				<token count="8">T</token>
				<token count="2">anotherset</token>
				<token count="3">ans</token>
				<token count="1">container</token>
				<token count="1">getHead</token>
				<token count="1">insert</token>
				<token count="2">intersection</token>
				<token count="1">isMember</token>
				<token count="1">next</token>
				<token count="1">setDifference</token>
				<token count="1">setIntersection</token>
				<token count="6">temp</token>
				<token count="2">value</token>
			</operands>
		</function>
		<function name="MySortedSet::display()">
			<start_line>184</start_line>
			<vG_b>1</vG_b>
			<vG_e>1</vG_e>
			<params>0</params>
			<LOCphy>5</LOCphy>
			<LOCpro>4</LOCpro>
			<LOCbl>0</LOCbl>
			<LOCcom>0</LOCcom>
			<N>17</N>
			<N1>10</N1>
			<N2>7</N2>
			<n>13</n>
			<n1>8</n1>
			<n2>5</n2>
			<V>62.907</V>
			<B>0.017</B>
			<D>5.600</D>
			<E>352.282</E>
			<L>0.179</L>
			<T>00:00:19</T>
			<MaxND>1</MaxND>
			<MIwoc>123</MIwoc>
			<MIcwc>0</MIcwc>
			<MI>123</MI>
			<operators>
				<token count="2">()</token>
				<token count="1">.</token>
				<token count="1">::</token>
				<token count="1">;</token>
				<token count="1">&lt;</token>
				<token count="2">&gt;</token>
				<token count="1">class</token>
				<token count="1">{}</token>
			</operators>
			<operands>
				<token count="1">MySortedSet</token>
				<token count="2">T</token>
				<token count="1">container</token>
				<token count="2">display</token>
				<token count="1">void</token>
			</operands>
		</function>
		<file_total>
			<vG_b>22</vG_b>
			<vG_e>28</vG_e>
			<vG_b_max>7</vG_b_max>
			<vG_b_avg>2</vG_b_avg>
			<vG_e_max>12</vG_e_max>
			<vG_e_avg>3</vG_e_avg>
			<params>8</params>
			<LOCphy>186</LOCphy>
			<LOCpro>166</LOCpro>
			<LOCbl>20</LOCbl>
			<LOCcom alarmed="1">2</LOCcom>
			<N>746</N>
			<N1>445</N1>
			<N2>301</N2>
			<n>58</n>
			<n1>23</n1>
			<n2>35</n2>
			<V>4370.054</V>
			<B>1.905</B>
			<D>98.900</D>
			<E>432198.313</E>
			<L>0.010</L>
			<T>06:40:11</T>
			<MaxND>4</MaxND>
			<MIwoc>97</MIwoc>
			<MIcwc>8</MIcwc>
			<MI>105</MI>
			<operators>
				<token count="1">!</token>
				<token count="7">!=</token>
				<token count="1">#</token>
				<token count="6">&amp;&amp;</token>
				<token count="38">()</token>
				<token count="23">*</token>
				<token count="39">-&gt;</token>
				<token count="11">.</token>
				<token count="13">::</token>
				<token count="55">;</token>
				<token count="53">&lt;</token>
				<token count="25">=</token>
				<token count="5">==</token>
				<token count="52">&gt;</token>
				<token count="13">class</token>
				<token count="14">else</token>
				<token count="15">if()</token>
				<token count="3">new</token>
				<token count="20">return</token>
				<token count="13">template</token>
				<token count="6">while()</token>
				<token count="31">{}</token>
				<token count="1">~</token>
			</operators>
			<operands>
				<token count="10">0</token>
				<token count="6">1</token>
				<token count="11">ListItem</token>
				<token count="30">MySortedSet</token>
				<token count="10">NULL</token>
				<token count="55">T</token>
				<token count="10">anotherset</token>
				<token count="12">ans</token>
				<token count="11">container</token>
				<token count="1">deleteEle</token>
				<token count="1">deleteElement</token>
				<token count="2">display</token>
				<token count="8">ele</token>
				<token count="2">element</token>
				<token count="4">exists</token>
				<token count="6">getHead</token>
				<token count="5">getListHead</token>
				<token count="1">include</token>
				<token count="5">insert</token>
				<token count="1">insertSorted</token>
				<token count="6">int</token>
				<token count="2">intersection</token>
				<token count="1">isEmpty</token>
				<token count="1">isEqual</token>
				<token count="6">isMember</token>
				<token count="1">isSubset</token>
				<token count="14">next</token>
				<token count="22">oponent</token>
				<token count="2">searchFor</token>
				<token count="1">setDifference</token>
				<token count="2">setIntersection</token>
				<token count="1">setUnion</token>
				<token count="36">temp</token>
				<token count="14">value</token>
				<token count="1">void</token>
			</operands>
		</file_total>
	</file>
	<system>
		<files>1</files>
		<functions>13</functions>
		<LOCphy>186</LOCphy>
		<LOCbl>20</LOCbl>
		<LOCpro>166</LOCpro>
		<LOCcom>2</LOCcom>
		<semicolons>55</semicolons>
		<vG_b>22</vG_b>
		<vG_e>28</vG_e>
		<params>8</params>
		<MIwoc>99</MIwoc>
		<MIcw>8</MIcw>
		<MI>108</MI>
		<alarms>
			<file_vG>
				<measured>1</measured>
				<alarmed>0</alarmed>
				<percent>0</percent>
				<lowlimit>1</lowlimit>
				<highlimit>100</highlimit>
			</file_vG>
			<file_LOCpro>
				<measured>1</measured>
				<alarmed>0</alarmed>
				<percent>0</percent>
				<lowlimit>4</lowlimit>
				<highlimit>400</highlimit>
			</file_LOCpro>
			<file_comment_percent>
				<measured>1</measured>
				<alarmed>1</alarmed>
				<percent>100</percent>
				<lowlimit>30</lowlimit>
				<highlimit>75</highlimit>
			</file_comment_percent>
			<file_V>
				<measured>1</measured>
				<alarmed>0</alarmed>
				<percent>0</percent>
				<lowlimit>100</lowlimit>
				<highlimit>8000</highlimit>
			</file_V>
			<file_B>
				<measured>1</measured>
				<alarmed>0</alarmed>
				<percent>0</percent>
				<lowlimit>0</lowlimit>
				<highlimit>2</highlimit>
			</file_B>
			<file_MI>
				<measured>1</measured>
				<alarmed>0</alarmed>
				<percent>0</percent>
				<lowlimit>65</lowlimit>
			</file_MI>
			<function_vG>
				<measured>13</measured>
				<alarmed>1</alarmed>
				<percent>7</percent>
				<lowlimit>1</lowlimit>
				<highlimit>10</highlimit>
			</function_vG>
			<function_LOCpro>
				<measured>13</measured>
				<alarmed>2</alarmed>
				<percent>15</percent>
				<lowlimit>4</lowlimit>
				<highlimit>40</highlimit>
			</function_LOCpro>
			<function_comment_percent>
				<measured>13</measured>
				<alarmed>7</alarmed>
				<percent>53</percent>
				<lowlimit>30</lowlimit>
				<highlimit>75</highlimit>
			</function_comment_percent>
			<function_V>
				<measured>13</measured>
				<alarmed>0</alarmed>
				<percent>0</percent>
				<lowlimit>20</lowlimit>
				<highlimit>1000</highlimit>
			</function_V>
			<function_MI>
				<measured>13</measured>
				<alarmed>0</alarmed>
				<percent>0</percent>
				<lowlimit>65</lowlimit>
			</function_MI>
		</alarms>
		<error_messages count="0">
		</error_messages>
	</system>
</cmt_long_report>
