<?xml version="1.0" ?>
<cmt_long_report>
	<header_info>
		<cmt_version>7.0</cmt_version>
		<copyright>Copyright (c) 1993-2013 Testwell Oy</copyright>
		<copyright>Copyright (c) 2013-2018 Verifysoft Technology GmbH</copyright>
		<license_notes>
		</license_notes>
		<date>Tue Apr  4 21:11:22 2023</date>
		<cmt_options> -o C:\Users\muawi\cmt\A1_T2_S31.xml -lf -f C:\Users\muawi\cmt\files.txt</cmt_options>
		<run_directory>C:\Testwell\CMT</run_directory>
		<mccabe_preference>extended</mccabe_preference>
	</header_info>
	<file name="C:\Users\muawi\OneDrive\Documents\Study\Junior Year\Topics in Internet Research\Project\PA1_ANON_DATA\PA1_ANON_DATA\folder_31\MySortedSet.cpp" stamp="1680056124">
		<function name="MySortedSet::MySortedSet()">
			<start_line>4</start_line>
			<vG_b>1</vG_b>
			<vG_e>1</vG_e>
			<params>0</params>
			<LOCphy>6</LOCphy>
			<LOCpro>5</LOCpro>
			<LOCbl>0</LOCbl>
			<LOCcom>0</LOCcom>
			<N>25</N>
			<N1>15</N1>
			<N2>10</N2>
			<n>15</n>
			<n1>9</n1>
			<n2>6</n2>
			<V>97.672</V>
			<B>0.027</B>
			<D>7.500</D>
			<E>732.542</E>
			<L>0.133</L>
			<T>00:00:40</T>
			<MaxND>1</MaxND>
			<MIwoc>118</MIwoc>
			<MIcwc>0</MIcwc>
			<MI>118</MI>
			<operators>
				<token count="2">()</token>
				<token count="1">*</token>
				<token count="1">::</token>
				<token count="2">;</token>
				<token count="2">&lt;</token>
				<token count="2">=</token>
				<token count="3">&gt;</token>
				<token count="1">class</token>
				<token count="1">{}</token>
			</operators>
			<operands>
				<token count="1">ListItem</token>
				<token count="2">MySortedSet</token>
				<token count="1">NULL</token>
				<token count="3">T</token>
				<token count="1">getListHead</token>
				<token count="2">head</token>
			</operands>
		</function>
		<function name="MySortedSet::~MySortedSet()">
			<start_line>11</start_line>
			<vG_b>2</vG_b>
			<vG_e>2</vG_e>
			<params>0</params>
			<LOCphy>10</LOCphy>
			<LOCpro>8</LOCpro>
			<LOCbl>1</LOCbl>
			<LOCcom>0</LOCcom>
			<N>32</N>
			<N1>20</N1>
			<N2>12</N2>
			<n>21</n>
			<n1>13</n1>
			<n2>8</n2>
			<V>140.554</V>
			<B>0.041</B>
			<D>9.750</D>
			<E>1370.403</E>
			<L>0.103</L>
			<T>00:01:16</T>
			<MaxND>2</MaxND>
			<MIwoc>108</MIwoc>
			<MIcwc>0</MIcwc>
			<MI>108</MI>
			<operators>
				<token count="1">!=</token>
				<token count="3">()</token>
				<token count="1">*</token>
				<token count="1">.</token>
				<token count="1">::</token>
				<token count="2">;</token>
				<token count="2">&lt;</token>
				<token count="1">=</token>
				<token count="3">&gt;</token>
				<token count="1">class</token>
				<token count="1">while()</token>
				<token count="2">{}</token>
				<token count="1">~</token>
			</operators>
			<operands>
				<token count="1">ListItem</token>
				<token count="2">MySortedSet</token>
				<token count="1">NULL</token>
				<token count="3">T</token>
				<token count="1">container</token>
				<token count="1">deleteHead</token>
				<token count="1">getListHead</token>
				<token count="2">traverse</token>
			</operands>
		</function>
		<function name="MySortedSet::getListHead()">
			<start_line>22</start_line>
			<vG_b>1</vG_b>
			<vG_e>1</vG_e>
			<params>0</params>
			<LOCphy>5</LOCphy>
			<LOCpro>4</LOCpro>
			<LOCbl>0</LOCbl>
			<LOCcom>0</LOCcom>
			<N>22</N>
			<N1>14</N1>
			<N2>8</N2>
			<n>16</n>
			<n1>10</n1>
			<n2>6</n2>
			<V>88.000</V>
			<B>0.023</B>
			<D>6.667</D>
			<E>586.667</E>
			<L>0.150</L>
			<T>00:00:32</T>
			<MaxND>1</MaxND>
			<MIwoc>121</MIwoc>
			<MIcwc>0</MIcwc>
			<MI>121</MI>
			<operators>
				<token count="2">()</token>
				<token count="1">*</token>
				<token count="1">.</token>
				<token count="1">::</token>
				<token count="1">;</token>
				<token count="2">&lt;</token>
				<token count="3">&gt;</token>
				<token count="1">class</token>
				<token count="1">return</token>
				<token count="1">{}</token>
			</operators>
			<operands>
				<token count="1">ListItem</token>
				<token count="1">MySortedSet</token>
				<token count="3">T</token>
				<token count="1">container</token>
				<token count="1">getHead</token>
				<token count="1">getListHead</token>
			</operands>
		</function>
		<function name="MySortedSet::insert()">
			<start_line>28</start_line>
			<vG_b>3</vG_b>
			<vG_e>3</vG_e>
			<params>1</params>
			<LOCphy>18</LOCphy>
			<LOCpro>14</LOCpro>
			<LOCbl>3</LOCbl>
			<LOCcom alarmed="1">0</LOCcom>
			<N>54</N>
			<N1>30</N1>
			<N2>24</N2>
			<n>31</n>
			<n1>16</n1>
			<n2>15</n2>
			<V>267.527</V>
			<B>0.076</B>
			<D>12.800</D>
			<E>3424.341</E>
			<L>0.078</L>
			<T>00:03:10</T>
			<MaxND>3</MaxND>
			<MIwoc>94</MIwoc>
			<MIcwc>0</MIcwc>
			<MI>94</MI>
			<operators>
				<token count="1">!=</token>
				<token count="3">()</token>
				<token count="1">*</token>
				<token count="2">-&gt;</token>
				<token count="1">.</token>
				<token count="1">::</token>
				<token count="5">;</token>
				<token count="2">&lt;</token>
				<token count="2">=</token>
				<token count="1">==</token>
				<token count="3">&gt;</token>
				<token count="1">class</token>
				<token count="1">if()</token>
				<token count="2">return</token>
				<token count="1">while()</token>
				<token count="3">{}</token>
			</operators>
			<operands>
				<token count="1">0</token>
				<token count="1">1</token>
				<token count="1">ListItem</token>
				<token count="1">MySortedSet</token>
				<token count="1">NULL</token>
				<token count="4">T</token>
				<token count="1">container</token>
				<token count="3">ele</token>
				<token count="1">getListHead</token>
				<token count="1">insert</token>
				<token count="1">insertSorted</token>
				<token count="1">int</token>
				<token count="1">next</token>
				<token count="5">traverse</token>
				<token count="1">value</token>
			</operands>
		</function>
		<function name="MySortedSet::deleteEle()">
			<start_line>47</start_line>
			<vG_b>3</vG_b>
			<vG_e>3</vG_e>
			<params>1</params>
			<LOCphy>18</LOCphy>
			<LOCpro>14</LOCpro>
			<LOCbl>3</LOCbl>
			<LOCcom alarmed="1">0</LOCcom>
			<N>54</N>
			<N1>30</N1>
			<N2>24</N2>
			<n>31</n>
			<n1>16</n1>
			<n2>15</n2>
			<V>267.527</V>
			<B>0.076</B>
			<D>12.800</D>
			<E>3424.341</E>
			<L>0.078</L>
			<T>00:03:10</T>
			<MaxND>3</MaxND>
			<MIwoc>94</MIwoc>
			<MIcwc>0</MIcwc>
			<MI>94</MI>
			<operators>
				<token count="1">!=</token>
				<token count="3">()</token>
				<token count="1">*</token>
				<token count="2">-&gt;</token>
				<token count="1">.</token>
				<token count="1">::</token>
				<token count="5">;</token>
				<token count="2">&lt;</token>
				<token count="2">=</token>
				<token count="1">==</token>
				<token count="3">&gt;</token>
				<token count="1">class</token>
				<token count="1">if()</token>
				<token count="2">return</token>
				<token count="1">while()</token>
				<token count="3">{}</token>
			</operators>
			<operands>
				<token count="1">0</token>
				<token count="1">1</token>
				<token count="1">ListItem</token>
				<token count="1">MySortedSet</token>
				<token count="1">NULL</token>
				<token count="4">T</token>
				<token count="1">container</token>
				<token count="1">deleteEle</token>
				<token count="1">deleteElement</token>
				<token count="3">ele</token>
				<token count="1">getListHead</token>
				<token count="1">int</token>
				<token count="1">next</token>
				<token count="5">traverse</token>
				<token count="1">value</token>
			</operands>
		</function>
		<function name="MySortedSet::isEmpty()">
			<start_line>66</start_line>
			<vG_b>2</vG_b>
			<vG_e>2</vG_e>
			<params>0</params>
			<LOCphy>15</LOCphy>
			<LOCpro>12</LOCpro>
			<LOCbl>2</LOCbl>
			<LOCcom alarmed="1">0</LOCcom>
			<N>35</N>
			<N1>22</N1>
			<N2>13</N2>
			<n>23</n>
			<n1>13</n1>
			<n2>10</n2>
			<V>158.325</V>
			<B>0.040</B>
			<D>8.450</D>
			<E>1337.844</E>
			<L>0.118</L>
			<T>00:01:14</T>
			<MaxND>2</MaxND>
			<MIwoc>100</MIwoc>
			<MIcwc>0</MIcwc>
			<MI>100</MI>
			<operators>
				<token count="2">()</token>
				<token count="1">*</token>
				<token count="1">::</token>
				<token count="3">;</token>
				<token count="2">&lt;</token>
				<token count="1">=</token>
				<token count="1">==</token>
				<token count="3">&gt;</token>
				<token count="1">class</token>
				<token count="1">else</token>
				<token count="1">if()</token>
				<token count="2">return</token>
				<token count="3">{}</token>
			</operators>
			<operands>
				<token count="1">0</token>
				<token count="1">1</token>
				<token count="1">ListItem</token>
				<token count="1">MySortedSet</token>
				<token count="1">NULL</token>
				<token count="3">T</token>
				<token count="1">getListHead</token>
				<token count="1">int</token>
				<token count="1">isEmpty</token>
				<token count="2">traverse</token>
			</operands>
		</function>
		<function name="MySortedSet::isMember()">
			<start_line>82</start_line>
			<vG_b>3</vG_b>
			<vG_e>3</vG_e>
			<params>1</params>
			<LOCphy>17</LOCphy>
			<LOCpro>13</LOCpro>
			<LOCbl>3</LOCbl>
			<LOCcom alarmed="1">0</LOCcom>
			<N>48</N>
			<N1>27</N1>
			<N2>21</N2>
			<n>28</n>
			<n1>15</n1>
			<n2>13</n2>
			<V>230.753</V>
			<B>0.066</B>
			<D>12.115</D>
			<E>2795.662</E>
			<L>0.083</L>
			<T>00:02:35</T>
			<MaxND>3</MaxND>
			<MIwoc>96</MIwoc>
			<MIcwc>0</MIcwc>
			<MI>96</MI>
			<operators>
				<token count="1">!=</token>
				<token count="2">()</token>
				<token count="1">*</token>
				<token count="2">-&gt;</token>
				<token count="1">::</token>
				<token count="4">;</token>
				<token count="2">&lt;</token>
				<token count="2">=</token>
				<token count="1">==</token>
				<token count="3">&gt;</token>
				<token count="1">class</token>
				<token count="1">if()</token>
				<token count="2">return</token>
				<token count="1">while()</token>
				<token count="3">{}</token>
			</operators>
			<operands>
				<token count="1">0</token>
				<token count="1">1</token>
				<token count="1">ListItem</token>
				<token count="1">MySortedSet</token>
				<token count="1">NULL</token>
				<token count="4">T</token>
				<token count="2">ele</token>
				<token count="1">getListHead</token>
				<token count="1">int</token>
				<token count="1">isMember</token>
				<token count="1">next</token>
				<token count="5">traverse</token>
				<token count="1">value</token>
			</operands>
		</function>
		<function name="MySortedSet::isEqual()">
			<start_line>100</start_line>
			<vG_b>2</vG_b>
			<vG_e>5</vG_e>
			<params>1</params>
			<LOCphy>14</LOCphy>
			<LOCpro>11</LOCpro>
			<LOCbl>2</LOCbl>
			<LOCcom alarmed="1">0</LOCcom>
			<N>72</N>
			<N1>41</N1>
			<N2>31</N2>
			<n>27</n>
			<n1>16</n1>
			<n2>11</n2>
			<V>342.352</V>
			<B>0.130</B>
			<D>22.545</D>
			<E>7718.479</E>
			<L>0.044</L>
			<T>00:07:08</T>
			<MaxND>2</MaxND>
			<MIwoc>97</MIwoc>
			<MIcwc>0</MIcwc>
			<MI>97</MI>
			<operators>
				<token count="1">!</token>
				<token count="2">&amp;&amp;</token>
				<token count="4">()</token>
				<token count="3">*</token>
				<token count="5">-&gt;</token>
				<token count="1">::</token>
				<token count="5">;</token>
				<token count="4">&lt;</token>
				<token count="4">=</token>
				<token count="1">==</token>
				<token count="5">&gt;</token>
				<token count="1">class</token>
				<token count="1">return</token>
				<token count="1">while()</token>
				<token count="2">{}</token>
				<token count="1">||</token>
			</operators>
			<operands>
				<token count="2">ListItem</token>
				<token count="2">MySortedSet</token>
				<token count="5">T</token>
				<token count="2">anotherset</token>
				<token count="2">getListHead</token>
				<token count="1">int</token>
				<token count="1">isEqual</token>
				<token count="2">next</token>
				<token count="6">traverse1</token>
				<token count="6">traverse2</token>
				<token count="2">value</token>
			</operands>
		</function>
		<function name="MySortedSet::isSubset()">
			<start_line>115</start_line>
			<vG_b>7</vG_b>
			<vG_e>7</vG_e>
			<params>1</params>
			<LOCphy>47</LOCphy>
			<LOCpro>39</LOCpro>
			<LOCbl>7</LOCbl>
			<LOCcom alarmed="1">0</LOCcom>
			<N>120</N>
			<N1>73</N1>
			<N2>47</N2>
			<n>34</n>
			<n1>17</n1>
			<n2>17</n2>
			<V>610.496</V>
			<B>0.197</B>
			<D>23.500</D>
			<E>14346.646</E>
			<L>0.043</L>
			<T>00:13:17</T>
			<MaxND>4</MaxND>
			<MIwoc>74</MIwoc>
			<MIcwc>0</MIcwc>
			<MI>74</MI>
			<operators>
				<token count="8">()</token>
				<token count="3">*</token>
				<token count="7">-&gt;</token>
				<token count="2">.</token>
				<token count="1">::</token>
				<token count="9">;</token>
				<token count="4">&lt;</token>
				<token count="4">=</token>
				<token count="3">==</token>
				<token count="5">&gt;</token>
				<token count="1">&gt;=</token>
				<token count="1">class</token>
				<token count="4">else</token>
				<token count="4">if()</token>
				<token count="5">return</token>
				<token count="2">while()</token>
				<token count="10">{}</token>
			</operators>
			<operands>
				<token count="2">0</token>
				<token count="6">1</token>
				<token count="2">ListItem</token>
				<token count="2">MySortedSet</token>
				<token count="5">T</token>
				<token count="5">anotherset</token>
				<token count="2">container</token>
				<token count="2">getListHead</token>
				<token count="1">int</token>
				<token count="1">isEqual</token>
				<token count="2">isMember</token>
				<token count="1">isSubset</token>
				<token count="2">length</token>
				<token count="2">next</token>
				<token count="5">traverse1</token>
				<token count="5">traverse2</token>
				<token count="2">value</token>
			</operands>
		</function>
		<function name="MySortedSet::count()">
			<start_line>163</start_line>
			<vG_b>1</vG_b>
			<vG_e>1</vG_e>
			<params>0</params>
			<LOCphy>5</LOCphy>
			<LOCpro>4</LOCpro>
			<LOCbl>0</LOCbl>
			<LOCcom>0</LOCcom>
			<N>18</N>
			<N1>11</N1>
			<N2>7</N2>
			<n>15</n>
			<n1>9</n1>
			<n2>6</n2>
			<V>70.324</V>
			<B>0.017</B>
			<D>5.250</D>
			<E>369.201</E>
			<L>0.190</L>
			<T>00:00:20</T>
			<MaxND>1</MaxND>
			<MIwoc>123</MIwoc>
			<MIcwc>0</MIcwc>
			<MI>123</MI>
			<operators>
				<token count="2">()</token>
				<token count="1">.</token>
				<token count="1">::</token>
				<token count="1">;</token>
				<token count="1">&lt;</token>
				<token count="2">&gt;</token>
				<token count="1">class</token>
				<token count="1">return</token>
				<token count="1">{}</token>
			</operators>
			<operands>
				<token count="1">MySortedSet</token>
				<token count="2">T</token>
				<token count="1">container</token>
				<token count="1">count</token>
				<token count="1">int</token>
				<token count="1">length</token>
			</operands>
		</function>
		<function name="MySortedSet::setUnion()">
			<start_line>169</start_line>
			<vG_b>4</vG_b>
			<vG_e>4</vG_e>
			<params>1</params>
			<LOCphy>29</LOCphy>
			<LOCpro>24</LOCpro>
			<LOCbl>4</LOCbl>
			<LOCcom alarmed="1">0</LOCcom>
			<N>114</N>
			<N1>66</N1>
			<N2>48</N2>
			<n>30</n>
			<n1>16</n1>
			<n2>14</n2>
			<V>559.385</V>
			<B>0.206</B>
			<D>27.429</D>
			<E>15343.146</E>
			<L>0.036</L>
			<T>00:14:12</T>
			<MaxND>3</MaxND>
			<MIwoc>83</MIwoc>
			<MIcwc>0</MIcwc>
			<MI>83</MI>
			<operators>
				<token count="7">()</token>
				<token count="5">*</token>
				<token count="10">-&gt;</token>
				<token count="1">::</token>
				<token count="9">;</token>
				<token count="7">&lt;</token>
				<token count="6">=</token>
				<token count="1">==</token>
				<token count="8">&gt;</token>
				<token count="1">class</token>
				<token count="1">else</token>
				<token count="1">if()</token>
				<token count="1">new</token>
				<token count="1">return</token>
				<token count="2">while()</token>
				<token count="5">{}</token>
			</operators>
			<operands>
				<token count="1">0</token>
				<token count="2">ListItem</token>
				<token count="5">MySortedSet</token>
				<token count="8">T</token>
				<token count="2">anotherset</token>
				<token count="2">getListHead</token>
				<token count="2">insert</token>
				<token count="1">isMember</token>
				<token count="3">next</token>
				<token count="1">setUnion</token>
				<token count="5">temp</token>
				<token count="5">traverse1</token>
				<token count="8">traverse2</token>
				<token count="3">value</token>
			</operands>
		</function>
		<function name="MySortedSet::setIntersection()">
			<start_line>199</start_line>
			<vG_b>3</vG_b>
			<vG_e>4</vG_e>
			<params>1</params>
			<LOCphy>23</LOCphy>
			<LOCpro>19</LOCpro>
			<LOCbl>3</LOCbl>
			<LOCcom alarmed="1">0</LOCcom>
			<N>106</N>
			<N1>61</N1>
			<N2>45</N2>
			<n>32</n>
			<n1>17</n1>
			<n2>15</n2>
			<V>530.000</V>
			<B>0.189</B>
			<D>25.500</D>
			<E>13515.000</E>
			<L>0.039</L>
			<T>00:12:30</T>
			<MaxND>3</MaxND>
			<MIwoc>87</MIwoc>
			<MIcwc>0</MIcwc>
			<MI>87</MI>
			<operators>
				<token count="1">&amp;&amp;</token>
				<token count="7">()</token>
				<token count="5">*</token>
				<token count="8">-&gt;</token>
				<token count="1">::</token>
				<token count="7">;</token>
				<token count="7">&lt;</token>
				<token count="5">=</token>
				<token count="2">==</token>
				<token count="8">&gt;</token>
				<token count="1">class</token>
				<token count="1">else</token>
				<token count="1">if()</token>
				<token count="1">new</token>
				<token count="1">return</token>
				<token count="1">while()</token>
				<token count="4">{}</token>
			</operators>
			<operands>
				<token count="2">1</token>
				<token count="1">ListItem</token>
				<token count="6">MySortedSet</token>
				<token count="8">T</token>
				<token count="3">anotherset</token>
				<token count="1">getListHead</token>
				<token count="1">insert</token>
				<token count="2">isMember</token>
				<token count="2">next</token>
				<token count="1">setIntersection</token>
				<token count="1">setUnion</token>
				<token count="3">temp</token>
				<token count="2">temp1</token>
				<token count="9">traverse</token>
				<token count="3">value</token>
			</operands>
		</function>
		<function name="MySortedSet::setDifference()">
			<start_line>223</start_line>
			<vG_b>3</vG_b>
			<vG_e>3</vG_e>
			<params>1</params>
			<LOCphy>23</LOCphy>
			<LOCpro>19</LOCpro>
			<LOCbl>3</LOCbl>
			<LOCcom alarmed="1">0</LOCcom>
			<N>94</N>
			<N1>55</N1>
			<N2>39</N2>
			<n>29</n>
			<n1>15</n1>
			<n2>14</n2>
			<V>456.650</V>
			<B>0.150</B>
			<D>20.893</D>
			<E>9540.728</E>
			<L>0.048</L>
			<T>00:08:50</T>
			<MaxND>3</MaxND>
			<MIwoc>88</MIwoc>
			<MIcwc>0</MIcwc>
			<MI>88</MI>
			<operators>
				<token count="6">()</token>
				<token count="5">*</token>
				<token count="6">-&gt;</token>
				<token count="1">::</token>
				<token count="7">;</token>
				<token count="7">&lt;</token>
				<token count="5">=</token>
				<token count="8">&gt;</token>
				<token count="1">class</token>
				<token count="1">else</token>
				<token count="1">if()</token>
				<token count="1">new</token>
				<token count="1">return</token>
				<token count="1">while()</token>
				<token count="4">{}</token>
			</operators>
			<operands>
				<token count="1">ListItem</token>
				<token count="6">MySortedSet</token>
				<token count="8">T</token>
				<token count="2">anotherset</token>
				<token count="1">getListHead</token>
				<token count="1">insert</token>
				<token count="1">isMember</token>
				<token count="2">next</token>
				<token count="1">setDifference</token>
				<token count="1">setIntersection</token>
				<token count="3">temp</token>
				<token count="2">temp1</token>
				<token count="8">traverse</token>
				<token count="2">value</token>
			</operands>
		</function>
		<file_total>
			<vG_b>23</vG_b>
			<vG_e>27</vG_e>
			<vG_b_max>7</vG_b_max>
			<vG_b_avg>2</vG_b_avg>
			<vG_e_max>7</vG_e_max>
			<vG_e_avg>3</vG_e_avg>
			<params>8</params>
			<LOCphy>244</LOCphy>
			<LOCpro>200</LOCpro>
			<LOCbl>44</LOCbl>
			<LOCcom alarmed="1">0</LOCcom>
			<N>822</N>
			<N1>492</N1>
			<N2>330</N2>
			<n>60</n>
			<n1>25</n1>
			<n2>35</n2>
			<V>4855.464</V>
			<B alarmed="1">2.298</B>
			<D>117.857</D>
			<E>572251.125</E>
			<L>0.008</L>
			<T>08:49:51</T>
			<MaxND>4</MaxND>
			<MIwoc>92</MIwoc>
			<MIcwc>0</MIcwc>
			<MI>92</MI>
			<operators>
				<token count="1">!</token>
				<token count="4">!=</token>
				<token count="1">#</token>
				<token count="3">&amp;&amp;</token>
				<token count="51">()</token>
				<token count="28">*</token>
				<token count="42">-&gt;</token>
				<token count="7">.</token>
				<token count="13">::</token>
				<token count="60">;</token>
				<token count="57">&lt;</token>
				<token count="34">=</token>
				<token count="11">==</token>
				<token count="57">&gt;</token>
				<token count="1">&gt;=</token>
				<token count="13">class</token>
				<token count="8">else</token>
				<token count="11">if()</token>
				<token count="3">new</token>
				<token count="19">return</token>
				<token count="13">template</token>
				<token count="11">while()</token>
				<token count="42">{}</token>
				<token count="1">||</token>
				<token count="1">~</token>
			</operators>
			<operands>
				<token count="7">0</token>
				<token count="12">1</token>
				<token count="15">ListItem</token>
				<token count="31">MySortedSet</token>
				<token count="6">NULL</token>
				<token count="60">T</token>
				<token count="14">anotherset</token>
				<token count="7">container</token>
				<token count="1">count</token>
				<token count="1">deleteEle</token>
				<token count="1">deleteElement</token>
				<token count="1">deleteHead</token>
				<token count="8">ele</token>
				<token count="1">getHead</token>
				<token count="15">getListHead</token>
				<token count="2">head</token>
				<token count="1">include</token>
				<token count="5">insert</token>
				<token count="1">insertSorted</token>
				<token count="7">int</token>
				<token count="1">isEmpty</token>
				<token count="2">isEqual</token>
				<token count="7">isMember</token>
				<token count="1">isSubset</token>
				<token count="3">length</token>
				<token count="14">next</token>
				<token count="1">setDifference</token>
				<token count="2">setIntersection</token>
				<token count="2">setUnion</token>
				<token count="11">temp</token>
				<token count="4">temp1</token>
				<token count="36">traverse</token>
				<token count="16">traverse1</token>
				<token count="19">traverse2</token>
				<token count="15">value</token>
			</operands>
		</file_total>
	</file>
	<system>
		<files>1</files>
		<functions>13</functions>
		<LOCphy>244</LOCphy>
		<LOCbl>44</LOCbl>
		<LOCpro>200</LOCpro>
		<LOCcom>0</LOCcom>
		<semicolons>60</semicolons>
		<vG_b>23</vG_b>
		<vG_e>27</vG_e>
		<params>8</params>
		<MIwoc>94</MIwoc>
		<MIcw>0</MIcw>
		<MI>94</MI>
		<alarms>
			<file_vG>
				<measured>1</measured>
				<alarmed>0</alarmed>
				<percent>0</percent>
				<lowlimit>1</lowlimit>
				<highlimit>100</highlimit>
			</file_vG>
			<file_LOCpro>
				<measured>1</measured>
				<alarmed>0</alarmed>
				<percent>0</percent>
				<lowlimit>4</lowlimit>
				<highlimit>400</highlimit>
			</file_LOCpro>
			<file_comment_percent>
				<measured>1</measured>
				<alarmed>1</alarmed>
				<percent>100</percent>
				<lowlimit>30</lowlimit>
				<highlimit>75</highlimit>
			</file_comment_percent>
			<file_V>
				<measured>1</measured>
				<alarmed>0</alarmed>
				<percent>0</percent>
				<lowlimit>100</lowlimit>
				<highlimit>8000</highlimit>
			</file_V>
			<file_B>
				<measured>1</measured>
				<alarmed>1</alarmed>
				<percent>100</percent>
				<lowlimit>0</lowlimit>
				<highlimit>2</highlimit>
			</file_B>
			<file_MI>
				<measured>1</measured>
				<alarmed>0</alarmed>
				<percent>0</percent>
				<lowlimit>65</lowlimit>
			</file_MI>
			<function_vG>
				<measured>13</measured>
				<alarmed>0</alarmed>
				<percent>0</percent>
				<lowlimit>1</lowlimit>
				<highlimit>10</highlimit>
			</function_vG>
			<function_LOCpro>
				<measured>13</measured>
				<alarmed>0</alarmed>
				<percent>0</percent>
				<lowlimit>4</lowlimit>
				<highlimit>40</highlimit>
			</function_LOCpro>
			<function_comment_percent>
				<measured>13</measured>
				<alarmed>9</alarmed>
				<percent>69</percent>
				<lowlimit>30</lowlimit>
				<highlimit>75</highlimit>
			</function_comment_percent>
			<function_V>
				<measured>13</measured>
				<alarmed>0</alarmed>
				<percent>0</percent>
				<lowlimit>20</lowlimit>
				<highlimit>1000</highlimit>
			</function_V>
			<function_MI>
				<measured>13</measured>
				<alarmed>0</alarmed>
				<percent>0</percent>
				<lowlimit>65</lowlimit>
			</function_MI>
		</alarms>
		<error_messages count="0">
		</error_messages>
	</system>
</cmt_long_report>
