<?xml version="1.0" ?>
<cmt_long_report>
	<header_info>
		<cmt_version>7.0</cmt_version>
		<copyright>Copyright (c) 1993-2013 Testwell Oy</copyright>
		<copyright>Copyright (c) 2013-2018 Verifysoft Technology GmbH</copyright>
		<license_notes>
		</license_notes>
		<date>Tue Apr  4 22:35:43 2023</date>
		<cmt_options> -o C:\Users\muawi\cmt\A1_T2_S142.xml -lf -f C:\Users\muawi\cmt\files.txt</cmt_options>
		<run_directory>C:\Testwell\CMT</run_directory>
		<mccabe_preference>extended</mccabe_preference>
	</header_info>
	<file name="C:\Users\muawi\OneDrive\Documents\Study\Junior Year\Topics in Internet Research\Project\PA1_ANON_DATA\PA1_ANON_DATA\folder_142\MySortedSet.cpp" stamp="1680056158">
		<function name="MySortedSet::MySortedSet()">
			<start_line>4</start_line>
			<vG_b>1</vG_b>
			<vG_e>1</vG_e>
			<params>0</params>
			<LOCphy>6</LOCphy>
			<LOCpro alarmed="1">3</LOCpro>
			<LOCbl>2</LOCbl>
			<LOCcom>0</LOCcom>
			<N>11</N>
			<N1>7</N1>
			<N2>4</N2>
			<n>8</n>
			<n1>6</n1>
			<n2>2</n2>
			<V>33.000</V>
			<B>0.011</B>
			<D>6.000</D>
			<E>198.000</E>
			<L>0.167</L>
			<T>00:00:11</T>
			<MaxND>1</MaxND>
			<MIwoc>124</MIwoc>
			<MIcwc>0</MIcwc>
			<MI>124</MI>
			<operators>
				<token count="1">()</token>
				<token count="1">::</token>
				<token count="1">&lt;</token>
				<token count="2">&gt;</token>
				<token count="1">class</token>
				<token count="1">{}</token>
			</operators>
			<operands>
				<token count="2">MySortedSet</token>
				<token count="2">T</token>
			</operands>
		</function>
		<function name="MySortedSet::~MySortedSet()">
			<start_line>11</start_line>
			<vG_b>1</vG_b>
			<vG_e>1</vG_e>
			<params>0</params>
			<LOCphy>3</LOCphy>
			<LOCpro alarmed="1">2</LOCpro>
			<LOCbl>0</LOCbl>
			<LOCcom>0</LOCcom>
			<N>12</N>
			<N1>8</N1>
			<N2>4</N2>
			<n>9</n>
			<n1>7</n1>
			<n2>2</n2>
			<V>38.039</V>
			<B>0.014</B>
			<D>7.000</D>
			<E>266.274</E>
			<L>0.143</L>
			<T>00:00:14</T>
			<MaxND>1</MaxND>
			<MIwoc>134</MIwoc>
			<MIcwc>0</MIcwc>
			<MI>134</MI>
			<operators>
				<token count="1">()</token>
				<token count="1">::</token>
				<token count="1">&lt;</token>
				<token count="2">&gt;</token>
				<token count="1">class</token>
				<token count="1">{}</token>
				<token count="1">~</token>
			</operators>
			<operands>
				<token count="2">MySortedSet</token>
				<token count="2">T</token>
			</operands>
		</function>
		<function name="MySortedSet::getListHead()">
			<start_line>15</start_line>
			<vG_b>1</vG_b>
			<vG_e>1</vG_e>
			<params>0</params>
			<LOCphy>6</LOCphy>
			<LOCpro>4</LOCpro>
			<LOCbl>1</LOCbl>
			<LOCcom>0</LOCcom>
			<N>22</N>
			<N1>14</N1>
			<N2>8</N2>
			<n>16</n>
			<n1>10</n1>
			<n2>6</n2>
			<V>88.000</V>
			<B>0.023</B>
			<D>6.667</D>
			<E>586.667</E>
			<L>0.150</L>
			<T>00:00:32</T>
			<MaxND>1</MaxND>
			<MIwoc>118</MIwoc>
			<MIcwc>0</MIcwc>
			<MI>118</MI>
			<operators>
				<token count="2">()</token>
				<token count="1">*</token>
				<token count="1">.</token>
				<token count="1">::</token>
				<token count="1">;</token>
				<token count="2">&lt;</token>
				<token count="3">&gt;</token>
				<token count="1">class</token>
				<token count="1">return</token>
				<token count="1">{}</token>
			</operators>
			<operands>
				<token count="1">ListItem</token>
				<token count="1">MySortedSet</token>
				<token count="3">T</token>
				<token count="1">container</token>
				<token count="1">getHead</token>
				<token count="1">getListHead</token>
			</operands>
		</function>
		<function name="MySortedSet::insert()">
			<start_line>22</start_line>
			<vG_b>2</vG_b>
			<vG_e>2</vG_e>
			<params>1</params>
			<LOCphy>14</LOCphy>
			<LOCpro>12</LOCpro>
			<LOCbl>1</LOCbl>
			<LOCcom alarmed="1">0</LOCcom>
			<N>37</N>
			<N1>21</N1>
			<N2>16</N2>
			<n>23</n>
			<n1>12</n1>
			<n2>11</n2>
			<V>167.372</V>
			<B>0.043</B>
			<D>8.727</D>
			<E>1460.699</E>
			<L>0.115</L>
			<T>00:01:21</T>
			<MaxND>2</MaxND>
			<MIwoc>101</MIwoc>
			<MIcwc>0</MIcwc>
			<MI>101</MI>
			<operators>
				<token count="3">()</token>
				<token count="2">.</token>
				<token count="1">::</token>
				<token count="3">;</token>
				<token count="1">&lt;</token>
				<token count="1">==</token>
				<token count="2">&gt;</token>
				<token count="1">class</token>
				<token count="1">else</token>
				<token count="1">if()</token>
				<token count="2">return</token>
				<token count="3">{}</token>
			</operators>
			<operands>
				<token count="1">0</token>
				<token count="1">1</token>
				<token count="1">MySortedSet</token>
				<token count="1">NULL</token>
				<token count="3">T</token>
				<token count="2">container</token>
				<token count="3">ele</token>
				<token count="1">insert</token>
				<token count="1">insertSorted</token>
				<token count="1">int</token>
				<token count="1">searchFor</token>
			</operands>
		</function>
		<function name="MySortedSet::deleteEle()">
			<start_line>37</start_line>
			<vG_b>1</vG_b>
			<vG_e>1</vG_e>
			<params>1</params>
			<LOCphy>19</LOCphy>
			<LOCpro alarmed="1">3</LOCpro>
			<LOCbl>6</LOCbl>
			<LOCcom>9</LOCcom>
			<N>14</N>
			<N1>7</N1>
			<N2>7</N2>
			<n>11</n>
			<n1>6</n1>
			<n2>5</n2>
			<V>48.432</V>
			<B>0.012</B>
			<D>4.200</D>
			<E>203.415</E>
			<L>0.238</L>
			<T>00:00:11</T>
			<MaxND>1</MaxND>
			<MIwoc>103</MIwoc>
			<MIcwc>44</MIcwc>
			<MI>147</MI>
			<operators>
				<token count="1">()</token>
				<token count="1">::</token>
				<token count="1">&lt;</token>
				<token count="2">&gt;</token>
				<token count="1">class</token>
				<token count="1">{}</token>
			</operators>
			<operands>
				<token count="1">MySortedSet</token>
				<token count="3">T</token>
				<token count="1">deleteEle</token>
				<token count="1">ele</token>
				<token count="1">int</token>
			</operands>
		</function>
		<function name="MySortedSet::isEmpty()">
			<start_line>57</start_line>
			<vG_b>2</vG_b>
			<vG_e>2</vG_e>
			<params>0</params>
			<LOCphy>13</LOCphy>
			<LOCpro>11</LOCpro>
			<LOCbl>1</LOCbl>
			<LOCcom alarmed="1">0</LOCcom>
			<N>28</N>
			<N1>18</N1>
			<N2>10</N2>
			<n>21</n>
			<n1>12</n1>
			<n2>9</n2>
			<V>122.985</V>
			<B>0.029</B>
			<D>6.667</D>
			<E>819.899</E>
			<L>0.150</L>
			<T>00:00:45</T>
			<MaxND>2</MaxND>
			<MIwoc>104</MIwoc>
			<MIcwc>0</MIcwc>
			<MI>104</MI>
			<operators>
				<token count="2">()</token>
				<token count="1">.</token>
				<token count="1">::</token>
				<token count="2">;</token>
				<token count="1">&lt;</token>
				<token count="1">==</token>
				<token count="2">&gt;</token>
				<token count="1">class</token>
				<token count="1">else</token>
				<token count="1">if()</token>
				<token count="2">return</token>
				<token count="3">{}</token>
			</operators>
			<operands>
				<token count="1">0</token>
				<token count="1">1</token>
				<token count="1">MySortedSet</token>
				<token count="1">NULL</token>
				<token count="2">T</token>
				<token count="1">container</token>
				<token count="1">getHead</token>
				<token count="1">int</token>
				<token count="1">isEmpty</token>
			</operands>
		</function>
		<function name="MySortedSet::isMember()">
			<start_line>71</start_line>
			<vG_b>3</vG_b>
			<vG_e>3</vG_e>
			<params>1</params>
			<LOCphy>17</LOCphy>
			<LOCpro>15</LOCpro>
			<LOCbl>1</LOCbl>
			<LOCcom alarmed="1">0</LOCcom>
			<N>42</N>
			<N1>25</N1>
			<N2>17</N2>
			<n>23</n>
			<n1>12</n1>
			<n2>11</n2>
			<V>189.990</V>
			<B>0.049</B>
			<D>9.273</D>
			<E>1761.722</E>
			<L>0.108</L>
			<T>00:01:37</T>
			<MaxND>2</MaxND>
			<MIwoc>97</MIwoc>
			<MIcwc>0</MIcwc>
			<MI>97</MI>
			<operators>
				<token count="3">()</token>
				<token count="2">.</token>
				<token count="1">::</token>
				<token count="3">;</token>
				<token count="1">&lt;</token>
				<token count="2">==</token>
				<token count="2">&gt;</token>
				<token count="1">class</token>
				<token count="1">else</token>
				<token count="2">if()</token>
				<token count="3">return</token>
				<token count="4">{}</token>
			</operators>
			<operands>
				<token count="2">0</token>
				<token count="1">1</token>
				<token count="1">MySortedSet</token>
				<token count="2">NULL</token>
				<token count="3">T</token>
				<token count="2">container</token>
				<token count="2">ele</token>
				<token count="1">getHead</token>
				<token count="1">int</token>
				<token count="1">isMember</token>
				<token count="1">searchFor</token>
			</operands>
		</function>
		<function name="MySortedSet::isEqual()">
			<start_line>89</start_line>
			<vG_b>3</vG_b>
			<vG_e>3</vG_e>
			<params>1</params>
			<LOCphy>23</LOCphy>
			<LOCpro>15</LOCpro>
			<LOCbl>7</LOCbl>
			<LOCcom alarmed="1">0</LOCcom>
			<N>76</N>
			<N1>44</N1>
			<N2>32</N2>
			<n>33</n>
			<n1>16</n1>
			<n2>17</n2>
			<V>383.374</V>
			<B>0.107</B>
			<D>15.059</D>
			<E>5773.161</E>
			<L>0.066</L>
			<T>00:05:20</T>
			<MaxND>3</MaxND>
			<MIwoc>89</MIwoc>
			<MIcwc>0</MIcwc>
			<MI>89</MI>
			<operators>
				<token count="1">!</token>
				<token count="1">!=</token>
				<token count="5">()</token>
				<token count="3">*</token>
				<token count="5">-&gt;</token>
				<token count="1">.</token>
				<token count="1">::</token>
				<token count="6">;</token>
				<token count="4">&lt;</token>
				<token count="4">=</token>
				<token count="5">&gt;</token>
				<token count="1">class</token>
				<token count="1">if()</token>
				<token count="2">return</token>
				<token count="1">while()</token>
				<token count="3">{}</token>
			</operators>
			<operands>
				<token count="1">0</token>
				<token count="1">1</token>
				<token count="2">ListItem</token>
				<token count="2">MySortedSet</token>
				<token count="1">NULL</token>
				<token count="5">T</token>
				<token count="2">anotherset</token>
				<token count="1">container</token>
				<token count="4">curr</token>
				<token count="4">currother</token>
				<token count="1">getHead</token>
				<token count="1">getListHead</token>
				<token count="1">int</token>
				<token count="1">isEqual</token>
				<token count="1">isMember</token>
				<token count="3">next</token>
				<token count="1">value</token>
			</operands>
		</function>
		<function name="MySortedSet::isSubset()">
			<start_line>113</start_line>
			<vG_b>5</vG_b>
			<vG_e>5</vG_e>
			<params>1</params>
			<LOCphy>26</LOCphy>
			<LOCpro>21</LOCpro>
			<LOCbl>4</LOCbl>
			<LOCcom alarmed="1">0</LOCcom>
			<N>78</N>
			<N1>46</N1>
			<N2>32</N2>
			<n>32</n>
			<n1>16</n1>
			<n2>16</n2>
			<V>390.000</V>
			<B>0.113</B>
			<D>16.000</D>
			<E>6240.000</E>
			<L>0.063</L>
			<T>00:05:46</T>
			<MaxND>3</MaxND>
			<MIwoc>86</MIwoc>
			<MIcwc>0</MIcwc>
			<MI>86</MI>
			<operators>
				<token count="1">!=</token>
				<token count="5">()</token>
				<token count="2">*</token>
				<token count="4">-&gt;</token>
				<token count="2">.</token>
				<token count="1">::</token>
				<token count="6">;</token>
				<token count="3">&lt;</token>
				<token count="2">=</token>
				<token count="2">==</token>
				<token count="4">&gt;</token>
				<token count="1">class</token>
				<token count="3">if()</token>
				<token count="4">return</token>
				<token count="1">while()</token>
				<token count="5">{}</token>
			</operators>
			<operands>
				<token count="3">0</token>
				<token count="1">1</token>
				<token count="1">ListItem</token>
				<token count="2">MySortedSet</token>
				<token count="3">NULL</token>
				<token count="4">T</token>
				<token count="3">anotherset</token>
				<token count="2">container</token>
				<token count="5">curr</token>
				<token count="2">getHead</token>
				<token count="1">getListHead</token>
				<token count="1">int</token>
				<token count="1">isMember</token>
				<token count="1">isSubset</token>
				<token count="1">next</token>
				<token count="1">value</token>
			</operands>
		</function>
		<function name="MySortedSet::setUnion()">
			<start_line>142</start_line>
			<vG_b>3</vG_b>
			<vG_e>3</vG_e>
			<params>1</params>
			<LOCphy>22</LOCphy>
			<LOCpro>17</LOCpro>
			<LOCbl>4</LOCbl>
			<LOCcom alarmed="1">0</LOCcom>
			<N>103</N>
			<N1>59</N1>
			<N2>44</N2>
			<n>29</n>
			<n1>15</n1>
			<n2>14</n2>
			<V>500.372</V>
			<B>0.173</B>
			<D>23.571</D>
			<E>11794.483</E>
			<L>0.042</L>
			<T>00:10:55</T>
			<MaxND>2</MaxND>
			<MIwoc>88</MIwoc>
			<MIcwc>0</MIcwc>
			<MI>88</MI>
			<operators>
				<token count="2">!=</token>
				<token count="6">()</token>
				<token count="5">*</token>
				<token count="7">-&gt;</token>
				<token count="2">.</token>
				<token count="1">::</token>
				<token count="8">;</token>
				<token count="7">&lt;</token>
				<token count="5">=</token>
				<token count="8">&gt;</token>
				<token count="1">class</token>
				<token count="1">new</token>
				<token count="1">return</token>
				<token count="2">while()</token>
				<token count="3">{}</token>
			</operators>
			<operands>
				<token count="2">ListItem</token>
				<token count="5">MySortedSet</token>
				<token count="2">NULL</token>
				<token count="8">T</token>
				<token count="4">add</token>
				<token count="2">anotherset</token>
				<token count="2">container</token>
				<token count="5">curr</token>
				<token count="5">currother</token>
				<token count="2">getHead</token>
				<token count="2">insert</token>
				<token count="2">next</token>
				<token count="1">setUnion</token>
				<token count="2">value</token>
			</operands>
		</function>
		<function name="MySortedSet::setIntersection()">
			<start_line>165</start_line>
			<vG_b>4</vG_b>
			<vG_e>4</vG_e>
			<params>1</params>
			<LOCphy>30</LOCphy>
			<LOCpro>24</LOCpro>
			<LOCbl>5</LOCbl>
			<LOCcom alarmed="1">0</LOCcom>
			<N>119</N>
			<N1>69</N1>
			<N2>50</N2>
			<n>32</n>
			<n1>17</n1>
			<n2>15</n2>
			<V>595.000</V>
			<B>0.219</B>
			<D>28.333</D>
			<E>16858.334</E>
			<L>0.035</L>
			<T>00:15:36</T>
			<MaxND>4</MaxND>
			<MIwoc>82</MIwoc>
			<MIcwc>0</MIcwc>
			<MI>82</MI>
			<operators>
				<token count="3">!=</token>
				<token count="5">()</token>
				<token count="6">*</token>
				<token count="7">-&gt;</token>
				<token count="2">.</token>
				<token count="1">::</token>
				<token count="9">;</token>
				<token count="8">&lt;</token>
				<token count="7">=</token>
				<token count="9">&gt;</token>
				<token count="1">class</token>
				<token count="1">else</token>
				<token count="1">if()</token>
				<token count="1">new</token>
				<token count="1">return</token>
				<token count="2">while()</token>
				<token count="5">{}</token>
			</operators>
			<operands>
				<token count="3">ListItem</token>
				<token count="5">MySortedSet</token>
				<token count="2">NULL</token>
				<token count="9">T</token>
				<token count="2">anotherset</token>
				<token count="2">container</token>
				<token count="7">curr</token>
				<token count="6">currother</token>
				<token count="2">getHead</token>
				<token count="2">headoffirstcurr</token>
				<token count="1">insert</token>
				<token count="3">inter</token>
				<token count="2">next</token>
				<token count="1">setIntersection</token>
				<token count="3">value</token>
			</operands>
		</function>
		<function name="MySortedSet::setDifference()">
			<start_line>196</start_line>
			<vG_b>3</vG_b>
			<vG_e>3</vG_e>
			<params>1</params>
			<LOCphy>22</LOCphy>
			<LOCpro>15</LOCpro>
			<LOCbl>6</LOCbl>
			<LOCcom alarmed="1">0</LOCcom>
			<N>81</N>
			<N1>48</N1>
			<N2>33</N2>
			<n>31</n>
			<n1>17</n1>
			<n2>14</n2>
			<V>401.290</V>
			<B>0.134</B>
			<D>20.036</D>
			<E>8040.130</E>
			<L>0.050</L>
			<T>00:07:26</T>
			<MaxND>3</MaxND>
			<MIwoc>89</MIwoc>
			<MIcwc>0</MIcwc>
			<MI>89</MI>
			<operators>
				<token count="1">!=</token>
				<token count="5">()</token>
				<token count="4">*</token>
				<token count="5">-&gt;</token>
				<token count="1">.</token>
				<token count="1">::</token>
				<token count="5">;</token>
				<token count="6">&lt;</token>
				<token count="3">=</token>
				<token count="7">&gt;</token>
				<token count="1">class</token>
				<token count="1">else</token>
				<token count="1">if()</token>
				<token count="1">new</token>
				<token count="1">return</token>
				<token count="1">while()</token>
				<token count="4">{}</token>
			</operators>
			<operands>
				<token count="1">ListItem</token>
				<token count="5">MySortedSet</token>
				<token count="1">NULL</token>
				<token count="7">T</token>
				<token count="2">anotherset</token>
				<token count="1">container</token>
				<token count="6">curr</token>
				<token count="3">diff</token>
				<token count="1">getHead</token>
				<token count="1">insert</token>
				<token count="1">isMember</token>
				<token count="1">next</token>
				<token count="1">setDifference</token>
				<token count="2">value</token>
			</operands>
		</function>
		<file_total>
			<vG_b>18</vG_b>
			<vG_e>18</vG_e>
			<vG_b_max>5</vG_b_max>
			<vG_b_avg>2</vG_b_avg>
			<vG_e_max>5</vG_e_max>
			<vG_e_avg>2</vG_e_avg>
			<params>8</params>
			<LOCphy>215</LOCphy>
			<LOCpro>155</LOCpro>
			<LOCbl>52</LOCbl>
			<LOCcom alarmed="1">9</LOCcom>
			<N>649</N>
			<N1>391</N1>
			<N2>258</N2>
			<n>54</n>
			<n1>22</n1>
			<n2>32</n2>
			<V>3734.922</V>
			<B>1.596</B>
			<D>88.688</D>
			<E>331240.906</E>
			<L>0.011</L>
			<T>05:06:42</T>
			<MaxND>4</MaxND>
			<MIwoc>94</MIwoc>
			<MIcwc>16</MIcwc>
			<MI>110</MI>
			<operators>
				<token count="1">!</token>
				<token count="8">!=</token>
				<token count="1">#</token>
				<token count="39">()</token>
				<token count="21">*</token>
				<token count="28">-&gt;</token>
				<token count="14">.</token>
				<token count="12">::</token>
				<token count="43">;</token>
				<token count="48">&lt;</token>
				<token count="21">=</token>
				<token count="6">==</token>
				<token count="48">&gt;</token>
				<token count="12">class</token>
				<token count="5">else</token>
				<token count="10">if()</token>
				<token count="3">new</token>
				<token count="17">return</token>
				<token count="12">template</token>
				<token count="7">while()</token>
				<token count="34">{}</token>
				<token count="1">~</token>
			</operators>
			<operands>
				<token count="8">0</token>
				<token count="5">1</token>
				<token count="10">ListItem</token>
				<token count="28">MySortedSet</token>
				<token count="13">NULL</token>
				<token count="51">T</token>
				<token count="4">add</token>
				<token count="11">anotherset</token>
				<token count="14">container</token>
				<token count="27">curr</token>
				<token count="15">currother</token>
				<token count="1">deleteEle</token>
				<token count="3">diff</token>
				<token count="6">ele</token>
				<token count="11">getHead</token>
				<token count="3">getListHead</token>
				<token count="2">headoffirstcurr</token>
				<token count="1">include</token>
				<token count="5">insert</token>
				<token count="1">insertSorted</token>
				<token count="6">int</token>
				<token count="3">inter</token>
				<token count="1">isEmpty</token>
				<token count="1">isEqual</token>
				<token count="4">isMember</token>
				<token count="1">isSubset</token>
				<token count="9">next</token>
				<token count="2">searchFor</token>
				<token count="1">setDifference</token>
				<token count="1">setIntersection</token>
				<token count="1">setUnion</token>
				<token count="9">value</token>
			</operands>
		</file_total>
	</file>
	<system>
		<files>1</files>
		<functions>12</functions>
		<LOCphy>215</LOCphy>
		<LOCbl>52</LOCbl>
		<LOCpro>155</LOCpro>
		<LOCcom>9</LOCcom>
		<semicolons>43</semicolons>
		<vG_b>18</vG_b>
		<vG_e>18</vG_e>
		<params>8</params>
		<MIwoc>96</MIwoc>
		<MIcw>16</MIcw>
		<MI>112</MI>
		<alarms>
			<file_vG>
				<measured>1</measured>
				<alarmed>0</alarmed>
				<percent>0</percent>
				<lowlimit>1</lowlimit>
				<highlimit>100</highlimit>
			</file_vG>
			<file_LOCpro>
				<measured>1</measured>
				<alarmed>0</alarmed>
				<percent>0</percent>
				<lowlimit>4</lowlimit>
				<highlimit>400</highlimit>
			</file_LOCpro>
			<file_comment_percent>
				<measured>1</measured>
				<alarmed>1</alarmed>
				<percent>100</percent>
				<lowlimit>30</lowlimit>
				<highlimit>75</highlimit>
			</file_comment_percent>
			<file_V>
				<measured>1</measured>
				<alarmed>0</alarmed>
				<percent>0</percent>
				<lowlimit>100</lowlimit>
				<highlimit>8000</highlimit>
			</file_V>
			<file_B>
				<measured>1</measured>
				<alarmed>0</alarmed>
				<percent>0</percent>
				<lowlimit>0</lowlimit>
				<highlimit>2</highlimit>
			</file_B>
			<file_MI>
				<measured>1</measured>
				<alarmed>0</alarmed>
				<percent>0</percent>
				<lowlimit>65</lowlimit>
			</file_MI>
			<function_vG>
				<measured>12</measured>
				<alarmed>0</alarmed>
				<percent>0</percent>
				<lowlimit>1</lowlimit>
				<highlimit>10</highlimit>
			</function_vG>
			<function_LOCpro>
				<measured>12</measured>
				<alarmed>3</alarmed>
				<percent>25</percent>
				<lowlimit>4</lowlimit>
				<highlimit>40</highlimit>
			</function_LOCpro>
			<function_comment_percent>
				<measured>12</measured>
				<alarmed>8</alarmed>
				<percent>66</percent>
				<lowlimit>30</lowlimit>
				<highlimit>75</highlimit>
			</function_comment_percent>
			<function_V>
				<measured>12</measured>
				<alarmed>0</alarmed>
				<percent>0</percent>
				<lowlimit>20</lowlimit>
				<highlimit>1000</highlimit>
			</function_V>
			<function_MI>
				<measured>12</measured>
				<alarmed>0</alarmed>
				<percent>0</percent>
				<lowlimit>65</lowlimit>
			</function_MI>
		</alarms>
		<error_messages count="0">
		</error_messages>
	</system>
</cmt_long_report>
