<?xml version="1.0" ?>
<cmt_long_report>
	<header_info>
		<cmt_version>7.0</cmt_version>
		<copyright>Copyright (c) 1993-2013 Testwell Oy</copyright>
		<copyright>Copyright (c) 2013-2018 Verifysoft Technology GmbH</copyright>
		<license_notes>
		</license_notes>
		<date>Tue Apr  4 21:17:55 2023</date>
		<cmt_options> -o C:\Users\muawi\cmt\A1_T2_S46.xml -lf -f C:\Users\muawi\cmt\files.txt</cmt_options>
		<run_directory>C:\Testwell\CMT</run_directory>
		<mccabe_preference>extended</mccabe_preference>
	</header_info>
	<file name="C:\Users\muawi\OneDrive\Documents\Study\Junior Year\Topics in Internet Research\Project\PA1_ANON_DATA\PA1_ANON_DATA\folder_46\MySortedSet.cpp" stamp="1680056132">
		<function name="MySortedSet::MySortedSet()">
			<start_line>4</start_line>
			<vG_b>1</vG_b>
			<vG_e>1</vG_e>
			<params>0</params>
			<LOCphy>3</LOCphy>
			<LOCpro alarmed="1">2</LOCpro>
			<LOCbl>0</LOCbl>
			<LOCcom>0</LOCcom>
			<N>11</N>
			<N1>7</N1>
			<N2>4</N2>
			<n>8</n>
			<n1>6</n1>
			<n2>2</n2>
			<V>33.000</V>
			<B>0.011</B>
			<D>6.000</D>
			<E>198.000</E>
			<L>0.167</L>
			<T>00:00:11</T>
			<MaxND>1</MaxND>
			<MIwoc>135</MIwoc>
			<MIcwc>0</MIcwc>
			<MI>135</MI>
			<operators>
				<token count="1">()</token>
				<token count="1">::</token>
				<token count="1">&lt;</token>
				<token count="2">&gt;</token>
				<token count="1">class</token>
				<token count="1">{}</token>
			</operators>
			<operands>
				<token count="2">MySortedSet</token>
				<token count="2">T</token>
			</operands>
		</function>
		<function name="MySortedSet::~MySortedSet()">
			<start_line>8</start_line>
			<vG_b>1</vG_b>
			<vG_e>1</vG_e>
			<params>0</params>
			<LOCphy>3</LOCphy>
			<LOCpro alarmed="1">2</LOCpro>
			<LOCbl>0</LOCbl>
			<LOCcom>0</LOCcom>
			<N>12</N>
			<N1>8</N1>
			<N2>4</N2>
			<n>9</n>
			<n1>7</n1>
			<n2>2</n2>
			<V>38.039</V>
			<B>0.014</B>
			<D>7.000</D>
			<E>266.274</E>
			<L>0.143</L>
			<T>00:00:14</T>
			<MaxND>1</MaxND>
			<MIwoc>134</MIwoc>
			<MIcwc>0</MIcwc>
			<MI>134</MI>
			<operators>
				<token count="1">()</token>
				<token count="1">::</token>
				<token count="1">&lt;</token>
				<token count="2">&gt;</token>
				<token count="1">class</token>
				<token count="1">{}</token>
				<token count="1">~</token>
			</operators>
			<operands>
				<token count="2">MySortedSet</token>
				<token count="2">T</token>
			</operands>
		</function>
		<function name="MySortedSet::getListHead()">
			<start_line>12</start_line>
			<vG_b>1</vG_b>
			<vG_e>1</vG_e>
			<params>0</params>
			<LOCphy>5</LOCphy>
			<LOCpro>4</LOCpro>
			<LOCbl>0</LOCbl>
			<LOCcom>0</LOCcom>
			<N>22</N>
			<N1>14</N1>
			<N2>8</N2>
			<n>16</n>
			<n1>10</n1>
			<n2>6</n2>
			<V>88.000</V>
			<B>0.023</B>
			<D>6.667</D>
			<E>586.667</E>
			<L>0.150</L>
			<T>00:00:32</T>
			<MaxND>1</MaxND>
			<MIwoc>121</MIwoc>
			<MIcwc>0</MIcwc>
			<MI>121</MI>
			<operators>
				<token count="2">()</token>
				<token count="1">*</token>
				<token count="1">.</token>
				<token count="1">::</token>
				<token count="1">;</token>
				<token count="2">&lt;</token>
				<token count="3">&gt;</token>
				<token count="1">class</token>
				<token count="1">return</token>
				<token count="1">{}</token>
			</operators>
			<operands>
				<token count="1">ListItem</token>
				<token count="1">MySortedSet</token>
				<token count="3">T</token>
				<token count="1">container</token>
				<token count="1">getHead</token>
				<token count="1">getListHead</token>
			</operands>
		</function>
		<function name="MySortedSet::insert()">
			<start_line>18</start_line>
			<vG_b>3</vG_b>
			<vG_e>3</vG_e>
			<params>1</params>
			<LOCphy>20</LOCphy>
			<LOCpro>17</LOCpro>
			<LOCbl>2</LOCbl>
			<LOCcom alarmed="1">1</LOCcom>
			<N>51</N>
			<N1>30</N1>
			<N2>21</N2>
			<n>25</n>
			<n1>12</n1>
			<n2>13</n2>
			<V>236.837</V>
			<B>0.058</B>
			<D>9.692</D>
			<E>2295.494</E>
			<L>0.103</L>
			<T>00:02:07</T>
			<MaxND>2</MaxND>
			<MIwoc>93</MIwoc>
			<MIcwc>17</MIcwc>
			<MI>110</MI>
			<operators>
				<token count="5">()</token>
				<token count="3">.</token>
				<token count="1">::</token>
				<token count="5">;</token>
				<token count="1">&lt;</token>
				<token count="1">==</token>
				<token count="2">&gt;</token>
				<token count="1">class</token>
				<token count="2">else</token>
				<token count="2">if()</token>
				<token count="3">return</token>
				<token count="4">{}</token>
			</operators>
			<operands>
				<token count="1">0</token>
				<token count="2">1</token>
				<token count="1">MySortedSet</token>
				<token count="1">NULL</token>
				<token count="3">T</token>
				<token count="3">container</token>
				<token count="4">ele</token>
				<token count="1">getHead</token>
				<token count="1">insert</token>
				<token count="1">insertAtHead</token>
				<token count="1">insertSorted</token>
				<token count="1">int</token>
				<token count="1">isMember</token>
			</operands>
		</function>
		<function name="MySortedSet::deleteEle()">
			<start_line>80</start_line>
			<vG_b>1</vG_b>
			<vG_e>1</vG_e>
			<params>1</params>
			<LOCphy>5</LOCphy>
			<LOCpro>4</LOCpro>
			<LOCbl>0</LOCbl>
			<LOCcom>0</LOCcom>
			<N>20</N>
			<N1>10</N1>
			<N2>10</N2>
			<n>15</n>
			<n1>8</n1>
			<n2>7</n2>
			<V>78.138</V>
			<B>0.019</B>
			<D>5.714</D>
			<E>446.502</E>
			<L>0.175</L>
			<T>00:00:24</T>
			<MaxND>1</MaxND>
			<MIwoc>122</MIwoc>
			<MIcwc>0</MIcwc>
			<MI>122</MI>
			<operators>
				<token count="2">()</token>
				<token count="1">.</token>
				<token count="1">::</token>
				<token count="1">;</token>
				<token count="1">&lt;</token>
				<token count="2">&gt;</token>
				<token count="1">class</token>
				<token count="1">{}</token>
			</operators>
			<operands>
				<token count="1">MySortedSet</token>
				<token count="3">T</token>
				<token count="1">container</token>
				<token count="1">deleteEle</token>
				<token count="1">deleteElement</token>
				<token count="2">ele</token>
				<token count="1">int</token>
			</operands>
		</function>
		<function name="MySortedSet::isEmpty()">
			<start_line>86</start_line>
			<vG_b>2</vG_b>
			<vG_e>2</vG_e>
			<params>0</params>
			<LOCphy>12</LOCphy>
			<LOCpro>11</LOCpro>
			<LOCbl>0</LOCbl>
			<LOCcom alarmed="1">0</LOCcom>
			<N>28</N>
			<N1>18</N1>
			<N2>10</N2>
			<n>21</n>
			<n1>12</n1>
			<n2>9</n2>
			<V>122.985</V>
			<B>0.029</B>
			<D>6.667</D>
			<E>819.899</E>
			<L>0.150</L>
			<T>00:00:45</T>
			<MaxND>2</MaxND>
			<MIwoc>105</MIwoc>
			<MIcwc>0</MIcwc>
			<MI>105</MI>
			<operators>
				<token count="2">()</token>
				<token count="1">.</token>
				<token count="1">::</token>
				<token count="2">;</token>
				<token count="1">&lt;</token>
				<token count="1">==</token>
				<token count="2">&gt;</token>
				<token count="1">class</token>
				<token count="1">else</token>
				<token count="1">if()</token>
				<token count="2">return</token>
				<token count="3">{}</token>
			</operators>
			<operands>
				<token count="1">0</token>
				<token count="1">1</token>
				<token count="1">MySortedSet</token>
				<token count="1">NULL</token>
				<token count="2">T</token>
				<token count="1">container</token>
				<token count="1">getHead</token>
				<token count="1">int</token>
				<token count="1">isEmpty</token>
			</operands>
		</function>
		<function name="MySortedSet::isMember()">
			<start_line>99</start_line>
			<vG_b>3</vG_b>
			<vG_e>3</vG_e>
			<params>1</params>
			<LOCphy>16</LOCphy>
			<LOCpro>13</LOCpro>
			<LOCbl>1</LOCbl>
			<LOCcom alarmed="1">2</LOCcom>
			<N>50</N>
			<N1>28</N1>
			<N2>22</N2>
			<n>30</n>
			<n1>16</n1>
			<n2>14</n2>
			<V>245.345</V>
			<B>0.071</B>
			<D>12.571</D>
			<E>3084.331</E>
			<L>0.080</L>
			<T>00:02:51</T>
			<MaxND>3</MaxND>
			<MIwoc>97</MIwoc>
			<MIcwc>26</MIcwc>
			<MI>123</MI>
			<operators>
				<token count="1">!=</token>
				<token count="2">()</token>
				<token count="1">*</token>
				<token count="2">-&gt;</token>
				<token count="1">.</token>
				<token count="1">::</token>
				<token count="4">;</token>
				<token count="2">&lt;</token>
				<token count="2">=</token>
				<token count="1">==</token>
				<token count="3">&gt;</token>
				<token count="1">class</token>
				<token count="1">if()</token>
				<token count="2">return</token>
				<token count="1">while()</token>
				<token count="3">{}</token>
			</operators>
			<operands>
				<token count="1">0</token>
				<token count="1">1</token>
				<token count="1">ListItem</token>
				<token count="1">MySortedSet</token>
				<token count="1">NULL</token>
				<token count="4">T</token>
				<token count="1">container</token>
				<token count="2">ele</token>
				<token count="1">getHead</token>
				<token count="5">here</token>
				<token count="1">int</token>
				<token count="1">isMember</token>
				<token count="1">next</token>
				<token count="1">value</token>
			</operands>
		</function>
		<function name="MySortedSet::isEqual()">
			<start_line>116</start_line>
			<vG_b>4</vG_b>
			<vG_e>4</vG_e>
			<params>1</params>
			<LOCphy>26</LOCphy>
			<LOCpro>25</LOCpro>
			<LOCbl>0</LOCbl>
			<LOCcom alarmed="1">0</LOCcom>
			<N>98</N>
			<N1>59</N1>
			<N2>39</N2>
			<n>33</n>
			<n1>17</n1>
			<n2>16</n2>
			<V>494.351</V>
			<B>0.157</B>
			<D>20.719</D>
			<E>10242.327</E>
			<L>0.048</L>
			<T>00:09:29</T>
			<MaxND>4</MaxND>
			<MIwoc>85</MIwoc>
			<MIcwc>0</MIcwc>
			<MI>85</MI>
			<operators>
				<token count="1">!=</token>
				<token count="7">()</token>
				<token count="3">*</token>
				<token count="6">-&gt;</token>
				<token count="4">.</token>
				<token count="1">::</token>
				<token count="7">;</token>
				<token count="4">&lt;</token>
				<token count="4">=</token>
				<token count="2">==</token>
				<token count="5">&gt;</token>
				<token count="1">class</token>
				<token count="2">else</token>
				<token count="2">if()</token>
				<token count="3">return</token>
				<token count="1">while()</token>
				<token count="6">{}</token>
			</operators>
			<operands>
				<token count="2">0</token>
				<token count="1">1</token>
				<token count="2">ListItem</token>
				<token count="2">MySortedSet</token>
				<token count="1">NULL</token>
				<token count="5">T</token>
				<token count="3">anotherset</token>
				<token count="4">container</token>
				<token count="2">getHead</token>
				<token count="5">here</token>
				<token count="4">here_other</token>
				<token count="1">int</token>
				<token count="1">isEqual</token>
				<token count="2">length</token>
				<token count="2">next</token>
				<token count="2">value</token>
			</operands>
		</function>
		<function name="MySortedSet::isSubset()">
			<start_line>143</start_line>
			<vG_b>4</vG_b>
			<vG_e>4</vG_e>
			<params>1</params>
			<LOCphy>19</LOCphy>
			<LOCpro>17</LOCpro>
			<LOCbl>1</LOCbl>
			<LOCcom alarmed="1">0</LOCcom>
			<N>69</N>
			<N1>40</N1>
			<N2>29</N2>
			<n>31</n>
			<n1>16</n1>
			<n2>15</n2>
			<V>341.840</V>
			<B>0.101</B>
			<D>15.467</D>
			<E>5287.118</E>
			<L>0.065</L>
			<T>00:04:53</T>
			<MaxND>3</MaxND>
			<MIwoc>92</MIwoc>
			<MIcwc>0</MIcwc>
			<MI>92</MI>
			<operators>
				<token count="1">!=</token>
				<token count="4">()</token>
				<token count="2">*</token>
				<token count="4">-&gt;</token>
				<token count="1">.</token>
				<token count="1">::</token>
				<token count="5">;</token>
				<token count="3">&lt;</token>
				<token count="2">=</token>
				<token count="2">==</token>
				<token count="4">&gt;</token>
				<token count="1">class</token>
				<token count="2">if()</token>
				<token count="3">return</token>
				<token count="1">while()</token>
				<token count="4">{}</token>
			</operators>
			<operands>
				<token count="1">0</token>
				<token count="2">1</token>
				<token count="1">ListItem</token>
				<token count="2">MySortedSet</token>
				<token count="3">NULL</token>
				<token count="4">T</token>
				<token count="3">anotherset</token>
				<token count="1">container</token>
				<token count="2">getListHead</token>
				<token count="5">here_other</token>
				<token count="1">int</token>
				<token count="1">isSubset</token>
				<token count="1">next</token>
				<token count="1">searchFor</token>
				<token count="1">value</token>
			</operands>
		</function>
		<function name="MySortedSet::setUnion()">
			<start_line>162</start_line>
			<vG_b>4</vG_b>
			<vG_e>4</vG_e>
			<params>1</params>
			<LOCphy>26</LOCphy>
			<LOCpro>24</LOCpro>
			<LOCbl>1</LOCbl>
			<LOCcom alarmed="1">0</LOCcom>
			<N>120</N>
			<N1>69</N1>
			<N2>51</N2>
			<n>34</n>
			<n1>18</n1>
			<n2>16</n2>
			<V>610.496</V>
			<B>0.225</B>
			<D>28.688</D>
			<E>17513.592</E>
			<L>0.035</L>
			<T>00:16:12</T>
			<MaxND>3</MaxND>
			<MIwoc>84</MIwoc>
			<MIcwc>0</MIcwc>
			<MI>84</MI>
			<operators>
				<token count="2">!=</token>
				<token count="7">()</token>
				<token count="5">*</token>
				<token count="9">-&gt;</token>
				<token count="2">.</token>
				<token count="1">::</token>
				<token count="9">;</token>
				<token count="7">&lt;</token>
				<token count="6">=</token>
				<token count="1">==</token>
				<token count="8">&gt;</token>
				<token count="1">class</token>
				<token count="1">else</token>
				<token count="1">if()</token>
				<token count="1">new</token>
				<token count="1">return</token>
				<token count="2">while()</token>
				<token count="5">{}</token>
			</operators>
			<operands>
				<token count="2">ListItem</token>
				<token count="5">MySortedSet</token>
				<token count="3">NULL</token>
				<token count="8">T</token>
				<token count="4">U</token>
				<token count="2">anotherset</token>
				<token count="2">container</token>
				<token count="1">getHead</token>
				<token count="1">getListHead</token>
				<token count="5">here</token>
				<token count="8">here_other</token>
				<token count="2">insert</token>
				<token count="3">next</token>
				<token count="1">searchFor</token>
				<token count="1">setUnion</token>
				<token count="3">value</token>
			</operands>
		</function>
		<function name="MySortedSet::setIntersection()">
			<start_line>189</start_line>
			<vG_b>3</vG_b>
			<vG_e>3</vG_e>
			<params>1</params>
			<LOCphy>20</LOCphy>
			<LOCpro>19</LOCpro>
			<LOCbl>0</LOCbl>
			<LOCcom alarmed="1">0</LOCcom>
			<N>101</N>
			<N1>59</N1>
			<N2>42</N2>
			<n>34</n>
			<n1>18</n1>
			<n2>16</n2>
			<V>513.834</V>
			<B>0.176</B>
			<D>23.625</D>
			<E>12139.322</E>
			<L>0.042</L>
			<T>00:11:14</T>
			<MaxND>3</MaxND>
			<MIwoc>89</MIwoc>
			<MIcwc>0</MIcwc>
			<MI>89</MI>
			<operators>
				<token count="1">!=</token>
				<token count="6">()</token>
				<token count="5">*</token>
				<token count="6">-&gt;</token>
				<token count="2">.</token>
				<token count="1">::</token>
				<token count="7">;</token>
				<token count="7">&lt;</token>
				<token count="5">=</token>
				<token count="1">==</token>
				<token count="8">&gt;</token>
				<token count="1">class</token>
				<token count="1">else</token>
				<token count="1">if()</token>
				<token count="1">new</token>
				<token count="1">return</token>
				<token count="1">while()</token>
				<token count="4">{}</token>
			</operators>
			<operands>
				<token count="2">ListItem</token>
				<token count="5">MySortedSet</token>
				<token count="2">NULL</token>
				<token count="8">T</token>
				<token count="3">U</token>
				<token count="2">anotherset</token>
				<token count="2">container</token>
				<token count="1">getHead</token>
				<token count="1">getListHead</token>
				<token count="1">here</token>
				<token count="8">here_other</token>
				<token count="1">insert</token>
				<token count="2">next</token>
				<token count="1">searchFor</token>
				<token count="1">setIntersection</token>
				<token count="2">value</token>
			</operands>
		</function>
		<function name="MySortedSet::setDifference()">
			<start_line>210</start_line>
			<vG_b>3</vG_b>
			<vG_e>3</vG_e>
			<params>1</params>
			<LOCphy>20</LOCphy>
			<LOCpro>19</LOCpro>
			<LOCbl>0</LOCbl>
			<LOCcom alarmed="1">0</LOCcom>
			<N>104</N>
			<N1>61</N1>
			<N2>43</N2>
			<n>34</n>
			<n1>18</n1>
			<n2>16</n2>
			<V>529.096</V>
			<B>0.182</B>
			<D>24.188</D>
			<E>12797.513</E>
			<L>0.041</L>
			<T>00:11:50</T>
			<MaxND>3</MaxND>
			<MIwoc>89</MIwoc>
			<MIcwc>0</MIcwc>
			<MI>89</MI>
			<operators>
				<token count="1">!=</token>
				<token count="7">()</token>
				<token count="5">*</token>
				<token count="8">-&gt;</token>
				<token count="1">.</token>
				<token count="1">::</token>
				<token count="7">;</token>
				<token count="7">&lt;</token>
				<token count="5">=</token>
				<token count="1">==</token>
				<token count="8">&gt;</token>
				<token count="1">class</token>
				<token count="1">else</token>
				<token count="1">if()</token>
				<token count="1">new</token>
				<token count="1">return</token>
				<token count="1">while()</token>
				<token count="4">{}</token>
			</operators>
			<operands>
				<token count="2">ListItem</token>
				<token count="5">MySortedSet</token>
				<token count="2">NULL</token>
				<token count="8">T</token>
				<token count="3">U</token>
				<token count="3">anotherset</token>
				<token count="1">container</token>
				<token count="2">getListHead</token>
				<token count="8">here</token>
				<token count="1">here_other</token>
				<token count="1">insert</token>
				<token count="2">next</token>
				<token count="1">searchFor</token>
				<token count="1">setDifference</token>
				<token count="1">this</token>
				<token count="2">value</token>
			</operands>
		</function>
		<file_total>
			<vG_b>19</vG_b>
			<vG_e>19</vG_e>
			<vG_b_max>4</vG_b_max>
			<vG_b_avg>2</vG_b_avg>
			<vG_e_max>4</vG_e_max>
			<vG_e_avg>2</vG_e_avg>
			<params>8</params>
			<LOCphy>228</LOCphy>
			<LOCpro>170</LOCpro>
			<LOCbl>18</LOCbl>
			<LOCcom alarmed="1">42</LOCcom>
			<N>712</N>
			<N1>428</N1>
			<N2>284</N2>
			<n>54</n>
			<n1>21</n1>
			<n2>33</n2>
			<V>4097.480</V>
			<B>1.719</B>
			<D>90.364</D>
			<E>370263.188</E>
			<L>0.011</L>
			<T>05:42:50</T>
			<MaxND>4</MaxND>
			<MIwoc>93</MIwoc>
			<MIcwc>31</MIcwc>
			<MI>123</MI>
			<operators>
				<token count="7">!=</token>
				<token count="1">#</token>
				<token count="46">()</token>
				<token count="22">*</token>
				<token count="35">-&gt;</token>
				<token count="17">.</token>
				<token count="12">::</token>
				<token count="48">;</token>
				<token count="49">&lt;</token>
				<token count="24">=</token>
				<token count="10">==</token>
				<token count="49">&gt;</token>
				<token count="12">class</token>
				<token count="8">else</token>
				<token count="11">if()</token>
				<token count="3">new</token>
				<token count="17">return</token>
				<token count="12">template</token>
				<token count="7">while()</token>
				<token count="37">{}</token>
				<token count="1">~</token>
			</operators>
			<operands>
				<token count="6">0</token>
				<token count="7">1</token>
				<token count="11">ListItem</token>
				<token count="28">MySortedSet</token>
				<token count="14">NULL</token>
				<token count="52">T</token>
				<token count="10">U</token>
				<token count="13">anotherset</token>
				<token count="17">container</token>
				<token count="1">deleteEle</token>
				<token count="1">deleteElement</token>
				<token count="8">ele</token>
				<token count="8">getHead</token>
				<token count="7">getListHead</token>
				<token count="24">here</token>
				<token count="26">here_other</token>
				<token count="1">include</token>
				<token count="5">insert</token>
				<token count="1">insertAtHead</token>
				<token count="1">insertSorted</token>
				<token count="6">int</token>
				<token count="1">isEmpty</token>
				<token count="1">isEqual</token>
				<token count="2">isMember</token>
				<token count="1">isSubset</token>
				<token count="2">length</token>
				<token count="11">next</token>
				<token count="4">searchFor</token>
				<token count="1">setDifference</token>
				<token count="1">setIntersection</token>
				<token count="1">setUnion</token>
				<token count="1">this</token>
				<token count="11">value</token>
			</operands>
		</file_total>
	</file>
	<system>
		<files>1</files>
		<functions>12</functions>
		<LOCphy>228</LOCphy>
		<LOCbl>18</LOCbl>
		<LOCpro>170</LOCpro>
		<LOCcom>42</LOCcom>
		<semicolons>48</semicolons>
		<vG_b>19</vG_b>
		<vG_e>19</vG_e>
		<params>8</params>
		<MIwoc>98</MIwoc>
		<MIcw>10</MIcw>
		<MI>108</MI>
		<alarms>
			<file_vG>
				<measured>1</measured>
				<alarmed>0</alarmed>
				<percent>0</percent>
				<lowlimit>1</lowlimit>
				<highlimit>100</highlimit>
			</file_vG>
			<file_LOCpro>
				<measured>1</measured>
				<alarmed>0</alarmed>
				<percent>0</percent>
				<lowlimit>4</lowlimit>
				<highlimit>400</highlimit>
			</file_LOCpro>
			<file_comment_percent>
				<measured>1</measured>
				<alarmed>1</alarmed>
				<percent>100</percent>
				<lowlimit>30</lowlimit>
				<highlimit>75</highlimit>
			</file_comment_percent>
			<file_V>
				<measured>1</measured>
				<alarmed>0</alarmed>
				<percent>0</percent>
				<lowlimit>100</lowlimit>
				<highlimit>8000</highlimit>
			</file_V>
			<file_B>
				<measured>1</measured>
				<alarmed>0</alarmed>
				<percent>0</percent>
				<lowlimit>0</lowlimit>
				<highlimit>2</highlimit>
			</file_B>
			<file_MI>
				<measured>1</measured>
				<alarmed>0</alarmed>
				<percent>0</percent>
				<lowlimit>65</lowlimit>
			</file_MI>
			<function_vG>
				<measured>12</measured>
				<alarmed>0</alarmed>
				<percent>0</percent>
				<lowlimit>1</lowlimit>
				<highlimit>10</highlimit>
			</function_vG>
			<function_LOCpro>
				<measured>12</measured>
				<alarmed>2</alarmed>
				<percent>16</percent>
				<lowlimit>4</lowlimit>
				<highlimit>40</highlimit>
			</function_LOCpro>
			<function_comment_percent>
				<measured>12</measured>
				<alarmed>8</alarmed>
				<percent>66</percent>
				<lowlimit>30</lowlimit>
				<highlimit>75</highlimit>
			</function_comment_percent>
			<function_V>
				<measured>12</measured>
				<alarmed>0</alarmed>
				<percent>0</percent>
				<lowlimit>20</lowlimit>
				<highlimit>1000</highlimit>
			</function_V>
			<function_MI>
				<measured>12</measured>
				<alarmed>0</alarmed>
				<percent>0</percent>
				<lowlimit>65</lowlimit>
			</function_MI>
		</alarms>
		<error_messages count="0">
		</error_messages>
	</system>
</cmt_long_report>
