<?xml version="1.0" ?>
<cmt_long_report>
	<header_info>
		<cmt_version>7.0</cmt_version>
		<copyright>Copyright (c) 1993-2013 Testwell Oy</copyright>
		<copyright>Copyright (c) 2013-2018 Verifysoft Technology GmbH</copyright>
		<license_notes>
		</license_notes>
		<date>Tue Apr  4 22:25:05 2023</date>
		<cmt_options> -o C:\Users\muawi\cmt\A1_T3_S119.xml -lf -f C:\Users\muawi\cmt\files.txt</cmt_options>
		<run_directory>C:\Testwell\CMT</run_directory>
		<mccabe_preference>extended</mccabe_preference>
	</header_info>
	<file name="C:\Users\muawi\OneDrive\Documents\Study\Junior Year\Topics in Internet Research\Project\PA1_ANON_DATA\PA1_ANON_DATA\folder_119\stack.cpp" stamp="1680056125">
		<function name="Stack::Stack()">
			<start_line>6</start_line>
			<vG_b>1</vG_b>
			<vG_e>1</vG_e>
			<params>0</params>
			<LOCphy>5</LOCphy>
			<LOCpro>4</LOCpro>
			<LOCbl>0</LOCbl>
			<LOCcom>0</LOCcom>
			<N>13</N>
			<N1>8</N1>
			<N2>5</N2>
			<n>10</n>
			<n1>7</n1>
			<n2>3</n2>
			<V>43.185</V>
			<B>0.013</B>
			<D>5.833</D>
			<E>251.913</E>
			<L>0.171</L>
			<T>00:00:13</T>
			<MaxND>1</MaxND>
			<MIwoc>125</MIwoc>
			<MIcwc>0</MIcwc>
			<MI>125</MI>
			<operators>
				<token count="1">()</token>
				<token count="1">::</token>
				<token count="1">;</token>
				<token count="1">&lt;</token>
				<token count="2">&gt;</token>
				<token count="1">class</token>
				<token count="1">{}</token>
			</operators>
			<operands>
				<token count="2">Stack</token>
				<token count="2">T</token>
				<token count="1">list</token>
			</operands>
		</function>
		<function name="Stack::display()">
			<start_line>12</start_line>
			<vG_b>1</vG_b>
			<vG_e>1</vG_e>
			<params>0</params>
			<LOCphy>4</LOCphy>
			<LOCpro alarmed="1">3</LOCpro>
			<LOCbl>0</LOCbl>
			<LOCcom>0</LOCcom>
			<N>17</N>
			<N1>10</N1>
			<N2>7</N2>
			<n>13</n>
			<n1>8</n1>
			<n2>5</n2>
			<V>62.907</V>
			<B>0.017</B>
			<D>5.600</D>
			<E>352.282</E>
			<L>0.179</L>
			<T>00:00:19</T>
			<MaxND>1</MaxND>
			<MIwoc>127</MIwoc>
			<MIcwc>0</MIcwc>
			<MI>127</MI>
			<operators>
				<token count="2">()</token>
				<token count="1">.</token>
				<token count="1">::</token>
				<token count="1">;</token>
				<token count="1">&lt;</token>
				<token count="2">&gt;</token>
				<token count="1">class</token>
				<token count="1">{}</token>
			</operators>
			<operands>
				<token count="1">Stack</token>
				<token count="2">T</token>
				<token count="2">display</token>
				<token count="1">list</token>
				<token count="1">void</token>
			</operands>
		</function>
		<function name="Stack::Stack()">
			<start_line>17</start_line>
			<vG_b>1</vG_b>
			<vG_e>1</vG_e>
			<params>1</params>
			<LOCphy>5</LOCphy>
			<LOCpro alarmed="1">3</LOCpro>
			<LOCbl>1</LOCbl>
			<LOCcom>0</LOCcom>
			<N>24</N>
			<N1>14</N1>
			<N2>10</N2>
			<n>14</n>
			<n1>10</n1>
			<n2>4</n2>
			<V>91.377</V>
			<B>0.036</B>
			<D>12.500</D>
			<E>1142.206</E>
			<L>0.080</L>
			<T>00:01:03</T>
			<MaxND>1</MaxND>
			<MIwoc>121</MIwoc>
			<MIcwc>0</MIcwc>
			<MI>121</MI>
			<operators>
				<token count="1">&amp;</token>
				<token count="2">()</token>
				<token count="1">.</token>
				<token count="1">:</token>
				<token count="1">::</token>
				<token count="2">&lt;</token>
				<token count="3">&gt;</token>
				<token count="1">class</token>
				<token count="1">const</token>
				<token count="1">{}</token>
			</operators>
			<operands>
				<token count="3">Stack</token>
				<token count="3">T</token>
				<token count="2">list</token>
				<token count="2">otherStack</token>
			</operands>
		</function>
		<function name="Stack::~Stack()">
			<start_line>23</start_line>
			<vG_b>3</vG_b>
			<vG_e>3</vG_e>
			<params>0</params>
			<LOCphy>10</LOCphy>
			<LOCpro>9</LOCpro>
			<LOCbl>0</LOCbl>
			<LOCcom>0</LOCcom>
			<N>39</N>
			<N1>23</N1>
			<N2>16</N2>
			<n>21</n>
			<n1>13</n1>
			<n2>8</n2>
			<V>171.300</V>
			<B>0.057</B>
			<D>13.000</D>
			<E>2226.905</E>
			<L>0.077</L>
			<T>00:02:03</T>
			<MaxND>3</MaxND>
			<MIwoc>106</MIwoc>
			<MIcwc>0</MIcwc>
			<MI>106</MI>
			<operators>
				<token count="1">!=</token>
				<token count="3">()</token>
				<token count="1">++</token>
				<token count="1">::</token>
				<token count="4">;</token>
				<token count="2">&lt;</token>
				<token count="2">=</token>
				<token count="2">&gt;</token>
				<token count="1">class</token>
				<token count="1">for()</token>
				<token count="1">if()</token>
				<token count="3">{}</token>
				<token count="1">~</token>
			</operators>
			<operands>
				<token count="2">0</token>
				<token count="2">Stack</token>
				<token count="2">T</token>
				<token count="3">i</token>
				<token count="2">int</token>
				<token count="1">length</token>
				<token count="1">pop</token>
				<token count="3">variable</token>
			</operands>
		</function>
		<function name="Stack::push()">
			<start_line>34</start_line>
			<vG_b>1</vG_b>
			<vG_e>1</vG_e>
			<params>1</params>
			<LOCphy>5</LOCphy>
			<LOCpro>4</LOCpro>
			<LOCbl>0</LOCbl>
			<LOCcom>0</LOCcom>
			<N>20</N>
			<N1>10</N1>
			<N2>10</N2>
			<n>15</n>
			<n1>8</n1>
			<n2>7</n2>
			<V>78.138</V>
			<B>0.019</B>
			<D>5.714</D>
			<E>446.502</E>
			<L>0.175</L>
			<T>00:00:24</T>
			<MaxND>1</MaxND>
			<MIwoc>122</MIwoc>
			<MIcwc>0</MIcwc>
			<MI>122</MI>
			<operators>
				<token count="2">()</token>
				<token count="1">.</token>
				<token count="1">::</token>
				<token count="1">;</token>
				<token count="1">&lt;</token>
				<token count="2">&gt;</token>
				<token count="1">class</token>
				<token count="1">{}</token>
			</operators>
			<operands>
				<token count="1">Stack</token>
				<token count="3">T</token>
				<token count="1">insertAtHead</token>
				<token count="2">item</token>
				<token count="1">list</token>
				<token count="1">push</token>
				<token count="1">void</token>
			</operands>
		</function>
		<function name="Stack::top()">
			<start_line>40</start_line>
			<vG_b>1</vG_b>
			<vG_e>1</vG_e>
			<params>0</params>
			<LOCphy>6</LOCphy>
			<LOCpro>5</LOCpro>
			<LOCbl>0</LOCbl>
			<LOCcom>0</LOCcom>
			<N>29</N>
			<N1>17</N1>
			<N2>12</N2>
			<n>20</n>
			<n1>12</n1>
			<n2>8</n2>
			<V>125.336</V>
			<B>0.036</B>
			<D>9.000</D>
			<E>1128.023</E>
			<L>0.111</L>
			<T>00:01:02</T>
			<MaxND>1</MaxND>
			<MIwoc>117</MIwoc>
			<MIcwc>0</MIcwc>
			<MI>117</MI>
			<operators>
				<token count="2">()</token>
				<token count="1">*</token>
				<token count="1">-&gt;</token>
				<token count="1">.</token>
				<token count="1">::</token>
				<token count="2">;</token>
				<token count="2">&lt;</token>
				<token count="1">=</token>
				<token count="3">&gt;</token>
				<token count="1">class</token>
				<token count="1">return</token>
				<token count="1">{}</token>
			</operators>
			<operands>
				<token count="1">ListItem</token>
				<token count="1">Stack</token>
				<token count="4">T</token>
				<token count="1">getHead</token>
				<token count="1">list</token>
				<token count="1">top</token>
				<token count="1">value</token>
				<token count="2">variable1</token>
			</operands>
		</function>
		<function name="Stack::pop()">
			<start_line>47</start_line>
			<vG_b>1</vG_b>
			<vG_e>1</vG_e>
			<params>0</params>
			<LOCphy>10</LOCphy>
			<LOCpro>7</LOCpro>
			<LOCbl>2</LOCbl>
			<LOCcom>0</LOCcom>
			<N>39</N>
			<N1>22</N1>
			<N2>17</N2>
			<n>22</n>
			<n1>12</n1>
			<n2>10</n2>
			<V>173.918</V>
			<B>0.049</B>
			<D>10.200</D>
			<E>1773.962</E>
			<L>0.098</L>
			<T>00:01:38</T>
			<MaxND>1</MaxND>
			<MIwoc>107</MIwoc>
			<MIcwc>0</MIcwc>
			<MI>107</MI>
			<operators>
				<token count="3">()</token>
				<token count="1">*</token>
				<token count="1">-&gt;</token>
				<token count="2">.</token>
				<token count="1">::</token>
				<token count="4">;</token>
				<token count="2">&lt;</token>
				<token count="2">=</token>
				<token count="3">&gt;</token>
				<token count="1">class</token>
				<token count="1">return</token>
				<token count="1">{}</token>
			</operators>
			<operands>
				<token count="1">ListItem</token>
				<token count="1">Stack</token>
				<token count="5">T</token>
				<token count="1">deleteHead</token>
				<token count="1">getHead</token>
				<token count="2">list</token>
				<token count="1">pop</token>
				<token count="1">value</token>
				<token count="2">variable2</token>
				<token count="2">y</token>
			</operands>
		</function>
		<function name="Stack::length()">
			<start_line>58</start_line>
			<vG_b>1</vG_b>
			<vG_e>1</vG_e>
			<params>0</params>
			<LOCphy>5</LOCphy>
			<LOCpro>4</LOCpro>
			<LOCbl>0</LOCbl>
			<LOCcom>0</LOCcom>
			<N>17</N>
			<N1>10</N1>
			<N2>7</N2>
			<n>13</n>
			<n1>8</n1>
			<n2>5</n2>
			<V>62.907</V>
			<B>0.017</B>
			<D>5.600</D>
			<E>352.282</E>
			<L>0.179</L>
			<T>00:00:19</T>
			<MaxND>1</MaxND>
			<MIwoc>123</MIwoc>
			<MIcwc>0</MIcwc>
			<MI>123</MI>
			<operators>
				<token count="2">()</token>
				<token count="1">.</token>
				<token count="1">::</token>
				<token count="1">;</token>
				<token count="1">&lt;</token>
				<token count="2">&gt;</token>
				<token count="1">class</token>
				<token count="1">{}</token>
			</operators>
			<operands>
				<token count="1">Stack</token>
				<token count="2">T</token>
				<token count="1">int</token>
				<token count="2">length</token>
				<token count="1">list</token>
			</operands>
		</function>
		<function name="Stack::isEmpty()">
			<start_line>64</start_line>
			<vG_b>2</vG_b>
			<vG_e>2</vG_e>
			<params>0</params>
			<LOCphy>10</LOCphy>
			<LOCpro>9</LOCpro>
			<LOCbl>0</LOCbl>
			<LOCcom>0</LOCcom>
			<N>28</N>
			<N1>18</N1>
			<N2>10</N2>
			<n>21</n>
			<n1>12</n1>
			<n2>9</n2>
			<V>122.985</V>
			<B>0.029</B>
			<D>6.667</D>
			<E>819.899</E>
			<L>0.150</L>
			<T>00:00:45</T>
			<MaxND>2</MaxND>
			<MIwoc>108</MIwoc>
			<MIcwc>0</MIcwc>
			<MI>108</MI>
			<operators>
				<token count="2">()</token>
				<token count="1">.</token>
				<token count="1">::</token>
				<token count="2">;</token>
				<token count="1">&lt;</token>
				<token count="1">==</token>
				<token count="2">&gt;</token>
				<token count="1">class</token>
				<token count="1">else</token>
				<token count="1">if()</token>
				<token count="2">return</token>
				<token count="3">{}</token>
			</operators>
			<operands>
				<token count="1">0</token>
				<token count="1">1</token>
				<token count="1">NULL</token>
				<token count="1">Stack</token>
				<token count="2">T</token>
				<token count="1">bool</token>
				<token count="1">getHead</token>
				<token count="1">isEmpty</token>
				<token count="1">list</token>
			</operands>
		</function>
		<file_total>
			<vG_b>5</vG_b>
			<vG_e>5</vG_e>
			<vG_b_max>3</vG_b_max>
			<vG_b_avg>1</vG_b_avg>
			<vG_e_max>3</vG_e_max>
			<vG_e_avg>1</vG_e_avg>
			<params>2</params>
			<LOCphy>74</LOCphy>
			<LOCpro>61</LOCpro>
			<LOCbl>13</LOCbl>
			<LOCcom alarmed="1">0</LOCcom>
			<N>254</N>
			<N1>156</N1>
			<N2>98</N2>
			<n>56</n>
			<n1>26</n1>
			<n2>30</n2>
			<V>1475.068</V>
			<B>0.526</B>
			<D>42.467</D>
			<E>62641.227</E>
			<L>0.024</L>
			<T>00:58:00</T>
			<MaxND>3</MaxND>
			<MIwoc>110</MIwoc>
			<MIcwc>0</MIcwc>
			<MI>110</MI>
			<operators>
				<token count="1">!=</token>
				<token count="4">#</token>
				<token count="1">&amp;</token>
				<token count="19">()</token>
				<token count="2">*</token>
				<token count="1">++</token>
				<token count="2">-&gt;</token>
				<token count="8">.</token>
				<token count="1">:</token>
				<token count="9">::</token>
				<token count="16">;</token>
				<token count="22">&lt;</token>
				<token count="5">=</token>
				<token count="1">==</token>
				<token count="21">&gt;</token>
				<token count="9">class</token>
				<token count="1">const</token>
				<token count="1">else</token>
				<token count="1">endif</token>
				<token count="1">for()</token>
				<token count="2">if()</token>
				<token count="1">ifndef</token>
				<token count="4">return</token>
				<token count="9">template</token>
				<token count="13">{}</token>
				<token count="1">~</token>
			</operators>
			<operands>
				<token count="3">0</token>
				<token count="1">1</token>
				<token count="2">ListItem</token>
				<token count="1">NULL</token>
				<token count="13">Stack</token>
				<token count="25">T</token>
				<token count="2">__STACK_CPP</token>
				<token count="1">bool</token>
				<token count="1">define</token>
				<token count="1">deleteHead</token>
				<token count="2">display</token>
				<token count="3">getHead</token>
				<token count="3">i</token>
				<token count="1">include</token>
				<token count="1">insertAtHead</token>
				<token count="3">int</token>
				<token count="1">isEmpty</token>
				<token count="2">item</token>
				<token count="3">length</token>
				<token count="10">list</token>
				<token count="2">otherStack</token>
				<token count="2">pop</token>
				<token count="1">push</token>
				<token count="1">top</token>
				<token count="2">value</token>
				<token count="3">variable</token>
				<token count="2">variable1</token>
				<token count="2">variable2</token>
				<token count="2">void</token>
				<token count="2">y</token>
			</operands>
		</file_total>
	</file>
	<system>
		<files>1</files>
		<functions>9</functions>
		<LOCphy>74</LOCphy>
		<LOCbl>13</LOCbl>
		<LOCpro>61</LOCpro>
		<LOCcom>0</LOCcom>
		<semicolons>16</semicolons>
		<vG_b>5</vG_b>
		<vG_e>5</vG_e>
		<params>2</params>
		<MIwoc>116</MIwoc>
		<MIcw>0</MIcw>
		<MI>116</MI>
		<alarms>
			<file_vG>
				<measured>1</measured>
				<alarmed>0</alarmed>
				<percent>0</percent>
				<lowlimit>1</lowlimit>
				<highlimit>100</highlimit>
			</file_vG>
			<file_LOCpro>
				<measured>1</measured>
				<alarmed>0</alarmed>
				<percent>0</percent>
				<lowlimit>4</lowlimit>
				<highlimit>400</highlimit>
			</file_LOCpro>
			<file_comment_percent>
				<measured>1</measured>
				<alarmed>1</alarmed>
				<percent>100</percent>
				<lowlimit>30</lowlimit>
				<highlimit>75</highlimit>
			</file_comment_percent>
			<file_V>
				<measured>1</measured>
				<alarmed>0</alarmed>
				<percent>0</percent>
				<lowlimit>100</lowlimit>
				<highlimit>8000</highlimit>
			</file_V>
			<file_B>
				<measured>1</measured>
				<alarmed>0</alarmed>
				<percent>0</percent>
				<lowlimit>0</lowlimit>
				<highlimit>2</highlimit>
			</file_B>
			<file_MI>
				<measured>1</measured>
				<alarmed>0</alarmed>
				<percent>0</percent>
				<lowlimit>65</lowlimit>
			</file_MI>
			<function_vG>
				<measured>9</measured>
				<alarmed>0</alarmed>
				<percent>0</percent>
				<lowlimit>1</lowlimit>
				<highlimit>10</highlimit>
			</function_vG>
			<function_LOCpro>
				<measured>9</measured>
				<alarmed>2</alarmed>
				<percent>22</percent>
				<lowlimit>4</lowlimit>
				<highlimit>40</highlimit>
			</function_LOCpro>
			<function_comment_percent>
				<measured>9</measured>
				<alarmed>0</alarmed>
				<percent>0</percent>
				<lowlimit>30</lowlimit>
				<highlimit>75</highlimit>
			</function_comment_percent>
			<function_V>
				<measured>9</measured>
				<alarmed>0</alarmed>
				<percent>0</percent>
				<lowlimit>20</lowlimit>
				<highlimit>1000</highlimit>
			</function_V>
			<function_MI>
				<measured>9</measured>
				<alarmed>0</alarmed>
				<percent>0</percent>
				<lowlimit>65</lowlimit>
			</function_MI>
		</alarms>
		<error_messages count="0">
		</error_messages>
	</system>
</cmt_long_report>
