<?xml version="1.0" ?>
<cmt_long_report>
	<header_info>
		<cmt_version>7.0</cmt_version>
		<copyright>Copyright (c) 1993-2013 Testwell Oy</copyright>
		<copyright>Copyright (c) 2013-2018 Verifysoft Technology GmbH</copyright>
		<license_notes>
		</license_notes>
		<date>Tue Apr  4 22:34:10 2023</date>
		<cmt_options> -o C:\Users\muawi\cmt\A1_T3_S139.xml -lf -f C:\Users\muawi\cmt\files.txt</cmt_options>
		<run_directory>C:\Testwell\CMT</run_directory>
		<mccabe_preference>extended</mccabe_preference>
	</header_info>
	<file name="C:\Users\muawi\OneDrive\Documents\Study\Junior Year\Topics in Internet Research\Project\PA1_ANON_DATA\PA1_ANON_DATA\folder_139\stack.cpp" stamp="1680056171">
		<function name="Stack::Stack()">
			<start_line>6</start_line>
			<vG_b>1</vG_b>
			<vG_e>1</vG_e>
			<params>0</params>
			<LOCphy>4</LOCphy>
			<LOCpro alarmed="1">3</LOCpro>
			<LOCbl>0</LOCbl>
			<LOCcom>0</LOCcom>
			<N>11</N>
			<N1>7</N1>
			<N2>4</N2>
			<n>8</n>
			<n1>6</n1>
			<n2>2</n2>
			<V>33.000</V>
			<B>0.011</B>
			<D>6.000</D>
			<E>198.000</E>
			<L>0.167</L>
			<T>00:00:11</T>
			<MaxND>1</MaxND>
			<MIwoc>130</MIwoc>
			<MIcwc>0</MIcwc>
			<MI>130</MI>
			<operators>
				<token count="1">()</token>
				<token count="1">::</token>
				<token count="1">&lt;</token>
				<token count="2">&gt;</token>
				<token count="1">class</token>
				<token count="1">{}</token>
			</operators>
			<operands>
				<token count="2">Stack</token>
				<token count="2">T</token>
			</operands>
		</function>
		<function name="Stack::Stack()">
			<start_line>11</start_line>
			<vG_b>1</vG_b>
			<vG_e>1</vG_e>
			<params>1</params>
			<LOCphy>4</LOCphy>
			<LOCpro alarmed="1">3</LOCpro>
			<LOCbl>0</LOCbl>
			<LOCcom>0</LOCcom>
			<N>18</N>
			<N1>11</N1>
			<N2>7</N2>
			<n>11</n>
			<n1>8</n1>
			<n2>3</n2>
			<V>62.270</V>
			<B>0.023</B>
			<D>9.333</D>
			<E>581.185</E>
			<L>0.107</L>
			<T>00:00:32</T>
			<MaxND>1</MaxND>
			<MIwoc>127</MIwoc>
			<MIcwc>0</MIcwc>
			<MI>127</MI>
			<operators>
				<token count="1">&amp;</token>
				<token count="1">()</token>
				<token count="1">::</token>
				<token count="2">&lt;</token>
				<token count="3">&gt;</token>
				<token count="1">class</token>
				<token count="1">const</token>
				<token count="1">{}</token>
			</operators>
			<operands>
				<token count="3">Stack</token>
				<token count="3">T</token>
				<token count="1">otherStack</token>
			</operands>
		</function>
		<function name="Stack::~Stack()">
			<start_line>16</start_line>
			<vG_b>1</vG_b>
			<vG_e>1</vG_e>
			<params>0</params>
			<LOCphy>4</LOCphy>
			<LOCpro alarmed="1">3</LOCpro>
			<LOCbl>0</LOCbl>
			<LOCcom>0</LOCcom>
			<N>12</N>
			<N1>8</N1>
			<N2>4</N2>
			<n>9</n>
			<n1>7</n1>
			<n2>2</n2>
			<V>38.039</V>
			<B>0.014</B>
			<D>7.000</D>
			<E>266.274</E>
			<L>0.143</L>
			<T>00:00:14</T>
			<MaxND>1</MaxND>
			<MIwoc>129</MIwoc>
			<MIcwc>0</MIcwc>
			<MI>129</MI>
			<operators>
				<token count="1">()</token>
				<token count="1">::</token>
				<token count="1">&lt;</token>
				<token count="2">&gt;</token>
				<token count="1">class</token>
				<token count="1">{}</token>
				<token count="1">~</token>
			</operators>
			<operands>
				<token count="2">Stack</token>
				<token count="2">T</token>
			</operands>
		</function>
		<function name="Stack::push()">
			<start_line>21</start_line>
			<vG_b>1</vG_b>
			<vG_e>1</vG_e>
			<params>1</params>
			<LOCphy>4</LOCphy>
			<LOCpro alarmed="1">3</LOCpro>
			<LOCbl>0</LOCbl>
			<LOCcom>0</LOCcom>
			<N>14</N>
			<N1>7</N1>
			<N2>7</N2>
			<n>11</n>
			<n1>6</n1>
			<n2>5</n2>
			<V>48.432</V>
			<B>0.012</B>
			<D>4.200</D>
			<E>203.415</E>
			<L>0.238</L>
			<T>00:00:11</T>
			<MaxND>1</MaxND>
			<MIwoc>128</MIwoc>
			<MIcwc>0</MIcwc>
			<MI>128</MI>
			<operators>
				<token count="1">()</token>
				<token count="1">::</token>
				<token count="1">&lt;</token>
				<token count="2">&gt;</token>
				<token count="1">class</token>
				<token count="1">{}</token>
			</operators>
			<operands>
				<token count="1">Stack</token>
				<token count="3">T</token>
				<token count="1">item</token>
				<token count="1">push</token>
				<token count="1">void</token>
			</operands>
		</function>
		<function name="Stack::top()">
			<start_line>26</start_line>
			<vG_b>1</vG_b>
			<vG_e>1</vG_e>
			<params>0</params>
			<LOCphy>4</LOCphy>
			<LOCpro alarmed="1">3</LOCpro>
			<LOCbl>0</LOCbl>
			<LOCcom>0</LOCcom>
			<N>12</N>
			<N1>7</N1>
			<N2>5</N2>
			<n>9</n>
			<n1>6</n1>
			<n2>3</n2>
			<V>38.039</V>
			<B>0.011</B>
			<D>5.000</D>
			<E>190.195</E>
			<L>0.200</L>
			<T>00:00:10</T>
			<MaxND>1</MaxND>
			<MIwoc>129</MIwoc>
			<MIcwc>0</MIcwc>
			<MI>129</MI>
			<operators>
				<token count="1">()</token>
				<token count="1">::</token>
				<token count="1">&lt;</token>
				<token count="2">&gt;</token>
				<token count="1">class</token>
				<token count="1">{}</token>
			</operators>
			<operands>
				<token count="1">Stack</token>
				<token count="3">T</token>
				<token count="1">top</token>
			</operands>
		</function>
		<function name="Stack::pop()">
			<start_line>31</start_line>
			<vG_b>1</vG_b>
			<vG_e>1</vG_e>
			<params>0</params>
			<LOCphy>4</LOCphy>
			<LOCpro alarmed="1">3</LOCpro>
			<LOCbl>0</LOCbl>
			<LOCcom>0</LOCcom>
			<N>12</N>
			<N1>7</N1>
			<N2>5</N2>
			<n>9</n>
			<n1>6</n1>
			<n2>3</n2>
			<V>38.039</V>
			<B>0.011</B>
			<D>5.000</D>
			<E>190.195</E>
			<L>0.200</L>
			<T>00:00:10</T>
			<MaxND>1</MaxND>
			<MIwoc>129</MIwoc>
			<MIcwc>0</MIcwc>
			<MI>129</MI>
			<operators>
				<token count="1">()</token>
				<token count="1">::</token>
				<token count="1">&lt;</token>
				<token count="2">&gt;</token>
				<token count="1">class</token>
				<token count="1">{}</token>
			</operators>
			<operands>
				<token count="1">Stack</token>
				<token count="3">T</token>
				<token count="1">pop</token>
			</operands>
		</function>
		<function name="Stack::length()">
			<start_line>36</start_line>
			<vG_b>1</vG_b>
			<vG_e>1</vG_e>
			<params>0</params>
			<LOCphy>4</LOCphy>
			<LOCpro alarmed="1">3</LOCpro>
			<LOCbl>0</LOCbl>
			<LOCcom>0</LOCcom>
			<N>12</N>
			<N1>7</N1>
			<N2>5</N2>
			<n>10</n>
			<n1>6</n1>
			<n2>4</n2>
			<V>39.863</V>
			<B>0.009</B>
			<D>3.750</D>
			<E>149.487</E>
			<L>0.267</L>
			<T>00:00:08</T>
			<MaxND>1</MaxND>
			<MIwoc>129</MIwoc>
			<MIcwc>0</MIcwc>
			<MI>129</MI>
			<operators>
				<token count="1">()</token>
				<token count="1">::</token>
				<token count="1">&lt;</token>
				<token count="2">&gt;</token>
				<token count="1">class</token>
				<token count="1">{}</token>
			</operators>
			<operands>
				<token count="1">Stack</token>
				<token count="2">T</token>
				<token count="1">int</token>
				<token count="1">length</token>
			</operands>
		</function>
		<function name="Stack::isEmpty()">
			<start_line>41</start_line>
			<vG_b>1</vG_b>
			<vG_e>1</vG_e>
			<params>0</params>
			<LOCphy>4</LOCphy>
			<LOCpro alarmed="1">3</LOCpro>
			<LOCbl>0</LOCbl>
			<LOCcom>0</LOCcom>
			<N>12</N>
			<N1>7</N1>
			<N2>5</N2>
			<n>10</n>
			<n1>6</n1>
			<n2>4</n2>
			<V>39.863</V>
			<B>0.009</B>
			<D>3.750</D>
			<E>149.487</E>
			<L>0.267</L>
			<T>00:00:08</T>
			<MaxND>1</MaxND>
			<MIwoc>129</MIwoc>
			<MIcwc>0</MIcwc>
			<MI>129</MI>
			<operators>
				<token count="1">()</token>
				<token count="1">::</token>
				<token count="1">&lt;</token>
				<token count="2">&gt;</token>
				<token count="1">class</token>
				<token count="1">{}</token>
			</operators>
			<operands>
				<token count="1">Stack</token>
				<token count="2">T</token>
				<token count="1">bool</token>
				<token count="1">isEmpty</token>
			</operands>
		</function>
		<file_total>
			<vG_b>2</vG_b>
			<vG_e>2</vG_e>
			<vG_b_max>1</vG_b_max>
			<vG_b_avg>1</vG_b_avg>
			<vG_e_max>1</vG_e_max>
			<vG_e_avg>1</vG_e_avg>
			<params>2</params>
			<LOCphy>45</LOCphy>
			<LOCpro>36</LOCpro>
			<LOCbl>9</LOCbl>
			<LOCcom alarmed="1">0</LOCcom>
			<N>129</N>
			<N1>83</N1>
			<N2>46</N2>
			<n>28</n>
			<n1>13</n1>
			<n2>15</n2>
			<V>620.149</V>
			<B>0.178</B>
			<D>19.933</D>
			<E>12361.633</E>
			<L>0.050</L>
			<T>00:11:26</T>
			<MaxND>1</MaxND>
			<MIwoc>120</MIwoc>
			<MIcwc>0</MIcwc>
			<MI>120</MI>
			<operators>
				<token count="4">#</token>
				<token count="1">&amp;</token>
				<token count="8">()</token>
				<token count="8">::</token>
				<token count="17">&lt;</token>
				<token count="17">&gt;</token>
				<token count="8">class</token>
				<token count="1">const</token>
				<token count="1">endif</token>
				<token count="1">ifndef</token>
				<token count="8">template</token>
				<token count="8">{}</token>
				<token count="1">~</token>
			</operators>
			<operands>
				<token count="12">Stack</token>
				<token count="20">T</token>
				<token count="2">__STACK_CPP</token>
				<token count="1">bool</token>
				<token count="1">define</token>
				<token count="1">include</token>
				<token count="1">int</token>
				<token count="1">isEmpty</token>
				<token count="1">item</token>
				<token count="1">length</token>
				<token count="1">otherStack</token>
				<token count="1">pop</token>
				<token count="1">push</token>
				<token count="1">top</token>
				<token count="1">void</token>
			</operands>
		</file_total>
	</file>
	<system>
		<files>1</files>
		<functions>8</functions>
		<LOCphy>45</LOCphy>
		<LOCbl>9</LOCbl>
		<LOCpro>36</LOCpro>
		<LOCcom>0</LOCcom>
		<semicolons>0</semicolons>
		<vG_b>2</vG_b>
		<vG_e>2</vG_e>
		<params>2</params>
		<MIwoc>129</MIwoc>
		<MIcw>0</MIcw>
		<MI>129</MI>
		<alarms>
			<file_vG>
				<measured>1</measured>
				<alarmed>0</alarmed>
				<percent>0</percent>
				<lowlimit>1</lowlimit>
				<highlimit>100</highlimit>
			</file_vG>
			<file_LOCpro>
				<measured>1</measured>
				<alarmed>0</alarmed>
				<percent>0</percent>
				<lowlimit>4</lowlimit>
				<highlimit>400</highlimit>
			</file_LOCpro>
			<file_comment_percent>
				<measured>1</measured>
				<alarmed>1</alarmed>
				<percent>100</percent>
				<lowlimit>30</lowlimit>
				<highlimit>75</highlimit>
			</file_comment_percent>
			<file_V>
				<measured>1</measured>
				<alarmed>0</alarmed>
				<percent>0</percent>
				<lowlimit>100</lowlimit>
				<highlimit>8000</highlimit>
			</file_V>
			<file_B>
				<measured>1</measured>
				<alarmed>0</alarmed>
				<percent>0</percent>
				<lowlimit>0</lowlimit>
				<highlimit>2</highlimit>
			</file_B>
			<file_MI>
				<measured>1</measured>
				<alarmed>0</alarmed>
				<percent>0</percent>
				<lowlimit>65</lowlimit>
			</file_MI>
			<function_vG>
				<measured>8</measured>
				<alarmed>0</alarmed>
				<percent>0</percent>
				<lowlimit>1</lowlimit>
				<highlimit>10</highlimit>
			</function_vG>
			<function_LOCpro>
				<measured>8</measured>
				<alarmed>8</alarmed>
				<percent>100</percent>
				<lowlimit>4</lowlimit>
				<highlimit>40</highlimit>
			</function_LOCpro>
			<function_comment_percent>
				<measured>8</measured>
				<alarmed>0</alarmed>
				<percent>0</percent>
				<lowlimit>30</lowlimit>
				<highlimit>75</highlimit>
			</function_comment_percent>
			<function_V>
				<measured>8</measured>
				<alarmed>0</alarmed>
				<percent>0</percent>
				<lowlimit>20</lowlimit>
				<highlimit>1000</highlimit>
			</function_V>
			<function_MI>
				<measured>8</measured>
				<alarmed>0</alarmed>
				<percent>0</percent>
				<lowlimit>65</lowlimit>
			</function_MI>
		</alarms>
		<error_messages count="0">
		</error_messages>
	</system>
</cmt_long_report>
