<?xml version="1.0" ?>
<cmt_long_report>
	<header_info>
		<cmt_version>7.0</cmt_version>
		<copyright>Copyright (c) 1993-2013 Testwell Oy</copyright>
		<copyright>Copyright (c) 2013-2018 Verifysoft Technology GmbH</copyright>
		<license_notes>
		</license_notes>
		<date>Tue Apr  4 21:29:01 2023</date>
		<cmt_options> -o C:\Users\muawi\cmt\A1_T3_S67.xml -lf -f C:\Users\muawi\cmt\files.txt</cmt_options>
		<run_directory>C:\Testwell\CMT</run_directory>
		<mccabe_preference>extended</mccabe_preference>
	</header_info>
	<file name="C:\Users\muawi\OneDrive\Documents\Study\Junior Year\Topics in Internet Research\Project\PA1_ANON_DATA\PA1_ANON_DATA\folder_67\stack.cpp" stamp="1680056150">
		<function name="Stack::Stack()">
			<start_line>6</start_line>
			<vG_b>1</vG_b>
			<vG_e>1</vG_e>
			<params>0</params>
			<LOCphy>4</LOCphy>
			<LOCpro alarmed="1">3</LOCpro>
			<LOCbl>0</LOCbl>
			<LOCcom>0</LOCcom>
			<N>11</N>
			<N1>7</N1>
			<N2>4</N2>
			<n>8</n>
			<n1>6</n1>
			<n2>2</n2>
			<V>33.000</V>
			<B>0.011</B>
			<D>6.000</D>
			<E>198.000</E>
			<L>0.167</L>
			<T>00:00:11</T>
			<MaxND>1</MaxND>
			<MIwoc>130</MIwoc>
			<MIcwc>0</MIcwc>
			<MI>130</MI>
			<operators>
				<token count="1">()</token>
				<token count="1">::</token>
				<token count="1">&lt;</token>
				<token count="2">&gt;</token>
				<token count="1">class</token>
				<token count="1">{}</token>
			</operators>
			<operands>
				<token count="2">Stack</token>
				<token count="2">T</token>
			</operands>
		</function>
		<function name="Stack::Stack()">
			<start_line>11</start_line>
			<vG_b>3</vG_b>
			<vG_e>3</vG_e>
			<params>1</params>
			<LOCphy>23</LOCphy>
			<LOCpro>15</LOCpro>
			<LOCbl>5</LOCbl>
			<LOCcom alarmed="1">2</LOCcom>
			<N>64</N>
			<N1>37</N1>
			<N2>27</N2>
			<n>31</n>
			<n1>18</n1>
			<n2>13</n2>
			<V>317.069</V>
			<B>0.109</B>
			<D>18.692</D>
			<E>5926.743</E>
			<L>0.053</L>
			<T>00:05:29</T>
			<MaxND>3</MaxND>
			<MIwoc>90</MIwoc>
			<MIcwc>22</MIcwc>
			<MI>112</MI>
			<operators>
				<token count="1">!=</token>
				<token count="1">&amp;</token>
				<token count="3">()</token>
				<token count="1">*</token>
				<token count="2">-&gt;</token>
				<token count="2">.</token>
				<token count="1">::</token>
				<token count="4">;</token>
				<token count="4">&lt;</token>
				<token count="3">=</token>
				<token count="1">==</token>
				<token count="5">&gt;</token>
				<token count="1">class</token>
				<token count="1">const</token>
				<token count="1">else</token>
				<token count="1">if()</token>
				<token count="1">while()</token>
				<token count="4">{}</token>
			</operators>
			<operands>
				<token count="1">LinkedList</token>
				<token count="1">ListItem</token>
				<token count="2">NULL</token>
				<token count="3">Stack</token>
				<token count="5">T</token>
				<token count="1">getHead</token>
				<token count="2">itemo</token>
				<token count="1">list</token>
				<token count="1">next</token>
				<token count="2">otherStack</token>
				<token count="1">push</token>
				<token count="6">temp</token>
				<token count="1">value</token>
			</operands>
		</function>
		<function name="Stack::~Stack()">
			<start_line>35</start_line>
			<vG_b>1</vG_b>
			<vG_e>1</vG_e>
			<params>0</params>
			<LOCphy>4</LOCphy>
			<LOCpro alarmed="1">3</LOCpro>
			<LOCbl>0</LOCbl>
			<LOCcom>0</LOCcom>
			<N>12</N>
			<N1>8</N1>
			<N2>4</N2>
			<n>9</n>
			<n1>7</n1>
			<n2>2</n2>
			<V>38.039</V>
			<B>0.014</B>
			<D>7.000</D>
			<E>266.274</E>
			<L>0.143</L>
			<T>00:00:14</T>
			<MaxND>1</MaxND>
			<MIwoc>129</MIwoc>
			<MIcwc>0</MIcwc>
			<MI>129</MI>
			<operators>
				<token count="1">()</token>
				<token count="1">::</token>
				<token count="1">&lt;</token>
				<token count="2">&gt;</token>
				<token count="1">class</token>
				<token count="1">{}</token>
				<token count="1">~</token>
			</operators>
			<operands>
				<token count="2">Stack</token>
				<token count="2">T</token>
			</operands>
		</function>
		<function name="Stack::push()">
			<start_line>40</start_line>
			<vG_b>1</vG_b>
			<vG_e>1</vG_e>
			<params>1</params>
			<LOCphy>5</LOCphy>
			<LOCpro>4</LOCpro>
			<LOCbl>0</LOCbl>
			<LOCcom>0</LOCcom>
			<N>20</N>
			<N1>10</N1>
			<N2>10</N2>
			<n>15</n>
			<n1>8</n1>
			<n2>7</n2>
			<V>78.138</V>
			<B>0.019</B>
			<D>5.714</D>
			<E>446.502</E>
			<L>0.175</L>
			<T>00:00:24</T>
			<MaxND>1</MaxND>
			<MIwoc>122</MIwoc>
			<MIcwc>0</MIcwc>
			<MI>122</MI>
			<operators>
				<token count="2">()</token>
				<token count="1">.</token>
				<token count="1">::</token>
				<token count="1">;</token>
				<token count="1">&lt;</token>
				<token count="2">&gt;</token>
				<token count="1">class</token>
				<token count="1">{}</token>
			</operators>
			<operands>
				<token count="1">Stack</token>
				<token count="3">T</token>
				<token count="1">insertAtTail</token>
				<token count="2">item</token>
				<token count="1">list</token>
				<token count="1">push</token>
				<token count="1">void</token>
			</operands>
		</function>
		<function name="Stack::top()">
			<start_line>46</start_line>
			<vG_b>2</vG_b>
			<vG_e>2</vG_e>
			<params>0</params>
			<LOCphy>9</LOCphy>
			<LOCpro>6</LOCpro>
			<LOCbl>2</LOCbl>
			<LOCcom>0</LOCcom>
			<N>36</N>
			<N1>21</N1>
			<N2>15</N2>
			<n>24</n>
			<n1>14</n1>
			<n2>10</n2>
			<V>165.059</V>
			<B>0.048</B>
			<D>10.500</D>
			<E>1733.116</E>
			<L>0.095</L>
			<T>00:01:36</T>
			<MaxND>1</MaxND>
			<MIwoc>108</MIwoc>
			<MIcwc>0</MIcwc>
			<MI>108</MI>
			<operators>
				<token count="2">()</token>
				<token count="1">*</token>
				<token count="1">-&gt;</token>
				<token count="1">.</token>
				<token count="1">::</token>
				<token count="3">;</token>
				<token count="2">&lt;</token>
				<token count="1">=</token>
				<token count="1">==</token>
				<token count="3">&gt;</token>
				<token count="1">class</token>
				<token count="1">if()</token>
				<token count="2">return</token>
				<token count="1">{}</token>
			</operators>
			<operands>
				<token count="1">0</token>
				<token count="1">ListItem</token>
				<token count="1">NULL</token>
				<token count="1">Stack</token>
				<token count="4">T</token>
				<token count="1">getTail</token>
				<token count="1">list</token>
				<token count="3">temp</token>
				<token count="1">top</token>
				<token count="1">value</token>
			</operands>
		</function>
		<function name="Stack::pop()">
			<start_line>56</start_line>
			<vG_b>2</vG_b>
			<vG_e>2</vG_e>
			<params>0</params>
			<LOCphy>9</LOCphy>
			<LOCpro>8</LOCpro>
			<LOCbl>0</LOCbl>
			<LOCcom>0</LOCcom>
			<N>46</N>
			<N1>26</N1>
			<N2>20</N2>
			<n>26</n>
			<n1>14</n1>
			<n2>12</n2>
			<V>216.220</V>
			<B>0.062</B>
			<D>11.667</D>
			<E>2522.569</E>
			<L>0.086</L>
			<T>00:02:20</T>
			<MaxND>1</MaxND>
			<MIwoc>107</MIwoc>
			<MIcwc>0</MIcwc>
			<MI>107</MI>
			<operators>
				<token count="3">()</token>
				<token count="1">*</token>
				<token count="1">-&gt;</token>
				<token count="2">.</token>
				<token count="1">::</token>
				<token count="5">;</token>
				<token count="2">&lt;</token>
				<token count="2">=</token>
				<token count="1">==</token>
				<token count="3">&gt;</token>
				<token count="1">class</token>
				<token count="1">if()</token>
				<token count="2">return</token>
				<token count="1">{}</token>
			</operators>
			<operands>
				<token count="1">0</token>
				<token count="1">ListItem</token>
				<token count="1">NULL</token>
				<token count="1">Stack</token>
				<token count="5">T</token>
				<token count="2">a</token>
				<token count="1">deleteTail</token>
				<token count="1">getTail</token>
				<token count="2">list</token>
				<token count="1">pop</token>
				<token count="3">temp</token>
				<token count="1">value</token>
			</operands>
		</function>
		<function name="Stack::length()">
			<start_line>66</start_line>
			<vG_b>1</vG_b>
			<vG_e>1</vG_e>
			<params>0</params>
			<LOCphy>5</LOCphy>
			<LOCpro>4</LOCpro>
			<LOCbl>0</LOCbl>
			<LOCcom>0</LOCcom>
			<N>18</N>
			<N1>11</N1>
			<N2>7</N2>
			<n>14</n>
			<n1>9</n1>
			<n2>5</n2>
			<V>68.532</V>
			<B>0.019</B>
			<D>6.300</D>
			<E>431.754</E>
			<L>0.159</L>
			<T>00:00:23</T>
			<MaxND>1</MaxND>
			<MIwoc>123</MIwoc>
			<MIcwc>0</MIcwc>
			<MI>123</MI>
			<operators>
				<token count="2">()</token>
				<token count="1">.</token>
				<token count="1">::</token>
				<token count="1">;</token>
				<token count="1">&lt;</token>
				<token count="2">&gt;</token>
				<token count="1">class</token>
				<token count="1">return</token>
				<token count="1">{}</token>
			</operators>
			<operands>
				<token count="1">Stack</token>
				<token count="2">T</token>
				<token count="1">int</token>
				<token count="2">length</token>
				<token count="1">list</token>
			</operands>
		</function>
		<function name="Stack::isEmpty()">
			<start_line>72</start_line>
			<vG_b>2</vG_b>
			<vG_e>2</vG_e>
			<params>0</params>
			<LOCphy>7</LOCphy>
			<LOCpro>6</LOCpro>
			<LOCbl>0</LOCbl>
			<LOCcom>0</LOCcom>
			<N>24</N>
			<N1>17</N1>
			<N2>7</N2>
			<n>19</n>
			<n1>13</n1>
			<n2>6</n2>
			<V>101.950</V>
			<B>0.028</B>
			<D>7.583</D>
			<E>773.123</E>
			<L>0.132</L>
			<T>00:00:42</T>
			<MaxND>1</MaxND>
			<MIwoc>115</MIwoc>
			<MIcwc>0</MIcwc>
			<MI>115</MI>
			<operators>
				<token count="2">()</token>
				<token count="1">.</token>
				<token count="1">::</token>
				<token count="2">;</token>
				<token count="1">&lt;</token>
				<token count="2">&gt;</token>
				<token count="1">class</token>
				<token count="1">else</token>
				<token count="1">false</token>
				<token count="1">if()</token>
				<token count="2">return</token>
				<token count="1">true</token>
				<token count="1">{}</token>
			</operators>
			<operands>
				<token count="1">Stack</token>
				<token count="2">T</token>
				<token count="1">bool</token>
				<token count="1">getHead</token>
				<token count="1">isEmpty</token>
				<token count="1">list</token>
			</operands>
		</function>
		<function name="Stack::PrintStack()">
			<start_line>80</start_line>
			<vG_b>1</vG_b>
			<vG_e>1</vG_e>
			<params>0</params>
			<LOCphy>6</LOCphy>
			<LOCpro>4</LOCpro>
			<LOCbl>1</LOCbl>
			<LOCcom>0</LOCcom>
			<N>17</N>
			<N1>10</N1>
			<N2>7</N2>
			<n>14</n>
			<n1>8</n1>
			<n2>6</n2>
			<V>64.725</V>
			<B>0.015</B>
			<D>4.667</D>
			<E>302.050</E>
			<L>0.214</L>
			<T>00:00:16</T>
			<MaxND>1</MaxND>
			<MIwoc>120</MIwoc>
			<MIcwc>0</MIcwc>
			<MI>120</MI>
			<operators>
				<token count="2">()</token>
				<token count="1">.</token>
				<token count="1">::</token>
				<token count="1">;</token>
				<token count="1">&lt;</token>
				<token count="2">&gt;</token>
				<token count="1">class</token>
				<token count="1">{}</token>
			</operators>
			<operands>
				<token count="1">PrintStack</token>
				<token count="1">Stack</token>
				<token count="2">T</token>
				<token count="1">list</token>
				<token count="1">printList</token>
				<token count="1">void</token>
			</operands>
		</function>
		<file_total>
			<vG_b>7</vG_b>
			<vG_e>7</vG_e>
			<vG_b_max>3</vG_b_max>
			<vG_b_avg>1</vG_b_avg>
			<vG_e_max>3</vG_e_max>
			<vG_e_avg>1</vG_e_avg>
			<params>2</params>
			<LOCphy>109</LOCphy>
			<LOCpro>66</LOCpro>
			<LOCbl>25</LOCbl>
			<LOCcom alarmed="1">19</LOCcom>
			<N>276</N>
			<N1>171</N1>
			<N2>105</N2>
			<n>57</n>
			<n1>26</n1>
			<n2>31</n2>
			<V>1609.878</V>
			<B>0.571</B>
			<D>44.032</D>
			<E>70886.547</E>
			<L>0.023</L>
			<T>01:05:38</T>
			<MaxND>3</MaxND>
			<MIwoc>103</MIwoc>
			<MIcwc>30</MIcwc>
			<MI>134</MI>
			<operators>
				<token count="1">!=</token>
				<token count="4">#</token>
				<token count="1">&amp;</token>
				<token count="18">()</token>
				<token count="3">*</token>
				<token count="4">-&gt;</token>
				<token count="9">.</token>
				<token count="9">::</token>
				<token count="17">;</token>
				<token count="23">&lt;</token>
				<token count="6">=</token>
				<token count="3">==</token>
				<token count="23">&gt;</token>
				<token count="9">class</token>
				<token count="1">const</token>
				<token count="2">else</token>
				<token count="1">endif</token>
				<token count="1">false</token>
				<token count="4">if()</token>
				<token count="1">ifndef</token>
				<token count="7">return</token>
				<token count="9">template</token>
				<token count="1">true</token>
				<token count="1">while()</token>
				<token count="12">{}</token>
				<token count="1">~</token>
			</operators>
			<operands>
				<token count="2">0</token>
				<token count="1">LinkedList</token>
				<token count="3">ListItem</token>
				<token count="4">NULL</token>
				<token count="1">PrintStack</token>
				<token count="13">Stack</token>
				<token count="27">T</token>
				<token count="2">__STACK_CPP</token>
				<token count="2">a</token>
				<token count="1">bool</token>
				<token count="1">define</token>
				<token count="1">deleteTail</token>
				<token count="2">getHead</token>
				<token count="2">getTail</token>
				<token count="1">include</token>
				<token count="1">insertAtTail</token>
				<token count="1">int</token>
				<token count="1">isEmpty</token>
				<token count="2">item</token>
				<token count="2">itemo</token>
				<token count="2">length</token>
				<token count="8">list</token>
				<token count="1">next</token>
				<token count="2">otherStack</token>
				<token count="1">pop</token>
				<token count="1">printList</token>
				<token count="2">push</token>
				<token count="12">temp</token>
				<token count="1">top</token>
				<token count="3">value</token>
				<token count="2">void</token>
			</operands>
		</file_total>
	</file>
	<system>
		<files>1</files>
		<functions>9</functions>
		<LOCphy>109</LOCphy>
		<LOCbl>25</LOCbl>
		<LOCpro>66</LOCpro>
		<LOCcom>19</LOCcom>
		<semicolons>17</semicolons>
		<vG_b>7</vG_b>
		<vG_e>7</vG_e>
		<params>2</params>
		<MIwoc>112</MIwoc>
		<MIcw>13</MIcw>
		<MI>125</MI>
		<alarms>
			<file_vG>
				<measured>1</measured>
				<alarmed>0</alarmed>
				<percent>0</percent>
				<lowlimit>1</lowlimit>
				<highlimit>100</highlimit>
			</file_vG>
			<file_LOCpro>
				<measured>1</measured>
				<alarmed>0</alarmed>
				<percent>0</percent>
				<lowlimit>4</lowlimit>
				<highlimit>400</highlimit>
			</file_LOCpro>
			<file_comment_percent>
				<measured>1</measured>
				<alarmed>1</alarmed>
				<percent>100</percent>
				<lowlimit>30</lowlimit>
				<highlimit>75</highlimit>
			</file_comment_percent>
			<file_V>
				<measured>1</measured>
				<alarmed>0</alarmed>
				<percent>0</percent>
				<lowlimit>100</lowlimit>
				<highlimit>8000</highlimit>
			</file_V>
			<file_B>
				<measured>1</measured>
				<alarmed>0</alarmed>
				<percent>0</percent>
				<lowlimit>0</lowlimit>
				<highlimit>2</highlimit>
			</file_B>
			<file_MI>
				<measured>1</measured>
				<alarmed>0</alarmed>
				<percent>0</percent>
				<lowlimit>65</lowlimit>
			</file_MI>
			<function_vG>
				<measured>9</measured>
				<alarmed>0</alarmed>
				<percent>0</percent>
				<lowlimit>1</lowlimit>
				<highlimit>10</highlimit>
			</function_vG>
			<function_LOCpro>
				<measured>9</measured>
				<alarmed>2</alarmed>
				<percent>22</percent>
				<lowlimit>4</lowlimit>
				<highlimit>40</highlimit>
			</function_LOCpro>
			<function_comment_percent>
				<measured>9</measured>
				<alarmed>1</alarmed>
				<percent>11</percent>
				<lowlimit>30</lowlimit>
				<highlimit>75</highlimit>
			</function_comment_percent>
			<function_V>
				<measured>9</measured>
				<alarmed>0</alarmed>
				<percent>0</percent>
				<lowlimit>20</lowlimit>
				<highlimit>1000</highlimit>
			</function_V>
			<function_MI>
				<measured>9</measured>
				<alarmed>0</alarmed>
				<percent>0</percent>
				<lowlimit>65</lowlimit>
			</function_MI>
		</alarms>
		<error_messages count="0">
		</error_messages>
	</system>
</cmt_long_report>
