<?xml version="1.0" ?>
<cmt_long_report>
	<header_info>
		<cmt_version>7.0</cmt_version>
		<copyright>Copyright (c) 1993-2013 Testwell Oy</copyright>
		<copyright>Copyright (c) 2013-2018 Verifysoft Technology GmbH</copyright>
		<license_notes>
		</license_notes>
		<date>Tue Apr  4 22:38:38 2023</date>
		<cmt_options> -o C:\Users\muawi\cmt\A1_T3_S149.xml -lf -f C:\Users\muawi\cmt\files.txt</cmt_options>
		<run_directory>C:\Testwell\CMT</run_directory>
		<mccabe_preference>extended</mccabe_preference>
	</header_info>
	<file name="C:\Users\muawi\OneDrive\Documents\Study\Junior Year\Topics in Internet Research\Project\PA1_ANON_DATA\PA1_ANON_DATA\folder_149\stack.cpp" stamp="1680056066">
		<function name="Stack::Stack()">
			<start_line>6</start_line>
			<vG_b>1</vG_b>
			<vG_e>1</vG_e>
			<params>0</params>
			<LOCphy>4</LOCphy>
			<LOCpro alarmed="1">3</LOCpro>
			<LOCbl>0</LOCbl>
			<LOCcom>0</LOCcom>
			<N>11</N>
			<N1>7</N1>
			<N2>4</N2>
			<n>8</n>
			<n1>6</n1>
			<n2>2</n2>
			<V>33.000</V>
			<B>0.011</B>
			<D>6.000</D>
			<E>198.000</E>
			<L>0.167</L>
			<T>00:00:11</T>
			<MaxND>1</MaxND>
			<MIwoc>130</MIwoc>
			<MIcwc>0</MIcwc>
			<MI>130</MI>
			<operators>
				<token count="1">()</token>
				<token count="1">::</token>
				<token count="1">&lt;</token>
				<token count="2">&gt;</token>
				<token count="1">class</token>
				<token count="1">{}</token>
			</operators>
			<operands>
				<token count="2">Stack</token>
				<token count="2">T</token>
			</operands>
		</function>
		<function name="Stack::Stack()">
			<start_line>11</start_line>
			<vG_b>3</vG_b>
			<vG_e>3</vG_e>
			<params>1</params>
			<LOCphy>19</LOCphy>
			<LOCpro>17</LOCpro>
			<LOCbl>1</LOCbl>
			<LOCcom alarmed="1">0</LOCcom>
			<N>68</N>
			<N1>40</N1>
			<N2>28</N2>
			<n>32</n>
			<n1>19</n1>
			<n2>13</n2>
			<V>340.000</V>
			<B>0.121</B>
			<D>20.462</D>
			<E>6956.923</E>
			<L>0.049</L>
			<T>00:06:26</T>
			<MaxND>3</MaxND>
			<MIwoc>92</MIwoc>
			<MIcwc>0</MIcwc>
			<MI>92</MI>
			<operators>
				<token count="1">!=</token>
				<token count="1">&amp;</token>
				<token count="4">()</token>
				<token count="1">*</token>
				<token count="2">-&gt;</token>
				<token count="3">.</token>
				<token count="1">::</token>
				<token count="5">;</token>
				<token count="4">&lt;</token>
				<token count="2">=</token>
				<token count="1">==</token>
				<token count="5">&gt;</token>
				<token count="1">class</token>
				<token count="1">const</token>
				<token count="1">else</token>
				<token count="1">if()</token>
				<token count="1">return</token>
				<token count="1">while()</token>
				<token count="4">{}</token>
			</operators>
			<operands>
				<token count="1">LinkedList</token>
				<token count="1">ListItem</token>
				<token count="2">NULL</token>
				<token count="2">S</token>
				<token count="3">Stack</token>
				<token count="5">T</token>
				<token count="1">getHead</token>
				<token count="1">insertAtTail</token>
				<token count="2">list</token>
				<token count="1">next</token>
				<token count="2">otherStack</token>
				<token count="6">temp</token>
				<token count="1">value</token>
			</operands>
		</function>
		<function name="Stack::~Stack()">
			<start_line>31</start_line>
			<vG_b>1</vG_b>
			<vG_e>1</vG_e>
			<params>0</params>
			<LOCphy>5</LOCphy>
			<LOCpro>4</LOCpro>
			<LOCbl>0</LOCbl>
			<LOCcom>0</LOCcom>
			<N>18</N>
			<N1>12</N1>
			<N2>6</N2>
			<n>13</n>
			<n1>9</n1>
			<n2>4</n2>
			<V>66.608</V>
			<B>0.020</B>
			<D>6.750</D>
			<E>449.603</E>
			<L>0.148</L>
			<T>00:00:24</T>
			<MaxND>1</MaxND>
			<MIwoc>123</MIwoc>
			<MIcwc>0</MIcwc>
			<MI>123</MI>
			<operators>
				<token count="2">()</token>
				<token count="1">.</token>
				<token count="1">::</token>
				<token count="1">;</token>
				<token count="1">&lt;</token>
				<token count="2">&gt;</token>
				<token count="1">class</token>
				<token count="1">{}</token>
				<token count="2">~</token>
			</operators>
			<operands>
				<token count="1">LinkedList</token>
				<token count="2">Stack</token>
				<token count="2">T</token>
				<token count="1">list</token>
			</operands>
		</function>
		<function name="Stack::push()">
			<start_line>37</start_line>
			<vG_b>1</vG_b>
			<vG_e>1</vG_e>
			<params>1</params>
			<LOCphy>5</LOCphy>
			<LOCpro>4</LOCpro>
			<LOCbl>0</LOCbl>
			<LOCcom>0</LOCcom>
			<N>20</N>
			<N1>10</N1>
			<N2>10</N2>
			<n>15</n>
			<n1>8</n1>
			<n2>7</n2>
			<V>78.138</V>
			<B>0.019</B>
			<D>5.714</D>
			<E>446.502</E>
			<L>0.175</L>
			<T>00:00:24</T>
			<MaxND>1</MaxND>
			<MIwoc>122</MIwoc>
			<MIcwc>0</MIcwc>
			<MI>122</MI>
			<operators>
				<token count="2">()</token>
				<token count="1">.</token>
				<token count="1">::</token>
				<token count="1">;</token>
				<token count="1">&lt;</token>
				<token count="2">&gt;</token>
				<token count="1">class</token>
				<token count="1">{}</token>
			</operators>
			<operands>
				<token count="1">Stack</token>
				<token count="3">T</token>
				<token count="1">insertAtHead</token>
				<token count="2">item</token>
				<token count="1">list</token>
				<token count="1">push</token>
				<token count="1">void</token>
			</operands>
		</function>
		<function name="Stack::top()">
			<start_line>43</start_line>
			<vG_b>1</vG_b>
			<vG_e>1</vG_e>
			<params>0</params>
			<LOCphy>5</LOCphy>
			<LOCpro>4</LOCpro>
			<LOCbl>0</LOCbl>
			<LOCcom>0</LOCcom>
			<N>20</N>
			<N1>12</N1>
			<N2>8</N2>
			<n>16</n>
			<n1>10</n1>
			<n2>6</n2>
			<V>80.000</V>
			<B>0.022</B>
			<D>6.667</D>
			<E>533.333</E>
			<L>0.150</L>
			<T>00:00:29</T>
			<MaxND>1</MaxND>
			<MIwoc>122</MIwoc>
			<MIcwc>0</MIcwc>
			<MI>122</MI>
			<operators>
				<token count="2">()</token>
				<token count="1">-&gt;</token>
				<token count="1">.</token>
				<token count="1">::</token>
				<token count="1">;</token>
				<token count="1">&lt;</token>
				<token count="2">&gt;</token>
				<token count="1">class</token>
				<token count="1">return</token>
				<token count="1">{}</token>
			</operators>
			<operands>
				<token count="1">Stack</token>
				<token count="3">T</token>
				<token count="1">getHead</token>
				<token count="1">list</token>
				<token count="1">top</token>
				<token count="1">value</token>
			</operands>
		</function>
		<function name="Stack::pop()">
			<start_line>49</start_line>
			<vG_b>1</vG_b>
			<vG_e>1</vG_e>
			<params>0</params>
			<LOCphy>8</LOCphy>
			<LOCpro>6</LOCpro>
			<LOCbl>1</LOCbl>
			<LOCcom>0</LOCcom>
			<N>30</N>
			<N1>17</N1>
			<N2>13</N2>
			<n>19</n>
			<n1>11</n1>
			<n2>8</n2>
			<V>127.438</V>
			<B>0.036</B>
			<D>8.938</D>
			<E>1138.976</E>
			<L>0.112</L>
			<T>00:01:03</T>
			<MaxND>1</MaxND>
			<MIwoc>112</MIwoc>
			<MIcwc>0</MIcwc>
			<MI>112</MI>
			<operators>
				<token count="3">()</token>
				<token count="1">-&gt;</token>
				<token count="2">.</token>
				<token count="1">::</token>
				<token count="3">;</token>
				<token count="1">&lt;</token>
				<token count="1">=</token>
				<token count="2">&gt;</token>
				<token count="1">class</token>
				<token count="1">return</token>
				<token count="1">{}</token>
			</operators>
			<operands>
				<token count="1">Stack</token>
				<token count="4">T</token>
				<token count="1">deleteHead</token>
				<token count="1">getHead</token>
				<token count="2">list</token>
				<token count="1">pop</token>
				<token count="1">value</token>
				<token count="2">what</token>
			</operands>
		</function>
		<function name="Stack::length()">
			<start_line>58</start_line>
			<vG_b>1</vG_b>
			<vG_e>1</vG_e>
			<params>0</params>
			<LOCphy>5</LOCphy>
			<LOCpro>4</LOCpro>
			<LOCbl>0</LOCbl>
			<LOCcom>0</LOCcom>
			<N>18</N>
			<N1>11</N1>
			<N2>7</N2>
			<n>14</n>
			<n1>9</n1>
			<n2>5</n2>
			<V>68.532</V>
			<B>0.019</B>
			<D>6.300</D>
			<E>431.754</E>
			<L>0.159</L>
			<T>00:00:23</T>
			<MaxND>1</MaxND>
			<MIwoc>123</MIwoc>
			<MIcwc>0</MIcwc>
			<MI>123</MI>
			<operators>
				<token count="2">()</token>
				<token count="1">.</token>
				<token count="1">::</token>
				<token count="1">;</token>
				<token count="1">&lt;</token>
				<token count="2">&gt;</token>
				<token count="1">class</token>
				<token count="1">return</token>
				<token count="1">{}</token>
			</operators>
			<operands>
				<token count="1">Stack</token>
				<token count="2">T</token>
				<token count="1">int</token>
				<token count="2">length</token>
				<token count="1">list</token>
			</operands>
		</function>
		<function name="Stack::isEmpty()">
			<start_line>64</start_line>
			<vG_b>3</vG_b>
			<vG_e>3</vG_e>
			<params>0</params>
			<LOCphy>12</LOCphy>
			<LOCpro>11</LOCpro>
			<LOCbl>0</LOCbl>
			<LOCcom alarmed="1">0</LOCcom>
			<N>35</N>
			<N1>24</N1>
			<N2>11</N2>
			<n>22</n>
			<n1>15</n1>
			<n2>7</n2>
			<V>156.080</V>
			<B>0.050</B>
			<D>11.786</D>
			<E>1839.516</E>
			<L>0.085</L>
			<T>00:01:42</T>
			<MaxND>2</MaxND>
			<MIwoc>104</MIwoc>
			<MIcwc>0</MIcwc>
			<MI>104</MI>
			<operators>
				<token count="1">!=</token>
				<token count="3">()</token>
				<token count="2">.</token>
				<token count="1">::</token>
				<token count="2">;</token>
				<token count="1">&lt;</token>
				<token count="1">==</token>
				<token count="2">&gt;</token>
				<token count="1">class</token>
				<token count="1">else</token>
				<token count="1">false</token>
				<token count="2">if()</token>
				<token count="2">return</token>
				<token count="1">true</token>
				<token count="3">{}</token>
			</operators>
			<operands>
				<token count="2">0</token>
				<token count="1">Stack</token>
				<token count="2">T</token>
				<token count="1">bool</token>
				<token count="1">isEmpty</token>
				<token count="2">length</token>
				<token count="2">list</token>
			</operands>
		</function>
		<file_total>
			<vG_b>6</vG_b>
			<vG_e>6</vG_e>
			<vG_b_max>3</vG_b_max>
			<vG_b_avg>1</vG_b_avg>
			<vG_e_max>3</vG_e_max>
			<vG_e_avg>1</vG_e_avg>
			<params>2</params>
			<LOCphy>76</LOCphy>
			<LOCpro>65</LOCpro>
			<LOCbl>11</LOCbl>
			<LOCcom alarmed="1">0</LOCcom>
			<N>246</N>
			<N1>155</N1>
			<N2>91</N2>
			<n>55</n>
			<n1>26</n1>
			<n2>29</n2>
			<V>1422.214</V>
			<B>0.500</B>
			<D>40.793</D>
			<E>58016.543</E>
			<L>0.025</L>
			<T>00:53:43</T>
			<MaxND>3</MaxND>
			<MIwoc>107</MIwoc>
			<MIcwc>0</MIcwc>
			<MI>107</MI>
			<operators>
				<token count="2">!=</token>
				<token count="4">#</token>
				<token count="1">&amp;</token>
				<token count="19">()</token>
				<token count="1">*</token>
				<token count="4">-&gt;</token>
				<token count="11">.</token>
				<token count="8">::</token>
				<token count="14">;</token>
				<token count="19">&lt;</token>
				<token count="3">=</token>
				<token count="2">==</token>
				<token count="19">&gt;</token>
				<token count="8">class</token>
				<token count="1">const</token>
				<token count="2">else</token>
				<token count="1">endif</token>
				<token count="1">false</token>
				<token count="3">if()</token>
				<token count="1">ifndef</token>
				<token count="6">return</token>
				<token count="8">template</token>
				<token count="1">true</token>
				<token count="1">while()</token>
				<token count="13">{}</token>
				<token count="2">~</token>
			</operators>
			<operands>
				<token count="2">0</token>
				<token count="2">LinkedList</token>
				<token count="1">ListItem</token>
				<token count="2">NULL</token>
				<token count="2">S</token>
				<token count="12">Stack</token>
				<token count="23">T</token>
				<token count="2">__STACK_CPP</token>
				<token count="1">bool</token>
				<token count="1">define</token>
				<token count="1">deleteHead</token>
				<token count="3">getHead</token>
				<token count="1">include</token>
				<token count="1">insertAtHead</token>
				<token count="1">insertAtTail</token>
				<token count="1">int</token>
				<token count="1">isEmpty</token>
				<token count="2">item</token>
				<token count="4">length</token>
				<token count="10">list</token>
				<token count="1">next</token>
				<token count="2">otherStack</token>
				<token count="1">pop</token>
				<token count="1">push</token>
				<token count="6">temp</token>
				<token count="1">top</token>
				<token count="3">value</token>
				<token count="1">void</token>
				<token count="2">what</token>
			</operands>
		</file_total>
	</file>
	<system>
		<files>1</files>
		<functions>8</functions>
		<LOCphy>76</LOCphy>
		<LOCbl>11</LOCbl>
		<LOCpro>65</LOCpro>
		<LOCcom>0</LOCcom>
		<semicolons>14</semicolons>
		<vG_b>6</vG_b>
		<vG_e>6</vG_e>
		<params>2</params>
		<MIwoc>112</MIwoc>
		<MIcw>0</MIcw>
		<MI>112</MI>
		<alarms>
			<file_vG>
				<measured>1</measured>
				<alarmed>0</alarmed>
				<percent>0</percent>
				<lowlimit>1</lowlimit>
				<highlimit>100</highlimit>
			</file_vG>
			<file_LOCpro>
				<measured>1</measured>
				<alarmed>0</alarmed>
				<percent>0</percent>
				<lowlimit>4</lowlimit>
				<highlimit>400</highlimit>
			</file_LOCpro>
			<file_comment_percent>
				<measured>1</measured>
				<alarmed>1</alarmed>
				<percent>100</percent>
				<lowlimit>30</lowlimit>
				<highlimit>75</highlimit>
			</file_comment_percent>
			<file_V>
				<measured>1</measured>
				<alarmed>0</alarmed>
				<percent>0</percent>
				<lowlimit>100</lowlimit>
				<highlimit>8000</highlimit>
			</file_V>
			<file_B>
				<measured>1</measured>
				<alarmed>0</alarmed>
				<percent>0</percent>
				<lowlimit>0</lowlimit>
				<highlimit>2</highlimit>
			</file_B>
			<file_MI>
				<measured>1</measured>
				<alarmed>0</alarmed>
				<percent>0</percent>
				<lowlimit>65</lowlimit>
			</file_MI>
			<function_vG>
				<measured>8</measured>
				<alarmed>0</alarmed>
				<percent>0</percent>
				<lowlimit>1</lowlimit>
				<highlimit>10</highlimit>
			</function_vG>
			<function_LOCpro>
				<measured>8</measured>
				<alarmed>1</alarmed>
				<percent>12</percent>
				<lowlimit>4</lowlimit>
				<highlimit>40</highlimit>
			</function_LOCpro>
			<function_comment_percent>
				<measured>8</measured>
				<alarmed>2</alarmed>
				<percent>25</percent>
				<lowlimit>30</lowlimit>
				<highlimit>75</highlimit>
			</function_comment_percent>
			<function_V>
				<measured>8</measured>
				<alarmed>0</alarmed>
				<percent>0</percent>
				<lowlimit>20</lowlimit>
				<highlimit>1000</highlimit>
			</function_V>
			<function_MI>
				<measured>8</measured>
				<alarmed>0</alarmed>
				<percent>0</percent>
				<lowlimit>65</lowlimit>
			</function_MI>
		</alarms>
		<error_messages count="0">
		</error_messages>
	</system>
</cmt_long_report>
