<?xml version="1.0" ?>
<cmt_long_report>
	<header_info>
		<cmt_version>7.0</cmt_version>
		<copyright>Copyright (c) 1993-2013 Testwell Oy</copyright>
		<copyright>Copyright (c) 2013-2018 Verifysoft Technology GmbH</copyright>
		<license_notes>
		</license_notes>
		<date>Tue Apr  4 22:37:04 2023</date>
		<cmt_options> -o C:\Users\muawi\cmt\A1_T3_S145.xml -lf -f C:\Users\muawi\cmt\files.txt</cmt_options>
		<run_directory>C:\Testwell\CMT</run_directory>
		<mccabe_preference>extended</mccabe_preference>
	</header_info>
	<file name="C:\Users\muawi\OneDrive\Documents\Study\Junior Year\Topics in Internet Research\Project\PA1_ANON_DATA\PA1_ANON_DATA\folder_145\stack.cpp" stamp="1680056146">
		<function name="Stack::Stack()">
			<start_line>6</start_line>
			<vG_b>1</vG_b>
			<vG_e>1</vG_e>
			<params>0</params>
			<LOCphy>4</LOCphy>
			<LOCpro alarmed="1">3</LOCpro>
			<LOCbl>0</LOCbl>
			<LOCcom>0</LOCcom>
			<N>11</N>
			<N1>7</N1>
			<N2>4</N2>
			<n>8</n>
			<n1>6</n1>
			<n2>2</n2>
			<V>33.000</V>
			<B>0.011</B>
			<D>6.000</D>
			<E>198.000</E>
			<L>0.167</L>
			<T>00:00:11</T>
			<MaxND>1</MaxND>
			<MIwoc>130</MIwoc>
			<MIcwc>0</MIcwc>
			<MI>130</MI>
			<operators>
				<token count="1">()</token>
				<token count="1">::</token>
				<token count="1">&lt;</token>
				<token count="2">&gt;</token>
				<token count="1">class</token>
				<token count="1">{}</token>
			</operators>
			<operands>
				<token count="2">Stack</token>
				<token count="2">T</token>
			</operands>
		</function>
		<function name="Stack::Stack()">
			<start_line>11</start_line>
			<vG_b>2</vG_b>
			<vG_e>2</vG_e>
			<params>1</params>
			<LOCphy>11</LOCphy>
			<LOCpro>9</LOCpro>
			<LOCbl>1</LOCbl>
			<LOCcom>0</LOCcom>
			<N>52</N>
			<N1>30</N1>
			<N2>22</N2>
			<n>26</n>
			<n1>15</n1>
			<n2>11</n2>
			<V>244.423</V>
			<B>0.079</B>
			<D>15.000</D>
			<E>3666.343</E>
			<L>0.067</L>
			<T>00:03:23</T>
			<MaxND>2</MaxND>
			<MIwoc>103</MIwoc>
			<MIcwc>0</MIcwc>
			<MI>103</MI>
			<operators>
				<token count="1">!=</token>
				<token count="1">&amp;</token>
				<token count="4">()</token>
				<token count="1">*</token>
				<token count="2">-&gt;</token>
				<token count="3">.</token>
				<token count="1">::</token>
				<token count="3">;</token>
				<token count="3">&lt;</token>
				<token count="2">=</token>
				<token count="4">&gt;</token>
				<token count="1">class</token>
				<token count="1">const</token>
				<token count="1">while()</token>
				<token count="2">{}</token>
			</operators>
			<operands>
				<token count="1">ListItem</token>
				<token count="1">NULL</token>
				<token count="3">Stack</token>
				<token count="4">T</token>
				<token count="1">getHead</token>
				<token count="1">insertAtTail</token>
				<token count="2">list</token>
				<token count="1">next</token>
				<token count="2">otherStack</token>
				<token count="5">temp2</token>
				<token count="1">value</token>
			</operands>
		</function>
		<function name="Stack::~Stack()">
			<start_line>23</start_line>
			<vG_b>1</vG_b>
			<vG_e>1</vG_e>
			<params>0</params>
			<LOCphy>4</LOCphy>
			<LOCpro alarmed="1">3</LOCpro>
			<LOCbl>0</LOCbl>
			<LOCcom>0</LOCcom>
			<N>12</N>
			<N1>8</N1>
			<N2>4</N2>
			<n>9</n>
			<n1>7</n1>
			<n2>2</n2>
			<V>38.039</V>
			<B>0.014</B>
			<D>7.000</D>
			<E>266.274</E>
			<L>0.143</L>
			<T>00:00:14</T>
			<MaxND>1</MaxND>
			<MIwoc>129</MIwoc>
			<MIcwc>0</MIcwc>
			<MI>129</MI>
			<operators>
				<token count="1">()</token>
				<token count="1">::</token>
				<token count="1">&lt;</token>
				<token count="2">&gt;</token>
				<token count="1">class</token>
				<token count="1">{}</token>
				<token count="1">~</token>
			</operators>
			<operands>
				<token count="2">Stack</token>
				<token count="2">T</token>
			</operands>
		</function>
		<function name="Stack::push()">
			<start_line>28</start_line>
			<vG_b>1</vG_b>
			<vG_e>1</vG_e>
			<params>1</params>
			<LOCphy>6</LOCphy>
			<LOCpro>4</LOCpro>
			<LOCbl>1</LOCbl>
			<LOCcom>0</LOCcom>
			<N>20</N>
			<N1>10</N1>
			<N2>10</N2>
			<n>15</n>
			<n1>8</n1>
			<n2>7</n2>
			<V>78.138</V>
			<B>0.019</B>
			<D>5.714</D>
			<E>446.502</E>
			<L>0.175</L>
			<T>00:00:24</T>
			<MaxND>1</MaxND>
			<MIwoc>119</MIwoc>
			<MIcwc>0</MIcwc>
			<MI>119</MI>
			<operators>
				<token count="2">()</token>
				<token count="1">.</token>
				<token count="1">::</token>
				<token count="1">;</token>
				<token count="1">&lt;</token>
				<token count="2">&gt;</token>
				<token count="1">class</token>
				<token count="1">{}</token>
			</operators>
			<operands>
				<token count="1">Stack</token>
				<token count="3">T</token>
				<token count="1">insertAtHead</token>
				<token count="2">item</token>
				<token count="1">list</token>
				<token count="1">push</token>
				<token count="1">void</token>
			</operands>
		</function>
		<function name="Stack::top()">
			<start_line>35</start_line>
			<vG_b>2</vG_b>
			<vG_e>2</vG_e>
			<params>0</params>
			<LOCphy>16</LOCphy>
			<LOCpro>12</LOCpro>
			<LOCbl>3</LOCbl>
			<LOCcom alarmed="1">0</LOCcom>
			<N>38</N>
			<N1>24</N1>
			<N2>14</N2>
			<n>25</n>
			<n1>15</n1>
			<n2>10</n2>
			<V>176.467</V>
			<B>0.050</B>
			<D>10.500</D>
			<E>1852.899</E>
			<L>0.095</L>
			<T>00:01:42</T>
			<MaxND>2</MaxND>
			<MIwoc>99</MIwoc>
			<MIcwc>0</MIcwc>
			<MI>99</MI>
			<operators>
				<token count="1">!=</token>
				<token count="3">()</token>
				<token count="1">-</token>
				<token count="1">-&gt;</token>
				<token count="2">.</token>
				<token count="1">::</token>
				<token count="3">;</token>
				<token count="1">&lt;</token>
				<token count="1">&lt;&lt;</token>
				<token count="2">&gt;</token>
				<token count="1">class</token>
				<token count="1">else</token>
				<token count="1">if()</token>
				<token count="2">return</token>
				<token count="3">{}</token>
			</operators>
			<operands>
				<token count="1">&quot;returning -1, stack empty&quot;</token>
				<token count="1">1</token>
				<token count="1">NULL</token>
				<token count="1">Stack</token>
				<token count="3">T</token>
				<token count="1">cout</token>
				<token count="2">getHead</token>
				<token count="2">list</token>
				<token count="1">top</token>
				<token count="1">value</token>
			</operands>
		</function>
		<function name="Stack::pop()">
			<start_line>52</start_line>
			<vG_b>2</vG_b>
			<vG_e>2</vG_e>
			<params>0</params>
			<LOCphy>16</LOCphy>
			<LOCpro>14</LOCpro>
			<LOCbl>1</LOCbl>
			<LOCcom alarmed="1">0</LOCcom>
			<N>48</N>
			<N1>29</N1>
			<N2>19</N2>
			<n>29</n>
			<n1>16</n1>
			<n2>13</n2>
			<V>233.183</V>
			<B>0.065</B>
			<D>11.692</D>
			<E>2726.448</E>
			<L>0.086</L>
			<T>00:02:31</T>
			<MaxND>2</MaxND>
			<MIwoc>97</MIwoc>
			<MIcwc>0</MIcwc>
			<MI>97</MI>
			<operators>
				<token count="1">!=</token>
				<token count="4">()</token>
				<token count="1">-</token>
				<token count="1">-&gt;</token>
				<token count="3">.</token>
				<token count="1">::</token>
				<token count="5">;</token>
				<token count="1">&lt;</token>
				<token count="1">&lt;&lt;</token>
				<token count="1">=</token>
				<token count="2">&gt;</token>
				<token count="1">class</token>
				<token count="1">else</token>
				<token count="1">if()</token>
				<token count="2">return</token>
				<token count="3">{}</token>
			</operators>
			<operands>
				<token count="1">&quot;returning -1; stack empty&quot;</token>
				<token count="1">1</token>
				<token count="1">NULL</token>
				<token count="1">Stack</token>
				<token count="3">T</token>
				<token count="1">cout</token>
				<token count="1">deleteHead</token>
				<token count="2">getHead</token>
				<token count="1">int</token>
				<token count="2">item</token>
				<token count="3">list</token>
				<token count="1">pop</token>
				<token count="1">value</token>
			</operands>
		</function>
		<function name="Stack::length()">
			<start_line>69</start_line>
			<vG_b>1</vG_b>
			<vG_e>1</vG_e>
			<params>0</params>
			<LOCphy>5</LOCphy>
			<LOCpro>4</LOCpro>
			<LOCbl>0</LOCbl>
			<LOCcom>0</LOCcom>
			<N>18</N>
			<N1>11</N1>
			<N2>7</N2>
			<n>14</n>
			<n1>9</n1>
			<n2>5</n2>
			<V>68.532</V>
			<B>0.019</B>
			<D>6.300</D>
			<E>431.754</E>
			<L>0.159</L>
			<T>00:00:23</T>
			<MaxND>1</MaxND>
			<MIwoc>123</MIwoc>
			<MIcwc>0</MIcwc>
			<MI>123</MI>
			<operators>
				<token count="2">()</token>
				<token count="1">.</token>
				<token count="1">::</token>
				<token count="1">;</token>
				<token count="1">&lt;</token>
				<token count="2">&gt;</token>
				<token count="1">class</token>
				<token count="1">return</token>
				<token count="1">{}</token>
			</operators>
			<operands>
				<token count="1">Stack</token>
				<token count="2">T</token>
				<token count="1">int</token>
				<token count="2">length</token>
				<token count="1">list</token>
			</operands>
		</function>
		<function name="Stack::isEmpty()">
			<start_line>75</start_line>
			<vG_b>2</vG_b>
			<vG_e>2</vG_e>
			<params>0</params>
			<LOCphy>9</LOCphy>
			<LOCpro>7</LOCpro>
			<LOCbl>1</LOCbl>
			<LOCcom>0</LOCcom>
			<N>26</N>
			<N1>16</N1>
			<N2>10</N2>
			<n>21</n>
			<n1>12</n1>
			<n2>9</n2>
			<V>114.200</V>
			<B>0.028</B>
			<D>6.667</D>
			<E>761.335</E>
			<L>0.150</L>
			<T>00:00:42</T>
			<MaxND>1</MaxND>
			<MIwoc>110</MIwoc>
			<MIcwc>0</MIcwc>
			<MI>110</MI>
			<operators>
				<token count="2">()</token>
				<token count="1">.</token>
				<token count="1">::</token>
				<token count="2">;</token>
				<token count="1">&lt;</token>
				<token count="1">==</token>
				<token count="2">&gt;</token>
				<token count="1">class</token>
				<token count="1">else</token>
				<token count="1">if()</token>
				<token count="2">return</token>
				<token count="1">{}</token>
			</operators>
			<operands>
				<token count="1">0</token>
				<token count="1">1</token>
				<token count="1">NULL</token>
				<token count="1">Stack</token>
				<token count="2">T</token>
				<token count="1">bool</token>
				<token count="1">gethead</token>
				<token count="1">isEmpty</token>
				<token count="1">list</token>
			</operands>
		</function>
		<file_total>
			<vG_b>6</vG_b>
			<vG_e>6</vG_e>
			<vG_b_max>2</vG_b_max>
			<vG_b_avg>1</vG_b_avg>
			<vG_e_max>2</vG_e_max>
			<vG_e_avg>1</vG_e_avg>
			<params>2</params>
			<LOCphy>84</LOCphy>
			<LOCpro>68</LOCpro>
			<LOCbl>16</LOCbl>
			<LOCcom alarmed="1">0</LOCcom>
			<N>251</N>
			<N1>157</N1>
			<N2>94</N2>
			<n>57</n>
			<n1>26</n1>
			<n2>31</n2>
			<V>1464.055</V>
			<B>0.498</B>
			<D>39.419</D>
			<E>57712.117</E>
			<L>0.025</L>
			<T>00:53:26</T>
			<MaxND>2</MaxND>
			<MIwoc>106</MIwoc>
			<MIcwc>0</MIcwc>
			<MI>106</MI>
			<operators>
				<token count="3">!=</token>
				<token count="4">#</token>
				<token count="1">&amp;</token>
				<token count="19">()</token>
				<token count="1">*</token>
				<token count="2">-</token>
				<token count="4">-&gt;</token>
				<token count="11">.</token>
				<token count="8">::</token>
				<token count="15">;</token>
				<token count="18">&lt;</token>
				<token count="2">&lt;&lt;</token>
				<token count="3">=</token>
				<token count="1">==</token>
				<token count="18">&gt;</token>
				<token count="8">class</token>
				<token count="1">const</token>
				<token count="3">else</token>
				<token count="1">endif</token>
				<token count="3">if()</token>
				<token count="1">ifndef</token>
				<token count="7">return</token>
				<token count="8">template</token>
				<token count="1">while()</token>
				<token count="13">{}</token>
				<token count="1">~</token>
			</operators>
			<operands>
				<token count="1">&quot;returning -1, stack empty&quot;</token>
				<token count="1">&quot;returning -1; stack empty&quot;</token>
				<token count="1">0</token>
				<token count="3">1</token>
				<token count="1">ListItem</token>
				<token count="4">NULL</token>
				<token count="12">Stack</token>
				<token count="21">T</token>
				<token count="2">__STACK_CPP</token>
				<token count="1">bool</token>
				<token count="2">cout</token>
				<token count="1">define</token>
				<token count="1">deleteHead</token>
				<token count="5">getHead</token>
				<token count="1">gethead</token>
				<token count="1">include</token>
				<token count="1">insertAtHead</token>
				<token count="1">insertAtTail</token>
				<token count="2">int</token>
				<token count="1">isEmpty</token>
				<token count="4">item</token>
				<token count="2">length</token>
				<token count="10">list</token>
				<token count="1">next</token>
				<token count="2">otherStack</token>
				<token count="1">pop</token>
				<token count="1">push</token>
				<token count="5">temp2</token>
				<token count="1">top</token>
				<token count="3">value</token>
				<token count="1">void</token>
			</operands>
		</file_total>
	</file>
	<system>
		<files>1</files>
		<functions>8</functions>
		<LOCphy>84</LOCphy>
		<LOCbl>16</LOCbl>
		<LOCpro>68</LOCpro>
		<LOCcom>0</LOCcom>
		<semicolons>15</semicolons>
		<vG_b>6</vG_b>
		<vG_e>6</vG_e>
		<params>2</params>
		<MIwoc>110</MIwoc>
		<MIcw>0</MIcw>
		<MI>110</MI>
		<alarms>
			<file_vG>
				<measured>1</measured>
				<alarmed>0</alarmed>
				<percent>0</percent>
				<lowlimit>1</lowlimit>
				<highlimit>100</highlimit>
			</file_vG>
			<file_LOCpro>
				<measured>1</measured>
				<alarmed>0</alarmed>
				<percent>0</percent>
				<lowlimit>4</lowlimit>
				<highlimit>400</highlimit>
			</file_LOCpro>
			<file_comment_percent>
				<measured>1</measured>
				<alarmed>1</alarmed>
				<percent>100</percent>
				<lowlimit>30</lowlimit>
				<highlimit>75</highlimit>
			</file_comment_percent>
			<file_V>
				<measured>1</measured>
				<alarmed>0</alarmed>
				<percent>0</percent>
				<lowlimit>100</lowlimit>
				<highlimit>8000</highlimit>
			</file_V>
			<file_B>
				<measured>1</measured>
				<alarmed>0</alarmed>
				<percent>0</percent>
				<lowlimit>0</lowlimit>
				<highlimit>2</highlimit>
			</file_B>
			<file_MI>
				<measured>1</measured>
				<alarmed>0</alarmed>
				<percent>0</percent>
				<lowlimit>65</lowlimit>
			</file_MI>
			<function_vG>
				<measured>8</measured>
				<alarmed>0</alarmed>
				<percent>0</percent>
				<lowlimit>1</lowlimit>
				<highlimit>10</highlimit>
			</function_vG>
			<function_LOCpro>
				<measured>8</measured>
				<alarmed>2</alarmed>
				<percent>25</percent>
				<lowlimit>4</lowlimit>
				<highlimit>40</highlimit>
			</function_LOCpro>
			<function_comment_percent>
				<measured>8</measured>
				<alarmed>2</alarmed>
				<percent>25</percent>
				<lowlimit>30</lowlimit>
				<highlimit>75</highlimit>
			</function_comment_percent>
			<function_V>
				<measured>8</measured>
				<alarmed>0</alarmed>
				<percent>0</percent>
				<lowlimit>20</lowlimit>
				<highlimit>1000</highlimit>
			</function_V>
			<function_MI>
				<measured>8</measured>
				<alarmed>0</alarmed>
				<percent>0</percent>
				<lowlimit>65</lowlimit>
			</function_MI>
		</alarms>
		<error_messages count="0">
		</error_messages>
	</system>
</cmt_long_report>
