<?xml version="1.0" ?>
<cmt_long_report>
	<header_info>
		<cmt_version>7.0</cmt_version>
		<copyright>Copyright (c) 1993-2013 Testwell Oy</copyright>
		<copyright>Copyright (c) 2013-2018 Verifysoft Technology GmbH</copyright>
		<license_notes>
		</license_notes>
		<date>Tue Apr  4 21:14:41 2023</date>
		<cmt_options> -o C:\Users\muawi\cmt\A1_T3_S39.xml -lf -f C:\Users\muawi\cmt\files.txt</cmt_options>
		<run_directory>C:\Testwell\CMT</run_directory>
		<mccabe_preference>extended</mccabe_preference>
	</header_info>
	<file name="C:\Users\muawi\OneDrive\Documents\Study\Junior Year\Topics in Internet Research\Project\PA1_ANON_DATA\PA1_ANON_DATA\folder_39\stack.cpp" stamp="1680056153">
		<function name="Stack::Stack()">
			<start_line>6</start_line>
			<vG_b>1</vG_b>
			<vG_e>1</vG_e>
			<params>0</params>
			<LOCphy>4</LOCphy>
			<LOCpro alarmed="1">3</LOCpro>
			<LOCbl>0</LOCbl>
			<LOCcom>0</LOCcom>
			<N>11</N>
			<N1>7</N1>
			<N2>4</N2>
			<n>8</n>
			<n1>6</n1>
			<n2>2</n2>
			<V>33.000</V>
			<B>0.011</B>
			<D>6.000</D>
			<E>198.000</E>
			<L>0.167</L>
			<T>00:00:11</T>
			<MaxND>1</MaxND>
			<MIwoc>130</MIwoc>
			<MIcwc>0</MIcwc>
			<MI>130</MI>
			<operators>
				<token count="1">()</token>
				<token count="1">::</token>
				<token count="1">&lt;</token>
				<token count="2">&gt;</token>
				<token count="1">class</token>
				<token count="1">{}</token>
			</operators>
			<operands>
				<token count="2">Stack</token>
				<token count="2">T</token>
			</operands>
		</function>
		<function name="Stack::Stack()">
			<start_line>11</start_line>
			<vG_b>4</vG_b>
			<vG_e>4</vG_e>
			<params>1</params>
			<LOCphy>37</LOCphy>
			<LOCpro>32</LOCpro>
			<LOCbl>4</LOCbl>
			<LOCcom alarmed="1">6</LOCcom>
			<N>174</N>
			<N1>96</N1>
			<N2>78</N2>
			<n>37</n>
			<n1>19</n1>
			<n2>18</n2>
			<V>906.445</V>
			<B>0.372</B>
			<D>41.167</D>
			<E>37315.316</E>
			<L>0.024</L>
			<T>00:34:33</T>
			<MaxND>4</MaxND>
			<MIwoc>76</MIwoc>
			<MIcwc>29</MIcwc>
			<MI>105</MI>
			<operators>
				<token count="2">!=</token>
				<token count="2">&amp;</token>
				<token count="5">()</token>
				<token count="4">*</token>
				<token count="15">-&gt;</token>
				<token count="4">.</token>
				<token count="1">::</token>
				<token count="17">;</token>
				<token count="8">&lt;</token>
				<token count="16">=</token>
				<token count="1">==</token>
				<token count="9">&gt;</token>
				<token count="1">class</token>
				<token count="1">const</token>
				<token count="1">else</token>
				<token count="2">if()</token>
				<token count="1">new</token>
				<token count="1">while()</token>
				<token count="5">{}</token>
			</operators>
			<operands>
				<token count="1">LinkedList</token>
				<token count="5">ListItem</token>
				<token count="7">NULL</token>
				<token count="3">Stack</token>
				<token count="9">T</token>
				<token count="8">curr1</token>
				<token count="10">curr2</token>
				<token count="2">getHead</token>
				<token count="3">h1</token>
				<token count="1">insertAtHead</token>
				<token count="3">list</token>
				<token count="6">next</token>
				<token count="2">oldlist</token>
				<token count="3">otherStack</token>
				<token count="2">prev</token>
				<token count="5">temp</token>
				<token count="3">this</token>
				<token count="5">value</token>
			</operands>
		</function>
		<function name="Stack::~Stack()">
			<start_line>49</start_line>
			<vG_b>1</vG_b>
			<vG_e>1</vG_e>
			<params>0</params>
			<LOCphy>4</LOCphy>
			<LOCpro alarmed="1">3</LOCpro>
			<LOCbl>0</LOCbl>
			<LOCcom>0</LOCcom>
			<N>12</N>
			<N1>8</N1>
			<N2>4</N2>
			<n>9</n>
			<n1>7</n1>
			<n2>2</n2>
			<V>38.039</V>
			<B>0.014</B>
			<D>7.000</D>
			<E>266.274</E>
			<L>0.143</L>
			<T>00:00:14</T>
			<MaxND>1</MaxND>
			<MIwoc>129</MIwoc>
			<MIcwc>0</MIcwc>
			<MI>129</MI>
			<operators>
				<token count="1">()</token>
				<token count="1">::</token>
				<token count="1">&lt;</token>
				<token count="2">&gt;</token>
				<token count="1">class</token>
				<token count="1">{}</token>
				<token count="1">~</token>
			</operators>
			<operands>
				<token count="2">Stack</token>
				<token count="2">T</token>
			</operands>
		</function>
		<function name="Stack::push()">
			<start_line>54</start_line>
			<vG_b>1</vG_b>
			<vG_e>1</vG_e>
			<params>1</params>
			<LOCphy>5</LOCphy>
			<LOCpro>4</LOCpro>
			<LOCbl>0</LOCbl>
			<LOCcom>0</LOCcom>
			<N>20</N>
			<N1>10</N1>
			<N2>10</N2>
			<n>15</n>
			<n1>8</n1>
			<n2>7</n2>
			<V>78.138</V>
			<B>0.019</B>
			<D>5.714</D>
			<E>446.502</E>
			<L>0.175</L>
			<T>00:00:24</T>
			<MaxND>1</MaxND>
			<MIwoc>122</MIwoc>
			<MIcwc>0</MIcwc>
			<MI>122</MI>
			<operators>
				<token count="2">()</token>
				<token count="1">.</token>
				<token count="1">::</token>
				<token count="1">;</token>
				<token count="1">&lt;</token>
				<token count="2">&gt;</token>
				<token count="1">class</token>
				<token count="1">{}</token>
			</operators>
			<operands>
				<token count="1">Stack</token>
				<token count="3">T</token>
				<token count="1">insertAtHead</token>
				<token count="2">item</token>
				<token count="1">list</token>
				<token count="1">push</token>
				<token count="1">void</token>
			</operands>
		</function>
		<function name="Stack::top()">
			<start_line>60</start_line>
			<vG_b>2</vG_b>
			<vG_e>2</vG_e>
			<params>0</params>
			<LOCphy>12</LOCphy>
			<LOCpro>11</LOCpro>
			<LOCbl>0</LOCbl>
			<LOCcom alarmed="1">0</LOCcom>
			<N>33</N>
			<N1>21</N1>
			<N2>12</N2>
			<n>21</n>
			<n1>13</n1>
			<n2>8</n2>
			<V>144.946</V>
			<B>0.042</B>
			<D>9.750</D>
			<E>1413.228</E>
			<L>0.103</L>
			<T>00:01:18</T>
			<MaxND>2</MaxND>
			<MIwoc>104</MIwoc>
			<MIcwc>0</MIcwc>
			<MI>104</MI>
			<operators>
				<token count="1">!=</token>
				<token count="3">()</token>
				<token count="1">-&gt;</token>
				<token count="2">.</token>
				<token count="1">::</token>
				<token count="2">;</token>
				<token count="1">&lt;</token>
				<token count="2">&gt;</token>
				<token count="1">class</token>
				<token count="1">else</token>
				<token count="1">if()</token>
				<token count="2">return</token>
				<token count="3">{}</token>
			</operators>
			<operands>
				<token count="1">0</token>
				<token count="1">NULL</token>
				<token count="1">Stack</token>
				<token count="3">T</token>
				<token count="2">getHead</token>
				<token count="2">list</token>
				<token count="1">top</token>
				<token count="1">value</token>
			</operands>
		</function>
		<function name="Stack::pop()">
			<start_line>73</start_line>
			<vG_b>2</vG_b>
			<vG_e>2</vG_e>
			<params>0</params>
			<LOCphy>14</LOCphy>
			<LOCpro>13</LOCpro>
			<LOCbl>0</LOCbl>
			<LOCcom alarmed="1">0</LOCcom>
			<N>43</N>
			<N1>26</N1>
			<N2>17</N2>
			<n>24</n>
			<n1>14</n1>
			<n2>10</n2>
			<V>197.153</V>
			<B>0.059</B>
			<D>11.900</D>
			<E>2346.125</E>
			<L>0.084</L>
			<T>00:02:10</T>
			<MaxND>2</MaxND>
			<MIwoc>100</MIwoc>
			<MIcwc>0</MIcwc>
			<MI>100</MI>
			<operators>
				<token count="1">!=</token>
				<token count="4">()</token>
				<token count="1">-&gt;</token>
				<token count="3">.</token>
				<token count="1">::</token>
				<token count="4">;</token>
				<token count="1">&lt;</token>
				<token count="1">=</token>
				<token count="2">&gt;</token>
				<token count="1">class</token>
				<token count="1">else</token>
				<token count="1">if()</token>
				<token count="2">return</token>
				<token count="3">{}</token>
			</operators>
			<operands>
				<token count="1">0</token>
				<token count="1">NULL</token>
				<token count="1">Stack</token>
				<token count="4">T</token>
				<token count="2">ans</token>
				<token count="1">deleteHead</token>
				<token count="2">getHead</token>
				<token count="3">list</token>
				<token count="1">pop</token>
				<token count="1">value</token>
			</operands>
		</function>
		<function name="Stack::length()">
			<start_line>88</start_line>
			<vG_b>1</vG_b>
			<vG_e>1</vG_e>
			<params>0</params>
			<LOCphy>5</LOCphy>
			<LOCpro>4</LOCpro>
			<LOCbl>0</LOCbl>
			<LOCcom>0</LOCcom>
			<N>17</N>
			<N1>10</N1>
			<N2>7</N2>
			<n>13</n>
			<n1>8</n1>
			<n2>5</n2>
			<V>62.907</V>
			<B>0.017</B>
			<D>5.600</D>
			<E>352.282</E>
			<L>0.179</L>
			<T>00:00:19</T>
			<MaxND>1</MaxND>
			<MIwoc>123</MIwoc>
			<MIcwc>0</MIcwc>
			<MI>123</MI>
			<operators>
				<token count="2">()</token>
				<token count="1">.</token>
				<token count="1">::</token>
				<token count="1">;</token>
				<token count="1">&lt;</token>
				<token count="2">&gt;</token>
				<token count="1">class</token>
				<token count="1">{}</token>
			</operators>
			<operands>
				<token count="1">Stack</token>
				<token count="2">T</token>
				<token count="1">int</token>
				<token count="2">length</token>
				<token count="1">list</token>
			</operands>
		</function>
		<function name="Stack::isEmpty()">
			<start_line>94</start_line>
			<vG_b>2</vG_b>
			<vG_e>2</vG_e>
			<params>0</params>
			<LOCphy>12</LOCphy>
			<LOCpro>11</LOCpro>
			<LOCbl>0</LOCbl>
			<LOCcom alarmed="1">0</LOCcom>
			<N>28</N>
			<N1>20</N1>
			<N2>8</N2>
			<n>21</n>
			<n1>14</n1>
			<n2>7</n2>
			<V>122.985</V>
			<B>0.033</B>
			<D>8.000</D>
			<E>983.879</E>
			<L>0.125</L>
			<T>00:00:54</T>
			<MaxND>2</MaxND>
			<MIwoc>105</MIwoc>
			<MIcwc>0</MIcwc>
			<MI>105</MI>
			<operators>
				<token count="2">()</token>
				<token count="1">.</token>
				<token count="1">::</token>
				<token count="2">;</token>
				<token count="1">&lt;</token>
				<token count="1">==</token>
				<token count="2">&gt;</token>
				<token count="1">class</token>
				<token count="1">else</token>
				<token count="1">false</token>
				<token count="1">if()</token>
				<token count="2">return</token>
				<token count="1">true</token>
				<token count="3">{}</token>
			</operators>
			<operands>
				<token count="1">0</token>
				<token count="1">Stack</token>
				<token count="2">T</token>
				<token count="1">bool</token>
				<token count="1">isEmpty</token>
				<token count="1">length</token>
				<token count="1">list</token>
			</operands>
		</function>
		<file_total>
			<vG_b>8</vG_b>
			<vG_e>8</vG_e>
			<vG_b_max>4</vG_b_max>
			<vG_b_avg>1</vG_b_avg>
			<vG_e_max>4</vG_e_max>
			<vG_e_avg>1</vG_e_avg>
			<params>2</params>
			<LOCphy>106</LOCphy>
			<LOCpro>93</LOCpro>
			<LOCbl>13</LOCbl>
			<LOCcom alarmed="1">6</LOCcom>
			<N>364</N>
			<N1>220</N1>
			<N2>144</N2>
			<n>60</n>
			<n1>27</n1>
			<n2>33</n2>
			<V>2150.108</V>
			<B>0.841</B>
			<D>58.909</D>
			<E>126660.922</E>
			<L>0.017</L>
			<T>01:57:16</T>
			<MaxND>4</MaxND>
			<MIwoc>100</MIwoc>
			<MIcwc>18</MIcwc>
			<MI>118</MI>
			<operators>
				<token count="4">!=</token>
				<token count="4">#</token>
				<token count="2">&amp;</token>
				<token count="20">()</token>
				<token count="4">*</token>
				<token count="17">-&gt;</token>
				<token count="12">.</token>
				<token count="8">::</token>
				<token count="27">;</token>
				<token count="23">&lt;</token>
				<token count="17">=</token>
				<token count="2">==</token>
				<token count="23">&gt;</token>
				<token count="8">class</token>
				<token count="1">const</token>
				<token count="4">else</token>
				<token count="1">endif</token>
				<token count="1">false</token>
				<token count="5">if()</token>
				<token count="1">ifndef</token>
				<token count="1">new</token>
				<token count="6">return</token>
				<token count="8">template</token>
				<token count="1">true</token>
				<token count="1">while()</token>
				<token count="18">{}</token>
				<token count="1">~</token>
			</operators>
			<operands>
				<token count="3">0</token>
				<token count="1">LinkedList</token>
				<token count="5">ListItem</token>
				<token count="9">NULL</token>
				<token count="12">Stack</token>
				<token count="27">T</token>
				<token count="2">__STACK_CPP</token>
				<token count="2">ans</token>
				<token count="1">bool</token>
				<token count="8">curr1</token>
				<token count="10">curr2</token>
				<token count="1">define</token>
				<token count="1">deleteHead</token>
				<token count="6">getHead</token>
				<token count="3">h1</token>
				<token count="1">include</token>
				<token count="2">insertAtHead</token>
				<token count="1">int</token>
				<token count="1">isEmpty</token>
				<token count="2">item</token>
				<token count="3">length</token>
				<token count="11">list</token>
				<token count="6">next</token>
				<token count="2">oldlist</token>
				<token count="3">otherStack</token>
				<token count="1">pop</token>
				<token count="2">prev</token>
				<token count="1">push</token>
				<token count="5">temp</token>
				<token count="3">this</token>
				<token count="1">top</token>
				<token count="7">value</token>
				<token count="1">void</token>
			</operands>
		</file_total>
	</file>
	<system>
		<files>1</files>
		<functions>8</functions>
		<LOCphy>106</LOCphy>
		<LOCbl>13</LOCbl>
		<LOCpro>93</LOCpro>
		<LOCcom>6</LOCcom>
		<semicolons>27</semicolons>
		<vG_b>8</vG_b>
		<vG_e>8</vG_e>
		<params>2</params>
		<MIwoc>103</MIwoc>
		<MIcw>19</MIcw>
		<MI>123</MI>
		<alarms>
			<file_vG>
				<measured>1</measured>
				<alarmed>0</alarmed>
				<percent>0</percent>
				<lowlimit>1</lowlimit>
				<highlimit>100</highlimit>
			</file_vG>
			<file_LOCpro>
				<measured>1</measured>
				<alarmed>0</alarmed>
				<percent>0</percent>
				<lowlimit>4</lowlimit>
				<highlimit>400</highlimit>
			</file_LOCpro>
			<file_comment_percent>
				<measured>1</measured>
				<alarmed>1</alarmed>
				<percent>100</percent>
				<lowlimit>30</lowlimit>
				<highlimit>75</highlimit>
			</file_comment_percent>
			<file_V>
				<measured>1</measured>
				<alarmed>0</alarmed>
				<percent>0</percent>
				<lowlimit>100</lowlimit>
				<highlimit>8000</highlimit>
			</file_V>
			<file_B>
				<measured>1</measured>
				<alarmed>0</alarmed>
				<percent>0</percent>
				<lowlimit>0</lowlimit>
				<highlimit>2</highlimit>
			</file_B>
			<file_MI>
				<measured>1</measured>
				<alarmed>0</alarmed>
				<percent>0</percent>
				<lowlimit>65</lowlimit>
			</file_MI>
			<function_vG>
				<measured>8</measured>
				<alarmed>0</alarmed>
				<percent>0</percent>
				<lowlimit>1</lowlimit>
				<highlimit>10</highlimit>
			</function_vG>
			<function_LOCpro>
				<measured>8</measured>
				<alarmed>2</alarmed>
				<percent>25</percent>
				<lowlimit>4</lowlimit>
				<highlimit>40</highlimit>
			</function_LOCpro>
			<function_comment_percent>
				<measured>8</measured>
				<alarmed>4</alarmed>
				<percent>50</percent>
				<lowlimit>30</lowlimit>
				<highlimit>75</highlimit>
			</function_comment_percent>
			<function_V>
				<measured>8</measured>
				<alarmed>0</alarmed>
				<percent>0</percent>
				<lowlimit>20</lowlimit>
				<highlimit>1000</highlimit>
			</function_V>
			<function_MI>
				<measured>8</measured>
				<alarmed>0</alarmed>
				<percent>0</percent>
				<lowlimit>65</lowlimit>
			</function_MI>
		</alarms>
		<error_messages count="0">
		</error_messages>
	</system>
</cmt_long_report>
