<?xml version="1.0" ?>
<cmt_long_report>
	<header_info>
		<cmt_version>7.0</cmt_version>
		<copyright>Copyright (c) 1993-2013 Testwell Oy</copyright>
		<copyright>Copyright (c) 2013-2018 Verifysoft Technology GmbH</copyright>
		<license_notes>
		</license_notes>
		<date>Tue Apr  4 21:04:54 2023</date>
		<cmt_options> -o C:\Users\muawi\cmt\A1_T3_S21.xml -lf -f C:\Users\muawi\cmt\files.txt</cmt_options>
		<run_directory>C:\Testwell\CMT</run_directory>
		<mccabe_preference>extended</mccabe_preference>
	</header_info>
	<file name="C:\Users\muawi\OneDrive\Documents\Study\Junior Year\Topics in Internet Research\Project\PA1_ANON_DATA\PA1_ANON_DATA\folder_21\stack.cpp" stamp="1680056172">
		<function name="Stack::Stack()">
			<start_line>6</start_line>
			<vG_b>1</vG_b>
			<vG_e>1</vG_e>
			<params>0</params>
			<LOCphy>5</LOCphy>
			<LOCpro alarmed="1">3</LOCpro>
			<LOCbl>1</LOCbl>
			<LOCcom>0</LOCcom>
			<N>11</N>
			<N1>7</N1>
			<N2>4</N2>
			<n>8</n>
			<n1>6</n1>
			<n2>2</n2>
			<V>33.000</V>
			<B>0.011</B>
			<D>6.000</D>
			<E>198.000</E>
			<L>0.167</L>
			<T>00:00:11</T>
			<MaxND>1</MaxND>
			<MIwoc>127</MIwoc>
			<MIcwc>0</MIcwc>
			<MI>127</MI>
			<operators>
				<token count="1">()</token>
				<token count="1">::</token>
				<token count="1">&lt;</token>
				<token count="2">&gt;</token>
				<token count="1">class</token>
				<token count="1">{}</token>
			</operators>
			<operands>
				<token count="2">Stack</token>
				<token count="2">T</token>
			</operands>
		</function>
		<function name="Stack::Stack()">
			<start_line>12</start_line>
			<vG_b>2</vG_b>
			<vG_e>2</vG_e>
			<params>1</params>
			<LOCphy>14</LOCphy>
			<LOCpro>13</LOCpro>
			<LOCbl>0</LOCbl>
			<LOCcom alarmed="1">0</LOCcom>
			<N>82</N>
			<N1>47</N1>
			<N2>35</N2>
			<n>29</n>
			<n1>15</n1>
			<n2>14</n2>
			<V>398.354</V>
			<B>0.127</B>
			<D>18.750</D>
			<E>7469.146</E>
			<L>0.053</L>
			<T>00:06:54</T>
			<MaxND>2</MaxND>
			<MIwoc>97</MIwoc>
			<MIcwc>0</MIcwc>
			<MI>97</MI>
			<operators>
				<token count="1">&amp;</token>
				<token count="5">()</token>
				<token count="2">*</token>
				<token count="4">-&gt;</token>
				<token count="3">.</token>
				<token count="1">::</token>
				<token count="7">;</token>
				<token count="6">&lt;</token>
				<token count="5">=</token>
				<token count="7">&gt;</token>
				<token count="1">class</token>
				<token count="1">const</token>
				<token count="1">new</token>
				<token count="1">while()</token>
				<token count="2">{}</token>
			</operators>
			<operands>
				<token count="1">LinkedList</token>
				<token count="1">ListItem</token>
				<token count="5">Stack</token>
				<token count="7">T</token>
				<token count="1">getHead</token>
				<token count="4">list</token>
				<token count="1">next</token>
				<token count="2">otherStack</token>
				<token count="1">push</token>
				<token count="1">reverse</token>
				<token count="2">temp</token>
				<token count="3">temp2</token>
				<token count="5">temp3</token>
				<token count="1">value</token>
			</operands>
		</function>
		<function name="Stack::~Stack()">
			<start_line>27</start_line>
			<vG_b>1</vG_b>
			<vG_e>1</vG_e>
			<params>0</params>
			<LOCphy>5</LOCphy>
			<LOCpro alarmed="1">3</LOCpro>
			<LOCbl>1</LOCbl>
			<LOCcom>0</LOCcom>
			<N>12</N>
			<N1>8</N1>
			<N2>4</N2>
			<n>9</n>
			<n1>7</n1>
			<n2>2</n2>
			<V>38.039</V>
			<B>0.014</B>
			<D>7.000</D>
			<E>266.274</E>
			<L>0.143</L>
			<T>00:00:14</T>
			<MaxND>1</MaxND>
			<MIwoc>126</MIwoc>
			<MIcwc>0</MIcwc>
			<MI>126</MI>
			<operators>
				<token count="1">()</token>
				<token count="1">::</token>
				<token count="1">&lt;</token>
				<token count="2">&gt;</token>
				<token count="1">class</token>
				<token count="1">{}</token>
				<token count="1">~</token>
			</operators>
			<operands>
				<token count="2">Stack</token>
				<token count="2">T</token>
			</operands>
		</function>
		<function name="Stack::push()">
			<start_line>33</start_line>
			<vG_b>1</vG_b>
			<vG_e>1</vG_e>
			<params>1</params>
			<LOCphy>5</LOCphy>
			<LOCpro>4</LOCpro>
			<LOCbl>0</LOCbl>
			<LOCcom>0</LOCcom>
			<N>20</N>
			<N1>10</N1>
			<N2>10</N2>
			<n>15</n>
			<n1>8</n1>
			<n2>7</n2>
			<V>78.138</V>
			<B>0.019</B>
			<D>5.714</D>
			<E>446.502</E>
			<L>0.175</L>
			<T>00:00:24</T>
			<MaxND>1</MaxND>
			<MIwoc>122</MIwoc>
			<MIcwc>0</MIcwc>
			<MI>122</MI>
			<operators>
				<token count="2">()</token>
				<token count="1">.</token>
				<token count="1">::</token>
				<token count="1">;</token>
				<token count="1">&lt;</token>
				<token count="2">&gt;</token>
				<token count="1">class</token>
				<token count="1">{}</token>
			</operators>
			<operands>
				<token count="1">Stack</token>
				<token count="3">T</token>
				<token count="1">insertAtHead</token>
				<token count="2">item</token>
				<token count="1">list</token>
				<token count="1">push</token>
				<token count="1">void</token>
			</operands>
		</function>
		<function name="Stack::top()">
			<start_line>39</start_line>
			<vG_b>2</vG_b>
			<vG_e>2</vG_e>
			<params>0</params>
			<LOCphy>8</LOCphy>
			<LOCpro>7</LOCpro>
			<LOCbl>0</LOCbl>
			<LOCcom>0</LOCcom>
			<N>29</N>
			<N1>18</N1>
			<N2>11</N2>
			<n>19</n>
			<n1>12</n1>
			<n2>7</n2>
			<V>123.190</V>
			<B>0.037</B>
			<D>9.429</D>
			<E>1161.505</E>
			<L>0.106</L>
			<T>00:01:04</T>
			<MaxND>2</MaxND>
			<MIwoc>112</MIwoc>
			<MIcwc>0</MIcwc>
			<MI>112</MI>
			<operators>
				<token count="1">!=</token>
				<token count="4">()</token>
				<token count="1">-&gt;</token>
				<token count="2">.</token>
				<token count="1">::</token>
				<token count="1">;</token>
				<token count="1">&lt;</token>
				<token count="2">&gt;</token>
				<token count="1">class</token>
				<token count="1">if()</token>
				<token count="1">return</token>
				<token count="2">{}</token>
			</operators>
			<operands>
				<token count="1">NULL</token>
				<token count="1">Stack</token>
				<token count="3">T</token>
				<token count="2">getHead</token>
				<token count="2">list</token>
				<token count="1">top</token>
				<token count="1">value</token>
			</operands>
		</function>
		<function name="Stack::pop()">
			<start_line>48</start_line>
			<vG_b>2</vG_b>
			<vG_e>2</vG_e>
			<params>0</params>
			<LOCphy>10</LOCphy>
			<LOCpro>9</LOCpro>
			<LOCbl>0</LOCbl>
			<LOCcom>0</LOCcom>
			<N>39</N>
			<N1>23</N1>
			<N2>16</N2>
			<n>22</n>
			<n1>13</n1>
			<n2>9</n2>
			<V>173.918</V>
			<B>0.053</B>
			<D>11.556</D>
			<E>2009.717</E>
			<L>0.087</L>
			<T>00:01:51</T>
			<MaxND>2</MaxND>
			<MIwoc>106</MIwoc>
			<MIcwc>0</MIcwc>
			<MI>106</MI>
			<operators>
				<token count="1">!=</token>
				<token count="5">()</token>
				<token count="1">-&gt;</token>
				<token count="3">.</token>
				<token count="1">::</token>
				<token count="3">;</token>
				<token count="1">&lt;</token>
				<token count="1">=</token>
				<token count="2">&gt;</token>
				<token count="1">class</token>
				<token count="1">if()</token>
				<token count="1">return</token>
				<token count="2">{}</token>
			</operators>
			<operands>
				<token count="1">NULL</token>
				<token count="1">Stack</token>
				<token count="4">T</token>
				<token count="2">a</token>
				<token count="1">deleteHead</token>
				<token count="2">getHead</token>
				<token count="3">list</token>
				<token count="1">pop</token>
				<token count="1">value</token>
			</operands>
		</function>
		<function name="Stack::length()">
			<start_line>59</start_line>
			<vG_b>1</vG_b>
			<vG_e>1</vG_e>
			<params>0</params>
			<LOCphy>5</LOCphy>
			<LOCpro>4</LOCpro>
			<LOCbl>0</LOCbl>
			<LOCcom>0</LOCcom>
			<N>18</N>
			<N1>11</N1>
			<N2>7</N2>
			<n>14</n>
			<n1>9</n1>
			<n2>5</n2>
			<V>68.532</V>
			<B>0.019</B>
			<D>6.300</D>
			<E>431.754</E>
			<L>0.159</L>
			<T>00:00:23</T>
			<MaxND>1</MaxND>
			<MIwoc>123</MIwoc>
			<MIcwc>0</MIcwc>
			<MI>123</MI>
			<operators>
				<token count="2">()</token>
				<token count="1">.</token>
				<token count="1">::</token>
				<token count="1">;</token>
				<token count="1">&lt;</token>
				<token count="2">&gt;</token>
				<token count="1">class</token>
				<token count="1">return</token>
				<token count="1">{}</token>
			</operators>
			<operands>
				<token count="1">Stack</token>
				<token count="2">T</token>
				<token count="1">int</token>
				<token count="2">length</token>
				<token count="1">list</token>
			</operands>
		</function>
		<function name="Stack::isEmpty()">
			<start_line>65</start_line>
			<vG_b>2</vG_b>
			<vG_e>2</vG_e>
			<params>0</params>
			<LOCphy>12</LOCphy>
			<LOCpro>11</LOCpro>
			<LOCbl>0</LOCbl>
			<LOCcom alarmed="1">0</LOCcom>
			<N>28</N>
			<N1>20</N1>
			<N2>8</N2>
			<n>21</n>
			<n1>14</n1>
			<n2>7</n2>
			<V>122.985</V>
			<B>0.033</B>
			<D>8.000</D>
			<E>983.879</E>
			<L>0.125</L>
			<T>00:00:54</T>
			<MaxND>2</MaxND>
			<MIwoc>105</MIwoc>
			<MIcwc>0</MIcwc>
			<MI>105</MI>
			<operators>
				<token count="2">()</token>
				<token count="1">.</token>
				<token count="1">::</token>
				<token count="2">;</token>
				<token count="1">&lt;</token>
				<token count="1">==</token>
				<token count="2">&gt;</token>
				<token count="1">class</token>
				<token count="1">else</token>
				<token count="1">false</token>
				<token count="1">if()</token>
				<token count="2">return</token>
				<token count="1">true</token>
				<token count="3">{}</token>
			</operators>
			<operands>
				<token count="1">0</token>
				<token count="1">Stack</token>
				<token count="2">T</token>
				<token count="1">bool</token>
				<token count="1">isEmpty</token>
				<token count="1">length</token>
				<token count="1">list</token>
			</operands>
		</function>
		<file_total>
			<vG_b>6</vG_b>
			<vG_e>6</vG_e>
			<vG_b_max>2</vG_b_max>
			<vG_b_avg>1</vG_b_avg>
			<vG_e_max>2</vG_e_max>
			<vG_e_avg>1</vG_e_avg>
			<params>2</params>
			<LOCphy>106</LOCphy>
			<LOCpro>66</LOCpro>
			<LOCbl>13</LOCbl>
			<LOCcom alarmed="1">27</LOCcom>
			<N>265</N>
			<N1>166</N1>
			<N2>99</N2>
			<n>57</n>
			<n1>27</n1>
			<n2>30</n2>
			<V>1545.716</V>
			<B>0.560</B>
			<D>44.550</D>
			<E>68861.641</E>
			<L>0.022</L>
			<T>01:03:45</T>
			<MaxND>2</MaxND>
			<MIwoc>102</MIwoc>
			<MIcwc>35</MIcwc>
			<MI>137</MI>
			<operators>
				<token count="2">!=</token>
				<token count="4">#</token>
				<token count="1">&amp;</token>
				<token count="22">()</token>
				<token count="2">*</token>
				<token count="6">-&gt;</token>
				<token count="11">.</token>
				<token count="8">::</token>
				<token count="15">;</token>
				<token count="21">&lt;</token>
				<token count="6">=</token>
				<token count="1">==</token>
				<token count="21">&gt;</token>
				<token count="8">class</token>
				<token count="1">const</token>
				<token count="1">else</token>
				<token count="1">endif</token>
				<token count="1">false</token>
				<token count="3">if()</token>
				<token count="1">ifndef</token>
				<token count="1">new</token>
				<token count="5">return</token>
				<token count="8">template</token>
				<token count="1">true</token>
				<token count="1">while()</token>
				<token count="13">{}</token>
				<token count="1">~</token>
			</operators>
			<operands>
				<token count="1">0</token>
				<token count="1">LinkedList</token>
				<token count="1">ListItem</token>
				<token count="2">NULL</token>
				<token count="14">Stack</token>
				<token count="25">T</token>
				<token count="2">__STACK_CPP</token>
				<token count="2">a</token>
				<token count="1">bool</token>
				<token count="1">define</token>
				<token count="1">deleteHead</token>
				<token count="5">getHead</token>
				<token count="1">include</token>
				<token count="1">insertAtHead</token>
				<token count="1">int</token>
				<token count="1">isEmpty</token>
				<token count="2">item</token>
				<token count="3">length</token>
				<token count="12">list</token>
				<token count="1">next</token>
				<token count="2">otherStack</token>
				<token count="1">pop</token>
				<token count="2">push</token>
				<token count="1">reverse</token>
				<token count="2">temp</token>
				<token count="3">temp2</token>
				<token count="5">temp3</token>
				<token count="1">top</token>
				<token count="3">value</token>
				<token count="1">void</token>
			</operands>
		</file_total>
	</file>
	<system>
		<files>1</files>
		<functions>8</functions>
		<LOCphy>106</LOCphy>
		<LOCbl>13</LOCbl>
		<LOCpro>66</LOCpro>
		<LOCcom>27</LOCcom>
		<semicolons>15</semicolons>
		<vG_b>6</vG_b>
		<vG_e>6</vG_e>
		<params>2</params>
		<MIwoc>112</MIwoc>
		<MIcw>0</MIcw>
		<MI>112</MI>
		<alarms>
			<file_vG>
				<measured>1</measured>
				<alarmed>0</alarmed>
				<percent>0</percent>
				<lowlimit>1</lowlimit>
				<highlimit>100</highlimit>
			</file_vG>
			<file_LOCpro>
				<measured>1</measured>
				<alarmed>0</alarmed>
				<percent>0</percent>
				<lowlimit>4</lowlimit>
				<highlimit>400</highlimit>
			</file_LOCpro>
			<file_comment_percent>
				<measured>1</measured>
				<alarmed>1</alarmed>
				<percent>100</percent>
				<lowlimit>30</lowlimit>
				<highlimit>75</highlimit>
			</file_comment_percent>
			<file_V>
				<measured>1</measured>
				<alarmed>0</alarmed>
				<percent>0</percent>
				<lowlimit>100</lowlimit>
				<highlimit>8000</highlimit>
			</file_V>
			<file_B>
				<measured>1</measured>
				<alarmed>0</alarmed>
				<percent>0</percent>
				<lowlimit>0</lowlimit>
				<highlimit>2</highlimit>
			</file_B>
			<file_MI>
				<measured>1</measured>
				<alarmed>0</alarmed>
				<percent>0</percent>
				<lowlimit>65</lowlimit>
			</file_MI>
			<function_vG>
				<measured>8</measured>
				<alarmed>0</alarmed>
				<percent>0</percent>
				<lowlimit>1</lowlimit>
				<highlimit>10</highlimit>
			</function_vG>
			<function_LOCpro>
				<measured>8</measured>
				<alarmed>2</alarmed>
				<percent>25</percent>
				<lowlimit>4</lowlimit>
				<highlimit>40</highlimit>
			</function_LOCpro>
			<function_comment_percent>
				<measured>8</measured>
				<alarmed>2</alarmed>
				<percent>25</percent>
				<lowlimit>30</lowlimit>
				<highlimit>75</highlimit>
			</function_comment_percent>
			<function_V>
				<measured>8</measured>
				<alarmed>0</alarmed>
				<percent>0</percent>
				<lowlimit>20</lowlimit>
				<highlimit>1000</highlimit>
			</function_V>
			<function_MI>
				<measured>8</measured>
				<alarmed>0</alarmed>
				<percent>0</percent>
				<lowlimit>65</lowlimit>
			</function_MI>
		</alarms>
		<error_messages count="0">
		</error_messages>
	</system>
</cmt_long_report>
