<?xml version="1.0" ?>
<cmt_long_report>
	<header_info>
		<cmt_version>7.0</cmt_version>
		<copyright>Copyright (c) 1993-2013 Testwell Oy</copyright>
		<copyright>Copyright (c) 2013-2018 Verifysoft Technology GmbH</copyright>
		<license_notes>
		</license_notes>
		<date>Tue Apr  4 21:27:25 2023</date>
		<cmt_options> -o C:\Users\muawi\cmt\A1_T3_S64.xml -lf -f C:\Users\muawi\cmt\files.txt</cmt_options>
		<run_directory>C:\Testwell\CMT</run_directory>
		<mccabe_preference>extended</mccabe_preference>
	</header_info>
	<file name="C:\Users\muawi\OneDrive\Documents\Study\Junior Year\Topics in Internet Research\Project\PA1_ANON_DATA\PA1_ANON_DATA\folder_64\stack.cpp" stamp="1680056085">
		<function name="Stack::Stack()">
			<start_line>6</start_line>
			<vG_b>1</vG_b>
			<vG_e>1</vG_e>
			<params>0</params>
			<LOCphy>4</LOCphy>
			<LOCpro alarmed="1">3</LOCpro>
			<LOCbl>0</LOCbl>
			<LOCcom>0</LOCcom>
			<N>11</N>
			<N1>7</N1>
			<N2>4</N2>
			<n>8</n>
			<n1>6</n1>
			<n2>2</n2>
			<V>33.000</V>
			<B>0.011</B>
			<D>6.000</D>
			<E>198.000</E>
			<L>0.167</L>
			<T>00:00:11</T>
			<MaxND>1</MaxND>
			<MIwoc>130</MIwoc>
			<MIcwc>0</MIcwc>
			<MI>130</MI>
			<operators>
				<token count="1">()</token>
				<token count="1">::</token>
				<token count="1">&lt;</token>
				<token count="2">&gt;</token>
				<token count="1">class</token>
				<token count="1">{}</token>
			</operators>
			<operands>
				<token count="2">Stack</token>
				<token count="2">T</token>
			</operands>
		</function>
		<function name="Stack::Stack()">
			<start_line>11</start_line>
			<vG_b>2</vG_b>
			<vG_e>2</vG_e>
			<params>1</params>
			<LOCphy>13</LOCphy>
			<LOCpro>10</LOCpro>
			<LOCbl>2</LOCbl>
			<LOCcom alarmed="1">0</LOCcom>
			<N>57</N>
			<N1>32</N1>
			<N2>25</N2>
			<n>26</n>
			<n1>14</n1>
			<n2>12</n2>
			<V>267.925</V>
			<B>0.083</B>
			<D>14.583</D>
			<E>3907.240</E>
			<L>0.069</L>
			<T>00:03:37</T>
			<MaxND>2</MaxND>
			<MIwoc>100</MIwoc>
			<MIcwc>0</MIcwc>
			<MI>100</MI>
			<operators>
				<token count="1">&amp;</token>
				<token count="3">()</token>
				<token count="1">*</token>
				<token count="2">-&gt;</token>
				<token count="3">.</token>
				<token count="1">::</token>
				<token count="4">;</token>
				<token count="4">&lt;</token>
				<token count="3">=</token>
				<token count="5">&gt;</token>
				<token count="1">class</token>
				<token count="1">const</token>
				<token count="1">while()</token>
				<token count="2">{}</token>
			</operators>
			<operands>
				<token count="1">LinkedList</token>
				<token count="1">ListItem</token>
				<token count="3">Stack</token>
				<token count="5">T</token>
				<token count="1">getHead</token>
				<token count="1">insertAtTail</token>
				<token count="2">list</token>
				<token count="1">next</token>
				<token count="2">otherStack</token>
				<token count="5">temp</token>
				<token count="2">tempList</token>
				<token count="1">value</token>
			</operands>
		</function>
		<function name="Stack::~Stack()">
			<start_line>25</start_line>
			<vG_b>1</vG_b>
			<vG_e>1</vG_e>
			<params>0</params>
			<LOCphy>4</LOCphy>
			<LOCpro alarmed="1">3</LOCpro>
			<LOCbl>0</LOCbl>
			<LOCcom>0</LOCcom>
			<N>12</N>
			<N1>8</N1>
			<N2>4</N2>
			<n>9</n>
			<n1>7</n1>
			<n2>2</n2>
			<V>38.039</V>
			<B>0.014</B>
			<D>7.000</D>
			<E>266.274</E>
			<L>0.143</L>
			<T>00:00:14</T>
			<MaxND>1</MaxND>
			<MIwoc>129</MIwoc>
			<MIcwc>0</MIcwc>
			<MI>129</MI>
			<operators>
				<token count="1">()</token>
				<token count="1">::</token>
				<token count="1">&lt;</token>
				<token count="2">&gt;</token>
				<token count="1">class</token>
				<token count="1">{}</token>
				<token count="1">~</token>
			</operators>
			<operands>
				<token count="2">Stack</token>
				<token count="2">T</token>
			</operands>
		</function>
		<function name="Stack::push()">
			<start_line>30</start_line>
			<vG_b>1</vG_b>
			<vG_e>1</vG_e>
			<params>1</params>
			<LOCphy>5</LOCphy>
			<LOCpro>4</LOCpro>
			<LOCbl>0</LOCbl>
			<LOCcom>0</LOCcom>
			<N>20</N>
			<N1>10</N1>
			<N2>10</N2>
			<n>15</n>
			<n1>8</n1>
			<n2>7</n2>
			<V>78.138</V>
			<B>0.019</B>
			<D>5.714</D>
			<E>446.502</E>
			<L>0.175</L>
			<T>00:00:24</T>
			<MaxND>1</MaxND>
			<MIwoc>122</MIwoc>
			<MIcwc>0</MIcwc>
			<MI>122</MI>
			<operators>
				<token count="2">()</token>
				<token count="1">.</token>
				<token count="1">::</token>
				<token count="1">;</token>
				<token count="1">&lt;</token>
				<token count="2">&gt;</token>
				<token count="1">class</token>
				<token count="1">{}</token>
			</operators>
			<operands>
				<token count="1">Stack</token>
				<token count="3">T</token>
				<token count="1">insertAtHead</token>
				<token count="2">item</token>
				<token count="1">list</token>
				<token count="1">push</token>
				<token count="1">void</token>
			</operands>
		</function>
		<function name="Stack::top()">
			<start_line>36</start_line>
			<vG_b>2</vG_b>
			<vG_e>2</vG_e>
			<params>0</params>
			<LOCphy>14</LOCphy>
			<LOCpro>12</LOCpro>
			<LOCbl>1</LOCbl>
			<LOCcom alarmed="1">0</LOCcom>
			<N>37</N>
			<N1>23</N1>
			<N2>14</N2>
			<n>23</n>
			<n1>14</n1>
			<n2>9</n2>
			<V>167.372</V>
			<B>0.050</B>
			<D>10.889</D>
			<E>1822.493</E>
			<L>0.092</L>
			<T>00:01:41</T>
			<MaxND>2</MaxND>
			<MIwoc>101</MIwoc>
			<MIcwc>0</MIcwc>
			<MI>101</MI>
			<operators>
				<token count="2">()</token>
				<token count="1">*</token>
				<token count="1">-&gt;</token>
				<token count="1">.</token>
				<token count="1">::</token>
				<token count="3">;</token>
				<token count="2">&lt;</token>
				<token count="1">=</token>
				<token count="3">&gt;</token>
				<token count="1">class</token>
				<token count="1">else</token>
				<token count="1">if()</token>
				<token count="2">return</token>
				<token count="3">{}</token>
			</operators>
			<operands>
				<token count="1">0</token>
				<token count="1">ListItem</token>
				<token count="1">Stack</token>
				<token count="4">T</token>
				<token count="1">getHead</token>
				<token count="1">list</token>
				<token count="3">temp</token>
				<token count="1">top</token>
				<token count="1">value</token>
			</operands>
		</function>
		<function name="Stack::pop()">
			<start_line>51</start_line>
			<vG_b>1</vG_b>
			<vG_e>1</vG_e>
			<params>0</params>
			<LOCphy>7</LOCphy>
			<LOCpro>6</LOCpro>
			<LOCbl>0</LOCbl>
			<LOCcom>0</LOCcom>
			<N>26</N>
			<N1>15</N1>
			<N2>11</N2>
			<n>17</n>
			<n1>10</n1>
			<n2>7</n2>
			<V>106.274</V>
			<B>0.030</B>
			<D>7.857</D>
			<E>835.010</E>
			<L>0.127</L>
			<T>00:00:46</T>
			<MaxND>1</MaxND>
			<MIwoc>115</MIwoc>
			<MIcwc>0</MIcwc>
			<MI>115</MI>
			<operators>
				<token count="3">()</token>
				<token count="1">.</token>
				<token count="1">::</token>
				<token count="3">;</token>
				<token count="1">&lt;</token>
				<token count="1">=</token>
				<token count="2">&gt;</token>
				<token count="1">class</token>
				<token count="1">return</token>
				<token count="1">{}</token>
			</operators>
			<operands>
				<token count="1">Stack</token>
				<token count="4">T</token>
				<token count="1">deleteHead</token>
				<token count="1">list</token>
				<token count="1">pop</token>
				<token count="2">returnVal</token>
				<token count="1">top</token>
			</operands>
		</function>
		<function name="Stack::length()">
			<start_line>59</start_line>
			<vG_b>1</vG_b>
			<vG_e>1</vG_e>
			<params>0</params>
			<LOCphy>5</LOCphy>
			<LOCpro>4</LOCpro>
			<LOCbl>0</LOCbl>
			<LOCcom>0</LOCcom>
			<N>18</N>
			<N1>11</N1>
			<N2>7</N2>
			<n>14</n>
			<n1>9</n1>
			<n2>5</n2>
			<V>68.532</V>
			<B>0.019</B>
			<D>6.300</D>
			<E>431.754</E>
			<L>0.159</L>
			<T>00:00:23</T>
			<MaxND>1</MaxND>
			<MIwoc>123</MIwoc>
			<MIcwc>0</MIcwc>
			<MI>123</MI>
			<operators>
				<token count="2">()</token>
				<token count="1">.</token>
				<token count="1">::</token>
				<token count="1">;</token>
				<token count="1">&lt;</token>
				<token count="2">&gt;</token>
				<token count="1">class</token>
				<token count="1">return</token>
				<token count="1">{}</token>
			</operators>
			<operands>
				<token count="1">Stack</token>
				<token count="2">T</token>
				<token count="1">int</token>
				<token count="2">length</token>
				<token count="1">list</token>
			</operands>
		</function>
		<function name="Stack::isEmpty()">
			<start_line>65</start_line>
			<vG_b>1</vG_b>
			<vG_e>1</vG_e>
			<params>0</params>
			<LOCphy>5</LOCphy>
			<LOCpro>4</LOCpro>
			<LOCbl>0</LOCbl>
			<LOCcom>0</LOCcom>
			<N>19</N>
			<N1>12</N1>
			<N2>7</N2>
			<n>16</n>
			<n1>10</n1>
			<n2>6</n2>
			<V>76.000</V>
			<B>0.019</B>
			<D>5.833</D>
			<E>443.333</E>
			<L>0.171</L>
			<T>00:00:24</T>
			<MaxND>1</MaxND>
			<MIwoc>122</MIwoc>
			<MIcwc>0</MIcwc>
			<MI>122</MI>
			<operators>
				<token count="1">!</token>
				<token count="2">()</token>
				<token count="1">.</token>
				<token count="1">::</token>
				<token count="1">;</token>
				<token count="1">&lt;</token>
				<token count="2">&gt;</token>
				<token count="1">class</token>
				<token count="1">return</token>
				<token count="1">{}</token>
			</operators>
			<operands>
				<token count="1">Stack</token>
				<token count="2">T</token>
				<token count="1">bool</token>
				<token count="1">isEmpty</token>
				<token count="1">length</token>
				<token count="1">list</token>
			</operands>
		</function>
		<function name="Stack::print()">
			<start_line>71</start_line>
			<vG_b>1</vG_b>
			<vG_e>1</vG_e>
			<params>0</params>
			<LOCphy>5</LOCphy>
			<LOCpro>4</LOCpro>
			<LOCbl>0</LOCbl>
			<LOCcom>0</LOCcom>
			<N>17</N>
			<N1>10</N1>
			<N2>7</N2>
			<n>13</n>
			<n1>8</n1>
			<n2>5</n2>
			<V>62.907</V>
			<B>0.017</B>
			<D>5.600</D>
			<E>352.282</E>
			<L>0.179</L>
			<T>00:00:19</T>
			<MaxND>1</MaxND>
			<MIwoc>123</MIwoc>
			<MIcwc>0</MIcwc>
			<MI>123</MI>
			<operators>
				<token count="2">()</token>
				<token count="1">.</token>
				<token count="1">::</token>
				<token count="1">;</token>
				<token count="1">&lt;</token>
				<token count="2">&gt;</token>
				<token count="1">class</token>
				<token count="1">{}</token>
			</operators>
			<operands>
				<token count="1">Stack</token>
				<token count="2">T</token>
				<token count="1">list</token>
				<token count="2">print</token>
				<token count="1">void</token>
			</operands>
		</function>
		<file_total>
			<vG_b>4</vG_b>
			<vG_e>4</vG_e>
			<vG_b_max>2</vG_b_max>
			<vG_b_avg>1</vG_b_avg>
			<vG_e_max>2</vG_e_max>
			<vG_e_avg>1</vG_e_avg>
			<params>2</params>
			<LOCphy>76</LOCphy>
			<LOCpro>63</LOCpro>
			<LOCbl>13</LOCbl>
			<LOCcom alarmed="1">0</LOCcom>
			<N>245</N>
			<N1>152</N1>
			<N2>93</N2>
			<n>52</n>
			<n1>23</n1>
			<n2>29</n2>
			<V>1396.608</V>
			<B>0.461</B>
			<D>36.879</D>
			<E>51505.930</E>
			<L>0.027</L>
			<T>00:47:41</T>
			<MaxND>2</MaxND>
			<MIwoc>110</MIwoc>
			<MIcwc>0</MIcwc>
			<MI>110</MI>
			<operators>
				<token count="1">!</token>
				<token count="4">#</token>
				<token count="1">&amp;</token>
				<token count="18">()</token>
				<token count="2">*</token>
				<token count="3">-&gt;</token>
				<token count="9">.</token>
				<token count="9">::</token>
				<token count="14">;</token>
				<token count="22">&lt;</token>
				<token count="5">=</token>
				<token count="22">&gt;</token>
				<token count="9">class</token>
				<token count="1">const</token>
				<token count="1">else</token>
				<token count="1">endif</token>
				<token count="1">if()</token>
				<token count="1">ifndef</token>
				<token count="5">return</token>
				<token count="9">template</token>
				<token count="1">while()</token>
				<token count="12">{}</token>
				<token count="1">~</token>
			</operators>
			<operands>
				<token count="1">0</token>
				<token count="1">LinkedList</token>
				<token count="2">ListItem</token>
				<token count="13">Stack</token>
				<token count="26">T</token>
				<token count="2">__STACK_CPP</token>
				<token count="1">bool</token>
				<token count="1">define</token>
				<token count="1">deleteHead</token>
				<token count="2">getHead</token>
				<token count="1">include</token>
				<token count="1">insertAtHead</token>
				<token count="1">insertAtTail</token>
				<token count="1">int</token>
				<token count="1">isEmpty</token>
				<token count="2">item</token>
				<token count="3">length</token>
				<token count="8">list</token>
				<token count="1">next</token>
				<token count="2">otherStack</token>
				<token count="1">pop</token>
				<token count="2">print</token>
				<token count="1">push</token>
				<token count="2">returnVal</token>
				<token count="8">temp</token>
				<token count="2">tempList</token>
				<token count="2">top</token>
				<token count="2">value</token>
				<token count="2">void</token>
			</operands>
		</file_total>
	</file>
	<system>
		<files>1</files>
		<functions>9</functions>
		<LOCphy>76</LOCphy>
		<LOCbl>13</LOCbl>
		<LOCpro>63</LOCpro>
		<LOCcom>0</LOCcom>
		<semicolons>14</semicolons>
		<vG_b>4</vG_b>
		<vG_e>4</vG_e>
		<params>2</params>
		<MIwoc>116</MIwoc>
		<MIcw>0</MIcw>
		<MI>116</MI>
		<alarms>
			<file_vG>
				<measured>1</measured>
				<alarmed>0</alarmed>
				<percent>0</percent>
				<lowlimit>1</lowlimit>
				<highlimit>100</highlimit>
			</file_vG>
			<file_LOCpro>
				<measured>1</measured>
				<alarmed>0</alarmed>
				<percent>0</percent>
				<lowlimit>4</lowlimit>
				<highlimit>400</highlimit>
			</file_LOCpro>
			<file_comment_percent>
				<measured>1</measured>
				<alarmed>1</alarmed>
				<percent>100</percent>
				<lowlimit>30</lowlimit>
				<highlimit>75</highlimit>
			</file_comment_percent>
			<file_V>
				<measured>1</measured>
				<alarmed>0</alarmed>
				<percent>0</percent>
				<lowlimit>100</lowlimit>
				<highlimit>8000</highlimit>
			</file_V>
			<file_B>
				<measured>1</measured>
				<alarmed>0</alarmed>
				<percent>0</percent>
				<lowlimit>0</lowlimit>
				<highlimit>2</highlimit>
			</file_B>
			<file_MI>
				<measured>1</measured>
				<alarmed>0</alarmed>
				<percent>0</percent>
				<lowlimit>65</lowlimit>
			</file_MI>
			<function_vG>
				<measured>9</measured>
				<alarmed>0</alarmed>
				<percent>0</percent>
				<lowlimit>1</lowlimit>
				<highlimit>10</highlimit>
			</function_vG>
			<function_LOCpro>
				<measured>9</measured>
				<alarmed>2</alarmed>
				<percent>22</percent>
				<lowlimit>4</lowlimit>
				<highlimit>40</highlimit>
			</function_LOCpro>
			<function_comment_percent>
				<measured>9</measured>
				<alarmed>2</alarmed>
				<percent>22</percent>
				<lowlimit>30</lowlimit>
				<highlimit>75</highlimit>
			</function_comment_percent>
			<function_V>
				<measured>9</measured>
				<alarmed>0</alarmed>
				<percent>0</percent>
				<lowlimit>20</lowlimit>
				<highlimit>1000</highlimit>
			</function_V>
			<function_MI>
				<measured>9</measured>
				<alarmed>0</alarmed>
				<percent>0</percent>
				<lowlimit>65</lowlimit>
			</function_MI>
		</alarms>
		<error_messages count="0">
		</error_messages>
	</system>
</cmt_long_report>
