<?xml version="1.0" ?>
<cmt_long_report>
	<header_info>
		<cmt_version>7.0</cmt_version>
		<copyright>Copyright (c) 1993-2013 Testwell Oy</copyright>
		<copyright>Copyright (c) 2013-2018 Verifysoft Technology GmbH</copyright>
		<license_notes>
		</license_notes>
		<date>Tue Apr  4 22:35:48 2023</date>
		<cmt_options> -o C:\Users\muawi\cmt\A1_T3_S142.xml -lf -f C:\Users\muawi\cmt\files.txt</cmt_options>
		<run_directory>C:\Testwell\CMT</run_directory>
		<mccabe_preference>extended</mccabe_preference>
	</header_info>
	<file name="C:\Users\muawi\OneDrive\Documents\Study\Junior Year\Topics in Internet Research\Project\PA1_ANON_DATA\PA1_ANON_DATA\folder_142\stack.cpp" stamp="1680056158">
		<function name="Stack::Stack()">
			<start_line>6</start_line>
			<vG_b>1</vG_b>
			<vG_e>1</vG_e>
			<params>0</params>
			<LOCphy>5</LOCphy>
			<LOCpro alarmed="1">3</LOCpro>
			<LOCbl>1</LOCbl>
			<LOCcom>0</LOCcom>
			<N>11</N>
			<N1>7</N1>
			<N2>4</N2>
			<n>8</n>
			<n1>6</n1>
			<n2>2</n2>
			<V>33.000</V>
			<B>0.011</B>
			<D>6.000</D>
			<E>198.000</E>
			<L>0.167</L>
			<T>00:00:11</T>
			<MaxND>1</MaxND>
			<MIwoc>127</MIwoc>
			<MIcwc>0</MIcwc>
			<MI>127</MI>
			<operators>
				<token count="1">()</token>
				<token count="1">::</token>
				<token count="1">&lt;</token>
				<token count="2">&gt;</token>
				<token count="1">class</token>
				<token count="1">{}</token>
			</operators>
			<operands>
				<token count="2">Stack</token>
				<token count="2">T</token>
			</operands>
		</function>
		<function name="Stack::Stack()">
			<start_line>12</start_line>
			<vG_b>2</vG_b>
			<vG_e>2</vG_e>
			<params>1</params>
			<LOCphy>11</LOCphy>
			<LOCpro>9</LOCpro>
			<LOCbl>1</LOCbl>
			<LOCcom>0</LOCcom>
			<N>64</N>
			<N1>37</N1>
			<N2>27</N2>
			<n>27</n>
			<n1>15</n1>
			<n2>12</n2>
			<V>304.313</V>
			<B>0.099</B>
			<D>16.875</D>
			<E>5135.278</E>
			<L>0.059</L>
			<T>00:04:45</T>
			<MaxND>2</MaxND>
			<MIwoc>102</MIwoc>
			<MIcwc>0</MIcwc>
			<MI>102</MI>
			<operators>
				<token count="1">&amp;</token>
				<token count="4">()</token>
				<token count="2">*</token>
				<token count="3">-&gt;</token>
				<token count="2">.</token>
				<token count="1">::</token>
				<token count="4">;</token>
				<token count="5">&lt;</token>
				<token count="3">=</token>
				<token count="6">&gt;</token>
				<token count="1">class</token>
				<token count="1">const</token>
				<token count="1">new</token>
				<token count="1">while()</token>
				<token count="2">{}</token>
			</operators>
			<operands>
				<token count="2">LinkedList</token>
				<token count="1">ListItem</token>
				<token count="3">Stack</token>
				<token count="6">T</token>
				<token count="1">getHead</token>
				<token count="1">insertAtTail</token>
				<token count="2">list</token>
				<token count="1">next</token>
				<token count="2">otherStack</token>
				<token count="2">t</token>
				<token count="5">t1</token>
				<token count="1">value</token>
			</operands>
		</function>
		<function name="Stack::~Stack()">
			<start_line>24</start_line>
			<vG_b>1</vG_b>
			<vG_e>1</vG_e>
			<params>0</params>
			<LOCphy>6</LOCphy>
			<LOCpro alarmed="1">3</LOCpro>
			<LOCbl>1</LOCbl>
			<LOCcom>1</LOCcom>
			<N>12</N>
			<N1>8</N1>
			<N2>4</N2>
			<n>9</n>
			<n1>7</n1>
			<n2>2</n2>
			<V>38.039</V>
			<B>0.014</B>
			<D>7.000</D>
			<E>266.274</E>
			<L>0.143</L>
			<T>00:00:14</T>
			<MaxND>1</MaxND>
			<MIwoc>123</MIwoc>
			<MIcwc>30</MIcwc>
			<MI>152</MI>
			<operators>
				<token count="1">()</token>
				<token count="1">::</token>
				<token count="1">&lt;</token>
				<token count="2">&gt;</token>
				<token count="1">class</token>
				<token count="1">{}</token>
				<token count="1">~</token>
			</operators>
			<operands>
				<token count="2">Stack</token>
				<token count="2">T</token>
			</operands>
		</function>
		<function name="Stack::push()">
			<start_line>31</start_line>
			<vG_b>1</vG_b>
			<vG_e>1</vG_e>
			<params>1</params>
			<LOCphy>5</LOCphy>
			<LOCpro>4</LOCpro>
			<LOCbl>0</LOCbl>
			<LOCcom>0</LOCcom>
			<N>20</N>
			<N1>10</N1>
			<N2>10</N2>
			<n>15</n>
			<n1>8</n1>
			<n2>7</n2>
			<V>78.138</V>
			<B>0.019</B>
			<D>5.714</D>
			<E>446.502</E>
			<L>0.175</L>
			<T>00:00:24</T>
			<MaxND>1</MaxND>
			<MIwoc>122</MIwoc>
			<MIcwc>0</MIcwc>
			<MI>122</MI>
			<operators>
				<token count="2">()</token>
				<token count="1">.</token>
				<token count="1">::</token>
				<token count="1">;</token>
				<token count="1">&lt;</token>
				<token count="2">&gt;</token>
				<token count="1">class</token>
				<token count="1">{}</token>
			</operators>
			<operands>
				<token count="1">Stack</token>
				<token count="3">T</token>
				<token count="1">insertAtHead</token>
				<token count="2">item</token>
				<token count="1">list</token>
				<token count="1">push</token>
				<token count="1">void</token>
			</operands>
		</function>
		<function name="Stack::top()">
			<start_line>37</start_line>
			<vG_b>1</vG_b>
			<vG_e>1</vG_e>
			<params>0</params>
			<LOCphy>5</LOCphy>
			<LOCpro>4</LOCpro>
			<LOCbl>0</LOCbl>
			<LOCcom>0</LOCcom>
			<N>21</N>
			<N1>13</N1>
			<N2>8</N2>
			<n>16</n>
			<n1>10</n1>
			<n2>6</n2>
			<V>84.000</V>
			<B>0.023</B>
			<D>6.667</D>
			<E>560.000</E>
			<L>0.150</L>
			<T>00:00:31</T>
			<MaxND>1</MaxND>
			<MIwoc>122</MIwoc>
			<MIcwc>0</MIcwc>
			<MI>122</MI>
			<operators>
				<token count="3">()</token>
				<token count="1">-&gt;</token>
				<token count="1">.</token>
				<token count="1">::</token>
				<token count="1">;</token>
				<token count="1">&lt;</token>
				<token count="2">&gt;</token>
				<token count="1">class</token>
				<token count="1">return</token>
				<token count="1">{}</token>
			</operators>
			<operands>
				<token count="1">Stack</token>
				<token count="3">T</token>
				<token count="1">getHead</token>
				<token count="1">list</token>
				<token count="1">top</token>
				<token count="1">value</token>
			</operands>
		</function>
		<function name="Stack::pop()">
			<start_line>43</start_line>
			<vG_b>1</vG_b>
			<vG_e>1</vG_e>
			<params>0</params>
			<LOCphy>8</LOCphy>
			<LOCpro>6</LOCpro>
			<LOCbl>1</LOCbl>
			<LOCcom>0</LOCcom>
			<N>31</N>
			<N1>18</N1>
			<N2>13</N2>
			<n>19</n>
			<n1>11</n1>
			<n2>8</n2>
			<V>131.686</V>
			<B>0.037</B>
			<D>8.938</D>
			<E>1176.941</E>
			<L>0.112</L>
			<T>00:01:05</T>
			<MaxND>1</MaxND>
			<MIwoc>112</MIwoc>
			<MIcwc>0</MIcwc>
			<MI>112</MI>
			<operators>
				<token count="4">()</token>
				<token count="1">-&gt;</token>
				<token count="2">.</token>
				<token count="1">::</token>
				<token count="3">;</token>
				<token count="1">&lt;</token>
				<token count="1">=</token>
				<token count="2">&gt;</token>
				<token count="1">class</token>
				<token count="1">return</token>
				<token count="1">{}</token>
			</operators>
			<operands>
				<token count="1">Stack</token>
				<token count="4">T</token>
				<token count="1">deleteHead</token>
				<token count="1">getHead</token>
				<token count="2">list</token>
				<token count="1">pop</token>
				<token count="2">r</token>
				<token count="1">value</token>
			</operands>
		</function>
		<function name="Stack::length()">
			<start_line>52</start_line>
			<vG_b>1</vG_b>
			<vG_e>1</vG_e>
			<params>0</params>
			<LOCphy>5</LOCphy>
			<LOCpro>4</LOCpro>
			<LOCbl>0</LOCbl>
			<LOCcom>0</LOCcom>
			<N>19</N>
			<N1>12</N1>
			<N2>7</N2>
			<n>14</n>
			<n1>9</n1>
			<n2>5</n2>
			<V>72.340</V>
			<B>0.020</B>
			<D>6.300</D>
			<E>455.740</E>
			<L>0.159</L>
			<T>00:00:25</T>
			<MaxND>1</MaxND>
			<MIwoc>122</MIwoc>
			<MIcwc>0</MIcwc>
			<MI>122</MI>
			<operators>
				<token count="3">()</token>
				<token count="1">.</token>
				<token count="1">::</token>
				<token count="1">;</token>
				<token count="1">&lt;</token>
				<token count="2">&gt;</token>
				<token count="1">class</token>
				<token count="1">return</token>
				<token count="1">{}</token>
			</operators>
			<operands>
				<token count="1">Stack</token>
				<token count="2">T</token>
				<token count="1">int</token>
				<token count="2">length</token>
				<token count="1">list</token>
			</operands>
		</function>
		<function name="Stack::isEmpty()">
			<start_line>58</start_line>
			<vG_b>2</vG_b>
			<vG_e>2</vG_e>
			<params>0</params>
			<LOCphy>13</LOCphy>
			<LOCpro>11</LOCpro>
			<LOCbl>1</LOCbl>
			<LOCcom alarmed="1">0</LOCcom>
			<N>28</N>
			<N1>20</N1>
			<N2>8</N2>
			<n>21</n>
			<n1>14</n1>
			<n2>7</n2>
			<V>122.985</V>
			<B>0.033</B>
			<D>8.000</D>
			<E>983.879</E>
			<L>0.125</L>
			<T>00:00:54</T>
			<MaxND>2</MaxND>
			<MIwoc>104</MIwoc>
			<MIcwc>0</MIcwc>
			<MI>104</MI>
			<operators>
				<token count="2">()</token>
				<token count="1">.</token>
				<token count="1">::</token>
				<token count="2">;</token>
				<token count="1">&lt;</token>
				<token count="1">==</token>
				<token count="2">&gt;</token>
				<token count="1">class</token>
				<token count="1">else</token>
				<token count="1">false</token>
				<token count="1">if()</token>
				<token count="2">return</token>
				<token count="1">true</token>
				<token count="3">{}</token>
			</operators>
			<operands>
				<token count="1">0</token>
				<token count="1">Stack</token>
				<token count="2">T</token>
				<token count="1">bool</token>
				<token count="1">isEmpty</token>
				<token count="1">length</token>
				<token count="1">list</token>
			</operands>
		</function>
		<file_total>
			<vG_b>4</vG_b>
			<vG_e>4</vG_e>
			<vG_b_max>2</vG_b_max>
			<vG_b_avg>1</vG_b_avg>
			<vG_e_max>2</vG_e_max>
			<vG_e_avg>1</vG_e_avg>
			<params>2</params>
			<LOCphy>71</LOCphy>
			<LOCpro>56</LOCpro>
			<LOCbl>14</LOCbl>
			<LOCcom alarmed="1">1</LOCcom>
			<N>232</N>
			<N1>147</N1>
			<N2>85</N2>
			<n>54</n>
			<n1>26</n1>
			<n2>28</n2>
			<V>1335.134</V>
			<B>0.468</B>
			<D>39.464</D>
			<E>52690.105</E>
			<L>0.025</L>
			<T>00:48:47</T>
			<MaxND>2</MaxND>
			<MIwoc>109</MIwoc>
			<MIcwc>9</MIcwc>
			<MI>118</MI>
			<operators>
				<token count="4">#</token>
				<token count="1">&amp;</token>
				<token count="20">()</token>
				<token count="2">*</token>
				<token count="5">-&gt;</token>
				<token count="8">.</token>
				<token count="8">::</token>
				<token count="12">;</token>
				<token count="20">&lt;</token>
				<token count="4">=</token>
				<token count="1">==</token>
				<token count="20">&gt;</token>
				<token count="8">class</token>
				<token count="1">const</token>
				<token count="1">else</token>
				<token count="1">endif</token>
				<token count="1">false</token>
				<token count="1">if()</token>
				<token count="1">ifndef</token>
				<token count="1">new</token>
				<token count="5">return</token>
				<token count="8">template</token>
				<token count="1">true</token>
				<token count="1">while()</token>
				<token count="11">{}</token>
				<token count="1">~</token>
			</operators>
			<operands>
				<token count="1">0</token>
				<token count="2">LinkedList</token>
				<token count="1">ListItem</token>
				<token count="12">Stack</token>
				<token count="24">T</token>
				<token count="2">__STACK_CPP</token>
				<token count="1">bool</token>
				<token count="1">define</token>
				<token count="1">deleteHead</token>
				<token count="3">getHead</token>
				<token count="1">include</token>
				<token count="1">insertAtHead</token>
				<token count="1">insertAtTail</token>
				<token count="1">int</token>
				<token count="1">isEmpty</token>
				<token count="2">item</token>
				<token count="3">length</token>
				<token count="8">list</token>
				<token count="1">next</token>
				<token count="2">otherStack</token>
				<token count="1">pop</token>
				<token count="1">push</token>
				<token count="2">r</token>
				<token count="2">t</token>
				<token count="5">t1</token>
				<token count="1">top</token>
				<token count="3">value</token>
				<token count="1">void</token>
			</operands>
		</file_total>
	</file>
	<system>
		<files>1</files>
		<functions>8</functions>
		<LOCphy>71</LOCphy>
		<LOCbl>14</LOCbl>
		<LOCpro>56</LOCpro>
		<LOCcom>1</LOCcom>
		<semicolons>12</semicolons>
		<vG_b>4</vG_b>
		<vG_e>4</vG_e>
		<params>2</params>
		<MIwoc>114</MIwoc>
		<MIcw>10</MIcw>
		<MI>124</MI>
		<alarms>
			<file_vG>
				<measured>1</measured>
				<alarmed>0</alarmed>
				<percent>0</percent>
				<lowlimit>1</lowlimit>
				<highlimit>100</highlimit>
			</file_vG>
			<file_LOCpro>
				<measured>1</measured>
				<alarmed>0</alarmed>
				<percent>0</percent>
				<lowlimit>4</lowlimit>
				<highlimit>400</highlimit>
			</file_LOCpro>
			<file_comment_percent>
				<measured>1</measured>
				<alarmed>1</alarmed>
				<percent>100</percent>
				<lowlimit>30</lowlimit>
				<highlimit>75</highlimit>
			</file_comment_percent>
			<file_V>
				<measured>1</measured>
				<alarmed>0</alarmed>
				<percent>0</percent>
				<lowlimit>100</lowlimit>
				<highlimit>8000</highlimit>
			</file_V>
			<file_B>
				<measured>1</measured>
				<alarmed>0</alarmed>
				<percent>0</percent>
				<lowlimit>0</lowlimit>
				<highlimit>2</highlimit>
			</file_B>
			<file_MI>
				<measured>1</measured>
				<alarmed>0</alarmed>
				<percent>0</percent>
				<lowlimit>65</lowlimit>
			</file_MI>
			<function_vG>
				<measured>8</measured>
				<alarmed>0</alarmed>
				<percent>0</percent>
				<lowlimit>1</lowlimit>
				<highlimit>10</highlimit>
			</function_vG>
			<function_LOCpro>
				<measured>8</measured>
				<alarmed>2</alarmed>
				<percent>25</percent>
				<lowlimit>4</lowlimit>
				<highlimit>40</highlimit>
			</function_LOCpro>
			<function_comment_percent>
				<measured>8</measured>
				<alarmed>1</alarmed>
				<percent>12</percent>
				<lowlimit>30</lowlimit>
				<highlimit>75</highlimit>
			</function_comment_percent>
			<function_V>
				<measured>8</measured>
				<alarmed>0</alarmed>
				<percent>0</percent>
				<lowlimit>20</lowlimit>
				<highlimit>1000</highlimit>
			</function_V>
			<function_MI>
				<measured>8</measured>
				<alarmed>0</alarmed>
				<percent>0</percent>
				<lowlimit>65</lowlimit>
			</function_MI>
		</alarms>
		<error_messages count="0">
		</error_messages>
	</system>
</cmt_long_report>
