<?xml version="1.0" ?>
<cmt_long_report>
	<header_info>
		<cmt_version>7.0</cmt_version>
		<copyright>Copyright (c) 1993-2013 Testwell Oy</copyright>
		<copyright>Copyright (c) 2013-2018 Verifysoft Technology GmbH</copyright>
		<license_notes>
		</license_notes>
		<date>Tue Apr  4 21:06:00 2023</date>
		<cmt_options> -o C:\Users\muawi\cmt\A1_T3_S23.xml -lf -f C:\Users\muawi\cmt\files.txt</cmt_options>
		<run_directory>C:\Testwell\CMT</run_directory>
		<mccabe_preference>extended</mccabe_preference>
	</header_info>
	<file name="C:\Users\muawi\OneDrive\Documents\Study\Junior Year\Topics in Internet Research\Project\PA1_ANON_DATA\PA1_ANON_DATA\folder_23\stack.cpp" stamp="1680056133">
		<function name="Stack::Stack()">
			<start_line>6</start_line>
			<vG_b>1</vG_b>
			<vG_e>1</vG_e>
			<params>0</params>
			<LOCphy>5</LOCphy>
			<LOCpro alarmed="1">3</LOCpro>
			<LOCbl>1</LOCbl>
			<LOCcom>0</LOCcom>
			<N>11</N>
			<N1>7</N1>
			<N2>4</N2>
			<n>8</n>
			<n1>6</n1>
			<n2>2</n2>
			<V>33.000</V>
			<B>0.011</B>
			<D>6.000</D>
			<E>198.000</E>
			<L>0.167</L>
			<T>00:00:11</T>
			<MaxND>1</MaxND>
			<MIwoc>127</MIwoc>
			<MIcwc>0</MIcwc>
			<MI>127</MI>
			<operators>
				<token count="1">()</token>
				<token count="1">::</token>
				<token count="1">&lt;</token>
				<token count="2">&gt;</token>
				<token count="1">class</token>
				<token count="1">{}</token>
			</operators>
			<operands>
				<token count="2">Stack</token>
				<token count="2">T</token>
			</operands>
		</function>
		<function name="Stack::Stack()">
			<start_line>12</start_line>
			<vG_b>2</vG_b>
			<vG_e>2</vG_e>
			<params>1</params>
			<LOCphy>11</LOCphy>
			<LOCpro>10</LOCpro>
			<LOCbl>0</LOCbl>
			<LOCcom alarmed="1">0</LOCcom>
			<N>57</N>
			<N1>32</N1>
			<N2>25</N2>
			<n>26</n>
			<n1>14</n1>
			<n2>12</n2>
			<V>267.925</V>
			<B>0.083</B>
			<D>14.583</D>
			<E>3907.240</E>
			<L>0.069</L>
			<T>00:03:37</T>
			<MaxND>2</MaxND>
			<MIwoc>103</MIwoc>
			<MIcwc>0</MIcwc>
			<MI>103</MI>
			<operators>
				<token count="1">&amp;</token>
				<token count="4">()</token>
				<token count="1">*</token>
				<token count="2">-&gt;</token>
				<token count="3">.</token>
				<token count="1">::</token>
				<token count="4">;</token>
				<token count="4">&lt;</token>
				<token count="2">=</token>
				<token count="5">&gt;</token>
				<token count="1">class</token>
				<token count="1">const</token>
				<token count="1">while()</token>
				<token count="2">{}</token>
			</operators>
			<operands>
				<token count="1">LinkedList</token>
				<token count="2">List</token>
				<token count="1">ListItem</token>
				<token count="3">Stack</token>
				<token count="5">T</token>
				<token count="1">getHead</token>
				<token count="1">insertAtTail</token>
				<token count="2">newList</token>
				<token count="1">next</token>
				<token count="2">otherStack</token>
				<token count="5">traversal</token>
				<token count="1">value</token>
			</operands>
		</function>
		<function name="Stack::~Stack()">
			<start_line>24</start_line>
			<vG_b>1</vG_b>
			<vG_e>1</vG_e>
			<params>0</params>
			<LOCphy>6</LOCphy>
			<LOCpro>5</LOCpro>
			<LOCbl>0</LOCbl>
			<LOCcom>0</LOCcom>
			<N>25</N>
			<N1>16</N1>
			<N2>9</N2>
			<n>17</n>
			<n1>12</n1>
			<n2>5</n2>
			<V>102.187</V>
			<B>0.036</B>
			<D>10.800</D>
			<E>1103.615</E>
			<L>0.093</L>
			<T>00:01:01</T>
			<MaxND>1</MaxND>
			<MIwoc>118</MIwoc>
			<MIcwc>0</MIcwc>
			<MI>118</MI>
			<operators>
				<token count="1">&amp;</token>
				<token count="1">()</token>
				<token count="1">*</token>
				<token count="1">::</token>
				<token count="2">;</token>
				<token count="2">&lt;</token>
				<token count="1">=</token>
				<token count="3">&gt;</token>
				<token count="1">class</token>
				<token count="1">delete</token>
				<token count="1">{}</token>
				<token count="1">~</token>
			</operators>
			<operands>
				<token count="1">LinkedList</token>
				<token count="1">List</token>
				<token count="2">Stack</token>
				<token count="3">T</token>
				<token count="2">temp</token>
			</operands>
		</function>
		<function name="Stack::push()">
			<start_line>31</start_line>
			<vG_b>1</vG_b>
			<vG_e>1</vG_e>
			<params>1</params>
			<LOCphy>5</LOCphy>
			<LOCpro>4</LOCpro>
			<LOCbl>0</LOCbl>
			<LOCcom>0</LOCcom>
			<N>20</N>
			<N1>10</N1>
			<N2>10</N2>
			<n>15</n>
			<n1>8</n1>
			<n2>7</n2>
			<V>78.138</V>
			<B>0.019</B>
			<D>5.714</D>
			<E>446.502</E>
			<L>0.175</L>
			<T>00:00:24</T>
			<MaxND>1</MaxND>
			<MIwoc>122</MIwoc>
			<MIcwc>0</MIcwc>
			<MI>122</MI>
			<operators>
				<token count="2">()</token>
				<token count="1">.</token>
				<token count="1">::</token>
				<token count="1">;</token>
				<token count="1">&lt;</token>
				<token count="2">&gt;</token>
				<token count="1">class</token>
				<token count="1">{}</token>
			</operators>
			<operands>
				<token count="1">List</token>
				<token count="1">Stack</token>
				<token count="3">T</token>
				<token count="1">insertAtTail</token>
				<token count="2">item</token>
				<token count="1">push</token>
				<token count="1">void</token>
			</operands>
		</function>
		<function name="Stack::top()">
			<start_line>37</start_line>
			<vG_b>1</vG_b>
			<vG_e>1</vG_e>
			<params>0</params>
			<LOCphy>5</LOCphy>
			<LOCpro>4</LOCpro>
			<LOCbl>0</LOCbl>
			<LOCcom>0</LOCcom>
			<N>20</N>
			<N1>12</N1>
			<N2>8</N2>
			<n>16</n>
			<n1>10</n1>
			<n2>6</n2>
			<V>80.000</V>
			<B>0.022</B>
			<D>6.667</D>
			<E>533.333</E>
			<L>0.150</L>
			<T>00:00:29</T>
			<MaxND>1</MaxND>
			<MIwoc>122</MIwoc>
			<MIcwc>0</MIcwc>
			<MI>122</MI>
			<operators>
				<token count="2">()</token>
				<token count="1">-&gt;</token>
				<token count="1">.</token>
				<token count="1">::</token>
				<token count="1">;</token>
				<token count="1">&lt;</token>
				<token count="2">&gt;</token>
				<token count="1">class</token>
				<token count="1">return</token>
				<token count="1">{}</token>
			</operators>
			<operands>
				<token count="1">List</token>
				<token count="1">Stack</token>
				<token count="3">T</token>
				<token count="1">getTail</token>
				<token count="1">top</token>
				<token count="1">value</token>
			</operands>
		</function>
		<function name="Stack::pop()">
			<start_line>43</start_line>
			<vG_b>1</vG_b>
			<vG_e>1</vG_e>
			<params>0</params>
			<LOCphy>9</LOCphy>
			<LOCpro>8</LOCpro>
			<LOCbl>0</LOCbl>
			<LOCcom>0</LOCcom>
			<N>41</N>
			<N1>23</N1>
			<N2>18</N2>
			<n>22</n>
			<n1>12</n1>
			<n2>10</n2>
			<V>182.837</V>
			<B>0.052</B>
			<D>10.800</D>
			<E>1974.636</E>
			<L>0.093</L>
			<T>00:01:49</T>
			<MaxND>1</MaxND>
			<MIwoc>108</MIwoc>
			<MIcwc>0</MIcwc>
			<MI>108</MI>
			<operators>
				<token count="3">()</token>
				<token count="1">*</token>
				<token count="1">-&gt;</token>
				<token count="2">.</token>
				<token count="1">::</token>
				<token count="5">;</token>
				<token count="2">&lt;</token>
				<token count="2">=</token>
				<token count="3">&gt;</token>
				<token count="1">class</token>
				<token count="1">return</token>
				<token count="1">{}</token>
			</operators>
			<operands>
				<token count="2">List</token>
				<token count="1">ListItem</token>
				<token count="1">Stack</token>
				<token count="5">T</token>
				<token count="1">deleteTail</token>
				<token count="1">getTail</token>
				<token count="1">pop</token>
				<token count="2">temp</token>
				<token count="3">val</token>
				<token count="1">value</token>
			</operands>
		</function>
		<function name="Stack::length()">
			<start_line>53</start_line>
			<vG_b>1</vG_b>
			<vG_e>1</vG_e>
			<params>0</params>
			<LOCphy>5</LOCphy>
			<LOCpro>4</LOCpro>
			<LOCbl>0</LOCbl>
			<LOCcom>0</LOCcom>
			<N>18</N>
			<N1>11</N1>
			<N2>7</N2>
			<n>14</n>
			<n1>9</n1>
			<n2>5</n2>
			<V>68.532</V>
			<B>0.019</B>
			<D>6.300</D>
			<E>431.754</E>
			<L>0.159</L>
			<T>00:00:23</T>
			<MaxND>1</MaxND>
			<MIwoc>123</MIwoc>
			<MIcwc>0</MIcwc>
			<MI>123</MI>
			<operators>
				<token count="2">()</token>
				<token count="1">.</token>
				<token count="1">::</token>
				<token count="1">;</token>
				<token count="1">&lt;</token>
				<token count="2">&gt;</token>
				<token count="1">class</token>
				<token count="1">return</token>
				<token count="1">{}</token>
			</operators>
			<operands>
				<token count="1">List</token>
				<token count="1">Stack</token>
				<token count="2">T</token>
				<token count="1">int</token>
				<token count="2">length</token>
			</operands>
		</function>
		<function name="Stack::isEmpty()">
			<start_line>59</start_line>
			<vG_b>2</vG_b>
			<vG_e>2</vG_e>
			<params>0</params>
			<LOCphy>8</LOCphy>
			<LOCpro>7</LOCpro>
			<LOCbl>0</LOCbl>
			<LOCcom>0</LOCcom>
			<N>24</N>
			<N1>17</N1>
			<N2>7</N2>
			<n>19</n>
			<n1>13</n1>
			<n2>6</n2>
			<V>101.950</V>
			<B>0.028</B>
			<D>7.583</D>
			<E>773.123</E>
			<L>0.132</L>
			<T>00:00:42</T>
			<MaxND>1</MaxND>
			<MIwoc>113</MIwoc>
			<MIcwc>0</MIcwc>
			<MI>113</MI>
			<operators>
				<token count="2">()</token>
				<token count="1">.</token>
				<token count="1">::</token>
				<token count="2">;</token>
				<token count="1">&lt;</token>
				<token count="2">&gt;</token>
				<token count="1">class</token>
				<token count="1">else</token>
				<token count="1">false</token>
				<token count="1">if()</token>
				<token count="2">return</token>
				<token count="1">true</token>
				<token count="1">{}</token>
			</operators>
			<operands>
				<token count="1">List</token>
				<token count="1">Stack</token>
				<token count="2">T</token>
				<token count="1">bool</token>
				<token count="1">getHead</token>
				<token count="1">isEmpty</token>
			</operands>
		</function>
		<file_total>
			<vG_b>4</vG_b>
			<vG_e>4</vG_e>
			<vG_b_max>2</vG_b_max>
			<vG_b_avg>1</vG_b_avg>
			<vG_e_max>2</vG_e_max>
			<vG_e_avg>1</vG_e_avg>
			<params>2</params>
			<LOCphy>67</LOCphy>
			<LOCpro>57</LOCpro>
			<LOCbl>10</LOCbl>
			<LOCcom alarmed="1">0</LOCcom>
			<N>242</N>
			<N1>150</N1>
			<N2>92</N2>
			<n>53</n>
			<n1>25</n1>
			<n2>28</n2>
			<V>1386.157</V>
			<B>0.493</B>
			<D>41.071</D>
			<E>56931.438</E>
			<L>0.024</L>
			<T>00:52:42</T>
			<MaxND>2</MaxND>
			<MIwoc>110</MIwoc>
			<MIcwc>0</MIcwc>
			<MI>110</MI>
			<operators>
				<token count="4">#</token>
				<token count="2">&amp;</token>
				<token count="17">()</token>
				<token count="3">*</token>
				<token count="4">-&gt;</token>
				<token count="9">.</token>
				<token count="8">::</token>
				<token count="16">;</token>
				<token count="21">&lt;</token>
				<token count="5">=</token>
				<token count="21">&gt;</token>
				<token count="8">class</token>
				<token count="1">const</token>
				<token count="1">delete</token>
				<token count="1">else</token>
				<token count="1">endif</token>
				<token count="1">false</token>
				<token count="1">if()</token>
				<token count="1">ifndef</token>
				<token count="5">return</token>
				<token count="8">template</token>
				<token count="1">true</token>
				<token count="1">while()</token>
				<token count="9">{}</token>
				<token count="1">~</token>
			</operators>
			<operands>
				<token count="2">LinkedList</token>
				<token count="9">List</token>
				<token count="2">ListItem</token>
				<token count="12">Stack</token>
				<token count="25">T</token>
				<token count="2">__STACK_CPP</token>
				<token count="1">bool</token>
				<token count="1">define</token>
				<token count="1">deleteTail</token>
				<token count="2">getHead</token>
				<token count="2">getTail</token>
				<token count="1">include</token>
				<token count="2">insertAtTail</token>
				<token count="1">int</token>
				<token count="1">isEmpty</token>
				<token count="2">item</token>
				<token count="2">length</token>
				<token count="2">newList</token>
				<token count="1">next</token>
				<token count="2">otherStack</token>
				<token count="1">pop</token>
				<token count="1">push</token>
				<token count="4">temp</token>
				<token count="1">top</token>
				<token count="5">traversal</token>
				<token count="3">val</token>
				<token count="3">value</token>
				<token count="1">void</token>
			</operands>
		</file_total>
	</file>
	<system>
		<files>1</files>
		<functions>8</functions>
		<LOCphy>67</LOCphy>
		<LOCbl>10</LOCbl>
		<LOCpro>57</LOCpro>
		<LOCcom>0</LOCcom>
		<semicolons>16</semicolons>
		<vG_b>4</vG_b>
		<vG_e>4</vG_e>
		<params>2</params>
		<MIwoc>115</MIwoc>
		<MIcw>0</MIcw>
		<MI>115</MI>
		<alarms>
			<file_vG>
				<measured>1</measured>
				<alarmed>0</alarmed>
				<percent>0</percent>
				<lowlimit>1</lowlimit>
				<highlimit>100</highlimit>
			</file_vG>
			<file_LOCpro>
				<measured>1</measured>
				<alarmed>0</alarmed>
				<percent>0</percent>
				<lowlimit>4</lowlimit>
				<highlimit>400</highlimit>
			</file_LOCpro>
			<file_comment_percent>
				<measured>1</measured>
				<alarmed>1</alarmed>
				<percent>100</percent>
				<lowlimit>30</lowlimit>
				<highlimit>75</highlimit>
			</file_comment_percent>
			<file_V>
				<measured>1</measured>
				<alarmed>0</alarmed>
				<percent>0</percent>
				<lowlimit>100</lowlimit>
				<highlimit>8000</highlimit>
			</file_V>
			<file_B>
				<measured>1</measured>
				<alarmed>0</alarmed>
				<percent>0</percent>
				<lowlimit>0</lowlimit>
				<highlimit>2</highlimit>
			</file_B>
			<file_MI>
				<measured>1</measured>
				<alarmed>0</alarmed>
				<percent>0</percent>
				<lowlimit>65</lowlimit>
			</file_MI>
			<function_vG>
				<measured>8</measured>
				<alarmed>0</alarmed>
				<percent>0</percent>
				<lowlimit>1</lowlimit>
				<highlimit>10</highlimit>
			</function_vG>
			<function_LOCpro>
				<measured>8</measured>
				<alarmed>1</alarmed>
				<percent>12</percent>
				<lowlimit>4</lowlimit>
				<highlimit>40</highlimit>
			</function_LOCpro>
			<function_comment_percent>
				<measured>8</measured>
				<alarmed>1</alarmed>
				<percent>12</percent>
				<lowlimit>30</lowlimit>
				<highlimit>75</highlimit>
			</function_comment_percent>
			<function_V>
				<measured>8</measured>
				<alarmed>0</alarmed>
				<percent>0</percent>
				<lowlimit>20</lowlimit>
				<highlimit>1000</highlimit>
			</function_V>
			<function_MI>
				<measured>8</measured>
				<alarmed>0</alarmed>
				<percent>0</percent>
				<lowlimit>65</lowlimit>
			</function_MI>
		</alarms>
		<error_messages count="0">
		</error_messages>
	</system>
</cmt_long_report>
