<?xml version="1.0" ?>
<cmt_long_report>
	<header_info>
		<cmt_version>7.0</cmt_version>
		<copyright>Copyright (c) 1993-2013 Testwell Oy</copyright>
		<copyright>Copyright (c) 2013-2018 Verifysoft Technology GmbH</copyright>
		<license_notes>
		</license_notes>
		<date>Tue Apr  4 22:18:02 2023</date>
		<cmt_options> -o C:\Users\muawi\cmt\A1_T3_S105.xml -lf -f C:\Users\muawi\cmt\files.txt</cmt_options>
		<run_directory>C:\Testwell\CMT</run_directory>
		<mccabe_preference>extended</mccabe_preference>
	</header_info>
	<file name="C:\Users\muawi\OneDrive\Documents\Study\Junior Year\Topics in Internet Research\Project\PA1_ANON_DATA\PA1_ANON_DATA\folder_105\stack.cpp" stamp="1680056153">
		<function name="Stack::Stack()">
			<start_line>6</start_line>
			<vG_b>1</vG_b>
			<vG_e>1</vG_e>
			<params>0</params>
			<LOCphy>5</LOCphy>
			<LOCpro alarmed="1">3</LOCpro>
			<LOCbl>0</LOCbl>
			<LOCcom>1</LOCcom>
			<N>11</N>
			<N1>7</N1>
			<N2>4</N2>
			<n>8</n>
			<n1>6</n1>
			<n2>2</n2>
			<V>33.000</V>
			<B>0.011</B>
			<D>6.000</D>
			<E>198.000</E>
			<L>0.167</L>
			<T>00:00:11</T>
			<MaxND>1</MaxND>
			<MIwoc>127</MIwoc>
			<MIcwc>32</MIcwc>
			<MI>158</MI>
			<operators>
				<token count="1">()</token>
				<token count="1">::</token>
				<token count="1">&lt;</token>
				<token count="2">&gt;</token>
				<token count="1">class</token>
				<token count="1">{}</token>
			</operators>
			<operands>
				<token count="2">Stack</token>
				<token count="2">T</token>
			</operands>
		</function>
		<function name="Stack::Stack()">
			<start_line>12</start_line>
			<vG_b>3</vG_b>
			<vG_e>3</vG_e>
			<params>1</params>
			<LOCphy>19</LOCphy>
			<LOCpro>17</LOCpro>
			<LOCbl>1</LOCbl>
			<LOCcom alarmed="1">1</LOCcom>
			<N>71</N>
			<N1>42</N1>
			<N2>29</N2>
			<n>34</n>
			<n1>19</n1>
			<n2>15</n2>
			<V>361.210</V>
			<B>0.118</B>
			<D>18.367</D>
			<E>6634.221</E>
			<L>0.054</L>
			<T>00:06:08</T>
			<MaxND>3</MaxND>
			<MIwoc>92</MIwoc>
			<MIcwc>17</MIcwc>
			<MI>109</MI>
			<operators>
				<token count="1">!=</token>
				<token count="1">&amp;</token>
				<token count="5">()</token>
				<token count="1">*</token>
				<token count="2">-&gt;</token>
				<token count="2">.</token>
				<token count="2">::</token>
				<token count="5">;</token>
				<token count="4">&lt;</token>
				<token count="2">&lt;&lt;</token>
				<token count="2">=</token>
				<token count="1">==</token>
				<token count="5">&gt;</token>
				<token count="1">class</token>
				<token count="1">const</token>
				<token count="1">else</token>
				<token count="1">if()</token>
				<token count="1">while()</token>
				<token count="4">{}</token>
			</operators>
			<operands>
				<token count="1">&quot;No list to copy&quot;</token>
				<token count="1">ListItem</token>
				<token count="2">NULL</token>
				<token count="4">Stack</token>
				<token count="5">T</token>
				<token count="6">copy</token>
				<token count="1">cout</token>
				<token count="1">endl</token>
				<token count="1">list</token>
				<token count="1">next</token>
				<token count="2">otherStack</token>
				<token count="1">push</token>
				<token count="1">reverse</token>
				<token count="1">topHead</token>
				<token count="1">value</token>
			</operands>
		</function>
		<function name="Stack::topHead()">
			<start_line>32</start_line>
			<vG_b>1</vG_b>
			<vG_e>1</vG_e>
			<params>0</params>
			<LOCphy>5</LOCphy>
			<LOCpro>4</LOCpro>
			<LOCbl>0</LOCbl>
			<LOCcom>0</LOCcom>
			<N>23</N>
			<N1>15</N1>
			<N2>8</N2>
			<n>17</n>
			<n1>11</n1>
			<n2>6</n2>
			<V>94.012</V>
			<B>0.026</B>
			<D>7.333</D>
			<E>689.419</E>
			<L>0.136</L>
			<T>00:00:38</T>
			<MaxND>1</MaxND>
			<MIwoc>121</MIwoc>
			<MIcwc>0</MIcwc>
			<MI>121</MI>
			<operators>
				<token count="2">()</token>
				<token count="1">*</token>
				<token count="1">.</token>
				<token count="1">::</token>
				<token count="1">;</token>
				<token count="2">&lt;</token>
				<token count="3">&gt;</token>
				<token count="1">class</token>
				<token count="1">const</token>
				<token count="1">return</token>
				<token count="1">{}</token>
			</operators>
			<operands>
				<token count="1">ListItem</token>
				<token count="1">Stack</token>
				<token count="3">T</token>
				<token count="1">getHead</token>
				<token count="1">list</token>
				<token count="1">topHead</token>
			</operands>
		</function>
		<function name="Stack::~Stack()">
			<start_line>38</start_line>
			<vG_b>1</vG_b>
			<vG_e>1</vG_e>
			<params>0</params>
			<LOCphy>5</LOCphy>
			<LOCpro alarmed="1">3</LOCpro>
			<LOCbl>0</LOCbl>
			<LOCcom>1</LOCcom>
			<N>12</N>
			<N1>8</N1>
			<N2>4</N2>
			<n>9</n>
			<n1>7</n1>
			<n2>2</n2>
			<V>38.039</V>
			<B>0.014</B>
			<D>7.000</D>
			<E>266.274</E>
			<L>0.143</L>
			<T>00:00:14</T>
			<MaxND>1</MaxND>
			<MIwoc>126</MIwoc>
			<MIcwc>32</MIcwc>
			<MI>158</MI>
			<operators>
				<token count="1">()</token>
				<token count="1">::</token>
				<token count="1">&lt;</token>
				<token count="2">&gt;</token>
				<token count="1">class</token>
				<token count="1">{}</token>
				<token count="1">~</token>
			</operators>
			<operands>
				<token count="2">Stack</token>
				<token count="2">T</token>
			</operands>
		</function>
		<function name="Stack::push()">
			<start_line>44</start_line>
			<vG_b>1</vG_b>
			<vG_e>1</vG_e>
			<params>1</params>
			<LOCphy>5</LOCphy>
			<LOCpro>4</LOCpro>
			<LOCbl>0</LOCbl>
			<LOCcom>0</LOCcom>
			<N>20</N>
			<N1>10</N1>
			<N2>10</N2>
			<n>15</n>
			<n1>8</n1>
			<n2>7</n2>
			<V>78.138</V>
			<B>0.019</B>
			<D>5.714</D>
			<E>446.502</E>
			<L>0.175</L>
			<T>00:00:24</T>
			<MaxND>1</MaxND>
			<MIwoc>122</MIwoc>
			<MIcwc>0</MIcwc>
			<MI>122</MI>
			<operators>
				<token count="2">()</token>
				<token count="1">.</token>
				<token count="1">::</token>
				<token count="1">;</token>
				<token count="1">&lt;</token>
				<token count="2">&gt;</token>
				<token count="1">class</token>
				<token count="1">{}</token>
			</operators>
			<operands>
				<token count="1">Stack</token>
				<token count="3">T</token>
				<token count="1">insertAtHead</token>
				<token count="2">item</token>
				<token count="1">list</token>
				<token count="1">push</token>
				<token count="1">void</token>
			</operands>
		</function>
		<function name="Stack::top()">
			<start_line>50</start_line>
			<vG_b>2</vG_b>
			<vG_e>2</vG_e>
			<params>0</params>
			<LOCphy>16</LOCphy>
			<LOCpro>12</LOCpro>
			<LOCbl>0</LOCbl>
			<LOCcom alarmed="1">3</LOCcom>
			<N>50</N>
			<N1>31</N1>
			<N2>19</N2>
			<n>25</n>
			<n1>15</n1>
			<n2>10</n2>
			<V>232.193</V>
			<B>0.074</B>
			<D>14.250</D>
			<E>3308.748</E>
			<L>0.070</L>
			<T>00:03:03</T>
			<MaxND>2</MaxND>
			<MIwoc>97</MIwoc>
			<MIcwc>31</MIcwc>
			<MI>128</MI>
			<operators>
				<token count="6">()</token>
				<token count="1">-&gt;</token>
				<token count="2">.</token>
				<token count="2">::</token>
				<token count="3">;</token>
				<token count="2">&lt;</token>
				<token count="1">=</token>
				<token count="2">==</token>
				<token count="3">&gt;</token>
				<token count="1">class</token>
				<token count="1">else</token>
				<token count="1">if()</token>
				<token count="2">return</token>
				<token count="3">{}</token>
				<token count="1">|</token>
			</operators>
			<operands>
				<token count="2">0</token>
				<token count="1">NULL</token>
				<token count="2">Stack</token>
				<token count="5">T</token>
				<token count="1">length</token>
				<token count="2">list</token>
				<token count="2">onlyHead</token>
				<token count="1">top</token>
				<token count="2">topstack</token>
				<token count="1">value</token>
			</operands>
		</function>
		<function name="Stack::pop()">
			<start_line>67</start_line>
			<vG_b>6</vG_b>
			<vG_e>6</vG_e>
			<params>0</params>
			<LOCphy>73</LOCphy>
			<LOCpro alarmed="1">69</LOCpro>
			<LOCbl>2</LOCbl>
			<LOCcom alarmed="1">7</LOCcom>
			<N>413</N>
			<N1>234</N1>
			<N2>179</N2>
			<n>40</n>
			<n1>17</n1>
			<n2>23</n2>
			<V alarmed="1">2197.956</V>
			<B>0.922</B>
			<D>66.152</D>
			<E>145399.594</E>
			<L>0.015</L>
			<T>02:14:37</T>
			<MaxND>2</MaxND>
			<MIwoc>60</MIwoc>
			<MIcwc>23</MIcwc>
			<MI>83</MI>
			<operators>
				<token count="36">()</token>
				<token count="5">*</token>
				<token count="31">-&gt;</token>
				<token count="15">.</token>
				<token count="6">::</token>
				<token count="51">;</token>
				<token count="11">&lt;</token>
				<token count="36">=</token>
				<token count="5">==</token>
				<token count="13">&gt;</token>
				<token count="1">class</token>
				<token count="3">delete</token>
				<token count="4">else</token>
				<token count="5">if()</token>
				<token count="5">return</token>
				<token count="6">{}</token>
				<token count="1">|</token>
			</operators>
			<operands>
				<token count="2">0</token>
				<token count="1">1</token>
				<token count="1">2</token>
				<token count="2">3</token>
				<token count="5">ListItem</token>
				<token count="7">NULL</token>
				<token count="6">Stack</token>
				<token count="22">T</token>
				<token count="21">copy</token>
				<token count="19">copy2</token>
				<token count="1">deleteHead</token>
				<token count="5">length</token>
				<token count="15">list</token>
				<token count="11">next</token>
				<token count="14">onlyHead</token>
				<token count="1">pop</token>
				<token count="4">prev</token>
				<token count="8">t1</token>
				<token count="6">t2</token>
				<token count="6">t3</token>
				<token count="4">temp</token>
				<token count="2">temp2</token>
				<token count="16">value</token>
			</operands>
		</function>
		<function name="Stack::length()">
			<start_line>141</start_line>
			<vG_b>2</vG_b>
			<vG_e>2</vG_e>
			<params>0</params>
			<LOCphy>10</LOCphy>
			<LOCpro>8</LOCpro>
			<LOCbl>0</LOCbl>
			<LOCcom>1</LOCcom>
			<N>30</N>
			<N1>19</N1>
			<N2>11</N2>
			<n>19</n>
			<n1>11</n1>
			<n2>8</n2>
			<V>127.438</V>
			<B>0.033</B>
			<D>7.563</D>
			<E>963.749</E>
			<L>0.132</L>
			<T>00:00:53</T>
			<MaxND>2</MaxND>
			<MIwoc>108</MIwoc>
			<MIcwc>24</MIcwc>
			<MI>132</MI>
			<operators>
				<token count="4">()</token>
				<token count="2">.</token>
				<token count="1">::</token>
				<token count="2">;</token>
				<token count="1">&lt;</token>
				<token count="1">==</token>
				<token count="2">&gt;</token>
				<token count="1">class</token>
				<token count="1">if()</token>
				<token count="2">return</token>
				<token count="2">{}</token>
			</operators>
			<operands>
				<token count="1">0</token>
				<token count="1">NULL</token>
				<token count="1">Stack</token>
				<token count="2">T</token>
				<token count="1">int</token>
				<token count="2">length</token>
				<token count="2">list</token>
				<token count="1">onlyHead</token>
			</operands>
		</function>
		<function name="Stack::isEmpty()">
			<start_line>152</start_line>
			<vG_b>2</vG_b>
			<vG_e>2</vG_e>
			<params>0</params>
			<LOCphy>14</LOCphy>
			<LOCpro>11</LOCpro>
			<LOCbl>0</LOCbl>
			<LOCcom alarmed="1">2</LOCcom>
			<N>31</N>
			<N1>22</N1>
			<N2>9</N2>
			<n>19</n>
			<n1>13</n1>
			<n2>6</n2>
			<V>131.686</V>
			<B>0.039</B>
			<D>9.750</D>
			<E>1283.936</E>
			<L>0.103</L>
			<T>00:01:11</T>
			<MaxND>2</MaxND>
			<MIwoc>102</MIwoc>
			<MIcwc>28</MIcwc>
			<MI>130</MI>
			<operators>
				<token count="2">()</token>
				<token count="2">::</token>
				<token count="2">;</token>
				<token count="2">&lt;</token>
				<token count="1">==</token>
				<token count="3">&gt;</token>
				<token count="1">class</token>
				<token count="1">else</token>
				<token count="1">false</token>
				<token count="1">if()</token>
				<token count="2">return</token>
				<token count="1">true</token>
				<token count="3">{}</token>
			</operators>
			<operands>
				<token count="1">0</token>
				<token count="2">Stack</token>
				<token count="3">T</token>
				<token count="1">bool</token>
				<token count="1">isEmpty</token>
				<token count="1">length</token>
			</operands>
		</function>
		<function name="Stack::printstack()">
			<start_line>167</start_line>
			<vG_b>2</vG_b>
			<vG_e>2</vG_e>
			<params>0</params>
			<LOCphy>12</LOCphy>
			<LOCpro>11</LOCpro>
			<LOCbl>0</LOCbl>
			<LOCcom alarmed="1">0</LOCcom>
			<N>34</N>
			<N1>21</N1>
			<N2>13</N2>
			<n>23</n>
			<n1>12</n1>
			<n2>11</n2>
			<V>153.801</V>
			<B>0.035</B>
			<D>7.091</D>
			<E>1090.590</E>
			<L>0.141</L>
			<T>00:01:00</T>
			<MaxND>2</MaxND>
			<MIwoc>104</MIwoc>
			<MIcwc>0</MIcwc>
			<MI>104</MI>
			<operators>
				<token count="4">()</token>
				<token count="2">.</token>
				<token count="1">::</token>
				<token count="2">;</token>
				<token count="1">&lt;</token>
				<token count="2">&lt;&lt;</token>
				<token count="1">==</token>
				<token count="2">&gt;</token>
				<token count="1">class</token>
				<token count="1">else</token>
				<token count="1">if()</token>
				<token count="3">{}</token>
			</operators>
			<operands>
				<token count="1">&quot;empty stack&quot;</token>
				<token count="1">NULL</token>
				<token count="1">Stack</token>
				<token count="2">T</token>
				<token count="1">cout</token>
				<token count="1">endl</token>
				<token count="2">list</token>
				<token count="1">onlyHead</token>
				<token count="1">printlist</token>
				<token count="1">printstack</token>
				<token count="1">void</token>
			</operands>
		</function>
		<file_total>
			<vG_b>13</vG_b>
			<vG_e>13</vG_e>
			<vG_b_max>6</vG_b_max>
			<vG_b_avg>2</vG_b_avg>
			<vG_e_max>6</vG_e_max>
			<vG_e_avg>2</vG_e_avg>
			<params>2</params>
			<LOCphy>179</LOCphy>
			<LOCpro>156</LOCpro>
			<LOCbl>14</LOCbl>
			<LOCcom alarmed="1">16</LOCcom>
			<N>725</N>
			<N1>435</N1>
			<N2>290</N2>
			<n>74</n>
			<n1>29</n1>
			<n2>45</n2>
			<V>4501.854</V>
			<B>1.871</B>
			<D>93.444</D>
			<E>420673.219</E>
			<L>0.011</L>
			<T>06:29:30</T>
			<MaxND>3</MaxND>
			<MIwoc>92</MIwoc>
			<MIcwc>22</MIcwc>
			<MI>115</MI>
			<operators>
				<token count="1">!=</token>
				<token count="4">#</token>
				<token count="1">&amp;</token>
				<token count="63">()</token>
				<token count="7">*</token>
				<token count="34">-&gt;</token>
				<token count="25">.</token>
				<token count="18">::</token>
				<token count="67">;</token>
				<token count="36">&lt;</token>
				<token count="4">&lt;&lt;</token>
				<token count="39">=</token>
				<token count="11">==</token>
				<token count="37">&gt;</token>
				<token count="10">class</token>
				<token count="2">const</token>
				<token count="3">delete</token>
				<token count="8">else</token>
				<token count="1">endif</token>
				<token count="1">false</token>
				<token count="10">if()</token>
				<token count="1">ifndef</token>
				<token count="12">return</token>
				<token count="10">template</token>
				<token count="1">true</token>
				<token count="1">while()</token>
				<token count="25">{}</token>
				<token count="2">|</token>
				<token count="1">~</token>
			</operators>
			<operands>
				<token count="1">&quot;No list to copy&quot;</token>
				<token count="1">&quot;empty stack&quot;</token>
				<token count="6">0</token>
				<token count="1">1</token>
				<token count="1">2</token>
				<token count="2">3</token>
				<token count="7">ListItem</token>
				<token count="12">NULL</token>
				<token count="22">Stack</token>
				<token count="49">T</token>
				<token count="2">__STACK_CPP</token>
				<token count="1">bool</token>
				<token count="27">copy</token>
				<token count="19">copy2</token>
				<token count="2">cout</token>
				<token count="1">define</token>
				<token count="1">deleteHead</token>
				<token count="2">endl</token>
				<token count="1">getHead</token>
				<token count="1">include</token>
				<token count="1">insertAtHead</token>
				<token count="1">int</token>
				<token count="1">isEmpty</token>
				<token count="2">item</token>
				<token count="9">length</token>
				<token count="24">list</token>
				<token count="12">next</token>
				<token count="18">onlyHead</token>
				<token count="2">otherStack</token>
				<token count="1">pop</token>
				<token count="4">prev</token>
				<token count="1">printlist</token>
				<token count="1">printstack</token>
				<token count="2">push</token>
				<token count="1">reverse</token>
				<token count="8">t1</token>
				<token count="6">t2</token>
				<token count="6">t3</token>
				<token count="4">temp</token>
				<token count="2">temp2</token>
				<token count="1">top</token>
				<token count="2">topHead</token>
				<token count="2">topstack</token>
				<token count="18">value</token>
				<token count="2">void</token>
			</operands>
		</file_total>
	</file>
	<system>
		<files>1</files>
		<functions>10</functions>
		<LOCphy>179</LOCphy>
		<LOCbl>14</LOCbl>
		<LOCpro>156</LOCpro>
		<LOCcom>16</LOCcom>
		<semicolons>67</semicolons>
		<vG_b>13</vG_b>
		<vG_e>13</vG_e>
		<params>2</params>
		<MIwoc>95</MIwoc>
		<MIcw>23</MIcw>
		<MI>118</MI>
		<alarms>
			<file_vG>
				<measured>1</measured>
				<alarmed>0</alarmed>
				<percent>0</percent>
				<lowlimit>1</lowlimit>
				<highlimit>100</highlimit>
			</file_vG>
			<file_LOCpro>
				<measured>1</measured>
				<alarmed>0</alarmed>
				<percent>0</percent>
				<lowlimit>4</lowlimit>
				<highlimit>400</highlimit>
			</file_LOCpro>
			<file_comment_percent>
				<measured>1</measured>
				<alarmed>1</alarmed>
				<percent>100</percent>
				<lowlimit>30</lowlimit>
				<highlimit>75</highlimit>
			</file_comment_percent>
			<file_V>
				<measured>1</measured>
				<alarmed>0</alarmed>
				<percent>0</percent>
				<lowlimit>100</lowlimit>
				<highlimit>8000</highlimit>
			</file_V>
			<file_B>
				<measured>1</measured>
				<alarmed>0</alarmed>
				<percent>0</percent>
				<lowlimit>0</lowlimit>
				<highlimit>2</highlimit>
			</file_B>
			<file_MI>
				<measured>1</measured>
				<alarmed>0</alarmed>
				<percent>0</percent>
				<lowlimit>65</lowlimit>
			</file_MI>
			<function_vG>
				<measured>10</measured>
				<alarmed>0</alarmed>
				<percent>0</percent>
				<lowlimit>1</lowlimit>
				<highlimit>10</highlimit>
			</function_vG>
			<function_LOCpro>
				<measured>10</measured>
				<alarmed>3</alarmed>
				<percent>30</percent>
				<lowlimit>4</lowlimit>
				<highlimit>40</highlimit>
			</function_LOCpro>
			<function_comment_percent>
				<measured>10</measured>
				<alarmed>5</alarmed>
				<percent>50</percent>
				<lowlimit>30</lowlimit>
				<highlimit>75</highlimit>
			</function_comment_percent>
			<function_V>
				<measured>10</measured>
				<alarmed>1</alarmed>
				<percent>10</percent>
				<lowlimit>20</lowlimit>
				<highlimit>1000</highlimit>
			</function_V>
			<function_MI>
				<measured>10</measured>
				<alarmed>0</alarmed>
				<percent>0</percent>
				<lowlimit>65</lowlimit>
			</function_MI>
		</alarms>
		<error_messages count="0">
		</error_messages>
	</system>
</cmt_long_report>
