<?xml version="1.0" ?>
<cmt_long_report>
	<header_info>
		<cmt_version>7.0</cmt_version>
		<copyright>Copyright (c) 1993-2013 Testwell Oy</copyright>
		<copyright>Copyright (c) 2013-2018 Verifysoft Technology GmbH</copyright>
		<license_notes>
		</license_notes>
		<date>Tue Apr  4 22:40:12 2023</date>
		<cmt_options> -o C:\Users\muawi\cmt\A1_T3_S153.xml -lf -f C:\Users\muawi\cmt\files.txt</cmt_options>
		<run_directory>C:\Testwell\CMT</run_directory>
		<mccabe_preference>extended</mccabe_preference>
	</header_info>
	<file name="C:\Users\muawi\OneDrive\Documents\Study\Junior Year\Topics in Internet Research\Project\PA1_ANON_DATA\PA1_ANON_DATA\folder_153\stack.cpp" stamp="1680056130">
		<function name="Stack::Stack()">
			<start_line>6</start_line>
			<vG_b>1</vG_b>
			<vG_e>1</vG_e>
			<params>0</params>
			<LOCphy>5</LOCphy>
			<LOCpro alarmed="1">3</LOCpro>
			<LOCbl>1</LOCbl>
			<LOCcom>0</LOCcom>
			<N>11</N>
			<N1>7</N1>
			<N2>4</N2>
			<n>8</n>
			<n1>6</n1>
			<n2>2</n2>
			<V>33.000</V>
			<B>0.011</B>
			<D>6.000</D>
			<E>198.000</E>
			<L>0.167</L>
			<T>00:00:11</T>
			<MaxND>1</MaxND>
			<MIwoc>127</MIwoc>
			<MIcwc>0</MIcwc>
			<MI>127</MI>
			<operators>
				<token count="1">()</token>
				<token count="1">::</token>
				<token count="1">&lt;</token>
				<token count="2">&gt;</token>
				<token count="1">class</token>
				<token count="1">{}</token>
			</operators>
			<operands>
				<token count="2">Stack</token>
				<token count="2">T</token>
			</operands>
		</function>
		<function name="Stack::push()">
			<start_line>44</start_line>
			<vG_b>1</vG_b>
			<vG_e>1</vG_e>
			<params>1</params>
			<LOCphy>5</LOCphy>
			<LOCpro>4</LOCpro>
			<LOCbl>0</LOCbl>
			<LOCcom>0</LOCcom>
			<N>20</N>
			<N1>10</N1>
			<N2>10</N2>
			<n>15</n>
			<n1>8</n1>
			<n2>7</n2>
			<V>78.138</V>
			<B>0.019</B>
			<D>5.714</D>
			<E>446.502</E>
			<L>0.175</L>
			<T>00:00:24</T>
			<MaxND>1</MaxND>
			<MIwoc>122</MIwoc>
			<MIcwc>0</MIcwc>
			<MI>122</MI>
			<operators>
				<token count="2">()</token>
				<token count="1">.</token>
				<token count="1">::</token>
				<token count="1">;</token>
				<token count="1">&lt;</token>
				<token count="2">&gt;</token>
				<token count="1">class</token>
				<token count="1">{}</token>
			</operators>
			<operands>
				<token count="1">Stack</token>
				<token count="3">T</token>
				<token count="1">insertAtHead</token>
				<token count="2">item</token>
				<token count="1">list</token>
				<token count="1">push</token>
				<token count="1">void</token>
			</operands>
		</function>
		<function name="Stack::top()">
			<start_line>50</start_line>
			<vG_b>1</vG_b>
			<vG_e>1</vG_e>
			<params>0</params>
			<LOCphy>6</LOCphy>
			<LOCpro>4</LOCpro>
			<LOCbl>0</LOCbl>
			<LOCcom>1</LOCcom>
			<N>20</N>
			<N1>12</N1>
			<N2>8</N2>
			<n>16</n>
			<n1>10</n1>
			<n2>6</n2>
			<V>80.000</V>
			<B>0.022</B>
			<D>6.667</D>
			<E>533.333</E>
			<L>0.150</L>
			<T>00:00:29</T>
			<MaxND>1</MaxND>
			<MIwoc>119</MIwoc>
			<MIcwc>30</MIcwc>
			<MI>149</MI>
			<operators>
				<token count="2">()</token>
				<token count="1">-&gt;</token>
				<token count="1">.</token>
				<token count="1">::</token>
				<token count="1">;</token>
				<token count="1">&lt;</token>
				<token count="2">&gt;</token>
				<token count="1">class</token>
				<token count="1">return</token>
				<token count="1">{}</token>
			</operators>
			<operands>
				<token count="1">Stack</token>
				<token count="3">T</token>
				<token count="1">getHead</token>
				<token count="1">list</token>
				<token count="1">top</token>
				<token count="1">value</token>
			</operands>
		</function>
		<function name="Stack::pop()">
			<start_line>57</start_line>
			<vG_b>1</vG_b>
			<vG_e>1</vG_e>
			<params>0</params>
			<LOCphy>7</LOCphy>
			<LOCpro>6</LOCpro>
			<LOCbl>0</LOCbl>
			<LOCcom>0</LOCcom>
			<N>31</N>
			<N1>18</N1>
			<N2>13</N2>
			<n>19</n>
			<n1>11</n1>
			<n2>8</n2>
			<V>131.686</V>
			<B>0.037</B>
			<D>8.938</D>
			<E>1176.941</E>
			<L>0.112</L>
			<T>00:01:05</T>
			<MaxND>1</MaxND>
			<MIwoc>114</MIwoc>
			<MIcwc>0</MIcwc>
			<MI>114</MI>
			<operators>
				<token count="4">()</token>
				<token count="1">-&gt;</token>
				<token count="2">.</token>
				<token count="1">::</token>
				<token count="3">;</token>
				<token count="1">&lt;</token>
				<token count="1">=</token>
				<token count="2">&gt;</token>
				<token count="1">class</token>
				<token count="1">return</token>
				<token count="1">{}</token>
			</operators>
			<operands>
				<token count="1">Stack</token>
				<token count="4">T</token>
				<token count="1">deleteHead</token>
				<token count="1">getHead</token>
				<token count="2">list</token>
				<token count="1">pop</token>
				<token count="2">temp</token>
				<token count="1">value</token>
			</operands>
		</function>
		<function name="Stack::length()">
			<start_line>65</start_line>
			<vG_b>1</vG_b>
			<vG_e>1</vG_e>
			<params>0</params>
			<LOCphy>5</LOCphy>
			<LOCpro>4</LOCpro>
			<LOCbl>0</LOCbl>
			<LOCcom>0</LOCcom>
			<N>18</N>
			<N1>11</N1>
			<N2>7</N2>
			<n>14</n>
			<n1>9</n1>
			<n2>5</n2>
			<V>68.532</V>
			<B>0.019</B>
			<D>6.300</D>
			<E>431.754</E>
			<L>0.159</L>
			<T>00:00:23</T>
			<MaxND>1</MaxND>
			<MIwoc>123</MIwoc>
			<MIcwc>0</MIcwc>
			<MI>123</MI>
			<operators>
				<token count="2">()</token>
				<token count="1">.</token>
				<token count="1">::</token>
				<token count="1">;</token>
				<token count="1">&lt;</token>
				<token count="2">&gt;</token>
				<token count="1">class</token>
				<token count="1">return</token>
				<token count="1">{}</token>
			</operators>
			<operands>
				<token count="1">Stack</token>
				<token count="2">T</token>
				<token count="1">int</token>
				<token count="2">length</token>
				<token count="1">list</token>
			</operands>
		</function>
		<function name="Stack::isEmpty()">
			<start_line>71</start_line>
			<vG_b>2</vG_b>
			<vG_e>2</vG_e>
			<params>0</params>
			<LOCphy>10</LOCphy>
			<LOCpro>9</LOCpro>
			<LOCbl>0</LOCbl>
			<LOCcom>0</LOCcom>
			<N>27</N>
			<N1>17</N1>
			<N2>10</N2>
			<n>20</n>
			<n1>12</n1>
			<n2>8</n2>
			<V>116.692</V>
			<B>0.030</B>
			<D>7.500</D>
			<E>875.190</E>
			<L>0.133</L>
			<T>00:00:48</T>
			<MaxND>2</MaxND>
			<MIwoc>108</MIwoc>
			<MIcwc>0</MIcwc>
			<MI>108</MI>
			<operators>
				<token count="2">()</token>
				<token count="1">.</token>
				<token count="1">::</token>
				<token count="2">;</token>
				<token count="1">&lt;</token>
				<token count="1">==</token>
				<token count="2">&gt;</token>
				<token count="1">class</token>
				<token count="1">else</token>
				<token count="1">if()</token>
				<token count="2">return</token>
				<token count="2">{}</token>
			</operators>
			<operands>
				<token count="2">0</token>
				<token count="1">1</token>
				<token count="1">Stack</token>
				<token count="2">T</token>
				<token count="1">bool</token>
				<token count="1">isEmpty</token>
				<token count="1">length</token>
				<token count="1">list</token>
			</operands>
		</function>
		<file_total>
			<vG_b>3</vG_b>
			<vG_e>3</vG_e>
			<vG_b_max>2</vG_b_max>
			<vG_b_avg>1</vG_b_avg>
			<vG_e_max>2</vG_e_max>
			<vG_e_avg>1</vG_e_avg>
			<params>1</params>
			<LOCphy>81</LOCphy>
			<LOCpro>40</LOCpro>
			<LOCbl>9</LOCbl>
			<LOCcom>32</LOCcom>
			<N>149</N>
			<N1>93</N1>
			<N2>56</N2>
			<n>40</n>
			<n1>18</n1>
			<n2>22</n2>
			<V>792.967</V>
			<B>0.230</B>
			<D>22.909</D>
			<E>18166.160</E>
			<L>0.044</L>
			<T>00:16:49</T>
			<MaxND>2</MaxND>
			<MIwoc>103</MIwoc>
			<MIcwc>41</MIcwc>
			<MI>145</MI>
			<operators>
				<token count="4">#</token>
				<token count="13">()</token>
				<token count="2">-&gt;</token>
				<token count="6">.</token>
				<token count="6">::</token>
				<token count="8">;</token>
				<token count="12">&lt;</token>
				<token count="1">=</token>
				<token count="1">==</token>
				<token count="12">&gt;</token>
				<token count="6">class</token>
				<token count="1">else</token>
				<token count="1">endif</token>
				<token count="1">if()</token>
				<token count="1">ifndef</token>
				<token count="5">return</token>
				<token count="6">template</token>
				<token count="7">{}</token>
			</operators>
			<operands>
				<token count="2">0</token>
				<token count="1">1</token>
				<token count="7">Stack</token>
				<token count="16">T</token>
				<token count="2">__STACK_CPP</token>
				<token count="1">bool</token>
				<token count="1">define</token>
				<token count="1">deleteHead</token>
				<token count="2">getHead</token>
				<token count="1">include</token>
				<token count="1">insertAtHead</token>
				<token count="1">int</token>
				<token count="1">isEmpty</token>
				<token count="2">item</token>
				<token count="3">length</token>
				<token count="6">list</token>
				<token count="1">pop</token>
				<token count="1">push</token>
				<token count="2">temp</token>
				<token count="1">top</token>
				<token count="2">value</token>
				<token count="1">void</token>
			</operands>
		</file_total>
	</file>
	<system>
		<files>1</files>
		<functions>6</functions>
		<LOCphy>81</LOCphy>
		<LOCbl>9</LOCbl>
		<LOCpro>40</LOCpro>
		<LOCcom>32</LOCcom>
		<semicolons>8</semicolons>
		<vG_b>3</vG_b>
		<vG_e>3</vG_e>
		<params>1</params>
		<MIwoc>118</MIwoc>
		<MIcw>12</MIcw>
		<MI>130</MI>
		<alarms>
			<file_vG>
				<measured>1</measured>
				<alarmed>0</alarmed>
				<percent>0</percent>
				<lowlimit>1</lowlimit>
				<highlimit>100</highlimit>
			</file_vG>
			<file_LOCpro>
				<measured>1</measured>
				<alarmed>0</alarmed>
				<percent>0</percent>
				<lowlimit>4</lowlimit>
				<highlimit>400</highlimit>
			</file_LOCpro>
			<file_comment_percent>
				<measured>1</measured>
				<alarmed>0</alarmed>
				<percent>0</percent>
				<lowlimit>30</lowlimit>
				<highlimit>75</highlimit>
			</file_comment_percent>
			<file_V>
				<measured>1</measured>
				<alarmed>0</alarmed>
				<percent>0</percent>
				<lowlimit>100</lowlimit>
				<highlimit>8000</highlimit>
			</file_V>
			<file_B>
				<measured>1</measured>
				<alarmed>0</alarmed>
				<percent>0</percent>
				<lowlimit>0</lowlimit>
				<highlimit>2</highlimit>
			</file_B>
			<file_MI>
				<measured>1</measured>
				<alarmed>0</alarmed>
				<percent>0</percent>
				<lowlimit>65</lowlimit>
			</file_MI>
			<function_vG>
				<measured>6</measured>
				<alarmed>0</alarmed>
				<percent>0</percent>
				<lowlimit>1</lowlimit>
				<highlimit>10</highlimit>
			</function_vG>
			<function_LOCpro>
				<measured>6</measured>
				<alarmed>1</alarmed>
				<percent>16</percent>
				<lowlimit>4</lowlimit>
				<highlimit>40</highlimit>
			</function_LOCpro>
			<function_comment_percent>
				<measured>6</measured>
				<alarmed>0</alarmed>
				<percent>0</percent>
				<lowlimit>30</lowlimit>
				<highlimit>75</highlimit>
			</function_comment_percent>
			<function_V>
				<measured>6</measured>
				<alarmed>0</alarmed>
				<percent>0</percent>
				<lowlimit>20</lowlimit>
				<highlimit>1000</highlimit>
			</function_V>
			<function_MI>
				<measured>6</measured>
				<alarmed>0</alarmed>
				<percent>0</percent>
				<lowlimit>65</lowlimit>
			</function_MI>
		</alarms>
		<error_messages count="0">
		</error_messages>
	</system>
</cmt_long_report>
