<?xml version="1.0" ?>
<cmt_long_report>
	<header_info>
		<cmt_version>7.0</cmt_version>
		<copyright>Copyright (c) 1993-2013 Testwell Oy</copyright>
		<copyright>Copyright (c) 2013-2018 Verifysoft Technology GmbH</copyright>
		<license_notes>
		</license_notes>
		<date>Tue Apr  4 22:39:00 2023</date>
		<cmt_options> -o C:\Users\muawi\cmt\A1_T3_S150.xml -lf -f C:\Users\muawi\cmt\files.txt</cmt_options>
		<run_directory>C:\Testwell\CMT</run_directory>
		<mccabe_preference>extended</mccabe_preference>
	</header_info>
	<file name="C:\Users\muawi\OneDrive\Documents\Study\Junior Year\Topics in Internet Research\Project\PA1_ANON_DATA\PA1_ANON_DATA\folder_150\stack.cpp" stamp="1680056180">
		<function name="Stack::Stack()">
			<start_line>6</start_line>
			<vG_b>1</vG_b>
			<vG_e>1</vG_e>
			<params>0</params>
			<LOCphy>4</LOCphy>
			<LOCpro alarmed="1">3</LOCpro>
			<LOCbl>0</LOCbl>
			<LOCcom>0</LOCcom>
			<N>11</N>
			<N1>7</N1>
			<N2>4</N2>
			<n>8</n>
			<n1>6</n1>
			<n2>2</n2>
			<V>33.000</V>
			<B>0.011</B>
			<D>6.000</D>
			<E>198.000</E>
			<L>0.167</L>
			<T>00:00:11</T>
			<MaxND>1</MaxND>
			<MIwoc>130</MIwoc>
			<MIcwc>0</MIcwc>
			<MI>130</MI>
			<operators>
				<token count="1">()</token>
				<token count="1">::</token>
				<token count="1">&lt;</token>
				<token count="2">&gt;</token>
				<token count="1">class</token>
				<token count="1">{}</token>
			</operators>
			<operands>
				<token count="2">Stack</token>
				<token count="2">T</token>
			</operands>
		</function>
		<function name="Stack::Stack()">
			<start_line>11</start_line>
			<vG_b>2</vG_b>
			<vG_e>2</vG_e>
			<params>1</params>
			<LOCphy>9</LOCphy>
			<LOCpro>7</LOCpro>
			<LOCbl>1</LOCbl>
			<LOCcom>0</LOCcom>
			<N>51</N>
			<N1>29</N1>
			<N2>22</N2>
			<n>26</n>
			<n1>15</n1>
			<n2>11</n2>
			<V>239.722</V>
			<B>0.078</B>
			<D>15.000</D>
			<E>3595.836</E>
			<L>0.067</L>
			<T>00:03:19</T>
			<MaxND>2</MaxND>
			<MIwoc>106</MIwoc>
			<MIcwc>0</MIcwc>
			<MI>106</MI>
			<operators>
				<token count="1">!=</token>
				<token count="1">&amp;</token>
				<token count="3">()</token>
				<token count="1">*</token>
				<token count="2">-&gt;</token>
				<token count="3">.</token>
				<token count="1">::</token>
				<token count="3">;</token>
				<token count="3">&lt;</token>
				<token count="2">=</token>
				<token count="4">&gt;</token>
				<token count="1">class</token>
				<token count="1">const</token>
				<token count="1">for()</token>
				<token count="2">{}</token>
			</operators>
			<operands>
				<token count="1">ListItem</token>
				<token count="1">NULL</token>
				<token count="3">Stack</token>
				<token count="4">T</token>
				<token count="1">getTail</token>
				<token count="5">here</token>
				<token count="1">insertAtHead</token>
				<token count="2">list</token>
				<token count="2">otherStack</token>
				<token count="1">prev</token>
				<token count="1">value</token>
			</operands>
		</function>
		<function name="Stack::~Stack()">
			<start_line>21</start_line>
			<vG_b>1</vG_b>
			<vG_e>1</vG_e>
			<params>0</params>
			<LOCphy>5</LOCphy>
			<LOCpro alarmed="1">3</LOCpro>
			<LOCbl>1</LOCbl>
			<LOCcom>0</LOCcom>
			<N>12</N>
			<N1>8</N1>
			<N2>4</N2>
			<n>9</n>
			<n1>7</n1>
			<n2>2</n2>
			<V>38.039</V>
			<B>0.014</B>
			<D>7.000</D>
			<E>266.274</E>
			<L>0.143</L>
			<T>00:00:14</T>
			<MaxND>1</MaxND>
			<MIwoc>126</MIwoc>
			<MIcwc>0</MIcwc>
			<MI>126</MI>
			<operators>
				<token count="1">()</token>
				<token count="1">::</token>
				<token count="1">&lt;</token>
				<token count="2">&gt;</token>
				<token count="1">class</token>
				<token count="1">{}</token>
				<token count="1">~</token>
			</operators>
			<operands>
				<token count="2">Stack</token>
				<token count="2">T</token>
			</operands>
		</function>
		<function name="Stack::push()">
			<start_line>27</start_line>
			<vG_b>1</vG_b>
			<vG_e>1</vG_e>
			<params>1</params>
			<LOCphy>5</LOCphy>
			<LOCpro>4</LOCpro>
			<LOCbl>0</LOCbl>
			<LOCcom>0</LOCcom>
			<N>20</N>
			<N1>10</N1>
			<N2>10</N2>
			<n>15</n>
			<n1>8</n1>
			<n2>7</n2>
			<V>78.138</V>
			<B>0.019</B>
			<D>5.714</D>
			<E>446.502</E>
			<L>0.175</L>
			<T>00:00:24</T>
			<MaxND>1</MaxND>
			<MIwoc>122</MIwoc>
			<MIcwc>0</MIcwc>
			<MI>122</MI>
			<operators>
				<token count="2">()</token>
				<token count="1">.</token>
				<token count="1">::</token>
				<token count="1">;</token>
				<token count="1">&lt;</token>
				<token count="2">&gt;</token>
				<token count="1">class</token>
				<token count="1">{}</token>
			</operators>
			<operands>
				<token count="1">Stack</token>
				<token count="3">T</token>
				<token count="1">insertAtHead</token>
				<token count="2">item</token>
				<token count="1">list</token>
				<token count="1">push</token>
				<token count="1">void</token>
			</operands>
		</function>
		<function name="Stack::top()">
			<start_line>33</start_line>
			<vG_b>2</vG_b>
			<vG_e>2</vG_e>
			<params>0</params>
			<LOCphy>6</LOCphy>
			<LOCpro>5</LOCpro>
			<LOCbl>0</LOCbl>
			<LOCcom>0</LOCcom>
			<N>28</N>
			<N1>17</N1>
			<N2>11</N2>
			<n>19</n>
			<n1>12</n1>
			<n2>7</n2>
			<V>118.942</V>
			<B>0.036</B>
			<D>9.429</D>
			<E>1121.453</E>
			<L>0.106</L>
			<T>00:01:02</T>
			<MaxND>1</MaxND>
			<MIwoc>117</MIwoc>
			<MIcwc>0</MIcwc>
			<MI>117</MI>
			<operators>
				<token count="1">!=</token>
				<token count="4">()</token>
				<token count="1">-&gt;</token>
				<token count="2">.</token>
				<token count="1">::</token>
				<token count="1">;</token>
				<token count="1">&lt;</token>
				<token count="2">&gt;</token>
				<token count="1">class</token>
				<token count="1">if()</token>
				<token count="1">return</token>
				<token count="1">{}</token>
			</operators>
			<operands>
				<token count="1">NULL</token>
				<token count="1">Stack</token>
				<token count="3">T</token>
				<token count="2">getHead</token>
				<token count="2">list</token>
				<token count="1">top</token>
				<token count="1">value</token>
			</operands>
		</function>
		<function name="Stack::pop()">
			<start_line>40</start_line>
			<vG_b>1</vG_b>
			<vG_e>1</vG_e>
			<params>0</params>
			<LOCphy>7</LOCphy>
			<LOCpro>6</LOCpro>
			<LOCbl>0</LOCbl>
			<LOCcom>0</LOCcom>
			<N>26</N>
			<N1>15</N1>
			<N2>11</N2>
			<n>17</n>
			<n1>10</n1>
			<n2>7</n2>
			<V>106.274</V>
			<B>0.030</B>
			<D>7.857</D>
			<E>835.010</E>
			<L>0.127</L>
			<T>00:00:46</T>
			<MaxND>1</MaxND>
			<MIwoc>115</MIwoc>
			<MIcwc>0</MIcwc>
			<MI>115</MI>
			<operators>
				<token count="3">()</token>
				<token count="1">.</token>
				<token count="1">::</token>
				<token count="3">;</token>
				<token count="1">&lt;</token>
				<token count="1">=</token>
				<token count="2">&gt;</token>
				<token count="1">class</token>
				<token count="1">return</token>
				<token count="1">{}</token>
			</operators>
			<operands>
				<token count="1">Stack</token>
				<token count="4">T</token>
				<token count="1">deleteHead</token>
				<token count="2">item</token>
				<token count="1">list</token>
				<token count="1">pop</token>
				<token count="1">top</token>
			</operands>
		</function>
		<function name="Stack::length()">
			<start_line>48</start_line>
			<vG_b>1</vG_b>
			<vG_e>1</vG_e>
			<params>0</params>
			<LOCphy>5</LOCphy>
			<LOCpro>4</LOCpro>
			<LOCbl>0</LOCbl>
			<LOCcom>0</LOCcom>
			<N>18</N>
			<N1>11</N1>
			<N2>7</N2>
			<n>14</n>
			<n1>9</n1>
			<n2>5</n2>
			<V>68.532</V>
			<B>0.019</B>
			<D>6.300</D>
			<E>431.754</E>
			<L>0.159</L>
			<T>00:00:23</T>
			<MaxND>1</MaxND>
			<MIwoc>123</MIwoc>
			<MIcwc>0</MIcwc>
			<MI>123</MI>
			<operators>
				<token count="2">()</token>
				<token count="1">.</token>
				<token count="1">::</token>
				<token count="1">;</token>
				<token count="1">&lt;</token>
				<token count="2">&gt;</token>
				<token count="1">class</token>
				<token count="1">return</token>
				<token count="1">{}</token>
			</operators>
			<operands>
				<token count="1">Stack</token>
				<token count="2">T</token>
				<token count="1">int</token>
				<token count="2">length</token>
				<token count="1">list</token>
			</operands>
		</function>
		<function name="Stack::isEmpty()">
			<start_line>54</start_line>
			<vG_b>1</vG_b>
			<vG_e>1</vG_e>
			<params>0</params>
			<LOCphy>5</LOCphy>
			<LOCpro>4</LOCpro>
			<LOCbl>0</LOCbl>
			<LOCcom>0</LOCcom>
			<N>19</N>
			<N1>12</N1>
			<N2>7</N2>
			<n>16</n>
			<n1>10</n1>
			<n2>6</n2>
			<V>76.000</V>
			<B>0.019</B>
			<D>5.833</D>
			<E>443.333</E>
			<L>0.171</L>
			<T>00:00:24</T>
			<MaxND>1</MaxND>
			<MIwoc>122</MIwoc>
			<MIcwc>0</MIcwc>
			<MI>122</MI>
			<operators>
				<token count="1">!</token>
				<token count="2">()</token>
				<token count="1">.</token>
				<token count="1">::</token>
				<token count="1">;</token>
				<token count="1">&lt;</token>
				<token count="2">&gt;</token>
				<token count="1">class</token>
				<token count="1">return</token>
				<token count="1">{}</token>
			</operators>
			<operands>
				<token count="1">Stack</token>
				<token count="2">T</token>
				<token count="1">bool</token>
				<token count="1">isEmpty</token>
				<token count="1">length</token>
				<token count="1">list</token>
			</operands>
		</function>
		<function name="Stack::print()">
			<start_line>60</start_line>
			<vG_b>2</vG_b>
			<vG_e>2</vG_e>
			<params>0</params>
			<LOCphy>8</LOCphy>
			<LOCpro>7</LOCpro>
			<LOCbl>0</LOCbl>
			<LOCcom>0</LOCcom>
			<N>43</N>
			<N1>24</N1>
			<N2>19</N2>
			<n>27</n>
			<n1>14</n1>
			<n2>13</n2>
			<V>204.460</V>
			<B>0.055</B>
			<D>10.231</D>
			<E>2091.785</E>
			<L>0.098</L>
			<T>00:01:56</T>
			<MaxND>2</MaxND>
			<MIwoc>109</MIwoc>
			<MIcwc>0</MIcwc>
			<MI>109</MI>
			<operators>
				<token count="1">!=</token>
				<token count="2">()</token>
				<token count="1">*</token>
				<token count="2">-&gt;</token>
				<token count="1">.</token>
				<token count="1">::</token>
				<token count="3">;</token>
				<token count="2">&lt;</token>
				<token count="2">&lt;&lt;</token>
				<token count="2">=</token>
				<token count="3">&gt;</token>
				<token count="1">class</token>
				<token count="1">for()</token>
				<token count="2">{}</token>
			</operators>
			<operands>
				<token count="1">ListItem</token>
				<token count="1">NULL</token>
				<token count="1">Stack</token>
				<token count="3">T</token>
				<token count="1">cout</token>
				<token count="1">endl</token>
				<token count="1">getHead</token>
				<token count="5">here</token>
				<token count="1">list</token>
				<token count="1">next</token>
				<token count="1">print</token>
				<token count="1">value</token>
				<token count="1">void</token>
			</operands>
		</function>
		<file_total>
			<vG_b>5</vG_b>
			<vG_e>5</vG_e>
			<vG_b_max>2</vG_b_max>
			<vG_b_avg>1</vG_b_avg>
			<vG_e_max>2</vG_e_max>
			<vG_e_avg>1</vG_e_avg>
			<params>2</params>
			<LOCphy>70</LOCphy>
			<LOCpro>56</LOCpro>
			<LOCbl>14</LOCbl>
			<LOCcom alarmed="1">0</LOCcom>
			<N>256</N>
			<N1>157</N1>
			<N2>99</N2>
			<n>53</n>
			<n1>24</n1>
			<n2>29</n2>
			<V>1466.348</V>
			<B>0.511</B>
			<D>40.966</D>
			<E>60069.688</E>
			<L>0.024</L>
			<T>00:55:37</T>
			<MaxND>2</MaxND>
			<MIwoc>111</MIwoc>
			<MIcwc>0</MIcwc>
			<MI>111</MI>
			<operators>
				<token count="1">!</token>
				<token count="3">!=</token>
				<token count="4">#</token>
				<token count="1">&amp;</token>
				<token count="20">()</token>
				<token count="2">*</token>
				<token count="5">-&gt;</token>
				<token count="10">.</token>
				<token count="9">::</token>
				<token count="13">;</token>
				<token count="21">&lt;</token>
				<token count="2">&lt;&lt;</token>
				<token count="5">=</token>
				<token count="21">&gt;</token>
				<token count="9">class</token>
				<token count="1">const</token>
				<token count="1">endif</token>
				<token count="2">for()</token>
				<token count="1">if()</token>
				<token count="1">ifndef</token>
				<token count="4">return</token>
				<token count="9">template</token>
				<token count="11">{}</token>
				<token count="1">~</token>
			</operators>
			<operands>
				<token count="2">ListItem</token>
				<token count="3">NULL</token>
				<token count="13">Stack</token>
				<token count="25">T</token>
				<token count="2">__STACK_CPP</token>
				<token count="1">bool</token>
				<token count="1">cout</token>
				<token count="1">define</token>
				<token count="1">deleteHead</token>
				<token count="1">endl</token>
				<token count="3">getHead</token>
				<token count="1">getTail</token>
				<token count="10">here</token>
				<token count="1">include</token>
				<token count="2">insertAtHead</token>
				<token count="1">int</token>
				<token count="1">isEmpty</token>
				<token count="4">item</token>
				<token count="3">length</token>
				<token count="9">list</token>
				<token count="1">next</token>
				<token count="2">otherStack</token>
				<token count="1">pop</token>
				<token count="1">prev</token>
				<token count="1">print</token>
				<token count="1">push</token>
				<token count="2">top</token>
				<token count="3">value</token>
				<token count="2">void</token>
			</operands>
		</file_total>
	</file>
	<system>
		<files>1</files>
		<functions>9</functions>
		<LOCphy>70</LOCphy>
		<LOCbl>14</LOCbl>
		<LOCpro>56</LOCpro>
		<LOCcom>0</LOCcom>
		<semicolons>13</semicolons>
		<vG_b>5</vG_b>
		<vG_e>5</vG_e>
		<params>2</params>
		<MIwoc>117</MIwoc>
		<MIcw>0</MIcw>
		<MI>117</MI>
		<alarms>
			<file_vG>
				<measured>1</measured>
				<alarmed>0</alarmed>
				<percent>0</percent>
				<lowlimit>1</lowlimit>
				<highlimit>100</highlimit>
			</file_vG>
			<file_LOCpro>
				<measured>1</measured>
				<alarmed>0</alarmed>
				<percent>0</percent>
				<lowlimit>4</lowlimit>
				<highlimit>400</highlimit>
			</file_LOCpro>
			<file_comment_percent>
				<measured>1</measured>
				<alarmed>1</alarmed>
				<percent>100</percent>
				<lowlimit>30</lowlimit>
				<highlimit>75</highlimit>
			</file_comment_percent>
			<file_V>
				<measured>1</measured>
				<alarmed>0</alarmed>
				<percent>0</percent>
				<lowlimit>100</lowlimit>
				<highlimit>8000</highlimit>
			</file_V>
			<file_B>
				<measured>1</measured>
				<alarmed>0</alarmed>
				<percent>0</percent>
				<lowlimit>0</lowlimit>
				<highlimit>2</highlimit>
			</file_B>
			<file_MI>
				<measured>1</measured>
				<alarmed>0</alarmed>
				<percent>0</percent>
				<lowlimit>65</lowlimit>
			</file_MI>
			<function_vG>
				<measured>9</measured>
				<alarmed>0</alarmed>
				<percent>0</percent>
				<lowlimit>1</lowlimit>
				<highlimit>10</highlimit>
			</function_vG>
			<function_LOCpro>
				<measured>9</measured>
				<alarmed>2</alarmed>
				<percent>22</percent>
				<lowlimit>4</lowlimit>
				<highlimit>40</highlimit>
			</function_LOCpro>
			<function_comment_percent>
				<measured>9</measured>
				<alarmed>0</alarmed>
				<percent>0</percent>
				<lowlimit>30</lowlimit>
				<highlimit>75</highlimit>
			</function_comment_percent>
			<function_V>
				<measured>9</measured>
				<alarmed>0</alarmed>
				<percent>0</percent>
				<lowlimit>20</lowlimit>
				<highlimit>1000</highlimit>
			</function_V>
			<function_MI>
				<measured>9</measured>
				<alarmed>0</alarmed>
				<percent>0</percent>
				<lowlimit>65</lowlimit>
			</function_MI>
		</alarms>
		<error_messages count="0">
		</error_messages>
	</system>
</cmt_long_report>
