<?xml version="1.0" ?>
<cmt_long_report>
	<header_info>
		<cmt_version>7.0</cmt_version>
		<copyright>Copyright (c) 1993-2013 Testwell Oy</copyright>
		<copyright>Copyright (c) 2013-2018 Verifysoft Technology GmbH</copyright>
		<license_notes>
		</license_notes>
		<date>Sun Apr  9 05:38:47 2023</date>
		<cmt_options> -o C:\Users\muawi\cmt\A3_T4_P0.xml -lf -f C:\Users\muawi\cmt\files.txt</cmt_options>
		<run_directory>C:\Testwell\CMT</run_directory>
		<mccabe_preference>extended</mccabe_preference>
	</header_info>
	<file name="C:\Users\muawi\OneDrive\Documents\Study\Junior Year\Topics in Internet Research\Project\PA-3\ChatGPT\doubleHash.cpp" stamp="1680988993">
		<function name="HashD::HashD()">
			<start_line>3</start_line>
			<vG_b>2</vG_b>
			<vG_e>2</vG_e>
			<params>0</params>
			<LOCphy>8</LOCphy>
			<LOCpro>8</LOCpro>
			<LOCbl>0</LOCbl>
			<LOCcom>0</LOCcom>
			<N>40</N>
			<N1>22</N1>
			<N2>18</N2>
			<n>21</n>
			<n1>11</n1>
			<n2>10</n2>
			<V>175.693</V>
			<B>0.048</B>
			<D>9.900</D>
			<E>1739.358</E>
			<L>0.101</L>
			<T>00:01:36</T>
			<MaxND>2</MaxND>
			<MIwoc>110</MIwoc>
			<MIcwc>0</MIcwc>
			<MI>110</MI>
			<operators>
				<token count="1">()</token>
				<token count="1">*</token>
				<token count="1">++</token>
				<token count="1">::</token>
				<token count="6">;</token>
				<token count="1">&lt;</token>
				<token count="5">=</token>
				<token count="2">[]</token>
				<token count="1">for()</token>
				<token count="1">new</token>
				<token count="2">{}</token>
			</operators>
			<operands>
				<token count="2">0</token>
				<token count="1">7</token>
				<token count="2">HashD</token>
				<token count="1">block</token>
				<token count="1">count</token>
				<token count="2">hashTable</token>
				<token count="4">i</token>
				<token count="1">int</token>
				<token count="1">nullptr</token>
				<token count="3">tableSize</token>
			</operands>
		</function>
		<function name="HashD::~HashD()">
			<start_line>12</start_line>
			<vG_b>2</vG_b>
			<vG_e>2</vG_e>
			<params>0</params>
			<LOCphy>6</LOCphy>
			<LOCpro>6</LOCpro>
			<LOCbl>0</LOCbl>
			<LOCcom>0</LOCcom>
			<N>28</N>
			<N1>17</N1>
			<N2>11</N2>
			<n>17</n>
			<n1>11</n1>
			<n2>6</n2>
			<V>114.449</V>
			<B>0.037</B>
			<D>10.083</D>
			<E>1154.027</E>
			<L>0.099</L>
			<T>00:01:04</T>
			<MaxND>2</MaxND>
			<MIwoc>117</MIwoc>
			<MIcwc>0</MIcwc>
			<MI>117</MI>
			<operators>
				<token count="1">()</token>
				<token count="1">++</token>
				<token count="1">::</token>
				<token count="4">;</token>
				<token count="1">&lt;</token>
				<token count="1">=</token>
				<token count="2">[]</token>
				<token count="2">delete</token>
				<token count="1">for()</token>
				<token count="2">{}</token>
				<token count="1">~</token>
			</operators>
			<operands>
				<token count="1">0</token>
				<token count="2">HashD</token>
				<token count="2">hashTable</token>
				<token count="4">i</token>
				<token count="1">int</token>
				<token count="1">tableSize</token>
			</operands>
		</function>
		<function name="HashD::hash1()">
			<start_line>19</start_line>
			<vG_b>2</vG_b>
			<vG_e>2</vG_e>
			<params>1</params>
			<LOCphy>7</LOCphy>
			<LOCpro>7</LOCpro>
			<LOCbl>0</LOCbl>
			<LOCcom>0</LOCcom>
			<N>34</N>
			<N1>15</N1>
			<N2>19</N2>
			<n>23</n>
			<n1>11</n1>
			<n2>12</n2>
			<V>153.801</V>
			<B>0.041</B>
			<D>8.708</D>
			<E>1339.351</E>
			<L>0.115</L>
			<T>00:01:14</T>
			<MaxND>2</MaxND>
			<MIwoc>113</MIwoc>
			<MIcwc>0</MIcwc>
			<MI>113</MI>
			<operators>
				<token count="1">%</token>
				<token count="1">()</token>
				<token count="1">*</token>
				<token count="1">+</token>
				<token count="1">:</token>
				<token count="1">::</token>
				<token count="3">;</token>
				<token count="2">=</token>
				<token count="1">for()</token>
				<token count="1">return</token>
				<token count="2">{}</token>
			</operators>
			<operands>
				<token count="1">0</token>
				<token count="1">37</token>
				<token count="1">HashD</token>
				<token count="2">c</token>
				<token count="1">char</token>
				<token count="1">hash1</token>
				<token count="4">hashVal</token>
				<token count="2">long</token>
				<token count="1">string</token>
				<token count="1">tableSize</token>
				<token count="2">unsigned</token>
				<token count="2">value</token>
			</operands>
		</function>
		<function name="HashD::hash2()">
			<start_line>27</start_line>
			<vG_b>2</vG_b>
			<vG_e>2</vG_e>
			<params>1</params>
			<LOCphy>7</LOCphy>
			<LOCpro>7</LOCpro>
			<LOCbl>0</LOCbl>
			<LOCcom>0</LOCcom>
			<N>39</N>
			<N1>18</N1>
			<N2>21</N2>
			<n>25</n>
			<n1>12</n1>
			<n2>13</n2>
			<V>181.110</V>
			<B>0.049</B>
			<D>9.692</D>
			<E>1755.378</E>
			<L>0.103</L>
			<T>00:01:37</T>
			<MaxND>2</MaxND>
			<MIwoc>112</MIwoc>
			<MIcwc>0</MIcwc>
			<MI>112</MI>
			<operators>
				<token count="1">%</token>
				<token count="2">()</token>
				<token count="1">*</token>
				<token count="2">+</token>
				<token count="1">-</token>
				<token count="1">:</token>
				<token count="1">::</token>
				<token count="3">;</token>
				<token count="2">=</token>
				<token count="1">for()</token>
				<token count="1">return</token>
				<token count="2">{}</token>
			</operators>
			<operands>
				<token count="1">0</token>
				<token count="2">1</token>
				<token count="1">31</token>
				<token count="1">HashD</token>
				<token count="2">c</token>
				<token count="1">char</token>
				<token count="1">hash2</token>
				<token count="4">hashVal</token>
				<token count="2">long</token>
				<token count="1">string</token>
				<token count="1">tableSize</token>
				<token count="2">unsigned</token>
				<token count="2">value</token>
			</operands>
		</function>
		<function name="HashD::resizeTable()">
			<start_line>35</start_line>
			<vG_b>4</vG_b>
			<vG_e>4</vG_e>
			<params>0</params>
			<LOCphy>17</LOCphy>
			<LOCpro>17</LOCpro>
			<LOCbl>0</LOCbl>
			<LOCcom alarmed="1">0</LOCcom>
			<N>92</N>
			<N1>50</N1>
			<N2>42</N2>
			<n>32</n>
			<n1>15</n1>
			<n2>17</n2>
			<V>460.000</V>
			<B>0.139</B>
			<D>18.529</D>
			<E>8523.529</E>
			<L>0.054</L>
			<T>00:07:53</T>
			<MaxND>3</MaxND>
			<MIwoc>92</MIwoc>
			<MIcwc>0</MIcwc>
			<MI>92</MI>
			<operators>
				<token count="1">!=</token>
				<token count="2">()</token>
				<token count="4">*</token>
				<token count="2">++</token>
				<token count="1">-&gt;</token>
				<token count="1">::</token>
				<token count="13">;</token>
				<token count="2">&lt;</token>
				<token count="8">=</token>
				<token count="6">[]</token>
				<token count="2">delete</token>
				<token count="2">for()</token>
				<token count="1">if()</token>
				<token count="1">new</token>
				<token count="4">{}</token>
			</operators>
			<operands>
				<token count="3">0</token>
				<token count="1">2</token>
				<token count="1">HashD</token>
				<token count="2">block</token>
				<token count="1">count</token>
				<token count="3">hashTable</token>
				<token count="10">i</token>
				<token count="1">insert</token>
				<token count="2">int</token>
				<token count="1">long</token>
				<token count="2">nullptr</token>
				<token count="2">oldSize</token>
				<token count="5">oldTable</token>
				<token count="1">resizeTable</token>
				<token count="5">tableSize</token>
				<token count="1">value</token>
				<token count="1">void</token>
			</operands>
		</function>
		<function name="HashD::insert()">
			<start_line>53</start_line>
			<vG_b>4</vG_b>
			<vG_e>5</vG_e>
			<params>1</params>
			<LOCphy>20</LOCphy>
			<LOCpro>20</LOCpro>
			<LOCbl>0</LOCbl>
			<LOCcom alarmed="1">0</LOCcom>
			<N>104</N>
			<N1>53</N1>
			<N2>51</N2>
			<n>43</n>
			<n1>21</n1>
			<n2>22</n2>
			<V>564.332</V>
			<B>0.191</B>
			<D>24.341</D>
			<E>13736.343</E>
			<L>0.041</L>
			<T>00:12:43</T>
			<MaxND>2</MaxND>
			<MIwoc>88</MIwoc>
			<MIcwc>0</MIcwc>
			<MI>88</MI>
			<operators>
				<token count="2">!=</token>
				<token count="1">%</token>
				<token count="1">&amp;&amp;</token>
				<token count="6">()</token>
				<token count="1">*</token>
				<token count="1">+</token>
				<token count="2">++</token>
				<token count="1">,</token>
				<token count="2">-&gt;</token>
				<token count="1">/</token>
				<token count="1">::</token>
				<token count="10">;</token>
				<token count="7">=</token>
				<token count="1">==</token>
				<token count="1">&gt;=</token>
				<token count="5">[]</token>
				<token count="1">else</token>
				<token count="2">if()</token>
				<token count="1">new</token>
				<token count="1">while()</token>
				<token count="5">{}</token>
			</operators>
			<operands>
				<token count="1">0</token>
				<token count="1">2</token>
				<token count="1">HashD</token>
				<token count="1">block</token>
				<token count="2">count</token>
				<token count="1">hash1</token>
				<token count="1">hash2</token>
				<token count="5">hashTable</token>
				<token count="4">hashVal</token>
				<token count="3">i</token>
				<token count="7">index</token>
				<token count="1">insert</token>
				<token count="2">int</token>
				<token count="2">long</token>
				<token count="2">nullptr</token>
				<token count="1">resizeTable</token>
				<token count="2">stepSize</token>
				<token count="1">string</token>
				<token count="2">tableSize</token>
				<token count="2">unsigned</token>
				<token count="8">value</token>
				<token count="1">void</token>
			</operands>
		</function>
		<function name="HashD::deleteWord()">
			<start_line>74</start_line>
			<vG_b>3</vG_b>
			<vG_e>4</vG_e>
			<params>1</params>
			<LOCphy>15</LOCphy>
			<LOCpro>15</LOCpro>
			<LOCbl>0</LOCbl>
			<LOCcom alarmed="1">0</LOCcom>
			<N>84</N>
			<N1>41</N1>
			<N2>43</N2>
			<n>36</n>
			<n1>17</n1>
			<n2>19</n2>
			<V>434.274</V>
			<B>0.137</B>
			<D>19.237</D>
			<E>8354.055</E>
			<L>0.052</L>
			<T>00:07:44</T>
			<MaxND>2</MaxND>
			<MIwoc>95</MIwoc>
			<MIcwc>0</MIcwc>
			<MI>95</MI>
			<operators>
				<token count="3">!=</token>
				<token count="1">%</token>
				<token count="1">&amp;&amp;</token>
				<token count="4">()</token>
				<token count="1">*</token>
				<token count="1">+</token>
				<token count="1">++</token>
				<token count="1">--</token>
				<token count="1">-&gt;</token>
				<token count="1">::</token>
				<token count="9">;</token>
				<token count="6">=</token>
				<token count="5">[]</token>
				<token count="1">delete</token>
				<token count="1">if()</token>
				<token count="1">while()</token>
				<token count="3">{}</token>
			</operators>
			<operands>
				<token count="1">0</token>
				<token count="1">HashD</token>
				<token count="1">count</token>
				<token count="1">deleteWord</token>
				<token count="1">hash1</token>
				<token count="1">hash2</token>
				<token count="5">hashTable</token>
				<token count="3">hashVal</token>
				<token count="3">i</token>
				<token count="7">index</token>
				<token count="2">int</token>
				<token count="2">long</token>
				<token count="3">nullptr</token>
				<token count="2">stepSize</token>
				<token count="1">string</token>
				<token count="1">tableSize</token>
				<token count="2">unsigned</token>
				<token count="5">value</token>
				<token count="1">void</token>
			</operands>
		</function>
		<function name="HashD::lookup()">
			<start_line>90</start_line>
			<vG_b>3</vG_b>
			<vG_e>4</vG_e>
			<params>1</params>
			<LOCphy>16</LOCphy>
			<LOCpro>16</LOCpro>
			<LOCbl>0</LOCbl>
			<LOCcom alarmed="1">0</LOCcom>
			<N>81</N>
			<N1>41</N1>
			<N2>40</N2>
			<n>36</n>
			<n1>18</n1>
			<n2>18</n2>
			<V>418.764</V>
			<B>0.137</B>
			<D>20.000</D>
			<E>8375.278</E>
			<L>0.050</L>
			<T>00:07:45</T>
			<MaxND>2</MaxND>
			<MIwoc>94</MIwoc>
			<MIcwc>0</MIcwc>
			<MI>94</MI>
			<operators>
				<token count="2">!=</token>
				<token count="1">%</token>
				<token count="1">&amp;&amp;</token>
				<token count="4">()</token>
				<token count="2">*</token>
				<token count="1">+</token>
				<token count="1">++</token>
				<token count="1">-&gt;</token>
				<token count="1">::</token>
				<token count="8">;</token>
				<token count="5">=</token>
				<token count="1">==</token>
				<token count="4">[]</token>
				<token count="1">else</token>
				<token count="1">if()</token>
				<token count="2">return</token>
				<token count="1">while()</token>
				<token count="4">{}</token>
			</operators>
			<operands>
				<token count="1">0</token>
				<token count="1">HashD</token>
				<token count="1">block</token>
				<token count="1">hash1</token>
				<token count="1">hash2</token>
				<token count="4">hashTable</token>
				<token count="3">hashVal</token>
				<token count="3">i</token>
				<token count="6">index</token>
				<token count="2">int</token>
				<token count="2">long</token>
				<token count="1">lookup</token>
				<token count="3">nullptr</token>
				<token count="2">stepSize</token>
				<token count="1">string</token>
				<token count="1">tableSize</token>
				<token count="2">unsigned</token>
				<token count="5">value</token>
			</operands>
		</function>
		<file_total>
			<vG_b>15</vG_b>
			<vG_e>18</vG_e>
			<vG_b_max>4</vG_b_max>
			<vG_b_avg>2</vG_b_avg>
			<vG_e_max>5</vG_e_max>
			<vG_e_avg>3</vG_e_avg>
			<params>5</params>
			<LOCphy>104</LOCphy>
			<LOCpro>97</LOCpro>
			<LOCbl>8</LOCbl>
			<LOCcom alarmed="1">0</LOCcom>
			<N>504</N>
			<N1>258</N1>
			<N2>246</N2>
			<n>63</n>
			<n1>30</n1>
			<n2>33</n2>
			<V>3012.549</V>
			<B>1.614</B>
			<D>111.818</D>
			<E>336857.750</E>
			<L>0.009</L>
			<T>05:11:54</T>
			<MaxND>3</MaxND>
			<MIwoc>98</MIwoc>
			<MIcwc>0</MIcwc>
			<MI>98</MI>
			<operators>
				<token count="8">!=</token>
				<token count="1">#</token>
				<token count="5">%</token>
				<token count="3">&amp;&amp;</token>
				<token count="21">()</token>
				<token count="11">*</token>
				<token count="6">+</token>
				<token count="8">++</token>
				<token count="1">,</token>
				<token count="1">-</token>
				<token count="1">--</token>
				<token count="5">-&gt;</token>
				<token count="1">/</token>
				<token count="2">:</token>
				<token count="8">::</token>
				<token count="56">;</token>
				<token count="4">&lt;</token>
				<token count="36">=</token>
				<token count="2">==</token>
				<token count="1">&gt;=</token>
				<token count="24">[]</token>
				<token count="5">delete</token>
				<token count="2">else</token>
				<token count="6">for()</token>
				<token count="5">if()</token>
				<token count="3">new</token>
				<token count="4">return</token>
				<token count="3">while()</token>
				<token count="24">{}</token>
				<token count="1">~</token>
			</operators>
			<operands>
				<token count="11">0</token>
				<token count="2">1</token>
				<token count="2">2</token>
				<token count="1">31</token>
				<token count="1">37</token>
				<token count="1">7</token>
				<token count="10">HashD</token>
				<token count="5">block</token>
				<token count="4">c</token>
				<token count="2">char</token>
				<token count="5">count</token>
				<token count="1">deleteWord</token>
				<token count="4">hash1</token>
				<token count="4">hash2</token>
				<token count="21">hashTable</token>
				<token count="18">hashVal</token>
				<token count="27">i</token>
				<token count="1">include</token>
				<token count="20">index</token>
				<token count="2">insert</token>
				<token count="10">int</token>
				<token count="11">long</token>
				<token count="1">lookup</token>
				<token count="11">nullptr</token>
				<token count="2">oldSize</token>
				<token count="5">oldTable</token>
				<token count="2">resizeTable</token>
				<token count="6">stepSize</token>
				<token count="5">string</token>
				<token count="15">tableSize</token>
				<token count="10">unsigned</token>
				<token count="23">value</token>
				<token count="3">void</token>
			</operands>
		</file_total>
	</file>
	<system>
		<files>1</files>
		<functions>8</functions>
		<LOCphy>104</LOCphy>
		<LOCbl>8</LOCbl>
		<LOCpro>97</LOCpro>
		<LOCcom>0</LOCcom>
		<semicolons>56</semicolons>
		<vG_b>15</vG_b>
		<vG_e>18</vG_e>
		<params>5</params>
		<MIwoc>100</MIwoc>
		<MIcw>0</MIcw>
		<MI>100</MI>
		<alarms>
			<file_vG>
				<measured>1</measured>
				<alarmed>0</alarmed>
				<percent>0</percent>
				<lowlimit>1</lowlimit>
				<highlimit>100</highlimit>
			</file_vG>
			<file_LOCpro>
				<measured>1</measured>
				<alarmed>0</alarmed>
				<percent>0</percent>
				<lowlimit>4</lowlimit>
				<highlimit>400</highlimit>
			</file_LOCpro>
			<file_comment_percent>
				<measured>1</measured>
				<alarmed>1</alarmed>
				<percent>100</percent>
				<lowlimit>30</lowlimit>
				<highlimit>75</highlimit>
			</file_comment_percent>
			<file_V>
				<measured>1</measured>
				<alarmed>0</alarmed>
				<percent>0</percent>
				<lowlimit>100</lowlimit>
				<highlimit>8000</highlimit>
			</file_V>
			<file_B>
				<measured>1</measured>
				<alarmed>0</alarmed>
				<percent>0</percent>
				<lowlimit>0</lowlimit>
				<highlimit>2</highlimit>
			</file_B>
			<file_MI>
				<measured>1</measured>
				<alarmed>0</alarmed>
				<percent>0</percent>
				<lowlimit>65</lowlimit>
			</file_MI>
			<function_vG>
				<measured>8</measured>
				<alarmed>0</alarmed>
				<percent>0</percent>
				<lowlimit>1</lowlimit>
				<highlimit>10</highlimit>
			</function_vG>
			<function_LOCpro>
				<measured>8</measured>
				<alarmed>0</alarmed>
				<percent>0</percent>
				<lowlimit>4</lowlimit>
				<highlimit>40</highlimit>
			</function_LOCpro>
			<function_comment_percent>
				<measured>8</measured>
				<alarmed>4</alarmed>
				<percent>50</percent>
				<lowlimit>30</lowlimit>
				<highlimit>75</highlimit>
			</function_comment_percent>
			<function_V>
				<measured>8</measured>
				<alarmed>0</alarmed>
				<percent>0</percent>
				<lowlimit>20</lowlimit>
				<highlimit>1000</highlimit>
			</function_V>
			<function_MI>
				<measured>8</measured>
				<alarmed>0</alarmed>
				<percent>0</percent>
				<lowlimit>65</lowlimit>
			</function_MI>
		</alarms>
		<error_messages count="0">
		</error_messages>
	</system>
</cmt_long_report>
