<?xml version="1.0" ?>
<cmt_long_report>
	<header_info>
		<cmt_version>7.0</cmt_version>
		<copyright>Copyright (c) 1993-2013 Testwell Oy</copyright>
		<copyright>Copyright (c) 2013-2018 Verifysoft Technology GmbH</copyright>
		<license_notes>
		</license_notes>
		<date>Sun Apr  9 03:21:08 2023</date>
		<cmt_options> -o C:\Users\muawi\cmt\A1_T4_S0.xml -lf -f C:\Users\muawi\cmt\files.txt</cmt_options>
		<run_directory>C:\Testwell\CMT</run_directory>
		<mccabe_preference>extended</mccabe_preference>
	</header_info>
	<file name="C:\Users\muawi\OneDrive\Documents\Study\Junior Year\Topics in Internet Research\Project\PA1_ANON_DATA\ChatGPT\queue.cpp" stamp="1680987039">
		<function name="Queue::Queue()">
			<start_line>13</start_line>
			<vG_b>1</vG_b>
			<vG_e>1</vG_e>
			<params>0</params>
			<LOCphy>2</LOCphy>
			<LOCpro alarmed="1">1</LOCpro>
			<LOCbl>0</LOCbl>
			<LOCcom>1</LOCcom>
			<N>3</N>
			<N1>2</N1>
			<N2>1</N2>
			<n>3</n>
			<n1>2</n1>
			<n2>1</n2>
			<V alarmed="1">4.755</V>
			<B>0.001</B>
			<D>1.000</D>
			<E>4.755</E>
			<L>1.000</L>
			<T>00:00:00</T>
			<MaxND>1</MaxND>
			<MIwoc>151</MIwoc>
			<MIcwc>44</MIcwc>
			<MI>196</MI>
			<operators>
				<token count="1">()</token>
				<token count="1">{}</token>
			</operators>
			<operands>
				<token count="1">Queue</token>
			</operands>
		</function>
		<function name="Queue::Queue()">
			<start_line>16</start_line>
			<vG_b>1</vG_b>
			<vG_e>1</vG_e>
			<params>1</params>
			<LOCphy>2</LOCphy>
			<LOCpro alarmed="1">1</LOCpro>
			<LOCbl>0</LOCbl>
			<LOCcom>1</LOCcom>
			<N>16</N>
			<N1>9</N1>
			<N2>7</N2>
			<n>12</n>
			<n1>8</n1>
			<n2>4</n2>
			<V>57.359</V>
			<B>0.018</B>
			<D>7.000</D>
			<E>401.516</E>
			<L>0.143</L>
			<T>00:00:22</T>
			<MaxND>1</MaxND>
			<MIwoc>138</MIwoc>
			<MIcwc>44</MIcwc>
			<MI>183</MI>
			<operators>
				<token count="1">&amp;</token>
				<token count="2">()</token>
				<token count="1">.</token>
				<token count="1">:</token>
				<token count="1">&lt;</token>
				<token count="1">&gt;</token>
				<token count="1">const</token>
				<token count="1">{}</token>
			</operators>
			<operands>
				<token count="2">Queue</token>
				<token count="1">T</token>
				<token count="2">list</token>
				<token count="2">otherQueue</token>
			</operands>
		</function>
		<function name="Queue::~Queue()">
			<start_line>20</start_line>
			<vG_b>1</vG_b>
			<vG_e>1</vG_e>
			<params>0</params>
			<LOCphy>1</LOCphy>
			<LOCpro alarmed="1">0</LOCpro>
			<LOCbl>0</LOCbl>
			<LOCcom>0</LOCcom>
			<N>3</N>
			<N1>2</N1>
			<N2>1</N2>
			<n>3</n>
			<n1>2</n1>
			<n2>1</n2>
			<V alarmed="1">4.755</V>
			<B>0.001</B>
			<D>1.000</D>
			<E>4.755</E>
			<L>1.000</L>
			<T>00:00:00</T>
			<MaxND>1</MaxND>
			<MIwoc>163</MIwoc>
			<MIcwc>0</MIcwc>
			<MI>163</MI>
			<operators>
				<token count="1">()</token>
				<token count="1">{}</token>
			</operators>
			<operands>
				<token count="1">Queue</token>
			</operands>
		</function>
		<function name="Queue::enqueue()">
			<start_line>22</start_line>
			<vG_b>1</vG_b>
			<vG_e>1</vG_e>
			<params>1</params>
			<LOCphy>2</LOCphy>
			<LOCpro alarmed="1">1</LOCpro>
			<LOCbl>0</LOCbl>
			<LOCcom>1</LOCcom>
			<N>12</N>
			<N1>5</N1>
			<N2>7</N2>
			<n>10</n>
			<n1>4</n1>
			<n2>6</n2>
			<V>39.863</V>
			<B>0.007</B>
			<D>2.333</D>
			<E>93.014</E>
			<L>0.429</L>
			<T>00:00:05</T>
			<MaxND>1</MaxND>
			<MIwoc>140</MIwoc>
			<MIcwc>44</MIcwc>
			<MI>185</MI>
			<operators>
				<token count="2">()</token>
				<token count="1">.</token>
				<token count="1">;</token>
				<token count="1">{}</token>
			</operators>
			<operands>
				<token count="1">T</token>
				<token count="1">enqueue</token>
				<token count="1">insertLast</token>
				<token count="2">item</token>
				<token count="1">list</token>
				<token count="1">void</token>
			</operands>
		</function>
		<function name="Queue::front()">
			<start_line>24</start_line>
			<vG_b>1</vG_b>
			<vG_e>1</vG_e>
			<params>0</params>
			<LOCphy>1</LOCphy>
			<LOCpro alarmed="1">1</LOCpro>
			<LOCbl>0</LOCbl>
			<LOCcom>0</LOCcom>
			<N>10</N>
			<N1>6</N1>
			<N2>4</N2>
			<n>9</n>
			<n1>5</n1>
			<n2>4</n2>
			<V>31.699</V>
			<B>0.006</B>
			<D>2.500</D>
			<E>79.248</E>
			<L>0.400</L>
			<T>00:00:04</T>
			<MaxND>1</MaxND>
			<MIwoc>153</MIwoc>
			<MIcwc>0</MIcwc>
			<MI>153</MI>
			<operators>
				<token count="2">()</token>
				<token count="1">.</token>
				<token count="1">;</token>
				<token count="1">return</token>
				<token count="1">{}</token>
			</operators>
			<operands>
				<token count="1">T</token>
				<token count="1">front</token>
				<token count="1">getFirst</token>
				<token count="1">list</token>
			</operands>
		</function>
		<function name="Queue::dequeue()">
			<start_line>25</start_line>
			<vG_b>1</vG_b>
			<vG_e>1</vG_e>
			<params>0</params>
			<LOCphy>1</LOCphy>
			<LOCpro alarmed="1">1</LOCpro>
			<LOCbl>0</LOCbl>
			<LOCcom>0</LOCcom>
			<N>10</N>
			<N1>6</N1>
			<N2>4</N2>
			<n>9</n>
			<n1>5</n1>
			<n2>4</n2>
			<V>31.699</V>
			<B>0.006</B>
			<D>2.500</D>
			<E>79.248</E>
			<L>0.400</L>
			<T>00:00:04</T>
			<MaxND>1</MaxND>
			<MIwoc>153</MIwoc>
			<MIcwc>0</MIcwc>
			<MI>153</MI>
			<operators>
				<token count="2">()</token>
				<token count="1">.</token>
				<token count="1">;</token>
				<token count="1">return</token>
				<token count="1">{}</token>
			</operators>
			<operands>
				<token count="1">T</token>
				<token count="1">dequeue</token>
				<token count="1">list</token>
				<token count="1">removeFirst</token>
			</operands>
		</function>
		<function name="Queue::length()">
			<start_line>26</start_line>
			<vG_b>1</vG_b>
			<vG_e>1</vG_e>
			<params>0</params>
			<LOCphy>1</LOCphy>
			<LOCpro alarmed="1">1</LOCpro>
			<LOCbl>0</LOCbl>
			<LOCcom>0</LOCcom>
			<N>10</N>
			<N1>6</N1>
			<N2>4</N2>
			<n>8</n>
			<n1>5</n1>
			<n2>3</n2>
			<V>30.000</V>
			<B>0.007</B>
			<D>3.333</D>
			<E>100.000</E>
			<L>0.300</L>
			<T>00:00:05</T>
			<MaxND>1</MaxND>
			<MIwoc>153</MIwoc>
			<MIcwc>0</MIcwc>
			<MI>153</MI>
			<operators>
				<token count="2">()</token>
				<token count="1">.</token>
				<token count="1">;</token>
				<token count="1">return</token>
				<token count="1">{}</token>
			</operators>
			<operands>
				<token count="1">int</token>
				<token count="2">length</token>
				<token count="1">list</token>
			</operands>
		</function>
		<function name="Queue::isEmpty()">
			<start_line>27</start_line>
			<vG_b>1</vG_b>
			<vG_e>1</vG_e>
			<params>0</params>
			<LOCphy>1</LOCphy>
			<LOCpro alarmed="1">1</LOCpro>
			<LOCbl>0</LOCbl>
			<LOCcom>0</LOCcom>
			<N>10</N>
			<N1>6</N1>
			<N2>4</N2>
			<n>8</n>
			<n1>5</n1>
			<n2>3</n2>
			<V>30.000</V>
			<B>0.007</B>
			<D>3.333</D>
			<E>100.000</E>
			<L>0.300</L>
			<T>00:00:05</T>
			<MaxND>1</MaxND>
			<MIwoc>153</MIwoc>
			<MIcwc>0</MIcwc>
			<MI>153</MI>
			<operators>
				<token count="2">()</token>
				<token count="1">.</token>
				<token count="1">;</token>
				<token count="1">return</token>
				<token count="1">{}</token>
			</operators>
			<operands>
				<token count="1">bool</token>
				<token count="2">isEmpty</token>
				<token count="1">list</token>
			</operands>
		</function>
		<file_total>
			<vG_b>2</vG_b>
			<vG_e>2</vG_e>
			<vG_b_max>1</vG_b_max>
			<vG_b_avg>1</vG_b_avg>
			<vG_e_max>1</vG_e_max>
			<vG_e_avg>1</vG_e_avg>
			<params>2</params>
			<LOCphy>29</LOCphy>
			<LOCpro>18</LOCpro>
			<LOCbl>7</LOCbl>
			<LOCcom alarmed="1">5</LOCcom>
			<N>102</N>
			<N1>61</N1>
			<N2>41</N2>
			<n>37</n>
			<n1>17</n1>
			<n2>20</n2>
			<V>531.364</V>
			<B>0.147</B>
			<D>17.425</D>
			<E>9259.021</E>
			<L>0.057</L>
			<T>00:08:34</T>
			<MaxND>1</MaxND>
			<MIwoc>128</MIwoc>
			<MIcwc>30</MIcwc>
			<MI>158</MI>
			<operators>
				<token count="4">#</token>
				<token count="1">&amp;</token>
				<token count="14">()</token>
				<token count="6">.</token>
				<token count="2">:</token>
				<token count="7">;</token>
				<token count="3">&lt;</token>
				<token count="3">&gt;</token>
				<token count="2">class</token>
				<token count="1">const</token>
				<token count="1">endif</token>
				<token count="1">ifndef</token>
				<token count="1">public</token>
				<token count="4">return</token>
				<token count="1">template</token>
				<token count="9">{}</token>
				<token count="1">~</token>
			</operators>
			<operands>
				<token count="1">LinkedList</token>
				<token count="5">Queue</token>
				<token count="6">T</token>
				<token count="2">__QUEUE_H</token>
				<token count="1">bool</token>
				<token count="1">define</token>
				<token count="1">dequeue</token>
				<token count="1">enqueue</token>
				<token count="1">front</token>
				<token count="1">getFirst</token>
				<token count="1">include</token>
				<token count="1">insertLast</token>
				<token count="1">int</token>
				<token count="2">isEmpty</token>
				<token count="2">item</token>
				<token count="2">length</token>
				<token count="8">list</token>
				<token count="2">otherQueue</token>
				<token count="1">removeFirst</token>
				<token count="1">void</token>
			</operands>
		</file_total>
	</file>
	<system>
		<files>1</files>
		<functions>8</functions>
		<LOCphy>29</LOCphy>
		<LOCbl>7</LOCbl>
		<LOCpro>18</LOCpro>
		<LOCcom>5</LOCcom>
		<semicolons>7</semicolons>
		<vG_b>2</vG_b>
		<vG_e>2</vG_e>
		<params>2</params>
		<MIwoc>148</MIwoc>
		<MIcw>36</MIcw>
		<MI>184</MI>
		<alarms>
			<file_vG>
				<measured>1</measured>
				<alarmed>0</alarmed>
				<percent>0</percent>
				<lowlimit>1</lowlimit>
				<highlimit>100</highlimit>
			</file_vG>
			<file_LOCpro>
				<measured>1</measured>
				<alarmed>0</alarmed>
				<percent>0</percent>
				<lowlimit>4</lowlimit>
				<highlimit>400</highlimit>
			</file_LOCpro>
			<file_comment_percent>
				<measured>1</measured>
				<alarmed>1</alarmed>
				<percent>100</percent>
				<lowlimit>30</lowlimit>
				<highlimit>75</highlimit>
			</file_comment_percent>
			<file_V>
				<measured>1</measured>
				<alarmed>0</alarmed>
				<percent>0</percent>
				<lowlimit>100</lowlimit>
				<highlimit>8000</highlimit>
			</file_V>
			<file_B>
				<measured>1</measured>
				<alarmed>0</alarmed>
				<percent>0</percent>
				<lowlimit>0</lowlimit>
				<highlimit>2</highlimit>
			</file_B>
			<file_MI>
				<measured>1</measured>
				<alarmed>0</alarmed>
				<percent>0</percent>
				<lowlimit>65</lowlimit>
			</file_MI>
			<function_vG>
				<measured>8</measured>
				<alarmed>0</alarmed>
				<percent>0</percent>
				<lowlimit>1</lowlimit>
				<highlimit>10</highlimit>
			</function_vG>
			<function_LOCpro>
				<measured>8</measured>
				<alarmed>8</alarmed>
				<percent>100</percent>
				<lowlimit>4</lowlimit>
				<highlimit>40</highlimit>
			</function_LOCpro>
			<function_comment_percent>
				<measured>8</measured>
				<alarmed>0</alarmed>
				<percent>0</percent>
				<lowlimit>30</lowlimit>
				<highlimit>75</highlimit>
			</function_comment_percent>
			<function_V>
				<measured>8</measured>
				<alarmed>2</alarmed>
				<percent>25</percent>
				<lowlimit>20</lowlimit>
				<highlimit>1000</highlimit>
			</function_V>
			<function_MI>
				<measured>8</measured>
				<alarmed>0</alarmed>
				<percent>0</percent>
				<lowlimit>65</lowlimit>
			</function_MI>
		</alarms>
		<error_messages count="0">
		</error_messages>
	</system>
</cmt_long_report>
