<?xml version="1.0" ?>
<cmt_long_report>
	<header_info>
		<cmt_version>7.0</cmt_version>
		<copyright>Copyright (c) 1993-2013 Testwell Oy</copyright>
		<copyright>Copyright (c) 2013-2018 Verifysoft Technology GmbH</copyright>
		<license_notes>
		</license_notes>
		<date>Tue Apr  4 22:31:52 2023</date>
		<cmt_options> -o C:\Users\muawi\cmt\A1_T1_S134.xml -lf -f C:\Users\muawi\cmt\files.txt</cmt_options>
		<run_directory>C:\Testwell\CMT</run_directory>
		<mccabe_preference>extended</mccabe_preference>
	</header_info>
	<file name="C:\Users\muawi\OneDrive\Documents\Study\Junior Year\Topics in Internet Research\Project\PA1_ANON_DATA\PA1_ANON_DATA\folder_134\LinkedList.cpp" stamp="1680056101">
		<function name="LinkedList::LinkedList()">
			<start_line>10</start_line>
			<vG_b>1</vG_b>
			<vG_e>1</vG_e>
			<params>0</params>
			<LOCphy>5</LOCphy>
			<LOCpro>4</LOCpro>
			<LOCbl>0</LOCbl>
			<LOCcom>0</LOCcom>
			<N>15</N>
			<N1>9</N1>
			<N2>6</N2>
			<n>12</n>
			<n1>8</n1>
			<n2>4</n2>
			<V>53.774</V>
			<B>0.016</B>
			<D>6.000</D>
			<E>322.647</E>
			<L>0.167</L>
			<T>00:00:17</T>
			<MaxND>1</MaxND>
			<MIwoc>124</MIwoc>
			<MIcwc>0</MIcwc>
			<MI>124</MI>
			<operators>
				<token count="1">()</token>
				<token count="1">::</token>
				<token count="1">;</token>
				<token count="1">&lt;</token>
				<token count="1">=</token>
				<token count="2">&gt;</token>
				<token count="1">class</token>
				<token count="1">{}</token>
			</operators>
			<operands>
				<token count="2">LinkedList</token>
				<token count="1">NULL</token>
				<token count="2">T</token>
				<token count="1">head</token>
			</operands>
		</function>
		<function name="LinkedList::deleteHead()">
			<start_line>16</start_line>
			<vG_b>3</vG_b>
			<vG_e>3</vG_e>
			<params>0</params>
			<LOCphy>26</LOCphy>
			<LOCpro>24</LOCpro>
			<LOCbl>1</LOCbl>
			<LOCcom alarmed="1">0</LOCcom>
			<N>80</N>
			<N1>46</N1>
			<N2>34</N2>
			<n>29</n>
			<n1>16</n1>
			<n2>13</n2>
			<V>388.638</V>
			<B>0.135</B>
			<D>20.923</D>
			<E>8131.513</E>
			<L>0.048</L>
			<T>00:07:31</T>
			<MaxND>3</MaxND>
			<MIwoc>87</MIwoc>
			<MIcwc>0</MIcwc>
			<MI>87</MI>
			<operators>
				<token count="1">!=</token>
				<token count="1">()</token>
				<token count="2">*</token>
				<token count="4">-&gt;</token>
				<token count="1">::</token>
				<token count="9">;</token>
				<token count="3">&lt;</token>
				<token count="2">&lt;&lt;</token>
				<token count="6">=</token>
				<token count="1">==</token>
				<token count="4">&gt;</token>
				<token count="1">class</token>
				<token count="2">delete</token>
				<token count="2">else</token>
				<token count="2">if()</token>
				<token count="5">{}</token>
			</operators>
			<operands>
				<token count="1">&quot;list is empty&quot;</token>
				<token count="1">LinkedList</token>
				<token count="2">ListItem</token>
				<token count="5">NULL</token>
				<token count="4">T</token>
				<token count="1">cout</token>
				<token count="1">deleteHead</token>
				<token count="1">endl</token>
				<token count="7">head</token>
				<token count="3">next</token>
				<token count="1">prev</token>
				<token count="6">tempPointer</token>
				<token count="1">void</token>
			</operands>
		</function>
		<function name="LinkedList::~LinkedList()">
			<start_line>44</start_line>
			<vG_b>2</vG_b>
			<vG_e>2</vG_e>
			<params>0</params>
			<LOCphy>12</LOCphy>
			<LOCpro>8</LOCpro>
			<LOCbl>3</LOCbl>
			<LOCcom>0</LOCcom>
			<N>23</N>
			<N1>15</N1>
			<N2>8</N2>
			<n>16</n>
			<n1>11</n1>
			<n2>5</n2>
			<V>92.000</V>
			<B>0.029</B>
			<D>8.800</D>
			<E>809.600</E>
			<L>0.114</L>
			<T>00:00:44</T>
			<MaxND>2</MaxND>
			<MIwoc>107</MIwoc>
			<MIcwc>0</MIcwc>
			<MI>107</MI>
			<operators>
				<token count="1">!=</token>
				<token count="2">()</token>
				<token count="1">::</token>
				<token count="2">;</token>
				<token count="1">&lt;</token>
				<token count="2">&gt;</token>
				<token count="1">class</token>
				<token count="1">delete</token>
				<token count="1">while()</token>
				<token count="2">{}</token>
				<token count="1">~</token>
			</operators>
			<operands>
				<token count="2">LinkedList</token>
				<token count="1">NULL</token>
				<token count="2">T</token>
				<token count="1">deleteHead</token>
				<token count="2">head</token>
			</operands>
		</function>
		<function name="LinkedList::LinkedList()">
			<start_line>57</start_line>
			<vG_b>3</vG_b>
			<vG_e>3</vG_e>
			<params>1</params>
			<LOCphy>22</LOCphy>
			<LOCpro>19</LOCpro>
			<LOCbl>2</LOCbl>
			<LOCcom alarmed="1">0</LOCcom>
			<N>87</N>
			<N1>49</N1>
			<N2>38</N2>
			<n>30</n>
			<n1>18</n1>
			<n2>12</n2>
			<V>426.899</V>
			<B>0.176</B>
			<D>28.500</D>
			<E>12166.635</E>
			<L>0.035</L>
			<T>00:11:15</T>
			<MaxND>3</MaxND>
			<MIwoc>89</MIwoc>
			<MIcwc>0</MIcwc>
			<MI>89</MI>
			<operators>
				<token count="2">!=</token>
				<token count="1">&amp;</token>
				<token count="3">()</token>
				<token count="2">*</token>
				<token count="4">-&gt;</token>
				<token count="2">.</token>
				<token count="1">::</token>
				<token count="7">;</token>
				<token count="5">&lt;</token>
				<token count="6">=</token>
				<token count="6">&gt;</token>
				<token count="1">class</token>
				<token count="1">const</token>
				<token count="1">else</token>
				<token count="1">if()</token>
				<token count="1">new</token>
				<token count="1">while()</token>
				<token count="4">{}</token>
			</operators>
			<operands>
				<token count="3">LinkedList</token>
				<token count="3">ListItem</token>
				<token count="3">NULL</token>
				<token count="7">T</token>
				<token count="2">data</token>
				<token count="4">head</token>
				<token count="1">insertAtTail</token>
				<token count="2">newNode</token>
				<token count="2">next</token>
				<token count="3">obj</token>
				<token count="6">tempHead</token>
				<token count="2">value</token>
			</operands>
		</function>
		<function name="LinkedList::insertAtHead()">
			<start_line>82</start_line>
			<vG_b>2</vG_b>
			<vG_e>2</vG_e>
			<params>1</params>
			<LOCphy>16</LOCphy>
			<LOCpro>15</LOCpro>
			<LOCbl>0</LOCbl>
			<LOCcom alarmed="1">0</LOCcom>
			<N>71</N>
			<N1>40</N1>
			<N2>31</N2>
			<n>26</n>
			<n1>14</n1>
			<n2>12</n2>
			<V>333.731</V>
			<B>0.110</B>
			<D>18.083</D>
			<E>6034.973</E>
			<L>0.055</L>
			<T>00:05:35</T>
			<MaxND>2</MaxND>
			<MIwoc>95</MIwoc>
			<MIcwc>0</MIcwc>
			<MI>95</MI>
			<operators>
				<token count="3">()</token>
				<token count="2">*</token>
				<token count="2">-&gt;</token>
				<token count="1">::</token>
				<token count="6">;</token>
				<token count="5">&lt;</token>
				<token count="6">=</token>
				<token count="1">==</token>
				<token count="6">&gt;</token>
				<token count="1">class</token>
				<token count="1">else</token>
				<token count="1">if()</token>
				<token count="2">new</token>
				<token count="3">{}</token>
			</operators>
			<operands>
				<token count="1">LinkedList</token>
				<token count="4">ListItem</token>
				<token count="1">NULL</token>
				<token count="3">T</token>
				<token count="5">head</token>
				<token count="1">insertAtHead</token>
				<token count="4">int</token>
				<token count="3">item</token>
				<token count="6">newNode</token>
				<token count="1">next</token>
				<token count="1">prev</token>
				<token count="1">void</token>
			</operands>
		</function>
		<function name="LinkedList::getTail()">
			<start_line>99</start_line>
			<vG_b>3</vG_b>
			<vG_e>3</vG_e>
			<params>0</params>
			<LOCphy>21</LOCphy>
			<LOCpro>17</LOCpro>
			<LOCbl>3</LOCbl>
			<LOCcom alarmed="1">0</LOCcom>
			<N>57</N>
			<N1>34</N1>
			<N2>23</N2>
			<n>28</n>
			<n1>17</n1>
			<n2>11</n2>
			<V>274.019</V>
			<B>0.096</B>
			<D>17.773</D>
			<E>4870.069</E>
			<L>0.056</L>
			<T>00:04:30</T>
			<MaxND>3</MaxND>
			<MIwoc>92</MIwoc>
			<MIcwc>0</MIcwc>
			<MI>92</MI>
			<operators>
				<token count="1">!=</token>
				<token count="1">()</token>
				<token count="2">*</token>
				<token count="2">-&gt;</token>
				<token count="1">::</token>
				<token count="5">;</token>
				<token count="3">&lt;</token>
				<token count="2">&lt;&lt;</token>
				<token count="2">=</token>
				<token count="1">==</token>
				<token count="4">&gt;</token>
				<token count="1">class</token>
				<token count="1">else</token>
				<token count="1">if()</token>
				<token count="2">return</token>
				<token count="1">while()</token>
				<token count="4">{}</token>
			</operators>
			<operands>
				<token count="1">&quot;List is empty&quot;</token>
				<token count="1">LinkedList</token>
				<token count="2">ListItem</token>
				<token count="3">NULL</token>
				<token count="4">T</token>
				<token count="1">cout</token>
				<token count="1">endl</token>
				<token count="1">getTail</token>
				<token count="2">head</token>
				<token count="2">next</token>
				<token count="5">tempPointer</token>
			</operands>
		</function>
		<function name="LinkedList::insertAtTail()">
			<start_line>121</start_line>
			<vG_b>2</vG_b>
			<vG_e>2</vG_e>
			<params>1</params>
			<LOCphy>19</LOCphy>
			<LOCpro>15</LOCpro>
			<LOCbl>3</LOCbl>
			<LOCcom alarmed="1">0</LOCcom>
			<N>77</N>
			<N1>44</N1>
			<N2>33</N2>
			<n>28</n>
			<n1>14</n1>
			<n2>14</n2>
			<V>370.166</V>
			<B>0.111</B>
			<D>16.500</D>
			<E>6107.745</E>
			<L>0.061</L>
			<T>00:05:39</T>
			<MaxND>2</MaxND>
			<MIwoc>92</MIwoc>
			<MIcwc>0</MIcwc>
			<MI>92</MI>
			<operators>
				<token count="4">()</token>
				<token count="3">*</token>
				<token count="2">-&gt;</token>
				<token count="1">::</token>
				<token count="6">;</token>
				<token count="6">&lt;</token>
				<token count="6">=</token>
				<token count="1">==</token>
				<token count="7">&gt;</token>
				<token count="1">class</token>
				<token count="1">else</token>
				<token count="1">if()</token>
				<token count="2">new</token>
				<token count="3">{}</token>
			</operators>
			<operands>
				<token count="1">LinkedList</token>
				<token count="5">ListItem</token>
				<token count="1">NULL</token>
				<token count="3">T</token>
				<token count="1">getTail</token>
				<token count="2">head</token>
				<token count="1">insertAtTail</token>
				<token count="5">int</token>
				<token count="3">item</token>
				<token count="5">newNode</token>
				<token count="1">next</token>
				<token count="1">prev</token>
				<token count="3">tailPointer</token>
				<token count="1">void</token>
			</operands>
		</function>
		<function name="LinkedList::getHead()">
			<start_line>140</start_line>
			<vG_b>1</vG_b>
			<vG_e>1</vG_e>
			<params>0</params>
			<LOCphy>5</LOCphy>
			<LOCpro>4</LOCpro>
			<LOCbl>0</LOCbl>
			<LOCcom>0</LOCcom>
			<N>19</N>
			<N1>12</N1>
			<N2>7</N2>
			<n>14</n>
			<n1>9</n1>
			<n2>5</n2>
			<V>72.340</V>
			<B>0.020</B>
			<D>6.300</D>
			<E>455.740</E>
			<L>0.159</L>
			<T>00:00:25</T>
			<MaxND>1</MaxND>
			<MIwoc>122</MIwoc>
			<MIcwc>0</MIcwc>
			<MI>122</MI>
			<operators>
				<token count="1">()</token>
				<token count="1">*</token>
				<token count="1">::</token>
				<token count="1">;</token>
				<token count="2">&lt;</token>
				<token count="3">&gt;</token>
				<token count="1">class</token>
				<token count="1">return</token>
				<token count="1">{}</token>
			</operators>
			<operands>
				<token count="1">LinkedList</token>
				<token count="1">ListItem</token>
				<token count="3">T</token>
				<token count="1">getHead</token>
				<token count="1">head</token>
			</operands>
		</function>
		<function name="LinkedList::searchFor()">
			<start_line>147</start_line>
			<vG_b>5</vG_b>
			<vG_e>5</vG_e>
			<params>1</params>
			<LOCphy>32</LOCphy>
			<LOCpro>29</LOCpro>
			<LOCbl>1</LOCbl>
			<LOCcom alarmed="1">1</LOCcom>
			<N>81</N>
			<N1>51</N1>
			<N2>30</N2>
			<n>31</n>
			<n1>19</n1>
			<n2>12</n2>
			<V>401.290</V>
			<B>0.150</B>
			<D>23.750</D>
			<E>9530.635</E>
			<L>0.042</L>
			<T>00:08:49</T>
			<MaxND>4</MaxND>
			<MIwoc>83</MIwoc>
			<MIcwc>14</MIcwc>
			<MI>96</MI>
			<operators>
				<token count="1">!=</token>
				<token count="1">()</token>
				<token count="2">*</token>
				<token count="3">-&gt;</token>
				<token count="1">::</token>
				<token count="8">;</token>
				<token count="3">&lt;</token>
				<token count="4">=</token>
				<token count="3">==</token>
				<token count="4">&gt;</token>
				<token count="1">break</token>
				<token count="1">class</token>
				<token count="2">else</token>
				<token count="1">false</token>
				<token count="3">if()</token>
				<token count="3">return</token>
				<token count="2">true</token>
				<token count="1">while()</token>
				<token count="7">{}</token>
			</operators>
			<operands>
				<token count="1">LinkedList</token>
				<token count="2">ListItem</token>
				<token count="4">NULL</token>
				<token count="5">T</token>
				<token count="1">bool</token>
				<token count="2">head</token>
				<token count="2">item</token>
				<token count="2">next</token>
				<token count="3">notfound</token>
				<token count="1">searchFor</token>
				<token count="6">tempPointer</token>
				<token count="1">value</token>
			</operands>
		</function>
		<function name="LinkedList::insertAfter()">
			<start_line>180</start_line>
			<vG_b>3</vG_b>
			<vG_e>4</vG_e>
			<params>2</params>
			<LOCphy>23</LOCphy>
			<LOCpro>20</LOCpro>
			<LOCbl>2</LOCbl>
			<LOCcom alarmed="1">0</LOCcom>
			<N>107</N>
			<N1>58</N1>
			<N2>49</N2>
			<n>37</n>
			<n1>17</n1>
			<n2>20</n2>
			<V>557.411</V>
			<B>0.171</B>
			<D>20.825</D>
			<E>11608.095</E>
			<L>0.048</L>
			<T>00:10:44</T>
			<MaxND>2</MaxND>
			<MIwoc>86</MIwoc>
			<MIcwc>0</MIcwc>
			<MI>86</MI>
			<operators>
				<token count="8">()</token>
				<token count="2">*</token>
				<token count="1">,</token>
				<token count="7">-&gt;</token>
				<token count="1">::</token>
				<token count="8">;</token>
				<token count="4">&lt;</token>
				<token count="2">&lt;&lt;</token>
				<token count="6">=</token>
				<token count="3">==</token>
				<token count="5">&gt;</token>
				<token count="1">class</token>
				<token count="2">else</token>
				<token count="2">if()</token>
				<token count="1">new</token>
				<token count="4">{}</token>
				<token count="1">||</token>
			</operators>
			<operands>
				<token count="1">&quot;To insert after, does not exist in list&quot;</token>
				<token count="1">LinkedList</token>
				<token count="3">ListItem</token>
				<token count="1">NULL</token>
				<token count="5">T</token>
				<token count="5">afterWhat</token>
				<token count="1">cout</token>
				<token count="1">endl</token>
				<token count="1">getTail</token>
				<token count="1">head</token>
				<token count="1">insertAfter</token>
				<token count="1">insertAtTail</token>
				<token count="2">int</token>
				<token count="5">newNode</token>
				<token count="5">next</token>
				<token count="2">prev</token>
				<token count="4">searchFor</token>
				<token count="5">temp</token>
				<token count="3">toInsert</token>
				<token count="1">void</token>
			</operands>
		</function>
		<function name="LinkedList::insertSorted()">
			<start_line>204</start_line>
			<vG_b>5</vG_b>
			<vG_e>5</vG_e>
			<params>1</params>
			<LOCphy>51</LOCphy>
			<LOCpro>36</LOCpro>
			<LOCbl>7</LOCbl>
			<LOCcom alarmed="1">7</LOCcom>
			<N>196</N>
			<N1>110</N1>
			<N2>86</N2>
			<n>33</n>
			<n1>17</n1>
			<n2>16</n2>
			<V>988.701</V>
			<B>0.423</B>
			<D>45.688</D>
			<E>45171.289</E>
			<L>0.022</L>
			<T>00:41:49</T>
			<MaxND>3</MaxND>
			<MIwoc>70</MIwoc>
			<MIcwc>27</MIcwc>
			<MI>97</MI>
			<operators>
				<token count="7">()</token>
				<token count="6">*</token>
				<token count="15">-&gt;</token>
				<token count="1">::</token>
				<token count="18">;</token>
				<token count="12">&lt;</token>
				<token count="1">&lt;=</token>
				<token count="18">=</token>
				<token count="1">==</token>
				<token count="12">&gt;</token>
				<token count="1">&gt;=</token>
				<token count="1">class</token>
				<token count="3">else</token>
				<token count="3">if()</token>
				<token count="4">new</token>
				<token count="1">while()</token>
				<token count="6">{}</token>
			</operators>
			<operands>
				<token count="1">LinkedList</token>
				<token count="10">ListItem</token>
				<token count="1">NULL</token>
				<token count="4">T</token>
				<token count="2">getTail</token>
				<token count="7">head</token>
				<token count="1">insertSorted</token>
				<token count="9">int</token>
				<token count="8">item</token>
				<token count="14">newNode</token>
				<token count="7">next</token>
				<token count="5">prev</token>
				<token count="3">tailPointer</token>
				<token count="10">temp</token>
				<token count="3">value</token>
				<token count="1">void</token>
			</operands>
		</function>
		<function name="LinkedList::deleteTail()">
			<start_line>258</start_line>
			<vG_b>3</vG_b>
			<vG_e>3</vG_e>
			<params>0</params>
			<LOCphy>26</LOCphy>
			<LOCpro>24</LOCpro>
			<LOCbl>1</LOCbl>
			<LOCcom alarmed="1">0</LOCcom>
			<N>86</N>
			<N1>50</N1>
			<N2>36</N2>
			<n>31</n>
			<n1>15</n1>
			<n2>16</n2>
			<V>426.061</V>
			<B>0.124</B>
			<D>16.875</D>
			<E>7189.777</E>
			<L>0.059</L>
			<T>00:06:39</T>
			<MaxND>3</MaxND>
			<MIwoc>86</MIwoc>
			<MIcwc>0</MIcwc>
			<MI>86</MI>
			<operators>
				<token count="2">()</token>
				<token count="3">*</token>
				<token count="4">-&gt;</token>
				<token count="1">::</token>
				<token count="9">;</token>
				<token count="4">&lt;</token>
				<token count="2">&lt;&lt;</token>
				<token count="6">=</token>
				<token count="2">==</token>
				<token count="5">&gt;</token>
				<token count="1">class</token>
				<token count="2">delete</token>
				<token count="2">else</token>
				<token count="2">if()</token>
				<token count="5">{}</token>
			</operators>
			<operands>
				<token count="1">&quot;List is already empty&quot;</token>
				<token count="1">LinkedList</token>
				<token count="3">ListItem</token>
				<token count="5">NULL</token>
				<token count="5">T</token>
				<token count="1">cout</token>
				<token count="1">deleteTail</token>
				<token count="1">endl</token>
				<token count="1">getTail</token>
				<token count="4">head</token>
				<token count="2">next</token>
				<token count="2">prev</token>
				<token count="2">secondLast</token>
				<token count="4">tail</token>
				<token count="2">tempPointer</token>
				<token count="1">void</token>
			</operands>
		</function>
		<function name="LinkedList::deleteElement()">
			<start_line>285</start_line>
			<vG_b>5</vG_b>
			<vG_e>5</vG_e>
			<params>1</params>
			<LOCphy>33</LOCphy>
			<LOCpro>28</LOCpro>
			<LOCbl>4</LOCbl>
			<LOCcom alarmed="1">0</LOCcom>
			<N>115</N>
			<N1>65</N1>
			<N2>50</N2>
			<n>33</n>
			<n1>15</n1>
			<n2>18</n2>
			<V>580.105</V>
			<B>0.176</B>
			<D>20.833</D>
			<E>12085.527</E>
			<L>0.048</L>
			<T>00:11:11</T>
			<MaxND>2</MaxND>
			<MIwoc>80</MIwoc>
			<MIcwc>0</MIcwc>
			<MI>80</MI>
			<operators>
				<token count="9">()</token>
				<token count="1">*</token>
				<token count="10">-&gt;</token>
				<token count="1">::</token>
				<token count="10">;</token>
				<token count="2">&lt;</token>
				<token count="4">&lt;&lt;</token>
				<token count="5">=</token>
				<token count="4">==</token>
				<token count="3">&gt;</token>
				<token count="1">class</token>
				<token count="1">delete</token>
				<token count="4">else</token>
				<token count="4">if()</token>
				<token count="6">{}</token>
			</operators>
			<operands>
				<token count="1">&quot;item to be deleted is not in the list&quot;</token>
				<token count="1">&quot;list is empty&quot;</token>
				<token count="1">LinkedList</token>
				<token count="1">ListItem</token>
				<token count="6">NULL</token>
				<token count="4">T</token>
				<token count="2">cout</token>
				<token count="1">deleteElement</token>
				<token count="1">deleteHead</token>
				<token count="1">deleteTail</token>
				<token count="2">endl</token>
				<token count="1">head</token>
				<token count="5">item</token>
				<token count="5">next</token>
				<token count="5">prev</token>
				<token count="4">searchFor</token>
				<token count="8">tempPointer</token>
				<token count="1">void</token>
			</operands>
		</function>
		<function name="LinkedList::length()">
			<start_line>319</start_line>
			<vG_b>4</vG_b>
			<vG_e>4</vG_e>
			<params>0</params>
			<LOCphy>23</LOCphy>
			<LOCpro>22</LOCpro>
			<LOCbl>0</LOCbl>
			<LOCcom alarmed="1">0</LOCcom>
			<N>64</N>
			<N1>39</N1>
			<N2>25</N2>
			<n>30</n>
			<n1>17</n1>
			<n2>13</n2>
			<V>314.041</V>
			<B>0.099</B>
			<D>16.346</D>
			<E>5133.362</E>
			<L>0.061</L>
			<T>00:04:45</T>
			<MaxND>3</MaxND>
			<MIwoc>89</MIwoc>
			<MIcwc>0</MIcwc>
			<MI>89</MI>
			<operators>
				<token count="1">!=</token>
				<token count="3">()</token>
				<token count="1">*</token>
				<token count="1">++</token>
				<token count="1">-&gt;</token>
				<token count="1">::</token>
				<token count="7">;</token>
				<token count="2">&lt;</token>
				<token count="3">=</token>
				<token count="2">==</token>
				<token count="3">&gt;</token>
				<token count="1">class</token>
				<token count="2">else</token>
				<token count="2">if()</token>
				<token count="3">return</token>
				<token count="1">while()</token>
				<token count="5">{}</token>
			</operators>
			<operands>
				<token count="1">0</token>
				<token count="2">1</token>
				<token count="1">LinkedList</token>
				<token count="1">ListItem</token>
				<token count="1">NULL</token>
				<token count="3">T</token>
				<token count="3">count</token>
				<token count="2">getTail</token>
				<token count="3">head</token>
				<token count="2">int</token>
				<token count="1">length</token>
				<token count="1">next</token>
				<token count="4">temp</token>
			</operands>
		</function>
		<function name="LinkedList::reverse()">
			<start_line>343</start_line>
			<vG_b>3</vG_b>
			<vG_e>3</vG_e>
			<params>0</params>
			<LOCphy>20</LOCphy>
			<LOCpro>17</LOCpro>
			<LOCbl>2</LOCbl>
			<LOCcom alarmed="1">0</LOCcom>
			<N>86</N>
			<N1>46</N1>
			<N2>40</N2>
			<n>30</n>
			<n1>14</n1>
			<n2>16</n2>
			<V>421.993</V>
			<B>0.126</B>
			<D>17.500</D>
			<E>7384.870</E>
			<L>0.057</L>
			<T>00:06:50</T>
			<MaxND>2</MaxND>
			<MIwoc>90</MIwoc>
			<MIcwc>0</MIcwc>
			<MI>90</MI>
			<operators>
				<token count="1">!=</token>
				<token count="2">()</token>
				<token count="2">*</token>
				<token count="1">++</token>
				<token count="6">-&gt;</token>
				<token count="1">::</token>
				<token count="10">;</token>
				<token count="4">&lt;</token>
				<token count="9">=</token>
				<token count="4">&gt;</token>
				<token count="1">class</token>
				<token count="1">for()</token>
				<token count="1">if()</token>
				<token count="3">{}</token>
			</operators>
			<operands>
				<token count="1">0</token>
				<token count="1">LinkedList</token>
				<token count="2">ListItem</token>
				<token count="2">NULL</token>
				<token count="4">T</token>
				<token count="2">head</token>
				<token count="3">i</token>
				<token count="2">int</token>
				<token count="2">len</token>
				<token count="1">length</token>
				<token count="2">next</token>
				<token count="4">prev</token>
				<token count="1">reverse</token>
				<token count="5">temp</token>
				<token count="7">traverse</token>
				<token count="1">void</token>
			</operands>
		</function>
		<function name="LinkedList::parityArrangement()">
			<start_line>365</start_line>
			<vG_b>6</vG_b>
			<vG_e>7</vG_e>
			<params>0</params>
			<LOCphy>44</LOCphy>
			<LOCpro>40</LOCpro>
			<LOCbl>3</LOCbl>
			<LOCcom alarmed="1">0</LOCcom>
			<N>183</N>
			<N1>101</N1>
			<N2>82</N2>
			<n>37</n>
			<n1>17</n1>
			<n2>20</n2>
			<V>953.330</V>
			<B>0.344</B>
			<D>34.850</D>
			<E>33223.551</E>
			<L>0.029</L>
			<T>00:30:45</T>
			<MaxND>4</MaxND>
			<MIwoc>72</MIwoc>
			<MIcwc>0</MIcwc>
			<MI>72</MI>
			<operators>
				<token count="4">!=</token>
				<token count="1">&amp;&amp;</token>
				<token count="3">()</token>
				<token count="5">*</token>
				<token count="22">-&gt;</token>
				<token count="1">::</token>
				<token count="16">;</token>
				<token count="6">&lt;</token>
				<token count="2">&lt;&lt;</token>
				<token count="15">=</token>
				<token count="1">==</token>
				<token count="8">&gt;</token>
				<token count="1">class</token>
				<token count="3">else</token>
				<token count="4">if()</token>
				<token count="1">while()</token>
				<token count="8">{}</token>
			</operators>
			<operands>
				<token count="1">&quot;list is empty&quot;</token>
				<token count="1">2</token>
				<token count="1">LinkedList</token>
				<token count="5">ListItem</token>
				<token count="5">NULL</token>
				<token count="7">T</token>
				<token count="1">cout</token>
				<token count="1">endl</token>
				<token count="11">firstList</token>
				<token count="1">firstListHead</token>
				<token count="1">getTail</token>
				<token count="5">head</token>
				<token count="1">length</token>
				<token count="19">next</token>
				<token count="1">parityArrangement</token>
				<token count="3">prev</token>
				<token count="11">secondList</token>
				<token count="3">secondListHead</token>
				<token count="3">tail</token>
				<token count="1">void</token>
			</operands>
		</function>
		<function name="LinkedList::isPalindrome()">
			<start_line>411</start_line>
			<vG_b>5</vG_b>
			<vG_e>6</vG_e>
			<params>0</params>
			<LOCphy>39</LOCphy>
			<LOCpro>34</LOCpro>
			<LOCbl>4</LOCbl>
			<LOCcom alarmed="1">0</LOCcom>
			<N>101</N>
			<N1>63</N1>
			<N2>38</N2>
			<n>36</n>
			<n1>20</n1>
			<n2>16</n2>
			<V>522.162</V>
			<B>0.179</B>
			<D>23.750</D>
			<E>12401.357</E>
			<L>0.042</L>
			<T>00:11:28</T>
			<MaxND>4</MaxND>
			<MIwoc>78</MIwoc>
			<MIcwc>0</MIcwc>
			<MI>78</MI>
			<operators>
				<token count="3">!=</token>
				<token count="1">&amp;&amp;</token>
				<token count="2">()</token>
				<token count="2">*</token>
				<token count="6">-&gt;</token>
				<token count="1">::</token>
				<token count="10">;</token>
				<token count="3">&lt;</token>
				<token count="6">=</token>
				<token count="2">==</token>
				<token count="4">&gt;</token>
				<token count="1">break</token>
				<token count="1">class</token>
				<token count="3">else</token>
				<token count="2">false</token>
				<token count="3">if()</token>
				<token count="3">return</token>
				<token count="1">true</token>
				<token count="1">while()</token>
				<token count="8">{}</token>
			</operators>
			<operands>
				<token count="2">0</token>
				<token count="1">1</token>
				<token count="1">LinkedList</token>
				<token count="2">ListItem</token>
				<token count="1">NULL</token>
				<token count="4">T</token>
				<token count="2">bool</token>
				<token count="1">getTail</token>
				<token count="2">head</token>
				<token count="3">isPal</token>
				<token count="1">isPalindrome</token>
				<token count="2">next</token>
				<token count="2">prev</token>
				<token count="6">tempHead</token>
				<token count="6">tempTail</token>
				<token count="2">value</token>
			</operands>
		</function>
		<function name="LinkedList::printList()">
			<start_line>451</start_line>
			<vG_b>3</vG_b>
			<vG_e>3</vG_e>
			<params>0</params>
			<LOCphy>20</LOCphy>
			<LOCpro>17</LOCpro>
			<LOCbl>2</LOCbl>
			<LOCcom alarmed="1">0</LOCcom>
			<N>55</N>
			<N1>32</N1>
			<N2>23</N2>
			<n>30</n>
			<n1>17</n1>
			<n2>13</n2>
			<V>269.879</V>
			<B>0.085</B>
			<D>15.038</D>
			<E>4058.565</E>
			<L>0.066</L>
			<T>00:03:45</T>
			<MaxND>3</MaxND>
			<MIwoc>93</MIwoc>
			<MIcwc>0</MIcwc>
			<MI>93</MI>
			<operators>
				<token count="1">!=</token>
				<token count="1">()</token>
				<token count="1">*</token>
				<token count="2">-&gt;</token>
				<token count="1">::</token>
				<token count="5">;</token>
				<token count="2">&lt;</token>
				<token count="4">&lt;&lt;</token>
				<token count="2">=</token>
				<token count="1">==</token>
				<token count="3">&gt;</token>
				<token count="1">class</token>
				<token count="1">do</token>
				<token count="1">else</token>
				<token count="1">if()</token>
				<token count="1">while()</token>
				<token count="4">{}</token>
			</operators>
			<operands>
				<token count="1">&quot;List already empty..&quot;</token>
				<token count="1">LinkedList</token>
				<token count="1">ListItem</token>
				<token count="2">NULL</token>
				<token count="3">T</token>
				<token count="2">cout</token>
				<token count="2">endl</token>
				<token count="2">head</token>
				<token count="1">next</token>
				<token count="1">printList</token>
				<token count="5">tempPointer</token>
				<token count="1">value</token>
				<token count="1">void</token>
			</operands>
		</function>
		<file_total>
			<vG_b>43</vG_b>
			<vG_e>46</vG_e>
			<vG_b_max>6</vG_b_max>
			<vG_b_avg>3</vG_b_avg>
			<vG_e_max>7</vG_e_max>
			<vG_e_avg>3</vG_e_avg>
			<params>8</params>
			<LOCphy>471</LOCphy>
			<LOCpro>398</LOCpro>
			<LOCbl>65</LOCbl>
			<LOCcom alarmed="1">8</LOCcom>
			<N>1557</N>
			<N1>911</N1>
			<N2>646</N2>
			<n>104</n>
			<n1>40</n1>
			<n2>64</n2>
			<V alarmed="1">10432.585</V>
			<B alarmed="1">5.477</B>
			<D>201.875</D>
			<E>2106078.000</E>
			<L>0.005</L>
			<T>32:30:04</T>
			<MaxND>4</MaxND>
			<MIwoc>84</MIwoc>
			<MIcwc>10</MIcwc>
			<MI>94</MI>
			<operators>
				<token count="16">!=</token>
				<token count="6">#</token>
				<token count="1">&amp;</token>
				<token count="2">&amp;&amp;</token>
				<token count="54">()</token>
				<token count="37">*</token>
				<token count="2">++</token>
				<token count="1">,</token>
				<token count="90">-&gt;</token>
				<token count="2">.</token>
				<token count="18">::</token>
				<token count="139">;</token>
				<token count="86">&lt;</token>
				<token count="18">&lt;&lt;</token>
				<token count="1">&lt;=</token>
				<token count="101">=</token>
				<token count="23">==</token>
				<token count="85">&gt;</token>
				<token count="1">&gt;=</token>
				<token count="2">break</token>
				<token count="18">class</token>
				<token count="1">const</token>
				<token count="6">delete</token>
				<token count="1">do</token>
				<token count="28">else</token>
				<token count="1">endif</token>
				<token count="3">false</token>
				<token count="1">for()</token>
				<token count="31">if()</token>
				<token count="1">ifndef</token>
				<token count="1">namespace</token>
				<token count="10">new</token>
				<token count="12">return</token>
				<token count="18">template</token>
				<token count="3">true</token>
				<token count="1">using</token>
				<token count="9">while()</token>
				<token count="79">{}</token>
				<token count="1">||</token>
				<token count="1">~</token>
			</operators>
			<operands>
				<token count="1">&quot;List already empty..&quot;</token>
				<token count="1">&quot;List is already empty&quot;</token>
				<token count="1">&quot;List is empty&quot;</token>
				<token count="1">&quot;To insert after, does not exist in list&quot;</token>
				<token count="1">&quot;item to be deleted is not in the list&quot;</token>
				<token count="3">&quot;list is empty&quot;</token>
				<token count="4">0</token>
				<token count="3">1</token>
				<token count="1">2</token>
				<token count="22">LinkedList</token>
				<token count="47">ListItem</token>
				<token count="43">NULL</token>
				<token count="72">T</token>
				<token count="2">__LIST_CPP</token>
				<token count="5">afterWhat</token>
				<token count="3">bool</token>
				<token count="3">count</token>
				<token count="9">cout</token>
				<token count="2">data</token>
				<token count="1">define</token>
				<token count="1">deleteElement</token>
				<token count="3">deleteHead</token>
				<token count="2">deleteTail</token>
				<token count="9">endl</token>
				<token count="11">firstList</token>
				<token count="1">firstListHead</token>
				<token count="1">getHead</token>
				<token count="10">getTail</token>
				<token count="53">head</token>
				<token count="3">i</token>
				<token count="3">include</token>
				<token count="1">insertAfter</token>
				<token count="1">insertAtHead</token>
				<token count="3">insertAtTail</token>
				<token count="1">insertSorted</token>
				<token count="24">int</token>
				<token count="3">isPal</token>
				<token count="1">isPalindrome</token>
				<token count="21">item</token>
				<token count="2">len</token>
				<token count="3">length</token>
				<token count="32">newNode</token>
				<token count="55">next</token>
				<token count="3">notfound</token>
				<token count="3">obj</token>
				<token count="1">parityArrangement</token>
				<token count="26">prev</token>
				<token count="1">printList</token>
				<token count="1">reverse</token>
				<token count="9">searchFor</token>
				<token count="2">secondLast</token>
				<token count="11">secondList</token>
				<token count="3">secondListHead</token>
				<token count="1">std</token>
				<token count="7">tail</token>
				<token count="6">tailPointer</token>
				<token count="24">temp</token>
				<token count="12">tempHead</token>
				<token count="32">tempPointer</token>
				<token count="6">tempTail</token>
				<token count="3">toInsert</token>
				<token count="7">traverse</token>
				<token count="9">value</token>
				<token count="10">void</token>
			</operands>
		</file_total>
	</file>
	<system>
		<files>1</files>
		<functions>18</functions>
		<LOCphy>471</LOCphy>
		<LOCbl>65</LOCbl>
		<LOCpro>398</LOCpro>
		<LOCcom>8</LOCcom>
		<semicolons>139</semicolons>
		<vG_b>43</vG_b>
		<vG_e>46</vG_e>
		<params>8</params>
		<MIwoc>87</MIwoc>
		<MIcw>10</MIcw>
		<MI>98</MI>
		<alarms>
			<file_vG>
				<measured>1</measured>
				<alarmed>0</alarmed>
				<percent>0</percent>
				<lowlimit>1</lowlimit>
				<highlimit>100</highlimit>
			</file_vG>
			<file_LOCpro>
				<measured>1</measured>
				<alarmed>0</alarmed>
				<percent>0</percent>
				<lowlimit>4</lowlimit>
				<highlimit>400</highlimit>
			</file_LOCpro>
			<file_comment_percent>
				<measured>1</measured>
				<alarmed>1</alarmed>
				<percent>100</percent>
				<lowlimit>30</lowlimit>
				<highlimit>75</highlimit>
			</file_comment_percent>
			<file_V>
				<measured>1</measured>
				<alarmed>1</alarmed>
				<percent>100</percent>
				<lowlimit>100</lowlimit>
				<highlimit>8000</highlimit>
			</file_V>
			<file_B>
				<measured>1</measured>
				<alarmed>1</alarmed>
				<percent>100</percent>
				<lowlimit>0</lowlimit>
				<highlimit>2</highlimit>
			</file_B>
			<file_MI>
				<measured>1</measured>
				<alarmed>0</alarmed>
				<percent>0</percent>
				<lowlimit>65</lowlimit>
			</file_MI>
			<function_vG>
				<measured>18</measured>
				<alarmed>0</alarmed>
				<percent>0</percent>
				<lowlimit>1</lowlimit>
				<highlimit>10</highlimit>
			</function_vG>
			<function_LOCpro>
				<measured>18</measured>
				<alarmed>0</alarmed>
				<percent>0</percent>
				<lowlimit>4</lowlimit>
				<highlimit>40</highlimit>
			</function_LOCpro>
			<function_comment_percent>
				<measured>18</measured>
				<alarmed>15</alarmed>
				<percent>83</percent>
				<lowlimit>30</lowlimit>
				<highlimit>75</highlimit>
			</function_comment_percent>
			<function_V>
				<measured>18</measured>
				<alarmed>0</alarmed>
				<percent>0</percent>
				<lowlimit>20</lowlimit>
				<highlimit>1000</highlimit>
			</function_V>
			<function_MI>
				<measured>18</measured>
				<alarmed>0</alarmed>
				<percent>0</percent>
				<lowlimit>65</lowlimit>
			</function_MI>
		</alarms>
		<error_messages count="0">
		</error_messages>
	</system>
</cmt_long_report>
