<?xml version="1.0" ?>
<cmt_long_report>
	<header_info>
		<cmt_version>7.0</cmt_version>
		<copyright>Copyright (c) 1993-2013 Testwell Oy</copyright>
		<copyright>Copyright (c) 2013-2018 Verifysoft Technology GmbH</copyright>
		<license_notes>
		</license_notes>
		<date>Tue Apr  4 21:03:02 2023</date>
		<cmt_options> -o C:\Users\muawi\cmt\A1_T1_S18.xml -lf -f C:\Users\muawi\cmt\files.txt</cmt_options>
		<run_directory>C:\Testwell\CMT</run_directory>
		<mccabe_preference>extended</mccabe_preference>
	</header_info>
	<file name="C:\Users\muawi\OneDrive\Documents\Study\Junior Year\Topics in Internet Research\Project\PA1_ANON_DATA\PA1_ANON_DATA\folder_18\LinkedList.cpp" stamp="1680056116">
		<function name="LinkedList::LinkedList()">
			<start_line>10</start_line>
			<vG_b>1</vG_b>
			<vG_e>1</vG_e>
			<params>0</params>
			<LOCphy>5</LOCphy>
			<LOCpro>4</LOCpro>
			<LOCbl>0</LOCbl>
			<LOCcom>0</LOCcom>
			<N>15</N>
			<N1>9</N1>
			<N2>6</N2>
			<n>12</n>
			<n1>8</n1>
			<n2>4</n2>
			<V>53.774</V>
			<B>0.016</B>
			<D>6.000</D>
			<E>322.647</E>
			<L>0.167</L>
			<T>00:00:17</T>
			<MaxND>1</MaxND>
			<MIwoc>124</MIwoc>
			<MIcwc>0</MIcwc>
			<MI>124</MI>
			<operators>
				<token count="1">()</token>
				<token count="1">::</token>
				<token count="1">;</token>
				<token count="1">&lt;</token>
				<token count="1">=</token>
				<token count="2">&gt;</token>
				<token count="1">class</token>
				<token count="1">{}</token>
			</operators>
			<operands>
				<token count="2">LinkedList</token>
				<token count="1">NULL</token>
				<token count="2">T</token>
				<token count="1">head</token>
			</operands>
		</function>
		<function name="LinkedList::LinkedList()">
			<start_line>16</start_line>
			<vG_b>3</vG_b>
			<vG_e>3</vG_e>
			<params>1</params>
			<LOCphy>22</LOCphy>
			<LOCpro>21</LOCpro>
			<LOCbl>0</LOCbl>
			<LOCcom alarmed="1">0</LOCcom>
			<N>114</N>
			<N1>64</N1>
			<N2>50</N2>
			<n>30</n>
			<n1>19</n1>
			<n2>11</n2>
			<V>559.385</V>
			<B>0.279</B>
			<D>43.182</D>
			<E>24155.283</E>
			<L>0.023</L>
			<T>00:22:21</T>
			<MaxND>3</MaxND>
			<MIwoc>87</MIwoc>
			<MIcwc>0</MIcwc>
			<MI>87</MI>
			<operators>
				<token count="1">!=</token>
				<token count="1">&amp;</token>
				<token count="3">()</token>
				<token count="2">*</token>
				<token count="10">-&gt;</token>
				<token count="3">.</token>
				<token count="1">::</token>
				<token count="9">;</token>
				<token count="6">&lt;</token>
				<token count="9">=</token>
				<token count="1">==</token>
				<token count="7">&gt;</token>
				<token count="1">class</token>
				<token count="1">const</token>
				<token count="1">else</token>
				<token count="1">if()</token>
				<token count="2">new</token>
				<token count="1">while()</token>
				<token count="4">{}</token>
			</operators>
			<operands>
				<token count="3">LinkedList</token>
				<token count="4">ListItem</token>
				<token count="4">NULL</token>
				<token count="7">T</token>
				<token count="6">head</token>
				<token count="7">next</token>
				<token count="4">otherLinkedList</token>
				<token count="1">prev</token>
				<token count="7">temp_mylist</token>
				<token count="5">temp_otherlist</token>
				<token count="2">value</token>
			</operands>
		</function>
		<function name="LinkedList::~LinkedList()">
			<start_line>39</start_line>
			<vG_b>2</vG_b>
			<vG_e>2</vG_e>
			<params>0</params>
			<LOCphy>11</LOCphy>
			<LOCpro>10</LOCpro>
			<LOCbl>0</LOCbl>
			<LOCcom alarmed="1">0</LOCcom>
			<N>44</N>
			<N1>26</N1>
			<N2>18</N2>
			<n>22</n>
			<n1>14</n1>
			<n2>8</n2>
			<V>196.215</V>
			<B>0.071</B>
			<D>15.750</D>
			<E>3090.386</E>
			<L>0.063</L>
			<T>00:02:51</T>
			<MaxND>2</MaxND>
			<MIwoc>104</MIwoc>
			<MIcwc>0</MIcwc>
			<MI>104</MI>
			<operators>
				<token count="1">!=</token>
				<token count="1">()</token>
				<token count="2">*</token>
				<token count="1">-&gt;</token>
				<token count="1">::</token>
				<token count="4">;</token>
				<token count="3">&lt;</token>
				<token count="3">=</token>
				<token count="4">&gt;</token>
				<token count="1">class</token>
				<token count="1">delete</token>
				<token count="1">while()</token>
				<token count="2">{}</token>
				<token count="1">~</token>
			</operators>
			<operands>
				<token count="2">LinkedList</token>
				<token count="2">ListItem</token>
				<token count="1">NULL</token>
				<token count="4">T</token>
				<token count="1">head</token>
				<token count="1">next</token>
				<token count="6">temp</token>
				<token count="1">temp2</token>
			</operands>
		</function>
		<function name="LinkedList::insertAtHead()">
			<start_line>51</start_line>
			<vG_b>2</vG_b>
			<vG_e>2</vG_e>
			<params>1</params>
			<LOCphy>11</LOCphy>
			<LOCpro>10</LOCpro>
			<LOCbl>0</LOCbl>
			<LOCcom alarmed="1">0</LOCcom>
			<N>50</N>
			<N1>27</N1>
			<N2>23</N2>
			<n>24</n>
			<n1>13</n1>
			<n2>11</n2>
			<V>229.248</V>
			<B>0.071</B>
			<D>13.591</D>
			<E>3115.690</E>
			<L>0.074</L>
			<T>00:02:53</T>
			<MaxND>2</MaxND>
			<MIwoc>103</MIwoc>
			<MIcwc>0</MIcwc>
			<MI>103</MI>
			<operators>
				<token count="1">!=</token>
				<token count="2">()</token>
				<token count="1">*</token>
				<token count="2">-&gt;</token>
				<token count="1">::</token>
				<token count="4">;</token>
				<token count="3">&lt;</token>
				<token count="4">=</token>
				<token count="4">&gt;</token>
				<token count="1">class</token>
				<token count="1">if()</token>
				<token count="1">new</token>
				<token count="2">{}</token>
			</operators>
			<operands>
				<token count="1">LinkedList</token>
				<token count="2">ListItem</token>
				<token count="1">NULL</token>
				<token count="5">T</token>
				<token count="4">head</token>
				<token count="1">insertAtHead</token>
				<token count="2">item</token>
				<token count="1">next</token>
				<token count="1">prev</token>
				<token count="4">temp</token>
				<token count="1">void</token>
			</operands>
		</function>
		<function name="LinkedList::insertAtTail()">
			<start_line>63</start_line>
			<vG_b>3</vG_b>
			<vG_e>3</vG_e>
			<params>1</params>
			<LOCphy>20</LOCphy>
			<LOCpro>19</LOCpro>
			<LOCbl>0</LOCbl>
			<LOCcom alarmed="1">0</LOCcom>
			<N>80</N>
			<N1>44</N1>
			<N2>36</N2>
			<n>29</n>
			<n1>16</n1>
			<n2>13</n2>
			<V>388.638</V>
			<B>0.140</B>
			<D>22.154</D>
			<E>8609.837</E>
			<L>0.045</L>
			<T>00:07:58</T>
			<MaxND>3</MaxND>
			<MIwoc>91</MIwoc>
			<MIcwc>0</MIcwc>
			<MI>91</MI>
			<operators>
				<token count="1">!=</token>
				<token count="3">()</token>
				<token count="2">*</token>
				<token count="5">-&gt;</token>
				<token count="1">::</token>
				<token count="7">;</token>
				<token count="4">&lt;</token>
				<token count="6">=</token>
				<token count="1">==</token>
				<token count="5">&gt;</token>
				<token count="1">class</token>
				<token count="1">else</token>
				<token count="1">if()</token>
				<token count="1">new</token>
				<token count="1">while()</token>
				<token count="4">{}</token>
			</operators>
			<operands>
				<token count="1">LinkedList</token>
				<token count="3">ListItem</token>
				<token count="3">NULL</token>
				<token count="6">T</token>
				<token count="1">head</token>
				<token count="1">insertAtHead</token>
				<token count="1">insertAtTail</token>
				<token count="3">item</token>
				<token count="4">newitem</token>
				<token count="4">next</token>
				<token count="1">prev</token>
				<token count="7">temp</token>
				<token count="1">void</token>
			</operands>
		</function>
		<function name="LinkedList::insertAfter()">
			<start_line>84</start_line>
			<vG_b>3</vG_b>
			<vG_e>3</vG_e>
			<params>2</params>
			<LOCphy>17</LOCphy>
			<LOCpro>16</LOCpro>
			<LOCbl>0</LOCbl>
			<LOCcom alarmed="1">0</LOCcom>
			<N>91</N>
			<N1>49</N1>
			<N2>42</N2>
			<n>30</n>
			<n1>16</n1>
			<n2>14</n2>
			<V>446.527</V>
			<B>0.162</B>
			<D>24.000</D>
			<E>10716.649</E>
			<L>0.042</L>
			<T>00:09:55</T>
			<MaxND>2</MaxND>
			<MIwoc>93</MIwoc>
			<MIcwc>0</MIcwc>
			<MI>93</MI>
			<operators>
				<token count="1">!=</token>
				<token count="6">()</token>
				<token count="2">*</token>
				<token count="1">,</token>
				<token count="7">-&gt;</token>
				<token count="1">::</token>
				<token count="7">;</token>
				<token count="4">&lt;</token>
				<token count="6">=</token>
				<token count="1">==</token>
				<token count="5">&gt;</token>
				<token count="1">class</token>
				<token count="2">if()</token>
				<token count="1">new</token>
				<token count="1">return</token>
				<token count="3">{}</token>
			</operators>
			<operands>
				<token count="1">LinkedList</token>
				<token count="3">ListItem</token>
				<token count="2">NULL</token>
				<token count="7">T</token>
				<token count="5">afterWhat</token>
				<token count="1">head</token>
				<token count="1">insertAfter</token>
				<token count="7">newitem</token>
				<token count="5">next</token>
				<token count="2">prev</token>
				<token count="4">searchFor</token>
				<token count="1">temp</token>
				<token count="2">toInsert</token>
				<token count="1">void</token>
			</operands>
		</function>
		<function name="LinkedList::insertSorted()">
			<start_line>102</start_line>
			<vG_b>5</vG_b>
			<vG_e>7</vG_e>
			<params>1</params>
			<LOCphy>28</LOCphy>
			<LOCpro>27</LOCpro>
			<LOCbl>0</LOCbl>
			<LOCcom alarmed="1">0</LOCcom>
			<N>124</N>
			<N1>68</N1>
			<N2>56</N2>
			<n>36</n>
			<n1>20</n1>
			<n2>16</n2>
			<V>641.071</V>
			<B>0.265</B>
			<D>35.000</D>
			<E>22437.475</E>
			<L>0.029</L>
			<T>00:20:46</T>
			<MaxND>3</MaxND>
			<MIwoc>82</MIwoc>
			<MIcwc>0</MIcwc>
			<MI>82</MI>
			<operators>
				<token count="2">!=</token>
				<token count="1">&amp;&amp;</token>
				<token count="5">()</token>
				<token count="2">*</token>
				<token count="13">-&gt;</token>
				<token count="1">::</token>
				<token count="9">;</token>
				<token count="5">&lt;</token>
				<token count="1">&lt;=</token>
				<token count="7">=</token>
				<token count="1">==</token>
				<token count="5">&gt;</token>
				<token count="1">&gt;=</token>
				<token count="1">class</token>
				<token count="2">else</token>
				<token count="3">if()</token>
				<token count="1">new</token>
				<token count="1">while()</token>
				<token count="6">{}</token>
				<token count="1">||</token>
			</operators>
			<operands>
				<token count="1">LinkedList</token>
				<token count="3">ListItem</token>
				<token count="3">NULL</token>
				<token count="6">T</token>
				<token count="1">getTail</token>
				<token count="3">head</token>
				<token count="1">insertAtHead</token>
				<token count="1">insertAtTail</token>
				<token count="1">insertSorted</token>
				<token count="7">item</token>
				<token count="7">newitem</token>
				<token count="8">next</token>
				<token count="2">prev</token>
				<token count="8">temp</token>
				<token count="3">value</token>
				<token count="1">void</token>
			</operands>
		</function>
		<function name="LinkedList::getHead()">
			<start_line>131</start_line>
			<vG_b>1</vG_b>
			<vG_e>1</vG_e>
			<params>0</params>
			<LOCphy>5</LOCphy>
			<LOCpro>4</LOCpro>
			<LOCbl>0</LOCbl>
			<LOCcom>0</LOCcom>
			<N>19</N>
			<N1>12</N1>
			<N2>7</N2>
			<n>14</n>
			<n1>9</n1>
			<n2>5</n2>
			<V>72.340</V>
			<B>0.020</B>
			<D>6.300</D>
			<E>455.740</E>
			<L>0.159</L>
			<T>00:00:25</T>
			<MaxND>1</MaxND>
			<MIwoc>122</MIwoc>
			<MIcwc>0</MIcwc>
			<MI>122</MI>
			<operators>
				<token count="1">()</token>
				<token count="1">*</token>
				<token count="1">::</token>
				<token count="1">;</token>
				<token count="2">&lt;</token>
				<token count="3">&gt;</token>
				<token count="1">class</token>
				<token count="1">return</token>
				<token count="1">{}</token>
			</operators>
			<operands>
				<token count="1">LinkedList</token>
				<token count="1">ListItem</token>
				<token count="3">T</token>
				<token count="1">getHead</token>
				<token count="1">head</token>
			</operands>
		</function>
		<function name="LinkedList::getTail()">
			<start_line>137</start_line>
			<vG_b>3</vG_b>
			<vG_e>3</vG_e>
			<params>0</params>
			<LOCphy>17</LOCphy>
			<LOCpro>16</LOCpro>
			<LOCbl>0</LOCbl>
			<LOCcom alarmed="1">0</LOCcom>
			<N>51</N>
			<N1>31</N1>
			<N2>20</N2>
			<n>24</n>
			<n1>16</n1>
			<n2>8</n2>
			<V>233.833</V>
			<B>0.093</B>
			<D>20.000</D>
			<E>4676.662</E>
			<L>0.050</L>
			<T>00:04:19</T>
			<MaxND>3</MaxND>
			<MIwoc>96</MIwoc>
			<MIcwc>0</MIcwc>
			<MI>96</MI>
			<operators>
				<token count="1">!=</token>
				<token count="1">()</token>
				<token count="2">*</token>
				<token count="2">-&gt;</token>
				<token count="1">::</token>
				<token count="4">;</token>
				<token count="3">&lt;</token>
				<token count="2">=</token>
				<token count="1">==</token>
				<token count="4">&gt;</token>
				<token count="1">class</token>
				<token count="1">else</token>
				<token count="1">if()</token>
				<token count="2">return</token>
				<token count="1">while()</token>
				<token count="4">{}</token>
			</operators>
			<operands>
				<token count="1">LinkedList</token>
				<token count="2">ListItem</token>
				<token count="2">NULL</token>
				<token count="4">T</token>
				<token count="1">getTail</token>
				<token count="2">head</token>
				<token count="2">next</token>
				<token count="6">temp</token>
			</operands>
		</function>
		<function name="LinkedList::searchFor()">
			<start_line>155</start_line>
			<vG_b>3</vG_b>
			<vG_e>3</vG_e>
			<params>1</params>
			<LOCphy>14</LOCphy>
			<LOCpro>13</LOCpro>
			<LOCbl>0</LOCbl>
			<LOCcom alarmed="1">0</LOCcom>
			<N>51</N>
			<N1>29</N1>
			<N2>22</N2>
			<n>25</n>
			<n1>15</n1>
			<n2>10</n2>
			<V>236.837</V>
			<B>0.083</B>
			<D>16.500</D>
			<E>3907.805</E>
			<L>0.061</L>
			<T>00:03:37</T>
			<MaxND>3</MaxND>
			<MIwoc>99</MIwoc>
			<MIcwc>0</MIcwc>
			<MI>99</MI>
			<operators>
				<token count="1">!=</token>
				<token count="1">()</token>
				<token count="2">*</token>
				<token count="2">-&gt;</token>
				<token count="1">::</token>
				<token count="4">;</token>
				<token count="3">&lt;</token>
				<token count="2">=</token>
				<token count="1">==</token>
				<token count="4">&gt;</token>
				<token count="1">class</token>
				<token count="1">if()</token>
				<token count="2">return</token>
				<token count="1">while()</token>
				<token count="3">{}</token>
			</operators>
			<operands>
				<token count="1">LinkedList</token>
				<token count="2">ListItem</token>
				<token count="2">NULL</token>
				<token count="5">T</token>
				<token count="1">head</token>
				<token count="2">item</token>
				<token count="1">next</token>
				<token count="1">searchFor</token>
				<token count="6">temp</token>
				<token count="1">value</token>
			</operands>
		</function>
		<function name="LinkedList::deleteElement()">
			<start_line>170</start_line>
			<vG_b>6</vG_b>
			<vG_e>6</vG_e>
			<params>1</params>
			<LOCphy>25</LOCphy>
			<LOCpro>24</LOCpro>
			<LOCbl>0</LOCbl>
			<LOCcom alarmed="1">0</LOCcom>
			<N>94</N>
			<N1>53</N1>
			<N2>41</N2>
			<n>31</n>
			<n1>15</n1>
			<n2>16</n2>
			<V>465.694</V>
			<B>0.144</B>
			<D>19.219</D>
			<E>8950.065</E>
			<L>0.052</L>
			<T>00:08:17</T>
			<MaxND>3</MaxND>
			<MIwoc>86</MIwoc>
			<MIcwc>0</MIcwc>
			<MI>86</MI>
			<operators>
				<token count="2">!=</token>
				<token count="6">()</token>
				<token count="1">*</token>
				<token count="11">-&gt;</token>
				<token count="1">::</token>
				<token count="6">;</token>
				<token count="2">&lt;</token>
				<token count="3">=</token>
				<token count="3">==</token>
				<token count="3">&gt;</token>
				<token count="1">class</token>
				<token count="1">delete</token>
				<token count="2">else</token>
				<token count="5">if()</token>
				<token count="6">{}</token>
			</operators>
			<operands>
				<token count="1">LinkedList</token>
				<token count="1">ListItem</token>
				<token count="2">NULL</token>
				<token count="4">T</token>
				<token count="1">deleteElement</token>
				<token count="1">deleteHead</token>
				<token count="1">deleteTail</token>
				<token count="1">getTail</token>
				<token count="1">head</token>
				<token count="6">item</token>
				<token count="4">next</token>
				<token count="4">prev</token>
				<token count="2">searchFor</token>
				<token count="8">temp</token>
				<token count="3">value</token>
				<token count="1">void</token>
			</operands>
		</function>
		<function name="LinkedList::deleteHead()">
			<start_line>196</start_line>
			<vG_b>1</vG_b>
			<vG_e>1</vG_e>
			<params>0</params>
			<LOCphy>8</LOCphy>
			<LOCpro>7</LOCpro>
			<LOCbl>0</LOCbl>
			<LOCcom>0</LOCcom>
			<N>34</N>
			<N1>19</N1>
			<N2>15</N2>
			<n>19</n>
			<n1>11</n1>
			<n2>8</n2>
			<V>144.430</V>
			<B>0.043</B>
			<D>10.313</D>
			<E>1489.430</E>
			<L>0.097</L>
			<T>00:01:22</T>
			<MaxND>1</MaxND>
			<MIwoc>111</MIwoc>
			<MIcwc>0</MIcwc>
			<MI>111</MI>
			<operators>
				<token count="1">()</token>
				<token count="1">*</token>
				<token count="1">-&gt;</token>
				<token count="1">::</token>
				<token count="4">;</token>
				<token count="2">&lt;</token>
				<token count="3">=</token>
				<token count="3">&gt;</token>
				<token count="1">class</token>
				<token count="1">delete</token>
				<token count="1">{}</token>
			</operators>
			<operands>
				<token count="1">LinkedList</token>
				<token count="1">ListItem</token>
				<token count="3">T</token>
				<token count="1">deleteHead</token>
				<token count="3">head</token>
				<token count="1">next</token>
				<token count="4">temp</token>
				<token count="1">void</token>
			</operands>
		</function>
		<function name="LinkedList::deleteTail()">
			<start_line>205</start_line>
			<vG_b>1</vG_b>
			<vG_e>1</vG_e>
			<params>0</params>
			<LOCphy>8</LOCphy>
			<LOCpro>7</LOCpro>
			<LOCbl>0</LOCbl>
			<LOCcom>0</LOCcom>
			<N>38</N>
			<N1>22</N1>
			<N2>16</N2>
			<n>21</n>
			<n1>11</n1>
			<n2>10</n2>
			<V>166.908</V>
			<B>0.043</B>
			<D>8.800</D>
			<E>1468.791</E>
			<L>0.114</L>
			<T>00:01:21</T>
			<MaxND>1</MaxND>
			<MIwoc>110</MIwoc>
			<MIcwc>0</MIcwc>
			<MI>110</MI>
			<operators>
				<token count="3">()</token>
				<token count="1">*</token>
				<token count="2">-&gt;</token>
				<token count="1">::</token>
				<token count="4">;</token>
				<token count="2">&lt;</token>
				<token count="3">=</token>
				<token count="3">&gt;</token>
				<token count="1">class</token>
				<token count="1">delete</token>
				<token count="1">{}</token>
			</operators>
			<operands>
				<token count="1">LinkedList</token>
				<token count="1">ListItem</token>
				<token count="1">NULL</token>
				<token count="3">T</token>
				<token count="1">deleteTail</token>
				<token count="2">getTail</token>
				<token count="1">next</token>
				<token count="1">prev</token>
				<token count="4">temp</token>
				<token count="1">void</token>
			</operands>
		</function>
		<function name="LinkedList::length()">
			<start_line>214</start_line>
			<vG_b>2</vG_b>
			<vG_e>2</vG_e>
			<params>0</params>
			<LOCphy>12</LOCphy>
			<LOCpro>11</LOCpro>
			<LOCbl>0</LOCbl>
			<LOCcom alarmed="1">0</LOCcom>
			<N>43</N>
			<N1>24</N1>
			<N2>19</N2>
			<n>25</n>
			<n1>14</n1>
			<n2>11</n2>
			<V>199.686</V>
			<B>0.060</B>
			<D>12.091</D>
			<E>2414.383</E>
			<L>0.083</L>
			<T>00:02:14</T>
			<MaxND>2</MaxND>
			<MIwoc>103</MIwoc>
			<MIcwc>0</MIcwc>
			<MI>103</MI>
			<operators>
				<token count="1">!=</token>
				<token count="1">()</token>
				<token count="1">*</token>
				<token count="1">++</token>
				<token count="1">-&gt;</token>
				<token count="1">::</token>
				<token count="5">;</token>
				<token count="2">&lt;</token>
				<token count="3">=</token>
				<token count="3">&gt;</token>
				<token count="1">class</token>
				<token count="1">return</token>
				<token count="1">while()</token>
				<token count="2">{}</token>
			</operators>
			<operands>
				<token count="1">0</token>
				<token count="1">LinkedList</token>
				<token count="1">ListItem</token>
				<token count="1">NULL</token>
				<token count="3">T</token>
				<token count="3">counter</token>
				<token count="1">head</token>
				<token count="2">int</token>
				<token count="1">length</token>
				<token count="1">next</token>
				<token count="4">temp</token>
			</operands>
		</function>
		<function name="LinkedList::reverse()">
			<start_line>227</start_line>
			<vG_b>3</vG_b>
			<vG_e>3</vG_e>
			<params>0</params>
			<LOCphy>15</LOCphy>
			<LOCpro>14</LOCpro>
			<LOCbl>0</LOCbl>
			<LOCcom alarmed="1">0</LOCcom>
			<N>72</N>
			<N1>39</N1>
			<N2>33</N2>
			<n>24</n>
			<n1>13</n1>
			<n2>11</n2>
			<V>330.117</V>
			<B>0.115</B>
			<D>19.500</D>
			<E>6437.287</E>
			<L>0.051</L>
			<T>00:05:57</T>
			<MaxND>2</MaxND>
			<MIwoc>96</MIwoc>
			<MIcwc>0</MIcwc>
			<MI>96</MI>
			<operators>
				<token count="2">!=</token>
				<token count="1">()</token>
				<token count="2">*</token>
				<token count="6">-&gt;</token>
				<token count="1">::</token>
				<token count="7">;</token>
				<token count="3">&lt;</token>
				<token count="7">=</token>
				<token count="4">&gt;</token>
				<token count="1">class</token>
				<token count="1">if()</token>
				<token count="1">while()</token>
				<token count="3">{}</token>
			</operators>
			<operands>
				<token count="1">LinkedList</token>
				<token count="2">ListItem</token>
				<token count="3">NULL</token>
				<token count="4">T</token>
				<token count="2">head</token>
				<token count="2">next</token>
				<token count="4">prev</token>
				<token count="1">reverse</token>
				<token count="5">temp</token>
				<token count="8">temp2</token>
				<token count="1">void</token>
			</operands>
		</function>
		<function name="LinkedList::parityArrangement()">
			<start_line>243</start_line>
			<vG_b>14</vG_b>
			<vG_e alarmed="1">14</vG_e>
			<params>0</params>
			<LOCphy>56</LOCphy>
			<LOCpro alarmed="1">55</LOCpro>
			<LOCbl>0</LOCbl>
			<LOCcom alarmed="1">0</LOCcom>
			<N>295</N>
			<N1>164</N1>
			<N2>131</N2>
			<n>39</n>
			<n1>18</n1>
			<n2>21</n2>
			<V alarmed="1">1559.194</V>
			<B>0.657</B>
			<D>56.143</D>
			<E>87537.586</E>
			<L>0.018</L>
			<T>01:21:03</T>
			<MaxND>5</MaxND>
			<MIwoc>64</MIwoc>
			<MIcwc>0</MIcwc>
			<MI alarmed="1">64</MI>
			<operators>
				<token count="8">!=</token>
				<token count="2">%</token>
				<token count="8">()</token>
				<token count="6">*</token>
				<token count="39">-&gt;</token>
				<token count="1">::</token>
				<token count="25">;</token>
				<token count="7">&lt;</token>
				<token count="1">&lt;=</token>
				<token count="23">=</token>
				<token count="3">==</token>
				<token count="9">&gt;</token>
				<token count="1">class</token>
				<token count="3">else</token>
				<token count="11">if()</token>
				<token count="1">return</token>
				<token count="2">while()</token>
				<token count="14">{}</token>
			</operators>
			<operands>
				<token count="1">0</token>
				<token count="2">1</token>
				<token count="4">2</token>
				<token count="1">LinkedList</token>
				<token count="6">ListItem</token>
				<token count="11">NULL</token>
				<token count="8">T</token>
				<token count="18">even</token>
				<token count="3">evenhead</token>
				<token count="1">getTail</token>
				<token count="5">head</token>
				<token count="5">length</token>
				<token count="33">next</token>
				<token count="19">odd</token>
				<token count="3">oddtail</token>
				<token count="1">parityArrangement</token>
				<token count="6">prev</token>
				<token count="1">reverse</token>
				<token count="1">temp</token>
				<token count="1">temp2</token>
				<token count="1">void</token>
			</operands>
		</function>
		<function name="LinkedList::isPalindrome()">
			<start_line>300</start_line>
			<vG_b>4</vG_b>
			<vG_e>4</vG_e>
			<params>0</params>
			<LOCphy>24</LOCphy>
			<LOCpro>23</LOCpro>
			<LOCbl>0</LOCbl>
			<LOCcom alarmed="1">0</LOCcom>
			<N>104</N>
			<N1>59</N1>
			<N2>45</N2>
			<n>41</n>
			<n1>21</n1>
			<n2>20</n2>
			<V>557.185</V>
			<B>0.186</B>
			<D>23.625</D>
			<E>13163.505</E>
			<L>0.042</L>
			<T>00:12:11</T>
			<MaxND>3</MaxND>
			<MIwoc>86</MIwoc>
			<MIcwc>0</MIcwc>
			<MI>86</MI>
			<operators>
				<token count="1">!=</token>
				<token count="4">()</token>
				<token count="2">*</token>
				<token count="1">+</token>
				<token count="1">++</token>
				<token count="6">-&gt;</token>
				<token count="1">/</token>
				<token count="1">::</token>
				<token count="13">;</token>
				<token count="4">&lt;</token>
				<token count="8">=</token>
				<token count="1">==</token>
				<token count="4">&gt;</token>
				<token count="1">break</token>
				<token count="1">class</token>
				<token count="1">continue</token>
				<token count="1">else</token>
				<token count="1">for()</token>
				<token count="2">if()</token>
				<token count="1">return</token>
				<token count="4">{}</token>
			</operators>
			<operands>
				<token count="2">0</token>
				<token count="2">1</token>
				<token count="1">2</token>
				<token count="1">LinkedList</token>
				<token count="2">ListItem</token>
				<token count="4">T</token>
				<token count="4">answer</token>
				<token count="2">bool</token>
				<token count="5">forward_iterator</token>
				<token count="1">getTail</token>
				<token count="1">head</token>
				<token count="3">i</token>
				<token count="2">int</token>
				<token count="1">isPalindrome</token>
				<token count="2">len</token>
				<token count="1">length</token>
				<token count="1">next</token>
				<token count="1">prev</token>
				<token count="5">tail</token>
				<token count="4">value</token>
			</operands>
		</function>
		<file_total>
			<vG_b>42</vG_b>
			<vG_e>44</vG_e>
			<vG_b_max>14</vG_b_max>
			<vG_b_avg>3</vG_b_avg>
			<vG_e_max>14</vG_e_max>
			<vG_e_avg>3</vG_e_avg>
			<params>8</params>
			<LOCphy>326</LOCphy>
			<LOCpro>305</LOCpro>
			<LOCbl>21</LOCbl>
			<LOCcom alarmed="1">0</LOCcom>
			<N>1371</N>
			<N1>784</N1>
			<N2>587</N2>
			<n>91</n>
			<n1>40</n1>
			<n2>51</n2>
			<V alarmed="1">8922.187</V>
			<B alarmed="1">5.386</B>
			<D>230.196</D>
			<E>2053852.375</E>
			<L>0.004</L>
			<T>31:41:42</T>
			<MaxND>5</MaxND>
			<MIwoc>90</MIwoc>
			<MIcwc>0</MIcwc>
			<MI>90</MI>
			<operators>
				<token count="23">!=</token>
				<token count="6">#</token>
				<token count="2">%</token>
				<token count="1">&amp;</token>
				<token count="1">&amp;&amp;</token>
				<token count="48">()</token>
				<token count="30">*</token>
				<token count="1">+</token>
				<token count="2">++</token>
				<token count="1">,</token>
				<token count="108">-&gt;</token>
				<token count="3">.</token>
				<token count="1">/</token>
				<token count="17">::</token>
				<token count="115">;</token>
				<token count="73">&lt;</token>
				<token count="2">&lt;=</token>
				<token count="90">=</token>
				<token count="13">==</token>
				<token count="72">&gt;</token>
				<token count="1">&gt;=</token>
				<token count="1">break</token>
				<token count="17">class</token>
				<token count="1">const</token>
				<token count="1">continue</token>
				<token count="4">delete</token>
				<token count="11">else</token>
				<token count="1">endif</token>
				<token count="1">for()</token>
				<token count="29">if()</token>
				<token count="1">ifndef</token>
				<token count="1">namespace</token>
				<token count="6">new</token>
				<token count="9">return</token>
				<token count="17">template</token>
				<token count="1">using</token>
				<token count="10">while()</token>
				<token count="61">{}</token>
				<token count="1">||</token>
				<token count="1">~</token>
			</operators>
			<operands>
				<token count="4">0</token>
				<token count="4">1</token>
				<token count="5">2</token>
				<token count="21">LinkedList</token>
				<token count="36">ListItem</token>
				<token count="37">NULL</token>
				<token count="78">T</token>
				<token count="2">__LIST_CPP</token>
				<token count="5">afterWhat</token>
				<token count="4">answer</token>
				<token count="2">bool</token>
				<token count="3">counter</token>
				<token count="1">define</token>
				<token count="1">deleteElement</token>
				<token count="2">deleteHead</token>
				<token count="2">deleteTail</token>
				<token count="18">even</token>
				<token count="3">evenhead</token>
				<token count="5">forward_iterator</token>
				<token count="1">getHead</token>
				<token count="7">getTail</token>
				<token count="34">head</token>
				<token count="3">i</token>
				<token count="3">include</token>
				<token count="1">insertAfter</token>
				<token count="3">insertAtHead</token>
				<token count="2">insertAtTail</token>
				<token count="1">insertSorted</token>
				<token count="4">int</token>
				<token count="1">isPalindrome</token>
				<token count="20">item</token>
				<token count="2">len</token>
				<token count="7">length</token>
				<token count="18">newitem</token>
				<token count="72">next</token>
				<token count="19">odd</token>
				<token count="3">oddtail</token>
				<token count="4">otherLinkedList</token>
				<token count="1">parityArrangement</token>
				<token count="23">prev</token>
				<token count="2">reverse</token>
				<token count="7">searchFor</token>
				<token count="1">std</token>
				<token count="5">tail</token>
				<token count="64">temp</token>
				<token count="10">temp2</token>
				<token count="7">temp_mylist</token>
				<token count="5">temp_otherlist</token>
				<token count="2">toInsert</token>
				<token count="13">value</token>
				<token count="9">void</token>
			</operands>
		</file_total>
	</file>
	<system>
		<files>1</files>
		<functions>17</functions>
		<LOCphy>326</LOCphy>
		<LOCbl>21</LOCbl>
		<LOCpro>305</LOCpro>
		<LOCcom>0</LOCcom>
		<semicolons>115</semicolons>
		<vG_b>42</vG_b>
		<vG_e>44</vG_e>
		<params>8</params>
		<MIwoc>93</MIwoc>
		<MIcw>0</MIcw>
		<MI>93</MI>
		<alarms>
			<file_vG>
				<measured>1</measured>
				<alarmed>0</alarmed>
				<percent>0</percent>
				<lowlimit>1</lowlimit>
				<highlimit>100</highlimit>
			</file_vG>
			<file_LOCpro>
				<measured>1</measured>
				<alarmed>0</alarmed>
				<percent>0</percent>
				<lowlimit>4</lowlimit>
				<highlimit>400</highlimit>
			</file_LOCpro>
			<file_comment_percent>
				<measured>1</measured>
				<alarmed>1</alarmed>
				<percent>100</percent>
				<lowlimit>30</lowlimit>
				<highlimit>75</highlimit>
			</file_comment_percent>
			<file_V>
				<measured>1</measured>
				<alarmed>1</alarmed>
				<percent>100</percent>
				<lowlimit>100</lowlimit>
				<highlimit>8000</highlimit>
			</file_V>
			<file_B>
				<measured>1</measured>
				<alarmed>1</alarmed>
				<percent>100</percent>
				<lowlimit>0</lowlimit>
				<highlimit>2</highlimit>
			</file_B>
			<file_MI>
				<measured>1</measured>
				<alarmed>0</alarmed>
				<percent>0</percent>
				<lowlimit>65</lowlimit>
			</file_MI>
			<function_vG>
				<measured>17</measured>
				<alarmed>1</alarmed>
				<percent>5</percent>
				<lowlimit>1</lowlimit>
				<highlimit>10</highlimit>
			</function_vG>
			<function_LOCpro>
				<measured>17</measured>
				<alarmed>1</alarmed>
				<percent>5</percent>
				<lowlimit>4</lowlimit>
				<highlimit>40</highlimit>
			</function_LOCpro>
			<function_comment_percent>
				<measured>17</measured>
				<alarmed>13</alarmed>
				<percent>76</percent>
				<lowlimit>30</lowlimit>
				<highlimit>75</highlimit>
			</function_comment_percent>
			<function_V>
				<measured>17</measured>
				<alarmed>1</alarmed>
				<percent>5</percent>
				<lowlimit>20</lowlimit>
				<highlimit>1000</highlimit>
			</function_V>
			<function_MI>
				<measured>17</measured>
				<alarmed>1</alarmed>
				<percent>5</percent>
				<lowlimit>65</lowlimit>
			</function_MI>
		</alarms>
		<error_messages count="0">
		</error_messages>
	</system>
</cmt_long_report>
