<?xml version="1.0" ?>
<cmt_long_report>
	<header_info>
		<cmt_version>7.0</cmt_version>
		<copyright>Copyright (c) 1993-2013 Testwell Oy</copyright>
		<copyright>Copyright (c) 2013-2018 Verifysoft Technology GmbH</copyright>
		<license_notes>
		</license_notes>
		<date>Tue Apr  4 22:24:02 2023</date>
		<cmt_options> -o C:\Users\muawi\cmt\A1_T1_S117.xml -lf -f C:\Users\muawi\cmt\files.txt</cmt_options>
		<run_directory>C:\Testwell\CMT</run_directory>
		<mccabe_preference>extended</mccabe_preference>
	</header_info>
	<file name="C:\Users\muawi\OneDrive\Documents\Study\Junior Year\Topics in Internet Research\Project\PA1_ANON_DATA\PA1_ANON_DATA\folder_117\LinkedList.cpp" stamp="1680056123">
		<function name="LinkedList::LinkedList()">
			<start_line>8</start_line>
			<vG_b>1</vG_b>
			<vG_e>1</vG_e>
			<params>0</params>
			<LOCphy>6</LOCphy>
			<LOCpro>4</LOCpro>
			<LOCbl>1</LOCbl>
			<LOCcom>0</LOCcom>
			<N>15</N>
			<N1>9</N1>
			<N2>6</N2>
			<n>12</n>
			<n1>8</n1>
			<n2>4</n2>
			<V>53.774</V>
			<B>0.016</B>
			<D>6.000</D>
			<E>322.647</E>
			<L>0.167</L>
			<T>00:00:17</T>
			<MaxND>1</MaxND>
			<MIwoc>121</MIwoc>
			<MIcwc>0</MIcwc>
			<MI>121</MI>
			<operators>
				<token count="1">()</token>
				<token count="1">::</token>
				<token count="1">;</token>
				<token count="1">&lt;</token>
				<token count="1">=</token>
				<token count="2">&gt;</token>
				<token count="1">class</token>
				<token count="1">{}</token>
			</operators>
			<operands>
				<token count="2">LinkedList</token>
				<token count="1">NULL</token>
				<token count="2">T</token>
				<token count="1">head</token>
			</operands>
		</function>
		<function name="LinkedList::LinkedList()">
			<start_line>15</start_line>
			<vG_b>3</vG_b>
			<vG_e>3</vG_e>
			<params>1</params>
			<LOCphy>19</LOCphy>
			<LOCpro>17</LOCpro>
			<LOCbl>1</LOCbl>
			<LOCcom alarmed="1">0</LOCcom>
			<N>75</N>
			<N1>43</N1>
			<N2>32</N2>
			<n>29</n>
			<n1>19</n1>
			<n2>10</n2>
			<V>364.349</V>
			<B>0.166</B>
			<D>30.400</D>
			<E>11076.196</E>
			<L>0.033</L>
			<T>00:10:15</T>
			<MaxND>3</MaxND>
			<MIwoc>92</MIwoc>
			<MIcwc>0</MIcwc>
			<MI>92</MI>
			<operators>
				<token count="1">!=</token>
				<token count="1">&amp;</token>
				<token count="3">()</token>
				<token count="1">*</token>
				<token count="4">-&gt;</token>
				<token count="3">.</token>
				<token count="1">::</token>
				<token count="5">;</token>
				<token count="4">&lt;</token>
				<token count="4">=</token>
				<token count="1">==</token>
				<token count="5">&gt;</token>
				<token count="1">class</token>
				<token count="1">const</token>
				<token count="1">else</token>
				<token count="1">if()</token>
				<token count="1">new</token>
				<token count="1">while()</token>
				<token count="4">{}</token>
			</operators>
			<operands>
				<token count="3">LinkedList</token>
				<token count="2">ListItem</token>
				<token count="3">NULL</token>
				<token count="5">T</token>
				<token count="5">head</token>
				<token count="1">insertAtTail</token>
				<token count="2">next</token>
				<token count="4">otherLinkedList</token>
				<token count="2">value</token>
				<token count="5">xtemp</token>
			</operands>
		</function>
		<function name="LinkedList::~LinkedList()">
			<start_line>35</start_line>
			<vG_b>1</vG_b>
			<vG_e>1</vG_e>
			<params>0</params>
			<LOCphy>5</LOCphy>
			<LOCpro alarmed="1">3</LOCpro>
			<LOCbl>1</LOCbl>
			<LOCcom>0</LOCcom>
			<N>12</N>
			<N1>8</N1>
			<N2>4</N2>
			<n>9</n>
			<n1>7</n1>
			<n2>2</n2>
			<V>38.039</V>
			<B>0.014</B>
			<D>7.000</D>
			<E>266.274</E>
			<L>0.143</L>
			<T>00:00:14</T>
			<MaxND>1</MaxND>
			<MIwoc>126</MIwoc>
			<MIcwc>0</MIcwc>
			<MI>126</MI>
			<operators>
				<token count="1">()</token>
				<token count="1">::</token>
				<token count="1">&lt;</token>
				<token count="2">&gt;</token>
				<token count="1">class</token>
				<token count="1">{}</token>
				<token count="1">~</token>
			</operators>
			<operands>
				<token count="2">LinkedList</token>
				<token count="2">T</token>
			</operands>
		</function>
		<function name="LinkedList::insertAtHead()">
			<start_line>41</start_line>
			<vG_b>2</vG_b>
			<vG_e>2</vG_e>
			<params>1</params>
			<LOCphy>14</LOCphy>
			<LOCpro>12</LOCpro>
			<LOCbl>1</LOCbl>
			<LOCcom alarmed="1">0</LOCcom>
			<N>56</N>
			<N1>31</N1>
			<N2>25</N2>
			<n>25</n>
			<n1>14</n1>
			<n2>11</n2>
			<V>260.056</V>
			<B>0.086</B>
			<D>15.909</D>
			<E>4137.254</E>
			<L>0.063</L>
			<T>00:03:49</T>
			<MaxND>2</MaxND>
			<MIwoc>99</MIwoc>
			<MIcwc>0</MIcwc>
			<MI>99</MI>
			<operators>
				<token count="2">()</token>
				<token count="1">*</token>
				<token count="2">-&gt;</token>
				<token count="1">::</token>
				<token count="5">;</token>
				<token count="3">&lt;</token>
				<token count="5">=</token>
				<token count="1">==</token>
				<token count="4">&gt;</token>
				<token count="1">class</token>
				<token count="1">else</token>
				<token count="1">if()</token>
				<token count="1">new</token>
				<token count="3">{}</token>
			</operators>
			<operands>
				<token count="1">LinkedList</token>
				<token count="2">ListItem</token>
				<token count="1">NULL</token>
				<token count="5">T</token>
				<token count="5">head</token>
				<token count="1">insertAtHead</token>
				<token count="2">item</token>
				<token count="1">next</token>
				<token count="1">prev</token>
				<token count="5">temp</token>
				<token count="1">void</token>
			</operands>
		</function>
		<function name="LinkedList::insertAtTail()">
			<start_line>56</start_line>
			<vG_b>2</vG_b>
			<vG_e>2</vG_e>
			<params>1</params>
			<LOCphy>16</LOCphy>
			<LOCpro>12</LOCpro>
			<LOCbl>3</LOCbl>
			<LOCcom alarmed="1">0</LOCcom>
			<N>62</N>
			<N1>35</N1>
			<N2>27</N2>
			<n>28</n>
			<n1>14</n1>
			<n2>14</n2>
			<V>298.056</V>
			<B>0.084</B>
			<D>13.500</D>
			<E>4023.756</E>
			<L>0.074</L>
			<T>00:03:43</T>
			<MaxND>2</MaxND>
			<MIwoc>96</MIwoc>
			<MIcwc>0</MIcwc>
			<MI>96</MI>
			<operators>
				<token count="4">()</token>
				<token count="2">*</token>
				<token count="2">-&gt;</token>
				<token count="1">::</token>
				<token count="5">;</token>
				<token count="4">&lt;</token>
				<token count="4">=</token>
				<token count="1">==</token>
				<token count="5">&gt;</token>
				<token count="1">class</token>
				<token count="1">else</token>
				<token count="1">if()</token>
				<token count="1">new</token>
				<token count="3">{}</token>
			</operators>
			<operands>
				<token count="1">LinkedList</token>
				<token count="3">ListItem</token>
				<token count="1">NULL</token>
				<token count="6">T</token>
				<token count="1">getTail</token>
				<token count="1">head</token>
				<token count="1">insertAtHead</token>
				<token count="1">insertAtTail</token>
				<token count="3">item</token>
				<token count="1">next</token>
				<token count="1">prev</token>
				<token count="3">temp</token>
				<token count="3">temp2</token>
				<token count="1">void</token>
			</operands>
		</function>
		<function name="LinkedList::insertAfter()">
			<start_line>73</start_line>
			<vG_b>3</vG_b>
			<vG_e>3</vG_e>
			<params>2</params>
			<LOCphy>26</LOCphy>
			<LOCpro>14</LOCpro>
			<LOCbl>0</LOCbl>
			<LOCcom>11</LOCcom>
			<N>87</N>
			<N1>46</N1>
			<N2>41</N2>
			<n>27</n>
			<n1>14</n1>
			<n2>13</n2>
			<V>413.675</V>
			<B>0.146</B>
			<D>22.077</D>
			<E>9132.676</E>
			<L>0.045</L>
			<T>00:08:27</T>
			<MaxND>3</MaxND>
			<MIwoc>86</MIwoc>
			<MIcwc>42</MIcwc>
			<MI>128</MI>
			<operators>
				<token count="2">!=</token>
				<token count="4">()</token>
				<token count="2">*</token>
				<token count="1">,</token>
				<token count="7">-&gt;</token>
				<token count="1">::</token>
				<token count="7">;</token>
				<token count="4">&lt;</token>
				<token count="6">=</token>
				<token count="5">&gt;</token>
				<token count="1">class</token>
				<token count="2">if()</token>
				<token count="1">new</token>
				<token count="3">{}</token>
			</operators>
			<operands>
				<token count="1">LinkedList</token>
				<token count="3">ListItem</token>
				<token count="2">NULL</token>
				<token count="7">T</token>
				<token count="3">afterWhat</token>
				<token count="1">insertAfter</token>
				<token count="5">next</token>
				<token count="2">prev</token>
				<token count="2">searchFor</token>
				<token count="7">temp</token>
				<token count="5">temp2</token>
				<token count="2">toInsert</token>
				<token count="1">void</token>
			</operands>
		</function>
		<function name="LinkedList::insertSorted()">
			<start_line>101</start_line>
			<vG_b>4</vG_b>
			<vG_e>6</vG_e>
			<params>1</params>
			<LOCphy>24</LOCphy>
			<LOCpro>19</LOCpro>
			<LOCbl>4</LOCbl>
			<LOCcom alarmed="1">0</LOCcom>
			<N>114</N>
			<N1>63</N1>
			<N2>51</N2>
			<n>33</n>
			<n1>19</n1>
			<n2>14</n2>
			<V>575.061</V>
			<B>0.245</B>
			<D>34.607</D>
			<E>19901.215</E>
			<L>0.029</L>
			<T>00:18:25</T>
			<MaxND>3</MaxND>
			<MIwoc>85</MIwoc>
			<MIcwc>0</MIcwc>
			<MI>85</MI>
			<operators>
				<token count="2">!=</token>
				<token count="1">&amp;&amp;</token>
				<token count="6">()</token>
				<token count="2">*</token>
				<token count="12">-&gt;</token>
				<token count="1">::</token>
				<token count="8">;</token>
				<token count="5">&lt;</token>
				<token count="7">=</token>
				<token count="1">==</token>
				<token count="5">&gt;</token>
				<token count="1">&gt;=</token>
				<token count="1">class</token>
				<token count="1">else</token>
				<token count="2">if()</token>
				<token count="1">new</token>
				<token count="1">while()</token>
				<token count="5">{}</token>
				<token count="1">||</token>
			</operators>
			<operands>
				<token count="1">LinkedList</token>
				<token count="3">ListItem</token>
				<token count="3">NULL</token>
				<token count="6">T</token>
				<token count="3">head</token>
				<token count="1">insertAtHead</token>
				<token count="1">insertSorted</token>
				<token count="5">item</token>
				<token count="8">next</token>
				<token count="2">prev</token>
				<token count="7">temp</token>
				<token count="8">temp2</token>
				<token count="2">value</token>
				<token count="1">void</token>
			</operands>
		</function>
		<function name="LinkedList::getHead()">
			<start_line>126</start_line>
			<vG_b>1</vG_b>
			<vG_e>1</vG_e>
			<params>0</params>
			<LOCphy>7</LOCphy>
			<LOCpro>4</LOCpro>
			<LOCbl>2</LOCbl>
			<LOCcom>0</LOCcom>
			<N>19</N>
			<N1>12</N1>
			<N2>7</N2>
			<n>14</n>
			<n1>9</n1>
			<n2>5</n2>
			<V>72.340</V>
			<B>0.020</B>
			<D>6.300</D>
			<E>455.740</E>
			<L>0.159</L>
			<T>00:00:25</T>
			<MaxND>1</MaxND>
			<MIwoc>117</MIwoc>
			<MIcwc>0</MIcwc>
			<MI>117</MI>
			<operators>
				<token count="1">()</token>
				<token count="1">*</token>
				<token count="1">::</token>
				<token count="1">;</token>
				<token count="2">&lt;</token>
				<token count="3">&gt;</token>
				<token count="1">class</token>
				<token count="1">return</token>
				<token count="1">{}</token>
			</operators>
			<operands>
				<token count="1">LinkedList</token>
				<token count="1">ListItem</token>
				<token count="3">T</token>
				<token count="1">getHead</token>
				<token count="1">head</token>
			</operands>
		</function>
		<function name="LinkedList::getTail()">
			<start_line>134</start_line>
			<vG_b>3</vG_b>
			<vG_e>3</vG_e>
			<params>0</params>
			<LOCphy>11</LOCphy>
			<LOCpro>10</LOCpro>
			<LOCbl>0</LOCbl>
			<LOCcom alarmed="1">0</LOCcom>
			<N>48</N>
			<N1>28</N1>
			<N2>20</N2>
			<n>23</n>
			<n1>15</n1>
			<n2>8</n2>
			<V>217.131</V>
			<B>0.085</B>
			<D>18.750</D>
			<E>4071.206</E>
			<L>0.053</L>
			<T>00:03:46</T>
			<MaxND>2</MaxND>
			<MIwoc>103</MIwoc>
			<MIcwc>0</MIcwc>
			<MI>103</MI>
			<operators>
				<token count="1">!=</token>
				<token count="1">()</token>
				<token count="2">*</token>
				<token count="2">-&gt;</token>
				<token count="1">::</token>
				<token count="4">;</token>
				<token count="3">&lt;</token>
				<token count="2">=</token>
				<token count="1">==</token>
				<token count="4">&gt;</token>
				<token count="1">class</token>
				<token count="1">if()</token>
				<token count="2">return</token>
				<token count="1">while()</token>
				<token count="2">{}</token>
			</operators>
			<operands>
				<token count="1">LinkedList</token>
				<token count="2">ListItem</token>
				<token count="3">NULL</token>
				<token count="4">T</token>
				<token count="1">getTail</token>
				<token count="2">head</token>
				<token count="2">next</token>
				<token count="5">temp2</token>
			</operands>
		</function>
		<function name="LinkedList::searchFor()">
			<start_line>146</start_line>
			<vG_b>3</vG_b>
			<vG_e>3</vG_e>
			<params>1</params>
			<LOCphy>14</LOCphy>
			<LOCpro>12</LOCpro>
			<LOCbl>1</LOCbl>
			<LOCcom alarmed="1">0</LOCcom>
			<N>53</N>
			<N1>30</N1>
			<N2>23</N2>
			<n>25</n>
			<n1>15</n1>
			<n2>10</n2>
			<V>246.124</V>
			<B>0.087</B>
			<D>17.250</D>
			<E>4245.646</E>
			<L>0.058</L>
			<T>00:03:55</T>
			<MaxND>3</MaxND>
			<MIwoc>99</MIwoc>
			<MIcwc>0</MIcwc>
			<MI>99</MI>
			<operators>
				<token count="1">!=</token>
				<token count="1">()</token>
				<token count="2">*</token>
				<token count="2">-&gt;</token>
				<token count="1">::</token>
				<token count="5">;</token>
				<token count="3">&lt;</token>
				<token count="2">=</token>
				<token count="1">==</token>
				<token count="4">&gt;</token>
				<token count="1">class</token>
				<token count="1">if()</token>
				<token count="2">return</token>
				<token count="1">while()</token>
				<token count="3">{}</token>
			</operators>
			<operands>
				<token count="1">LinkedList</token>
				<token count="2">ListItem</token>
				<token count="2">NULL</token>
				<token count="5">T</token>
				<token count="1">head</token>
				<token count="2">item</token>
				<token count="1">next</token>
				<token count="1">searchFor</token>
				<token count="7">temp2</token>
				<token count="1">value</token>
			</operands>
		</function>
		<function name="LinkedList::deleteElement()">
			<start_line>161</start_line>
			<vG_b>5</vG_b>
			<vG_e>5</vG_e>
			<params>1</params>
			<LOCphy>22</LOCphy>
			<LOCpro>19</LOCpro>
			<LOCbl>2</LOCbl>
			<LOCcom alarmed="1">0</LOCcom>
			<N>89</N>
			<N1>50</N1>
			<N2>39</N2>
			<n>30</n>
			<n1>14</n1>
			<n2>16</n2>
			<V>436.713</V>
			<B>0.127</B>
			<D>17.063</D>
			<E>7451.420</E>
			<L>0.059</L>
			<T>00:06:53</T>
			<MaxND>2</MaxND>
			<MIwoc>88</MIwoc>
			<MIcwc>0</MIcwc>
			<MI>88</MI>
			<operators>
				<token count="6">()</token>
				<token count="2">*</token>
				<token count="9">-&gt;</token>
				<token count="1">::</token>
				<token count="7">;</token>
				<token count="3">&lt;</token>
				<token count="4">=</token>
				<token count="2">==</token>
				<token count="4">&gt;</token>
				<token count="1">class</token>
				<token count="1">delete</token>
				<token count="2">else</token>
				<token count="4">if()</token>
				<token count="4">{}</token>
			</operators>
			<operands>
				<token count="1">LinkedList</token>
				<token count="2">ListItem</token>
				<token count="5">T</token>
				<token count="1">deleteElement</token>
				<token count="1">deleteHead</token>
				<token count="1">deleteTail</token>
				<token count="1">getTail</token>
				<token count="1">head</token>
				<token count="5">item</token>
				<token count="5">next</token>
				<token count="2">prev</token>
				<token count="2">searchFor</token>
				<token count="3">temp</token>
				<token count="6">temp2</token>
				<token count="2">value</token>
				<token count="1">void</token>
			</operands>
		</function>
		<function name="LinkedList::deleteHead()">
			<start_line>186</start_line>
			<vG_b>1</vG_b>
			<vG_e>1</vG_e>
			<params>0</params>
			<LOCphy>7</LOCphy>
			<LOCpro>6</LOCpro>
			<LOCbl>0</LOCbl>
			<LOCcom>0</LOCcom>
			<N>30</N>
			<N1>17</N1>
			<N2>13</N2>
			<n>19</n>
			<n1>11</n1>
			<n2>8</n2>
			<V>127.438</V>
			<B>0.036</B>
			<D>8.938</D>
			<E>1138.976</E>
			<L>0.112</L>
			<T>00:01:03</T>
			<MaxND>1</MaxND>
			<MIwoc>114</MIwoc>
			<MIcwc>0</MIcwc>
			<MI>114</MI>
			<operators>
				<token count="1">()</token>
				<token count="1">*</token>
				<token count="1">-&gt;</token>
				<token count="1">::</token>
				<token count="3">;</token>
				<token count="2">&lt;</token>
				<token count="2">=</token>
				<token count="3">&gt;</token>
				<token count="1">class</token>
				<token count="1">delete</token>
				<token count="1">{}</token>
			</operators>
			<operands>
				<token count="1">LinkedList</token>
				<token count="1">ListItem</token>
				<token count="3">T</token>
				<token count="1">deleteHead</token>
				<token count="3">head</token>
				<token count="1">next</token>
				<token count="2">temp2</token>
				<token count="1">void</token>
			</operands>
		</function>
		<function name="LinkedList::deleteTail()">
			<start_line>194</start_line>
			<vG_b>1</vG_b>
			<vG_e>1</vG_e>
			<params>0</params>
			<LOCphy>8</LOCphy>
			<LOCpro>6</LOCpro>
			<LOCbl>1</LOCbl>
			<LOCcom>0</LOCcom>
			<N>34</N>
			<N1>20</N1>
			<N2>14</N2>
			<n>21</n>
			<n1>11</n1>
			<n2>10</n2>
			<V>149.339</V>
			<B>0.037</B>
			<D>7.700</D>
			<E>1149.909</E>
			<L>0.130</L>
			<T>00:01:03</T>
			<MaxND>1</MaxND>
			<MIwoc>111</MIwoc>
			<MIcwc>0</MIcwc>
			<MI>111</MI>
			<operators>
				<token count="3">()</token>
				<token count="1">*</token>
				<token count="2">-&gt;</token>
				<token count="1">::</token>
				<token count="3">;</token>
				<token count="2">&lt;</token>
				<token count="2">=</token>
				<token count="3">&gt;</token>
				<token count="1">class</token>
				<token count="1">delete</token>
				<token count="1">{}</token>
			</operators>
			<operands>
				<token count="1">LinkedList</token>
				<token count="1">ListItem</token>
				<token count="1">NULL</token>
				<token count="3">T</token>
				<token count="1">deleteTail</token>
				<token count="2">getTail</token>
				<token count="1">next</token>
				<token count="1">prev</token>
				<token count="2">temp2</token>
				<token count="1">void</token>
			</operands>
		</function>
		<function name="LinkedList::length()">
			<start_line>203</start_line>
			<vG_b>2</vG_b>
			<vG_e>2</vG_e>
			<params>0</params>
			<LOCphy>12</LOCphy>
			<LOCpro>11</LOCpro>
			<LOCbl>0</LOCbl>
			<LOCcom alarmed="1">0</LOCcom>
			<N>45</N>
			<N1>25</N1>
			<N2>20</N2>
			<n>25</n>
			<n1>14</n1>
			<n2>11</n2>
			<V>208.974</V>
			<B>0.064</B>
			<D>12.727</D>
			<E>2659.663</E>
			<L>0.079</L>
			<T>00:02:27</T>
			<MaxND>2</MaxND>
			<MIwoc>103</MIwoc>
			<MIcwc>0</MIcwc>
			<MI>103</MI>
			<operators>
				<token count="1">!=</token>
				<token count="1">()</token>
				<token count="1">*</token>
				<token count="1">++</token>
				<token count="1">-&gt;</token>
				<token count="1">::</token>
				<token count="6">;</token>
				<token count="2">&lt;</token>
				<token count="3">=</token>
				<token count="3">&gt;</token>
				<token count="1">class</token>
				<token count="1">return</token>
				<token count="1">while()</token>
				<token count="2">{}</token>
			</operators>
			<operands>
				<token count="1">0</token>
				<token count="1">LinkedList</token>
				<token count="1">ListItem</token>
				<token count="1">NULL</token>
				<token count="3">T</token>
				<token count="3">count</token>
				<token count="1">head</token>
				<token count="2">int</token>
				<token count="1">length</token>
				<token count="1">next</token>
				<token count="5">temp2</token>
			</operands>
		</function>
		<function name="LinkedList::reverse()">
			<start_line>216</start_line>
			<vG_b>3</vG_b>
			<vG_e>3</vG_e>
			<params>0</params>
			<LOCphy>15</LOCphy>
			<LOCpro>14</LOCpro>
			<LOCbl>0</LOCbl>
			<LOCcom alarmed="1">0</LOCcom>
			<N>69</N>
			<N1>37</N1>
			<N2>32</N2>
			<n>24</n>
			<n1>13</n1>
			<n2>11</n2>
			<V>316.362</V>
			<B>0.110</B>
			<D>18.909</D>
			<E>5982.125</E>
			<L>0.053</L>
			<T>00:05:32</T>
			<MaxND>2</MaxND>
			<MIwoc>97</MIwoc>
			<MIcwc>0</MIcwc>
			<MI>97</MI>
			<operators>
				<token count="2">!=</token>
				<token count="1">()</token>
				<token count="2">*</token>
				<token count="6">-&gt;</token>
				<token count="1">::</token>
				<token count="7">;</token>
				<token count="3">&lt;</token>
				<token count="6">=</token>
				<token count="4">&gt;</token>
				<token count="1">class</token>
				<token count="1">if()</token>
				<token count="1">while()</token>
				<token count="2">{}</token>
			</operators>
			<operands>
				<token count="1">LinkedList</token>
				<token count="2">ListItem</token>
				<token count="2">NULL</token>
				<token count="4">T</token>
				<token count="2">head</token>
				<token count="2">next</token>
				<token count="4">prev</token>
				<token count="1">reverse</token>
				<token count="8">temp</token>
				<token count="5">temp2</token>
				<token count="1">void</token>
			</operands>
		</function>
		<function name="LinkedList::parityArrangement()">
			<start_line>234</start_line>
			<vG_b>4</vG_b>
			<vG_e>4</vG_e>
			<params>0</params>
			<LOCphy>28</LOCphy>
			<LOCpro>22</LOCpro>
			<LOCbl>5</LOCbl>
			<LOCcom alarmed="1">0</LOCcom>
			<N>90</N>
			<N1>51</N1>
			<N2>39</N2>
			<n>35</n>
			<n1>18</n1>
			<n2>17</n2>
			<V>461.635</V>
			<B>0.150</B>
			<D>20.647</D>
			<E>9531.415</E>
			<L>0.048</L>
			<T>00:08:49</T>
			<MaxND>3</MaxND>
			<MIwoc>84</MIwoc>
			<MIcwc>0</MIcwc>
			<MI>84</MI>
			<operators>
				<token count="1">!=</token>
				<token count="1">%</token>
				<token count="6">()</token>
				<token count="1">++</token>
				<token count="3">-&gt;</token>
				<token count="4">.</token>
				<token count="1">::</token>
				<token count="11">;</token>
				<token count="3">&lt;</token>
				<token count="3">=</token>
				<token count="2">==</token>
				<token count="4">&gt;</token>
				<token count="1">class</token>
				<token count="1">else</token>
				<token count="2">if()</token>
				<token count="1">return</token>
				<token count="1">while()</token>
				<token count="5">{}</token>
			</operators>
			<operands>
				<token count="2">1</token>
				<token count="1">2</token>
				<token count="3">Even</token>
				<token count="3">LinkedList</token>
				<token count="2">NULL</token>
				<token count="3">Odd</token>
				<token count="4">T</token>
				<token count="3">count</token>
				<token count="2">deleteHead</token>
				<token count="1">getTail</token>
				<token count="7">head</token>
				<token count="2">insertAtTail</token>
				<token count="1">int</token>
				<token count="1">next</token>
				<token count="1">parityArrangement</token>
				<token count="2">value</token>
				<token count="1">void</token>
			</operands>
		</function>
		<function name="LinkedList::isPalindrome()">
			<start_line>263</start_line>
			<vG_b>4</vG_b>
			<vG_e>4</vG_e>
			<params>0</params>
			<LOCphy>20</LOCphy>
			<LOCpro>18</LOCpro>
			<LOCbl>1</LOCbl>
			<LOCcom alarmed="1">0</LOCcom>
			<N>73</N>
			<N1>43</N1>
			<N2>30</N2>
			<n>31</n>
			<n1>16</n1>
			<n2>15</n2>
			<V>361.656</V>
			<B>0.107</B>
			<D>16.000</D>
			<E>5786.501</E>
			<L>0.063</L>
			<T>00:05:21</T>
			<MaxND>3</MaxND>
			<MIwoc>91</MIwoc>
			<MIcwc>0</MIcwc>
			<MI>91</MI>
			<operators>
				<token count="2">!=</token>
				<token count="2">()</token>
				<token count="2">*</token>
				<token count="4">-&gt;</token>
				<token count="1">::</token>
				<token count="7">;</token>
				<token count="3">&lt;</token>
				<token count="4">=</token>
				<token count="1">==</token>
				<token count="4">&gt;</token>
				<token count="1">class</token>
				<token count="1">else</token>
				<token count="2">if()</token>
				<token count="3">return</token>
				<token count="1">while()</token>
				<token count="5">{}</token>
			</operators>
			<operands>
				<token count="2">0</token>
				<token count="1">1</token>
				<token count="1">LinkedList</token>
				<token count="2">ListItem</token>
				<token count="2">NULL</token>
				<token count="4">T</token>
				<token count="1">bool</token>
				<token count="1">getTail</token>
				<token count="2">head</token>
				<token count="1">isPalindrome</token>
				<token count="1">next</token>
				<token count="1">prev</token>
				<token count="5">tail</token>
				<token count="4">temp</token>
				<token count="2">value</token>
			</operands>
		</function>
		<file_total>
			<vG_b>28</vG_b>
			<vG_e>30</vG_e>
			<vG_b_max>5</vG_b_max>
			<vG_b_avg>2</vG_b_avg>
			<vG_e_max>6</vG_e_max>
			<vG_e_avg>2</vG_e_avg>
			<params>8</params>
			<LOCphy>283</LOCphy>
			<LOCpro>225</LOCpro>
			<LOCbl>47</LOCbl>
			<LOCcom alarmed="1">11</LOCcom>
			<N>1017</N>
			<N1>589</N1>
			<N2>428</N2>
			<n>74</n>
			<n1>32</n1>
			<n2>42</n2>
			<V>6315.014</V>
			<B alarmed="1">3.399</B>
			<D>163.048</D>
			<E>1029648.000</E>
			<L>0.006</L>
			<T>15:53:22</T>
			<MaxND>3</MaxND>
			<MIwoc>94</MIwoc>
			<MIcwc>15</MIcwc>
			<MI>109</MI>
			<operators>
				<token count="13">!=</token>
				<token count="5">#</token>
				<token count="1">%</token>
				<token count="1">&amp;</token>
				<token count="1">&amp;&amp;</token>
				<token count="44">()</token>
				<token count="22">*</token>
				<token count="2">++</token>
				<token count="1">,</token>
				<token count="57">-&gt;</token>
				<token count="7">.</token>
				<token count="17">::</token>
				<token count="85">;</token>
				<token count="65">&lt;</token>
				<token count="55">=</token>
				<token count="11">==</token>
				<token count="64">&gt;</token>
				<token count="1">&gt;=</token>
				<token count="17">class</token>
				<token count="1">const</token>
				<token count="3">delete</token>
				<token count="8">else</token>
				<token count="1">endif</token>
				<token count="18">if()</token>
				<token count="1">ifndef</token>
				<token count="5">new</token>
				<token count="10">return</token>
				<token count="17">template</token>
				<token count="8">while()</token>
				<token count="46">{}</token>
				<token count="1">||</token>
				<token count="1">~</token>
			</operators>
			<operands>
				<token count="3">0</token>
				<token count="3">1</token>
				<token count="1">2</token>
				<token count="3">Even</token>
				<token count="23">LinkedList</token>
				<token count="27">ListItem</token>
				<token count="24">NULL</token>
				<token count="3">Odd</token>
				<token count="71">T</token>
				<token count="2">__LIST_CPP</token>
				<token count="3">afterWhat</token>
				<token count="1">bool</token>
				<token count="6">count</token>
				<token count="1">define</token>
				<token count="1">deleteElement</token>
				<token count="4">deleteHead</token>
				<token count="2">deleteTail</token>
				<token count="1">getHead</token>
				<token count="7">getTail</token>
				<token count="35">head</token>
				<token count="2">include</token>
				<token count="1">insertAfter</token>
				<token count="3">insertAtHead</token>
				<token count="4">insertAtTail</token>
				<token count="1">insertSorted</token>
				<token count="3">int</token>
				<token count="1">isPalindrome</token>
				<token count="17">item</token>
				<token count="1">length</token>
				<token count="32">next</token>
				<token count="4">otherLinkedList</token>
				<token count="1">parityArrangement</token>
				<token count="14">prev</token>
				<token count="1">reverse</token>
				<token count="5">searchFor</token>
				<token count="5">tail</token>
				<token count="37">temp</token>
				<token count="48">temp2</token>
				<token count="2">toInsert</token>
				<token count="11">value</token>
				<token count="9">void</token>
				<token count="5">xtemp</token>
			</operands>
		</file_total>
	</file>
	<system>
		<files>1</files>
		<functions>17</functions>
		<LOCphy>283</LOCphy>
		<LOCbl>47</LOCbl>
		<LOCpro>225</LOCpro>
		<LOCcom>11</LOCcom>
		<semicolons>85</semicolons>
		<vG_b>28</vG_b>
		<vG_e>30</vG_e>
		<params>8</params>
		<MIwoc>97</MIwoc>
		<MIcw>16</MIcw>
		<MI>113</MI>
		<alarms>
			<file_vG>
				<measured>1</measured>
				<alarmed>0</alarmed>
				<percent>0</percent>
				<lowlimit>1</lowlimit>
				<highlimit>100</highlimit>
			</file_vG>
			<file_LOCpro>
				<measured>1</measured>
				<alarmed>0</alarmed>
				<percent>0</percent>
				<lowlimit>4</lowlimit>
				<highlimit>400</highlimit>
			</file_LOCpro>
			<file_comment_percent>
				<measured>1</measured>
				<alarmed>1</alarmed>
				<percent>100</percent>
				<lowlimit>30</lowlimit>
				<highlimit>75</highlimit>
			</file_comment_percent>
			<file_V>
				<measured>1</measured>
				<alarmed>0</alarmed>
				<percent>0</percent>
				<lowlimit>100</lowlimit>
				<highlimit>8000</highlimit>
			</file_V>
			<file_B>
				<measured>1</measured>
				<alarmed>1</alarmed>
				<percent>100</percent>
				<lowlimit>0</lowlimit>
				<highlimit>2</highlimit>
			</file_B>
			<file_MI>
				<measured>1</measured>
				<alarmed>0</alarmed>
				<percent>0</percent>
				<lowlimit>65</lowlimit>
			</file_MI>
			<function_vG>
				<measured>17</measured>
				<alarmed>0</alarmed>
				<percent>0</percent>
				<lowlimit>1</lowlimit>
				<highlimit>10</highlimit>
			</function_vG>
			<function_LOCpro>
				<measured>17</measured>
				<alarmed>1</alarmed>
				<percent>5</percent>
				<lowlimit>4</lowlimit>
				<highlimit>40</highlimit>
			</function_LOCpro>
			<function_comment_percent>
				<measured>17</measured>
				<alarmed>11</alarmed>
				<percent>64</percent>
				<lowlimit>30</lowlimit>
				<highlimit>75</highlimit>
			</function_comment_percent>
			<function_V>
				<measured>17</measured>
				<alarmed>0</alarmed>
				<percent>0</percent>
				<lowlimit>20</lowlimit>
				<highlimit>1000</highlimit>
			</function_V>
			<function_MI>
				<measured>17</measured>
				<alarmed>0</alarmed>
				<percent>0</percent>
				<lowlimit>65</lowlimit>
			</function_MI>
		</alarms>
		<error_messages count="0">
		</error_messages>
	</system>
</cmt_long_report>
