<?xml version="1.0" ?>
<cmt_long_report>
	<header_info>
		<cmt_version>7.0</cmt_version>
		<copyright>Copyright (c) 1993-2013 Testwell Oy</copyright>
		<copyright>Copyright (c) 2013-2018 Verifysoft Technology GmbH</copyright>
		<license_notes>
		</license_notes>
		<date>Tue Apr  4 22:33:50 2023</date>
		<cmt_options> -o C:\Users\muawi\cmt\A1_T1_S139.xml -lf -f C:\Users\muawi\cmt\files.txt</cmt_options>
		<run_directory>C:\Testwell\CMT</run_directory>
		<mccabe_preference>extended</mccabe_preference>
	</header_info>
	<file name="C:\Users\muawi\OneDrive\Documents\Study\Junior Year\Topics in Internet Research\Project\PA1_ANON_DATA\PA1_ANON_DATA\folder_139\LinkedList.cpp" stamp="1680056171">
		<function name="LinkedList::LinkedList()">
			<start_line>11</start_line>
			<vG_b>1</vG_b>
			<vG_e>1</vG_e>
			<params>0</params>
			<LOCphy>5</LOCphy>
			<LOCpro>4</LOCpro>
			<LOCbl>0</LOCbl>
			<LOCcom>0</LOCcom>
			<N>15</N>
			<N1>9</N1>
			<N2>6</N2>
			<n>12</n>
			<n1>8</n1>
			<n2>4</n2>
			<V>53.774</V>
			<B>0.016</B>
			<D>6.000</D>
			<E>322.647</E>
			<L>0.167</L>
			<T>00:00:17</T>
			<MaxND>1</MaxND>
			<MIwoc>124</MIwoc>
			<MIcwc>0</MIcwc>
			<MI>124</MI>
			<operators>
				<token count="1">()</token>
				<token count="1">::</token>
				<token count="1">;</token>
				<token count="1">&lt;</token>
				<token count="1">=</token>
				<token count="2">&gt;</token>
				<token count="1">class</token>
				<token count="1">{}</token>
			</operators>
			<operands>
				<token count="2">LinkedList</token>
				<token count="1">NULL</token>
				<token count="2">T</token>
				<token count="1">head</token>
			</operands>
		</function>
		<function name="LinkedList::LinkedList()">
			<start_line>17</start_line>
			<vG_b>3</vG_b>
			<vG_e>3</vG_e>
			<params>1</params>
			<LOCphy>28</LOCphy>
			<LOCpro>19</LOCpro>
			<LOCbl>4</LOCbl>
			<LOCcom alarmed="1">4</LOCcom>
			<N>84</N>
			<N1>49</N1>
			<N2>35</N2>
			<n>29</n>
			<n1>18</n1>
			<n2>11</n2>
			<V>408.070</V>
			<B>0.172</B>
			<D>28.636</D>
			<E>11685.652</E>
			<L>0.035</L>
			<T>00:10:49</T>
			<MaxND>3</MaxND>
			<MIwoc>85</MIwoc>
			<MIcwc>28</MIcwc>
			<MI>113</MI>
			<operators>
				<token count="1">!=</token>
				<token count="1">&amp;</token>
				<token count="5">()</token>
				<token count="2">*</token>
				<token count="4">-&gt;</token>
				<token count="1">.</token>
				<token count="1">::</token>
				<token count="7">;</token>
				<token count="5">&lt;</token>
				<token count="6">=</token>
				<token count="6">&gt;</token>
				<token count="1">class</token>
				<token count="1">const</token>
				<token count="1">else</token>
				<token count="1">if()</token>
				<token count="1">new</token>
				<token count="1">while()</token>
				<token count="4">{}</token>
			</operators>
			<operands>
				<token count="3">LinkedList</token>
				<token count="3">ListItem</token>
				<token count="3">NULL</token>
				<token count="6">T</token>
				<token count="4">head</token>
				<token count="1">insertAtTail</token>
				<token count="2">next</token>
				<token count="2">otherLinkedList</token>
				<token count="2">temp</token>
				<token count="7">traversal</token>
				<token count="2">value</token>
			</operands>
		</function>
		<function name="LinkedList::~LinkedList()">
			<start_line>46</start_line>
			<vG_b>3</vG_b>
			<vG_e>3</vG_e>
			<params>0</params>
			<LOCphy>22</LOCphy>
			<LOCpro>17</LOCpro>
			<LOCbl>4</LOCbl>
			<LOCcom alarmed="1">0</LOCcom>
			<N>53</N>
			<N1>33</N1>
			<N2>20</N2>
			<n>25</n>
			<n1>17</n1>
			<n2>8</n2>
			<V>246.124</V>
			<B>0.100</B>
			<D>21.250</D>
			<E>5230.143</E>
			<L>0.047</L>
			<T>00:04:50</T>
			<MaxND>3</MaxND>
			<MIwoc>92</MIwoc>
			<MIcwc>0</MIcwc>
			<MI>92</MI>
			<operators>
				<token count="1">!=</token>
				<token count="2">()</token>
				<token count="1">*</token>
				<token count="3">-&gt;</token>
				<token count="1">::</token>
				<token count="5">;</token>
				<token count="2">&lt;</token>
				<token count="2">=</token>
				<token count="1">==</token>
				<token count="3">&gt;</token>
				<token count="1">class</token>
				<token count="3">delete</token>
				<token count="1">else</token>
				<token count="1">if()</token>
				<token count="1">while()</token>
				<token count="4">{}</token>
				<token count="1">~</token>
			</operators>
			<operands>
				<token count="2">LinkedList</token>
				<token count="1">ListItem</token>
				<token count="2">NULL</token>
				<token count="3">T</token>
				<token count="3">head</token>
				<token count="2">next</token>
				<token count="1">prev</token>
				<token count="6">temp</token>
			</operands>
		</function>
		<function name="LinkedList::insertAtHead()">
			<start_line>69</start_line>
			<vG_b>2</vG_b>
			<vG_e>2</vG_e>
			<params>1</params>
			<LOCphy>21</LOCphy>
			<LOCpro>18</LOCpro>
			<LOCbl>2</LOCbl>
			<LOCcom alarmed="1">0</LOCcom>
			<N>82</N>
			<N1>47</N1>
			<N2>35</N2>
			<n>26</n>
			<n1>15</n1>
			<n2>11</n2>
			<V>385.436</V>
			<B>0.146</B>
			<D>23.864</D>
			<E>9197.906</E>
			<L>0.042</L>
			<T>00:08:30</T>
			<MaxND>2</MaxND>
			<MIwoc>90</MIwoc>
			<MIcwc>0</MIcwc>
			<MI>90</MI>
			<operators>
				<token count="1">!=</token>
				<token count="7">()</token>
				<token count="1">*</token>
				<token count="5">-&gt;</token>
				<token count="1">::</token>
				<token count="9">;</token>
				<token count="3">&lt;</token>
				<token count="8">=</token>
				<token count="4">&gt;</token>
				<token count="1">class</token>
				<token count="1">delete</token>
				<token count="1">else</token>
				<token count="1">if()</token>
				<token count="1">new</token>
				<token count="3">{}</token>
			</operators>
			<operands>
				<token count="1">LinkedList</token>
				<token count="2">ListItem</token>
				<token count="4">NULL</token>
				<token count="5">T</token>
				<token count="7">head</token>
				<token count="1">insertAtHead</token>
				<token count="2">item</token>
				<token count="2">next</token>
				<token count="3">prev</token>
				<token count="7">temp</token>
				<token count="1">void</token>
			</operands>
		</function>
		<function name="LinkedList::insertAtTail()">
			<start_line>91</start_line>
			<vG_b>3</vG_b>
			<vG_e>3</vG_e>
			<params>1</params>
			<LOCphy>30</LOCphy>
			<LOCpro>22</LOCpro>
			<LOCbl>4</LOCbl>
			<LOCcom alarmed="1">3</LOCcom>
			<N>108</N>
			<N1>61</N1>
			<N2>47</N2>
			<n>28</n>
			<n1>15</n1>
			<n2>13</n2>
			<V>519.194</V>
			<B>0.194</B>
			<D>27.115</D>
			<E>14078.154</E>
			<L>0.037</L>
			<T>00:13:02</T>
			<MaxND>3</MaxND>
			<MIwoc>83</MIwoc>
			<MIcwc>24</MIcwc>
			<MI>106</MI>
			<operators>
				<token count="2">!=</token>
				<token count="7">()</token>
				<token count="2">*</token>
				<token count="8">-&gt;</token>
				<token count="1">::</token>
				<token count="10">;</token>
				<token count="5">&lt;</token>
				<token count="10">=</token>
				<token count="6">&gt;</token>
				<token count="1">class</token>
				<token count="1">else</token>
				<token count="1">if()</token>
				<token count="2">new</token>
				<token count="1">while()</token>
				<token count="4">{}</token>
			</operators>
			<operands>
				<token count="1">LinkedList</token>
				<token count="4">ListItem</token>
				<token count="5">NULL</token>
				<token count="7">T</token>
				<token count="6">head</token>
				<token count="1">insertAtTail</token>
				<token count="4">item</token>
				<token count="5">next</token>
				<token count="2">prev</token>
				<token count="4">temp</token>
				<token count="6">traversal</token>
				<token count="1">value</token>
				<token count="1">void</token>
			</operands>
		</function>
		<function name="LinkedList::insertAfter()">
			<start_line>122</start_line>
			<vG_b>6</vG_b>
			<vG_e>6</vG_e>
			<params>2</params>
			<LOCphy>59</LOCphy>
			<LOCpro alarmed="1">41</LOCpro>
			<LOCbl>13</LOCbl>
			<LOCcom alarmed="1">4</LOCcom>
			<N>159</N>
			<N1>93</N1>
			<N2>66</N2>
			<n>35</n>
			<n1>18</n1>
			<n2>17</n2>
			<V>815.556</V>
			<B>0.311</B>
			<D>34.941</D>
			<E>28496.486</E>
			<L>0.029</L>
			<T>00:26:23</T>
			<MaxND>5</MaxND>
			<MIwoc>69</MIwoc>
			<MIcwc>20</MIcwc>
			<MI>88</MI>
			<operators>
				<token count="2">!=</token>
				<token count="12">()</token>
				<token count="2">*</token>
				<token count="1">,</token>
				<token count="17">-&gt;</token>
				<token count="1">::</token>
				<token count="14">;</token>
				<token count="4">&lt;</token>
				<token count="11">=</token>
				<token count="3">==</token>
				<token count="5">&gt;</token>
				<token count="1">class</token>
				<token count="3">else</token>
				<token count="4">if()</token>
				<token count="1">new</token>
				<token count="2">return</token>
				<token count="1">while()</token>
				<token count="9">{}</token>
			</operators>
			<operands>
				<token count="1">1</token>
				<token count="1">LinkedList</token>
				<token count="3">ListItem</token>
				<token count="2">NULL</token>
				<token count="7">T</token>
				<token count="3">afterWhat</token>
				<token count="7">head</token>
				<token count="1">insertAfter</token>
				<token count="1">insertAtTail</token>
				<token count="1">length</token>
				<token count="11">next</token>
				<token count="4">prev</token>
				<token count="9">temp</token>
				<token count="3">toInsert</token>
				<token count="9">traversal</token>
				<token count="2">value</token>
				<token count="1">void</token>
			</operands>
		</function>
		<function name="LinkedList::insertSorted()">
			<start_line>182</start_line>
			<vG_b>4</vG_b>
			<vG_e>5</vG_e>
			<params>1</params>
			<LOCphy>37</LOCphy>
			<LOCpro>26</LOCpro>
			<LOCbl>7</LOCbl>
			<LOCcom alarmed="1">3</LOCcom>
			<N>111</N>
			<N1>64</N1>
			<N2>47</N2>
			<n>31</n>
			<n1>17</n1>
			<n2>14</n2>
			<V>549.916</V>
			<B>0.209</B>
			<D>28.536</D>
			<E>15692.240</E>
			<L>0.035</L>
			<T>00:14:31</T>
			<MaxND>3</MaxND>
			<MIwoc>79</MIwoc>
			<MIcwc>21</MIcwc>
			<MI>100</MI>
			<operators>
				<token count="2">!=</token>
				<token count="1">&amp;&amp;</token>
				<token count="9">()</token>
				<token count="2">*</token>
				<token count="10">-&gt;</token>
				<token count="1">::</token>
				<token count="8">;</token>
				<token count="5">&lt;</token>
				<token count="7">=</token>
				<token count="1">==</token>
				<token count="5">&gt;</token>
				<token count="1">class</token>
				<token count="2">else</token>
				<token count="2">if()</token>
				<token count="1">new</token>
				<token count="1">while()</token>
				<token count="6">{}</token>
			</operators>
			<operands>
				<token count="1">LinkedList</token>
				<token count="3">ListItem</token>
				<token count="3">NULL</token>
				<token count="6">T</token>
				<token count="3">head</token>
				<token count="1">insertAtTail</token>
				<token count="1">insertSorted</token>
				<token count="3">item</token>
				<token count="5">next</token>
				<token count="3">prev</token>
				<token count="6">temp</token>
				<token count="9">traversal</token>
				<token count="2">value</token>
				<token count="1">void</token>
			</operands>
		</function>
		<function name="LinkedList::getHead()">
			<start_line>220</start_line>
			<vG_b>2</vG_b>
			<vG_e>2</vG_e>
			<params>0</params>
			<LOCphy>12</LOCphy>
			<LOCpro>11</LOCpro>
			<LOCbl>0</LOCbl>
			<LOCcom alarmed="1">0</LOCcom>
			<N>29</N>
			<N1>19</N1>
			<N2>10</N2>
			<n>18</n>
			<n1>12</n1>
			<n2>6</n2>
			<V>120.928</V>
			<B>0.038</B>
			<D>10.000</D>
			<E>1209.278</E>
			<L>0.100</L>
			<T>00:01:07</T>
			<MaxND>2</MaxND>
			<MIwoc>105</MIwoc>
			<MIcwc>0</MIcwc>
			<MI>105</MI>
			<operators>
				<token count="1">!=</token>
				<token count="1">()</token>
				<token count="1">*</token>
				<token count="1">::</token>
				<token count="2">;</token>
				<token count="2">&lt;</token>
				<token count="3">&gt;</token>
				<token count="1">class</token>
				<token count="1">else</token>
				<token count="1">if()</token>
				<token count="2">return</token>
				<token count="3">{}</token>
			</operators>
			<operands>
				<token count="1">LinkedList</token>
				<token count="1">ListItem</token>
				<token count="2">NULL</token>
				<token count="3">T</token>
				<token count="1">getHead</token>
				<token count="2">head</token>
			</operands>
		</function>
		<function name="LinkedList::getTail()">
			<start_line>233</start_line>
			<vG_b>3</vG_b>
			<vG_e>3</vG_e>
			<params>0</params>
			<LOCphy>17</LOCphy>
			<LOCpro>16</LOCpro>
			<LOCbl>0</LOCbl>
			<LOCcom alarmed="1">0</LOCcom>
			<N>52</N>
			<N1>32</N1>
			<N2>20</N2>
			<n>23</n>
			<n1>15</n1>
			<n2>8</n2>
			<V>235.225</V>
			<B>0.090</B>
			<D>18.750</D>
			<E>4410.473</E>
			<L>0.053</L>
			<T>00:04:05</T>
			<MaxND>3</MaxND>
			<MIwoc>96</MIwoc>
			<MIcwc>0</MIcwc>
			<MI>96</MI>
			<operators>
				<token count="2">!=</token>
				<token count="2">()</token>
				<token count="2">*</token>
				<token count="2">-&gt;</token>
				<token count="1">::</token>
				<token count="4">;</token>
				<token count="3">&lt;</token>
				<token count="2">=</token>
				<token count="4">&gt;</token>
				<token count="1">class</token>
				<token count="1">else</token>
				<token count="1">if()</token>
				<token count="2">return</token>
				<token count="1">while()</token>
				<token count="4">{}</token>
			</operators>
			<operands>
				<token count="1">LinkedList</token>
				<token count="2">ListItem</token>
				<token count="3">NULL</token>
				<token count="4">T</token>
				<token count="1">getTail</token>
				<token count="2">head</token>
				<token count="2">next</token>
				<token count="5">temp</token>
			</operands>
		</function>
		<function name="LinkedList::searchFor()">
			<start_line>251</start_line>
			<vG_b>3</vG_b>
			<vG_e>3</vG_e>
			<params>1</params>
			<LOCphy>20</LOCphy>
			<LOCpro>16</LOCpro>
			<LOCbl>2</LOCbl>
			<LOCcom alarmed="1">1</LOCcom>
			<N>54</N>
			<N1>32</N1>
			<N2>22</N2>
			<n>26</n>
			<n1>16</n1>
			<n2>10</n2>
			<V>253.824</V>
			<B>0.090</B>
			<D>17.600</D>
			<E>4467.298</E>
			<L>0.057</L>
			<T>00:04:08</T>
			<MaxND>3</MaxND>
			<MIwoc>93</MIwoc>
			<MIcwc>17</MIcwc>
			<MI>110</MI>
			<operators>
				<token count="1">!=</token>
				<token count="2">()</token>
				<token count="2">*</token>
				<token count="2">-&gt;</token>
				<token count="1">::</token>
				<token count="4">;</token>
				<token count="3">&lt;</token>
				<token count="2">=</token>
				<token count="1">==</token>
				<token count="4">&gt;</token>
				<token count="1">class</token>
				<token count="1">else</token>
				<token count="1">if()</token>
				<token count="2">return</token>
				<token count="1">while()</token>
				<token count="4">{}</token>
			</operators>
			<operands>
				<token count="1">LinkedList</token>
				<token count="2">ListItem</token>
				<token count="2">NULL</token>
				<token count="5">T</token>
				<token count="1">head</token>
				<token count="2">item</token>
				<token count="1">next</token>
				<token count="1">searchFor</token>
				<token count="6">traversal</token>
				<token count="1">value</token>
			</operands>
		</function>
		<function name="LinkedList::deleteElement()">
			<start_line>272</start_line>
			<vG_b>4</vG_b>
			<vG_e>4</vG_e>
			<params>1</params>
			<LOCphy>24</LOCphy>
			<LOCpro>21</LOCpro>
			<LOCbl>2</LOCbl>
			<LOCcom alarmed="1">0</LOCcom>
			<N>78</N>
			<N1>47</N1>
			<N2>31</N2>
			<n>29</n>
			<n1>17</n1>
			<n2>12</n2>
			<V>378.923</V>
			<B>0.137</B>
			<D>21.958</D>
			<E>8320.507</E>
			<L>0.046</L>
			<T>00:07:42</T>
			<MaxND>4</MaxND>
			<MIwoc>88</MIwoc>
			<MIcwc>0</MIcwc>
			<MI>88</MI>
			<operators>
				<token count="1">!=</token>
				<token count="8">()</token>
				<token count="1">*</token>
				<token count="8">-&gt;</token>
				<token count="1">::</token>
				<token count="6">;</token>
				<token count="2">&lt;</token>
				<token count="4">=</token>
				<token count="1">==</token>
				<token count="3">&gt;</token>
				<token count="1">class</token>
				<token count="1">delete</token>
				<token count="1">else</token>
				<token count="2">if()</token>
				<token count="1">return</token>
				<token count="1">while()</token>
				<token count="5">{}</token>
			</operators>
			<operands>
				<token count="1">LinkedList</token>
				<token count="1">ListItem</token>
				<token count="1">NULL</token>
				<token count="4">T</token>
				<token count="1">deleteElement</token>
				<token count="2">head</token>
				<token count="2">item</token>
				<token count="4">next</token>
				<token count="3">prev</token>
				<token count="10">traversal</token>
				<token count="1">value</token>
				<token count="1">void</token>
			</operands>
		</function>
		<function name="LinkedList::deleteHead()">
			<start_line>297</start_line>
			<vG_b>2</vG_b>
			<vG_e>2</vG_e>
			<params>0</params>
			<LOCphy>12</LOCphy>
			<LOCpro>10</LOCpro>
			<LOCbl>1</LOCbl>
			<LOCcom alarmed="1">0</LOCcom>
			<N>39</N>
			<N1>22</N1>
			<N2>17</N2>
			<n>22</n>
			<n1>12</n1>
			<n2>10</n2>
			<V>173.918</V>
			<B>0.049</B>
			<D>10.200</D>
			<E>1773.962</E>
			<L>0.098</L>
			<T>00:01:38</T>
			<MaxND>2</MaxND>
			<MIwoc>103</MIwoc>
			<MIcwc>0</MIcwc>
			<MI>103</MI>
			<operators>
				<token count="1">()</token>
				<token count="1">*</token>
				<token count="2">-&gt;</token>
				<token count="1">::</token>
				<token count="4">;</token>
				<token count="2">&lt;</token>
				<token count="3">=</token>
				<token count="3">&gt;</token>
				<token count="1">class</token>
				<token count="1">delete</token>
				<token count="1">if()</token>
				<token count="2">{}</token>
			</operators>
			<operands>
				<token count="1">LinkedList</token>
				<token count="1">ListItem</token>
				<token count="1">NULL</token>
				<token count="3">T</token>
				<token count="1">deleteHead</token>
				<token count="5">head</token>
				<token count="1">next</token>
				<token count="1">prev</token>
				<token count="2">temp</token>
				<token count="1">void</token>
			</operands>
		</function>
		<function name="LinkedList::deleteTail()">
			<start_line>310</start_line>
			<vG_b>3</vG_b>
			<vG_e>3</vG_e>
			<params>0</params>
			<LOCphy>17</LOCphy>
			<LOCpro>13</LOCpro>
			<LOCbl>3</LOCbl>
			<LOCcom alarmed="1">0</LOCcom>
			<N>50</N>
			<N1>29</N1>
			<N2>21</N2>
			<n>24</n>
			<n1>14</n1>
			<n2>10</n2>
			<V>229.248</V>
			<B>0.075</B>
			<D>14.700</D>
			<E>3369.948</E>
			<L>0.068</L>
			<T>00:03:07</T>
			<MaxND>3</MaxND>
			<MIwoc>96</MIwoc>
			<MIcwc>0</MIcwc>
			<MI>96</MI>
			<operators>
				<token count="1">!=</token>
				<token count="3">()</token>
				<token count="1">*</token>
				<token count="4">-&gt;</token>
				<token count="1">::</token>
				<token count="4">;</token>
				<token count="2">&lt;</token>
				<token count="3">=</token>
				<token count="3">&gt;</token>
				<token count="1">class</token>
				<token count="1">delete</token>
				<token count="1">if()</token>
				<token count="1">while()</token>
				<token count="3">{}</token>
			</operators>
			<operands>
				<token count="1">LinkedList</token>
				<token count="1">ListItem</token>
				<token count="2">NULL</token>
				<token count="3">T</token>
				<token count="1">deleteTail</token>
				<token count="2">head</token>
				<token count="3">next</token>
				<token count="1">prev</token>
				<token count="6">traversal</token>
				<token count="1">void</token>
			</operands>
		</function>
		<function name="LinkedList::length()">
			<start_line>328</start_line>
			<vG_b>2</vG_b>
			<vG_e>2</vG_e>
			<params>0</params>
			<LOCphy>14</LOCphy>
			<LOCpro>11</LOCpro>
			<LOCbl>2</LOCbl>
			<LOCcom alarmed="1">0</LOCcom>
			<N>43</N>
			<N1>24</N1>
			<N2>19</N2>
			<n>25</n>
			<n1>14</n1>
			<n2>11</n2>
			<V>199.686</V>
			<B>0.060</B>
			<D>12.091</D>
			<E>2414.383</E>
			<L>0.083</L>
			<T>00:02:14</T>
			<MaxND>2</MaxND>
			<MIwoc>100</MIwoc>
			<MIcwc>0</MIcwc>
			<MI>100</MI>
			<operators>
				<token count="1">!=</token>
				<token count="1">()</token>
				<token count="1">*</token>
				<token count="1">++</token>
				<token count="1">-&gt;</token>
				<token count="1">::</token>
				<token count="5">;</token>
				<token count="2">&lt;</token>
				<token count="3">=</token>
				<token count="3">&gt;</token>
				<token count="1">class</token>
				<token count="1">return</token>
				<token count="1">while()</token>
				<token count="2">{}</token>
			</operators>
			<operands>
				<token count="1">0</token>
				<token count="1">LinkedList</token>
				<token count="1">ListItem</token>
				<token count="1">NULL</token>
				<token count="3">T</token>
				<token count="3">counter</token>
				<token count="1">head</token>
				<token count="2">int</token>
				<token count="1">length</token>
				<token count="1">next</token>
				<token count="4">traversal</token>
			</operands>
		</function>
		<function name="LinkedList::reverse()">
			<start_line>343</start_line>
			<vG_b>2</vG_b>
			<vG_e>2</vG_e>
			<params>0</params>
			<LOCphy>15</LOCphy>
			<LOCpro>11</LOCpro>
			<LOCbl>2</LOCbl>
			<LOCcom alarmed="1">1</LOCcom>
			<N>51</N>
			<N1>29</N1>
			<N2>22</N2>
			<n>25</n>
			<n1>12</n1>
			<n2>13</n2>
			<V>236.837</V>
			<B>0.060</B>
			<D>10.154</D>
			<E>2404.803</E>
			<L>0.098</L>
			<T>00:02:13</T>
			<MaxND>2</MaxND>
			<MIwoc>98</MIwoc>
			<MIcwc>19</MIcwc>
			<MI>118</MI>
			<operators>
				<token count="1">!=</token>
				<token count="4">()</token>
				<token count="2">*</token>
				<token count="2">-&gt;</token>
				<token count="1">::</token>
				<token count="5">;</token>
				<token count="3">&lt;</token>
				<token count="3">=</token>
				<token count="4">&gt;</token>
				<token count="1">class</token>
				<token count="1">while()</token>
				<token count="2">{}</token>
			</operators>
			<operands>
				<token count="1">LinkedList</token>
				<token count="2">ListItem</token>
				<token count="4">T</token>
				<token count="1">deleteHead</token>
				<token count="1">getTail</token>
				<token count="1">head</token>
				<token count="1">insertAtTail</token>
				<token count="1">next</token>
				<token count="1">reverse</token>
				<token count="2">tail</token>
				<token count="5">traversal</token>
				<token count="1">value</token>
				<token count="1">void</token>
			</operands>
		</function>
		<function name="LinkedList::parityArrangement()">
			<start_line>359</start_line>
			<vG_b>6</vG_b>
			<vG_e>6</vG_e>
			<params>0</params>
			<LOCphy>43</LOCphy>
			<LOCpro>35</LOCpro>
			<LOCbl>7</LOCbl>
			<LOCcom alarmed="1">2</LOCcom>
			<N>142</N>
			<N1>81</N1>
			<N2>61</N2>
			<n>36</n>
			<n1>16</n1>
			<n2>20</n2>
			<V>734.129</V>
			<B>0.228</B>
			<D>24.400</D>
			<E>17912.756</E>
			<L>0.041</L>
			<T>00:16:35</T>
			<MaxND>4</MaxND>
			<MIwoc>74</MIwoc>
			<MIcwc>16</MIcwc>
			<MI>91</MI>
			<operators>
				<token count="1">!=</token>
				<token count="1">%</token>
				<token count="9">()</token>
				<token count="4">*</token>
				<token count="11">-&gt;</token>
				<token count="1">::</token>
				<token count="14">;</token>
				<token count="7">&lt;</token>
				<token count="9">=</token>
				<token count="8">&gt;</token>
				<token count="1">class</token>
				<token count="1">else</token>
				<token count="2">if()</token>
				<token count="2">new</token>
				<token count="3">while()</token>
				<token count="7">{}</token>
			</operators>
			<operands>
				<token count="1">1</token>
				<token count="1">2</token>
				<token count="5">LinkedList</token>
				<token count="2">ListItem</token>
				<token count="2">NULL</token>
				<token count="8">T</token>
				<token count="2">counter</token>
				<token count="1">deleteHead</token>
				<token count="3">even</token>
				<token count="1">getHead</token>
				<token count="3">head</token>
				<token count="4">insertAtTail</token>
				<token count="1">int</token>
				<token count="2">next</token>
				<token count="4">odd</token>
				<token count="1">parityArrangement</token>
				<token count="11">temp</token>
				<token count="4">traversal</token>
				<token count="4">value</token>
				<token count="1">void</token>
			</operands>
		</function>
		<function name="LinkedList::isPalindrome()">
			<start_line>403</start_line>
			<vG_b>1</vG_b>
			<vG_e>1</vG_e>
			<params>0</params>
			<LOCphy>5</LOCphy>
			<LOCpro alarmed="1">3</LOCpro>
			<LOCbl>1</LOCbl>
			<LOCcom>0</LOCcom>
			<N>12</N>
			<N1>7</N1>
			<N2>5</N2>
			<n>10</n>
			<n1>6</n1>
			<n2>4</n2>
			<V>39.863</V>
			<B>0.009</B>
			<D>3.750</D>
			<E>149.487</E>
			<L>0.267</L>
			<T>00:00:08</T>
			<MaxND>1</MaxND>
			<MIwoc>126</MIwoc>
			<MIcwc>0</MIcwc>
			<MI>126</MI>
			<operators>
				<token count="1">()</token>
				<token count="1">::</token>
				<token count="1">&lt;</token>
				<token count="2">&gt;</token>
				<token count="1">class</token>
				<token count="1">{}</token>
			</operators>
			<operands>
				<token count="1">LinkedList</token>
				<token count="2">T</token>
				<token count="1">bool</token>
				<token count="1">isPalindrome</token>
			</operands>
		</function>
		<file_total>
			<vG_b>35</vG_b>
			<vG_e>36</vG_e>
			<vG_b_max>6</vG_b_max>
			<vG_b_avg>3</vG_b_avg>
			<vG_e_max>6</vG_e_max>
			<vG_e_avg>3</vG_e_avg>
			<params>8</params>
			<LOCphy>408</LOCphy>
			<LOCpro>317</LOCpro>
			<LOCbl>74</LOCbl>
			<LOCcom alarmed="1">19</LOCcom>
			<N>1212</N>
			<N1>722</N1>
			<N2>490</N2>
			<n>74</n>
			<n1>32</n1>
			<n2>42</n2>
			<V>7525.857</V>
			<B alarmed="1">4.181</B>
			<D>186.667</D>
			<E>1404826.750</E>
			<L>0.005</L>
			<T>21:40:45</T>
			<MaxND>5</MaxND>
			<MIwoc>87</MIwoc>
			<MIcwc>16</MIcwc>
			<MI>104</MI>
			<operators>
				<token count="18">!=</token>
				<token count="5">#</token>
				<token count="1">%</token>
				<token count="1">&amp;</token>
				<token count="1">&amp;&amp;</token>
				<token count="75">()</token>
				<token count="25">*</token>
				<token count="1">++</token>
				<token count="1">,</token>
				<token count="79">-&gt;</token>
				<token count="1">.</token>
				<token count="17">::</token>
				<token count="103">;</token>
				<token count="69">&lt;</token>
				<token count="74">=</token>
				<token count="7">==</token>
				<token count="68">&gt;</token>
				<token count="17">class</token>
				<token count="1">const</token>
				<token count="7">delete</token>
				<token count="14">else</token>
				<token count="1">endif</token>
				<token count="19">if()</token>
				<token count="1">ifndef</token>
				<token count="1">namespace</token>
				<token count="8">new</token>
				<token count="10">return</token>
				<token count="17">template</token>
				<token count="1">using</token>
				<token count="14">while()</token>
				<token count="64">{}</token>
				<token count="1">~</token>
			</operators>
			<operands>
				<token count="1">0</token>
				<token count="2">1</token>
				<token count="1">2</token>
				<token count="25">LinkedList</token>
				<token count="29">ListItem</token>
				<token count="34">NULL</token>
				<token count="75">T</token>
				<token count="2">__LIST_CPP</token>
				<token count="3">afterWhat</token>
				<token count="1">bool</token>
				<token count="5">counter</token>
				<token count="1">define</token>
				<token count="1">deleteElement</token>
				<token count="3">deleteHead</token>
				<token count="1">deleteTail</token>
				<token count="3">even</token>
				<token count="2">getHead</token>
				<token count="2">getTail</token>
				<token count="50">head</token>
				<token count="2">include</token>
				<token count="1">insertAfter</token>
				<token count="1">insertAtHead</token>
				<token count="9">insertAtTail</token>
				<token count="1">insertSorted</token>
				<token count="3">int</token>
				<token count="1">isPalindrome</token>
				<token count="13">item</token>
				<token count="2">length</token>
				<token count="42">next</token>
				<token count="4">odd</token>
				<token count="2">otherLinkedList</token>
				<token count="1">parityArrangement</token>
				<token count="18">prev</token>
				<token count="1">reverse</token>
				<token count="1">searchFor</token>
				<token count="1">std</token>
				<token count="2">tail</token>
				<token count="52">temp</token>
				<token count="3">toInsert</token>
				<token count="66">traversal</token>
				<token count="14">value</token>
				<token count="9">void</token>
			</operands>
		</file_total>
	</file>
	<system>
		<files>1</files>
		<functions>17</functions>
		<LOCphy>408</LOCphy>
		<LOCbl>74</LOCbl>
		<LOCpro>317</LOCpro>
		<LOCcom>19</LOCcom>
		<semicolons>103</semicolons>
		<vG_b>35</vG_b>
		<vG_e>36</vG_e>
		<params>8</params>
		<MIwoc>90</MIwoc>
		<MIcw>17</MIcw>
		<MI>106</MI>
		<alarms>
			<file_vG>
				<measured>1</measured>
				<alarmed>0</alarmed>
				<percent>0</percent>
				<lowlimit>1</lowlimit>
				<highlimit>100</highlimit>
			</file_vG>
			<file_LOCpro>
				<measured>1</measured>
				<alarmed>0</alarmed>
				<percent>0</percent>
				<lowlimit>4</lowlimit>
				<highlimit>400</highlimit>
			</file_LOCpro>
			<file_comment_percent>
				<measured>1</measured>
				<alarmed>1</alarmed>
				<percent>100</percent>
				<lowlimit>30</lowlimit>
				<highlimit>75</highlimit>
			</file_comment_percent>
			<file_V>
				<measured>1</measured>
				<alarmed>0</alarmed>
				<percent>0</percent>
				<lowlimit>100</lowlimit>
				<highlimit>8000</highlimit>
			</file_V>
			<file_B>
				<measured>1</measured>
				<alarmed>1</alarmed>
				<percent>100</percent>
				<lowlimit>0</lowlimit>
				<highlimit>2</highlimit>
			</file_B>
			<file_MI>
				<measured>1</measured>
				<alarmed>0</alarmed>
				<percent>0</percent>
				<lowlimit>65</lowlimit>
			</file_MI>
			<function_vG>
				<measured>17</measured>
				<alarmed>0</alarmed>
				<percent>0</percent>
				<lowlimit>1</lowlimit>
				<highlimit>10</highlimit>
			</function_vG>
			<function_LOCpro>
				<measured>17</measured>
				<alarmed>2</alarmed>
				<percent>11</percent>
				<lowlimit>4</lowlimit>
				<highlimit>40</highlimit>
			</function_LOCpro>
			<function_comment_percent>
				<measured>17</measured>
				<alarmed>15</alarmed>
				<percent>88</percent>
				<lowlimit>30</lowlimit>
				<highlimit>75</highlimit>
			</function_comment_percent>
			<function_V>
				<measured>17</measured>
				<alarmed>0</alarmed>
				<percent>0</percent>
				<lowlimit>20</lowlimit>
				<highlimit>1000</highlimit>
			</function_V>
			<function_MI>
				<measured>17</measured>
				<alarmed>0</alarmed>
				<percent>0</percent>
				<lowlimit>65</lowlimit>
			</function_MI>
		</alarms>
		<error_messages count="0">
		</error_messages>
	</system>
</cmt_long_report>
