<?xml version="1.0" ?>
<cmt_long_report>
	<header_info>
		<cmt_version>7.0</cmt_version>
		<copyright>Copyright (c) 1993-2013 Testwell Oy</copyright>
		<copyright>Copyright (c) 2013-2018 Verifysoft Technology GmbH</copyright>
		<license_notes>
		</license_notes>
		<date>Tue Apr  4 21:25:59 2023</date>
		<cmt_options> -o C:\Users\muawi\cmt\A1_T1_S61.xml -lf -f C:\Users\muawi\cmt\files.txt</cmt_options>
		<run_directory>C:\Testwell\CMT</run_directory>
		<mccabe_preference>extended</mccabe_preference>
	</header_info>
	<file name="C:\Users\muawi\OneDrive\Documents\Study\Junior Year\Topics in Internet Research\Project\PA1_ANON_DATA\PA1_ANON_DATA\folder_61\LinkedList.cpp" stamp="1680056154">
		<function name="LinkedList::LinkedList()">
			<start_line>11</start_line>
			<vG_b>1</vG_b>
			<vG_e>1</vG_e>
			<params>0</params>
			<LOCphy>5</LOCphy>
			<LOCpro>4</LOCpro>
			<LOCbl>0</LOCbl>
			<LOCcom>0</LOCcom>
			<N>15</N>
			<N1>9</N1>
			<N2>6</N2>
			<n>12</n>
			<n1>8</n1>
			<n2>4</n2>
			<V>53.774</V>
			<B>0.016</B>
			<D>6.000</D>
			<E>322.647</E>
			<L>0.167</L>
			<T>00:00:17</T>
			<MaxND>1</MaxND>
			<MIwoc>124</MIwoc>
			<MIcwc>0</MIcwc>
			<MI>124</MI>
			<operators>
				<token count="1">()</token>
				<token count="1">::</token>
				<token count="1">;</token>
				<token count="1">&lt;</token>
				<token count="1">=</token>
				<token count="2">&gt;</token>
				<token count="1">class</token>
				<token count="1">{}</token>
			</operators>
			<operands>
				<token count="2">LinkedList</token>
				<token count="1">NULL</token>
				<token count="2">T</token>
				<token count="1">head</token>
			</operands>
		</function>
		<function name="LinkedList::LinkedList()">
			<start_line>17</start_line>
			<vG_b>4</vG_b>
			<vG_e>4</vG_e>
			<params>1</params>
			<LOCphy>56</LOCphy>
			<LOCpro>28</LOCpro>
			<LOCbl>2</LOCbl>
			<LOCcom>25</LOCcom>
			<N>133</N>
			<N1>76</N1>
			<N2>57</N2>
			<n>32</n>
			<n1>20</n1>
			<n2>12</n2>
			<V>665.000</V>
			<B>0.333</B>
			<D>47.500</D>
			<E>31587.500</E>
			<L>0.021</L>
			<T>00:29:14</T>
			<MaxND>4</MaxND>
			<MIwoc>71</MIwoc>
			<MIcwc>43</MIcwc>
			<MI>114</MI>
			<operators>
				<token count="1">!=</token>
				<token count="1">&amp;</token>
				<token count="3">()</token>
				<token count="3">*</token>
				<token count="10">-&gt;</token>
				<token count="2">.</token>
				<token count="1">::</token>
				<token count="12">;</token>
				<token count="7">&lt;</token>
				<token count="11">=</token>
				<token count="2">==</token>
				<token count="8">&gt;</token>
				<token count="1">break</token>
				<token count="1">class</token>
				<token count="1">const</token>
				<token count="2">else</token>
				<token count="2">if()</token>
				<token count="2">new</token>
				<token count="1">while()</token>
				<token count="5">{}</token>
			</operators>
			<operands>
				<token count="3">LinkedList</token>
				<token count="5">ListItem</token>
				<token count="5">NULL</token>
				<token count="8">T</token>
				<token count="3">agla</token>
				<token count="5">head</token>
				<token count="5">next</token>
				<token count="3">otherLinkedList</token>
				<token count="1">prev</token>
				<token count="7">t1</token>
				<token count="8">t2</token>
				<token count="4">value</token>
			</operands>
		</function>
		<function name="LinkedList::~LinkedList()">
			<start_line>74</start_line>
			<vG_b>2</vG_b>
			<vG_e>2</vG_e>
			<params>0</params>
			<LOCphy>11</LOCphy>
			<LOCpro>10</LOCpro>
			<LOCbl>0</LOCbl>
			<LOCcom alarmed="1">0</LOCcom>
			<N>37</N>
			<N1>22</N1>
			<N2>15</N2>
			<n>21</n>
			<n1>14</n1>
			<n2>7</n2>
			<V>162.516</V>
			<B>0.060</B>
			<D>15.000</D>
			<E>2437.736</E>
			<L>0.067</L>
			<T>00:02:15</T>
			<MaxND>2</MaxND>
			<MIwoc>105</MIwoc>
			<MIcwc>0</MIcwc>
			<MI>105</MI>
			<operators>
				<token count="1">!=</token>
				<token count="1">()</token>
				<token count="1">*</token>
				<token count="1">-&gt;</token>
				<token count="1">::</token>
				<token count="4">;</token>
				<token count="2">&lt;</token>
				<token count="2">=</token>
				<token count="3">&gt;</token>
				<token count="1">class</token>
				<token count="1">delete</token>
				<token count="1">while()</token>
				<token count="2">{}</token>
				<token count="1">~</token>
			</operators>
			<operands>
				<token count="2">LinkedList</token>
				<token count="1">ListItem</token>
				<token count="1">NULL</token>
				<token count="3">T</token>
				<token count="4">head</token>
				<token count="1">next</token>
				<token count="3">temp</token>
			</operands>
		</function>
		<function name="LinkedList::insertAtHead()">
			<start_line>86</start_line>
			<vG_b>2</vG_b>
			<vG_e>2</vG_e>
			<params>1</params>
			<LOCphy>12</LOCphy>
			<LOCpro>9</LOCpro>
			<LOCbl>1</LOCbl>
			<LOCcom>1</LOCcom>
			<N>55</N>
			<N1>29</N1>
			<N2>26</N2>
			<n>24</n>
			<n1>13</n1>
			<n2>11</n2>
			<V>252.173</V>
			<B>0.082</B>
			<D>15.364</D>
			<E>3874.293</E>
			<L>0.065</L>
			<T>00:03:35</T>
			<MaxND>1</MaxND>
			<MIwoc>102</MIwoc>
			<MIcwc>22</MIcwc>
			<MI>123</MI>
			<operators>
				<token count="1">!=</token>
				<token count="2">()</token>
				<token count="1">*</token>
				<token count="3">-&gt;</token>
				<token count="1">::</token>
				<token count="5">;</token>
				<token count="3">&lt;</token>
				<token count="5">=</token>
				<token count="4">&gt;</token>
				<token count="1">class</token>
				<token count="1">if()</token>
				<token count="1">new</token>
				<token count="1">{}</token>
			</operators>
			<operands>
				<token count="1">LinkedList</token>
				<token count="2">ListItem</token>
				<token count="2">NULL</token>
				<token count="5">T</token>
				<token count="4">head</token>
				<token count="1">insertAtHead</token>
				<token count="2">item</token>
				<token count="1">next</token>
				<token count="2">prev</token>
				<token count="5">temp</token>
				<token count="1">void</token>
			</operands>
		</function>
		<function name="LinkedList::insertAtTail()">
			<start_line>99</start_line>
			<vG_b>3</vG_b>
			<vG_e>3</vG_e>
			<params>1</params>
			<LOCphy>18</LOCphy>
			<LOCpro>15</LOCpro>
			<LOCbl>1</LOCbl>
			<LOCcom alarmed="1">1</LOCcom>
			<N>78</N>
			<N1>42</N1>
			<N2>36</N2>
			<n>29</n>
			<n1>16</n1>
			<n2>13</n2>
			<V>378.923</V>
			<B>0.138</B>
			<D>22.154</D>
			<E>8394.591</E>
			<L>0.045</L>
			<T>00:07:46</T>
			<MaxND>2</MaxND>
			<MIwoc>93</MIwoc>
			<MIcwc>18</MIcwc>
			<MI>110</MI>
			<operators>
				<token count="1">!=</token>
				<token count="3">()</token>
				<token count="2">*</token>
				<token count="5">-&gt;</token>
				<token count="1">::</token>
				<token count="7">;</token>
				<token count="4">&lt;</token>
				<token count="6">=</token>
				<token count="1">==</token>
				<token count="5">&gt;</token>
				<token count="1">class</token>
				<token count="1">else</token>
				<token count="1">if()</token>
				<token count="1">new</token>
				<token count="1">while()</token>
				<token count="2">{}</token>
			</operators>
			<operands>
				<token count="1">LinkedList</token>
				<token count="3">ListItem</token>
				<token count="3">NULL</token>
				<token count="6">T</token>
				<token count="2">head</token>
				<token count="1">insertAtHead</token>
				<token count="1">insertAtTail</token>
				<token count="3">item</token>
				<token count="4">next</token>
				<token count="1">prev</token>
				<token count="4">temp</token>
				<token count="6">traverse</token>
				<token count="1">void</token>
			</operands>
		</function>
		<function name="LinkedList::insertAfter()">
			<start_line>118</start_line>
			<vG_b>7</vG_b>
			<vG_e>7</vG_e>
			<params>2</params>
			<LOCphy>42</LOCphy>
			<LOCpro>38</LOCpro>
			<LOCbl>3</LOCbl>
			<LOCcom alarmed="1">0</LOCcom>
			<N>135</N>
			<N1>79</N1>
			<N2>56</N2>
			<n>37</n>
			<n1>20</n1>
			<n2>17</n2>
			<V>703.276</V>
			<B>0.271</B>
			<D>32.941</D>
			<E>23166.746</E>
			<L>0.030</L>
			<T>00:21:27</T>
			<MaxND>5</MaxND>
			<MIwoc>75</MIwoc>
			<MIcwc>0</MIcwc>
			<MI>75</MI>
			<operators>
				<token count="2">!=</token>
				<token count="4">()</token>
				<token count="2">*</token>
				<token count="1">,</token>
				<token count="10">-&gt;</token>
				<token count="1">::</token>
				<token count="12">;</token>
				<token count="4">&lt;</token>
				<token count="10">=</token>
				<token count="4">==</token>
				<token count="5">&gt;</token>
				<token count="1">break</token>
				<token count="1">class</token>
				<token count="3">else</token>
				<token count="1">false</token>
				<token count="5">if()</token>
				<token count="1">new</token>
				<token count="3">true</token>
				<token count="1">while()</token>
				<token count="8">{}</token>
			</operators>
			<operands>
				<token count="1">LinkedList</token>
				<token count="3">ListItem</token>
				<token count="3">NULL</token>
				<token count="7">T</token>
				<token count="3">afterWhat</token>
				<token count="1">bool</token>
				<token count="4">check</token>
				<token count="2">head</token>
				<token count="1">insertAfter</token>
				<token count="1">insertAtTail</token>
				<token count="6">next</token>
				<token count="2">prev</token>
				<token count="5">temp</token>
				<token count="3">toInsert</token>
				<token count="11">traverse</token>
				<token count="2">value</token>
				<token count="1">void</token>
			</operands>
		</function>
		<function name="LinkedList::insertSorted()">
			<start_line>161</start_line>
			<vG_b>5</vG_b>
			<vG_e>6</vG_e>
			<params>1</params>
			<LOCphy>33</LOCphy>
			<LOCpro>30</LOCpro>
			<LOCbl>2</LOCbl>
			<LOCcom alarmed="1">0</LOCcom>
			<N>122</N>
			<N1>70</N1>
			<N2>52</N2>
			<n>37</n>
			<n1>20</n1>
			<n2>17</n2>
			<V>635.553</V>
			<B>0.241</B>
			<D>30.588</D>
			<E>19440.455</E>
			<L>0.033</L>
			<T>00:18:00</T>
			<MaxND>4</MaxND>
			<MIwoc>79</MIwoc>
			<MIcwc>0</MIcwc>
			<MI>79</MI>
			<operators>
				<token count="1">!=</token>
				<token count="4">()</token>
				<token count="2">*</token>
				<token count="9">-&gt;</token>
				<token count="1">::</token>
				<token count="12">;</token>
				<token count="5">&lt;</token>
				<token count="9">=</token>
				<token count="2">==</token>
				<token count="6">&gt;</token>
				<token count="1">break</token>
				<token count="1">class</token>
				<token count="3">else</token>
				<token count="2">false</token>
				<token count="3">if()</token>
				<token count="1">new</token>
				<token count="1">true</token>
				<token count="1">while()</token>
				<token count="5">{}</token>
				<token count="1">||</token>
			</operators>
			<operands>
				<token count="1">LinkedList</token>
				<token count="3">ListItem</token>
				<token count="2">NULL</token>
				<token count="6">T</token>
				<token count="1">bool</token>
				<token count="3">check</token>
				<token count="3">head</token>
				<token count="1">insertAtHead</token>
				<token count="1">insertAtTail</token>
				<token count="1">insertSorted</token>
				<token count="6">item</token>
				<token count="9">n</token>
				<token count="3">next</token>
				<token count="4">prev</token>
				<token count="5">temp</token>
				<token count="2">value</token>
				<token count="1">void</token>
			</operands>
		</function>
		<function name="LinkedList::getHead()">
			<start_line>195</start_line>
			<vG_b>2</vG_b>
			<vG_e>2</vG_e>
			<params>0</params>
			<LOCphy>8</LOCphy>
			<LOCpro>7</LOCpro>
			<LOCbl>0</LOCbl>
			<LOCcom>0</LOCcom>
			<N>29</N>
			<N1>18</N1>
			<N2>11</N2>
			<n>20</n>
			<n1>13</n1>
			<n2>7</n2>
			<V>125.336</V>
			<B>0.039</B>
			<D>10.214</D>
			<E>1280.217</E>
			<L>0.098</L>
			<T>00:01:11</T>
			<MaxND>1</MaxND>
			<MIwoc>112</MIwoc>
			<MIcwc>0</MIcwc>
			<MI>112</MI>
			<operators>
				<token count="1">()</token>
				<token count="1">*</token>
				<token count="1">-&gt;</token>
				<token count="1">::</token>
				<token count="2">;</token>
				<token count="2">&lt;</token>
				<token count="1">==</token>
				<token count="3">&gt;</token>
				<token count="1">class</token>
				<token count="1">else</token>
				<token count="1">if()</token>
				<token count="2">return</token>
				<token count="1">{}</token>
			</operators>
			<operands>
				<token count="1">LinkedList</token>
				<token count="1">ListItem</token>
				<token count="2">NULL</token>
				<token count="3">T</token>
				<token count="1">getHead</token>
				<token count="2">head</token>
				<token count="1">this</token>
			</operands>
		</function>
		<function name="LinkedList::getTail()">
			<start_line>204</start_line>
			<vG_b>2</vG_b>
			<vG_e>2</vG_e>
			<params>0</params>
			<LOCphy>9</LOCphy>
			<LOCpro>7</LOCpro>
			<LOCbl>1</LOCbl>
			<LOCcom>0</LOCcom>
			<N>40</N>
			<N1>23</N1>
			<N2>17</N2>
			<n>21</n>
			<n1>13</n1>
			<n2>8</n2>
			<V>175.693</V>
			<B>0.060</B>
			<D>13.813</D>
			<E>2426.755</E>
			<L>0.072</L>
			<T>00:02:14</T>
			<MaxND>1</MaxND>
			<MIwoc>108</MIwoc>
			<MIcwc>0</MIcwc>
			<MI>108</MI>
			<operators>
				<token count="1">!=</token>
				<token count="1">()</token>
				<token count="2">*</token>
				<token count="2">-&gt;</token>
				<token count="1">::</token>
				<token count="3">;</token>
				<token count="3">&lt;</token>
				<token count="2">=</token>
				<token count="4">&gt;</token>
				<token count="1">class</token>
				<token count="1">return</token>
				<token count="1">while()</token>
				<token count="1">{}</token>
			</operators>
			<operands>
				<token count="1">LinkedList</token>
				<token count="2">ListItem</token>
				<token count="1">NULL</token>
				<token count="4">T</token>
				<token count="1">getTail</token>
				<token count="1">head</token>
				<token count="2">next</token>
				<token count="5">traverse</token>
			</operands>
		</function>
		<function name="LinkedList::searchFor()">
			<start_line>214</start_line>
			<vG_b>3</vG_b>
			<vG_e>3</vG_e>
			<params>1</params>
			<LOCphy>13</LOCphy>
			<LOCpro>11</LOCpro>
			<LOCbl>1</LOCbl>
			<LOCcom alarmed="1">0</LOCcom>
			<N>48</N>
			<N1>27</N1>
			<N2>21</N2>
			<n>26</n>
			<n1>16</n1>
			<n2>10</n2>
			<V>225.621</V>
			<B>0.081</B>
			<D>16.800</D>
			<E>3790.435</E>
			<L>0.060</L>
			<T>00:03:30</T>
			<MaxND>2</MaxND>
			<MIwoc>101</MIwoc>
			<MIcwc>0</MIcwc>
			<MI>101</MI>
			<operators>
				<token count="1">!=</token>
				<token count="1">()</token>
				<token count="2">*</token>
				<token count="2">-&gt;</token>
				<token count="1">::</token>
				<token count="3">;</token>
				<token count="3">&lt;</token>
				<token count="2">=</token>
				<token count="1">==</token>
				<token count="4">&gt;</token>
				<token count="1">class</token>
				<token count="1">else</token>
				<token count="1">if()</token>
				<token count="1">return</token>
				<token count="1">while()</token>
				<token count="2">{}</token>
			</operators>
			<operands>
				<token count="1">LinkedList</token>
				<token count="2">ListItem</token>
				<token count="1">NULL</token>
				<token count="5">T</token>
				<token count="1">head</token>
				<token count="2">item</token>
				<token count="1">next</token>
				<token count="1">searchFor</token>
				<token count="6">traverse</token>
				<token count="1">value</token>
			</operands>
		</function>
		<function name="LinkedList::deleteElement()">
			<start_line>228</start_line>
			<vG_b>7</vG_b>
			<vG_e>7</vG_e>
			<params>1</params>
			<LOCphy>40</LOCphy>
			<LOCpro>33</LOCpro>
			<LOCbl>4</LOCbl>
			<LOCcom alarmed="1">2</LOCcom>
			<N>121</N>
			<N1>72</N1>
			<N2>49</N2>
			<n>37</n>
			<n1>19</n1>
			<n2>18</n2>
			<V>630.344</V>
			<B>0.214</B>
			<D>25.861</D>
			<E>16301.393</E>
			<L>0.039</L>
			<T>00:15:05</T>
			<MaxND>4</MaxND>
			<MIwoc>76</MIwoc>
			<MIcwc>17</MIcwc>
			<MI>93</MI>
			<operators>
				<token count="1">!=</token>
				<token count="3">()</token>
				<token count="3">*</token>
				<token count="7">-&gt;</token>
				<token count="1">::</token>
				<token count="12">;</token>
				<token count="4">&lt;</token>
				<token count="8">=</token>
				<token count="5">==</token>
				<token count="5">&gt;</token>
				<token count="1">break</token>
				<token count="1">class</token>
				<token count="1">delete</token>
				<token count="4">else</token>
				<token count="1">false</token>
				<token count="5">if()</token>
				<token count="2">true</token>
				<token count="1">while()</token>
				<token count="7">{}</token>
			</operators>
			<operands>
				<token count="1">LinkedList</token>
				<token count="3">ListItem</token>
				<token count="3">NULL</token>
				<token count="6">T</token>
				<token count="1">bool</token>
				<token count="3">check</token>
				<token count="1">deleteElement</token>
				<token count="1">deleteHead</token>
				<token count="1">deleteTail</token>
				<token count="3">head</token>
				<token count="2">item</token>
				<token count="3">n</token>
				<token count="4">next</token>
				<token count="3">p</token>
				<token count="2">prev</token>
				<token count="10">temp</token>
				<token count="1">value</token>
				<token count="1">void</token>
			</operands>
		</function>
		<function name="LinkedList::deleteHead()">
			<start_line>269</start_line>
			<vG_b>3</vG_b>
			<vG_e>3</vG_e>
			<params>0</params>
			<LOCphy>17</LOCphy>
			<LOCpro>16</LOCpro>
			<LOCbl>0</LOCbl>
			<LOCcom alarmed="1">0</LOCcom>
			<N>58</N>
			<N1>34</N1>
			<N2>24</N2>
			<n>24</n>
			<n1>14</n1>
			<n2>10</n2>
			<V>265.928</V>
			<B>0.090</B>
			<D>16.800</D>
			<E>4467.587</E>
			<L>0.060</L>
			<T>00:04:08</T>
			<MaxND>2</MaxND>
			<MIwoc>95</MIwoc>
			<MIcwc>0</MIcwc>
			<MI>95</MI>
			<operators>
				<token count="1">()</token>
				<token count="1">*</token>
				<token count="3">-&gt;</token>
				<token count="1">::</token>
				<token count="6">;</token>
				<token count="2">&lt;</token>
				<token count="4">=</token>
				<token count="2">==</token>
				<token count="3">&gt;</token>
				<token count="1">class</token>
				<token count="2">delete</token>
				<token count="2">else</token>
				<token count="2">if()</token>
				<token count="4">{}</token>
			</operators>
			<operands>
				<token count="1">LinkedList</token>
				<token count="1">ListItem</token>
				<token count="4">NULL</token>
				<token count="3">T</token>
				<token count="1">deleteHead</token>
				<token count="8">head</token>
				<token count="2">next</token>
				<token count="1">prev</token>
				<token count="2">temp</token>
				<token count="1">void</token>
			</operands>
		</function>
		<function name="LinkedList::deleteTail()">
			<start_line>287</start_line>
			<vG_b>4</vG_b>
			<vG_e>4</vG_e>
			<params>0</params>
			<LOCphy>22</LOCphy>
			<LOCpro>19</LOCpro>
			<LOCbl>2</LOCbl>
			<LOCcom alarmed="1">0</LOCcom>
			<N>69</N>
			<N1>40</N1>
			<N2>29</N2>
			<n>31</n>
			<n1>17</n1>
			<n2>14</n2>
			<V>341.840</V>
			<B>0.110</B>
			<D>17.607</D>
			<E>6018.818</E>
			<L>0.057</L>
			<T>00:05:34</T>
			<MaxND>3</MaxND>
			<MIwoc>90</MIwoc>
			<MIcwc>0</MIcwc>
			<MI>90</MI>
			<operators>
				<token count="1">!=</token>
				<token count="3">()</token>
				<token count="1">*</token>
				<token count="5">-&gt;</token>
				<token count="1">::</token>
				<token count="6">;</token>
				<token count="2">&lt;</token>
				<token count="2">&lt;&lt;</token>
				<token count="3">=</token>
				<token count="2">==</token>
				<token count="3">&gt;</token>
				<token count="1">class</token>
				<token count="1">delete</token>
				<token count="2">else</token>
				<token count="2">if()</token>
				<token count="1">while()</token>
				<token count="4">{}</token>
			</operators>
			<operands>
				<token count="1">&quot;Nothing to Delete.&quot;</token>
				<token count="1">LinkedList</token>
				<token count="1">ListItem</token>
				<token count="4">NULL</token>
				<token count="3">T</token>
				<token count="1">cout</token>
				<token count="1">deleteHead</token>
				<token count="1">deleteTail</token>
				<token count="1">endl</token>
				<token count="3">head</token>
				<token count="4">next</token>
				<token count="1">prev</token>
				<token count="6">traverse</token>
				<token count="1">void</token>
			</operands>
		</function>
		<function name="LinkedList::length()">
			<start_line>310</start_line>
			<vG_b>3</vG_b>
			<vG_e>3</vG_e>
			<params>0</params>
			<LOCphy>17</LOCphy>
			<LOCpro>15</LOCpro>
			<LOCbl>1</LOCbl>
			<LOCcom alarmed="1">0</LOCcom>
			<N>53</N>
			<N1>30</N1>
			<N2>23</N2>
			<n>26</n>
			<n1>15</n1>
			<n2>11</n2>
			<V>249.123</V>
			<B>0.083</B>
			<D>15.682</D>
			<E>3906.706</E>
			<L>0.064</L>
			<T>00:03:37</T>
			<MaxND>3</MaxND>
			<MIwoc>96</MIwoc>
			<MIcwc>0</MIcwc>
			<MI>96</MI>
			<operators>
				<token count="2">!=</token>
				<token count="1">()</token>
				<token count="1">*</token>
				<token count="2">++</token>
				<token count="2">-&gt;</token>
				<token count="1">::</token>
				<token count="6">;</token>
				<token count="2">&lt;</token>
				<token count="3">=</token>
				<token count="3">&gt;</token>
				<token count="1">class</token>
				<token count="1">if()</token>
				<token count="1">return</token>
				<token count="1">while()</token>
				<token count="3">{}</token>
			</operators>
			<operands>
				<token count="1">0</token>
				<token count="1">LinkedList</token>
				<token count="1">ListItem</token>
				<token count="2">NULL</token>
				<token count="3">T</token>
				<token count="4">counter</token>
				<token count="1">head</token>
				<token count="2">int</token>
				<token count="1">length</token>
				<token count="2">next</token>
				<token count="5">traverse</token>
			</operands>
		</function>
		<function name="LinkedList::reverse()">
			<start_line>328</start_line>
			<vG_b>3</vG_b>
			<vG_e>3</vG_e>
			<params>0</params>
			<LOCphy>21</LOCphy>
			<LOCpro>17</LOCpro>
			<LOCbl>3</LOCbl>
			<LOCcom alarmed="1">0</LOCcom>
			<N>97</N>
			<N1>53</N1>
			<N2>44</N2>
			<n>33</n>
			<n1>15</n1>
			<n2>18</n2>
			<V>489.306</V>
			<B>0.144</B>
			<D>18.333</D>
			<E>8970.614</E>
			<L>0.055</L>
			<T>00:08:18</T>
			<MaxND>3</MaxND>
			<MIwoc>89</MIwoc>
			<MIcwc>0</MIcwc>
			<MI>89</MI>
			<operators>
				<token count="1">!=</token>
				<token count="4">()</token>
				<token count="2">*</token>
				<token count="1">++</token>
				<token count="8">-&gt;</token>
				<token count="1">::</token>
				<token count="10">;</token>
				<token count="5">&lt;</token>
				<token count="9">=</token>
				<token count="5">&gt;</token>
				<token count="1">class</token>
				<token count="1">for()</token>
				<token count="1">if()</token>
				<token count="1">new</token>
				<token count="3">{}</token>
			</operators>
			<operands>
				<token count="2">0</token>
				<token count="1">LinkedList</token>
				<token count="3">ListItem</token>
				<token count="1">NULL</token>
				<token count="5">T</token>
				<token count="1">getTail</token>
				<token count="2">head</token>
				<token count="3">i</token>
				<token count="2">int</token>
				<token count="2">len</token>
				<token count="1">length</token>
				<token count="5">next</token>
				<token count="2">prev</token>
				<token count="1">reverse</token>
				<token count="8">t2</token>
				<token count="3">temp</token>
				<token count="1">this</token>
				<token count="1">void</token>
			</operands>
		</function>
		<function name="LinkedList::parityArrangement()">
			<start_line>350</start_line>
			<vG_b>7</vG_b>
			<vG_e>8</vG_e>
			<params>0</params>
			<LOCphy>60</LOCphy>
			<LOCpro alarmed="1">55</LOCpro>
			<LOCbl>4</LOCbl>
			<LOCcom alarmed="1">0</LOCcom>
			<N>219</N>
			<N1>120</N1>
			<N2>99</N2>
			<n>46</n>
			<n1>21</n1>
			<n2>25</n2>
			<V alarmed="1">1209.660</V>
			<B>0.454</B>
			<D>41.580</D>
			<E>50297.664</E>
			<L>0.024</L>
			<T>00:46:34</T>
			<MaxND>4</MaxND>
			<MIwoc>66</MIwoc>
			<MIcwc>0</MIcwc>
			<MI>66</MI>
			<operators>
				<token count="1">!=</token>
				<token count="2">%</token>
				<token count="9">()</token>
				<token count="2">*</token>
				<token count="1">+</token>
				<token count="6">++</token>
				<token count="8">-&gt;</token>
				<token count="4">/</token>
				<token count="1">::</token>
				<token count="28">;</token>
				<token count="5">&lt;</token>
				<token count="18">=</token>
				<token count="4">==</token>
				<token count="4">&gt;</token>
				<token count="6">[]</token>
				<token count="1">class</token>
				<token count="3">else</token>
				<token count="3">if()</token>
				<token count="3">while()</token>
				<token count="10">{}</token>
				<token count="1">||</token>
			</operators>
			<operands>
				<token count="6">0</token>
				<token count="2">1</token>
				<token count="6">2</token>
				<token count="1">LinkedList</token>
				<token count="2">ListItem</token>
				<token count="3">NULL</token>
				<token count="6">T</token>
				<token count="3">counter</token>
				<token count="3">counter2</token>
				<token count="3">counter3</token>
				<token count="3">even</token>
				<token count="4">evenlen</token>
				<token count="4">head</token>
				<token count="7">int</token>
				<token count="6">length</token>
				<token count="4">next</token>
				<token count="3">odd</token>
				<token count="5">oddlen</token>
				<token count="1">parityArrangement</token>
				<token count="3">r</token>
				<token count="6">temp</token>
				<token count="7">traverse</token>
				<token count="4">value</token>
				<token count="1">void</token>
				<token count="6">x</token>
			</operands>
		</function>
		<function name="LinkedList::print_list()">
			<start_line>411</start_line>
			<vG_b>3</vG_b>
			<vG_e>3</vG_e>
			<params>0</params>
			<LOCphy>17</LOCphy>
			<LOCpro>14</LOCpro>
			<LOCbl>1</LOCbl>
			<LOCcom alarmed="1">1</LOCcom>
			<N>68</N>
			<N1>37</N1>
			<N2>31</N2>
			<n>33</n>
			<n1>16</n1>
			<n2>17</n2>
			<V>343.019</V>
			<B>0.098</B>
			<D>14.588</D>
			<E>5004.039</E>
			<L>0.069</L>
			<T>00:04:38</T>
			<MaxND>3</MaxND>
			<MIwoc>94</MIwoc>
			<MIcwc>18</MIcwc>
			<MI>112</MI>
			<operators>
				<token count="1">!=</token>
				<token count="1">()</token>
				<token count="1">*</token>
				<token count="4">-&gt;</token>
				<token count="1">::</token>
				<token count="4">;</token>
				<token count="2">&lt;</token>
				<token count="10">&lt;&lt;</token>
				<token count="2">=</token>
				<token count="1">==</token>
				<token count="3">&gt;</token>
				<token count="1">class</token>
				<token count="1">else</token>
				<token count="1">if()</token>
				<token count="1">while()</token>
				<token count="3">{}</token>
			</operators>
			<operands>
				<token count="1">&quot; next: &quot;</token>
				<token count="1">&quot; prev: &quot;</token>
				<token count="1">&quot;EMPTY AF&quot;</token>
				<token count="1">LinkedList</token>
				<token count="1">ListItem</token>
				<token count="2">NULL</token>
				<token count="3">T</token>
				<token count="2">cout</token>
				<token count="2">endl</token>
				<token count="2">ends</token>
				<token count="2">head</token>
				<token count="7">here</token>
				<token count="2">next</token>
				<token count="1">prev</token>
				<token count="1">print_list</token>
				<token count="1">value</token>
				<token count="1">void</token>
			</operands>
		</function>
		<function name="LinkedList::isPalindrome()">
			<start_line>429</start_line>
			<vG_b>6</vG_b>
			<vG_e>6</vG_e>
			<params>0</params>
			<LOCphy>36</LOCphy>
			<LOCpro>34</LOCpro>
			<LOCbl>1</LOCbl>
			<LOCcom alarmed="1">0</LOCcom>
			<N>102</N>
			<N1>64</N1>
			<N2>38</N2>
			<n>36</n>
			<n1>19</n1>
			<n2>17</n2>
			<V>527.332</V>
			<B>0.167</B>
			<D>21.235</D>
			<E>11198.058</E>
			<L>0.047</L>
			<T>00:10:22</T>
			<MaxND>4</MaxND>
			<MIwoc>79</MIwoc>
			<MIcwc>0</MIcwc>
			<MI>79</MI>
			<operators>
				<token count="2">!=</token>
				<token count="2">()</token>
				<token count="2">*</token>
				<token count="5">-&gt;</token>
				<token count="1">::</token>
				<token count="11">;</token>
				<token count="3">&lt;</token>
				<token count="6">=</token>
				<token count="3">==</token>
				<token count="4">&gt;</token>
				<token count="1">break</token>
				<token count="1">class</token>
				<token count="4">else</token>
				<token count="1">false</token>
				<token count="4">if()</token>
				<token count="4">return</token>
				<token count="2">true</token>
				<token count="1">while()</token>
				<token count="7">{}</token>
			</operators>
			<operands>
				<token count="3">0</token>
				<token count="1">1</token>
				<token count="1">LinkedList</token>
				<token count="2">ListItem</token>
				<token count="3">NULL</token>
				<token count="4">T</token>
				<token count="1">bool</token>
				<token count="3">check</token>
				<token count="4">finish</token>
				<token count="1">getTail</token>
				<token count="3">head</token>
				<token count="1">int</token>
				<token count="1">isPalindrome</token>
				<token count="2">next</token>
				<token count="1">prev</token>
				<token count="5">start</token>
				<token count="2">value</token>
			</operands>
		</function>
		<file_total>
			<vG_b>51</vG_b>
			<vG_e>53</vG_e>
			<vG_b_max>7</vG_b_max>
			<vG_b_avg>3</vG_b_avg>
			<vG_e_max>8</vG_e_max>
			<vG_e_avg>3</vG_e_avg>
			<params>8</params>
			<LOCphy>490</LOCphy>
			<LOCpro>387</LOCpro>
			<LOCbl>48</LOCbl>
			<LOCcom alarmed="1">55</LOCcom>
			<N>1533</N>
			<N1>892</N1>
			<N2>641</N2>
			<n>107</n>
			<n1>40</n1>
			<n2>67</n2>
			<V alarmed="1">10334.669</V>
			<B alarmed="1">5.252</B>
			<D>191.343</D>
			<E>1977469.500</E>
			<L>0.005</L>
			<T>30:30:59</T>
			<MaxND>5</MaxND>
			<MIwoc>84</MIwoc>
			<MIcwc>25</MIcwc>
			<MI>109</MI>
			<operators>
				<token count="18">!=</token>
				<token count="6">#</token>
				<token count="2">%</token>
				<token count="1">&amp;</token>
				<token count="45">()</token>
				<token count="29">*</token>
				<token count="1">+</token>
				<token count="9">++</token>
				<token count="1">,</token>
				<token count="85">-&gt;</token>
				<token count="2">.</token>
				<token count="4">/</token>
				<token count="18">::</token>
				<token count="145">;</token>
				<token count="77">&lt;</token>
				<token count="12">&lt;&lt;</token>
				<token count="101">=</token>
				<token count="28">==</token>
				<token count="74">&gt;</token>
				<token count="6">[]</token>
				<token count="5">break</token>
				<token count="18">class</token>
				<token count="1">const</token>
				<token count="5">delete</token>
				<token count="27">else</token>
				<token count="1">endif</token>
				<token count="5">false</token>
				<token count="1">for()</token>
				<token count="33">if()</token>
				<token count="1">ifndef</token>
				<token count="1">namespace</token>
				<token count="7">new</token>
				<token count="9">return</token>
				<token count="18">template</token>
				<token count="8">true</token>
				<token count="1">using</token>
				<token count="15">while()</token>
				<token count="69">{}</token>
				<token count="2">||</token>
				<token count="1">~</token>
			</operators>
			<operands>
				<token count="1">&quot; next: &quot;</token>
				<token count="1">&quot; prev: &quot;</token>
				<token count="1">&quot;EMPTY AF&quot;</token>
				<token count="1">&quot;Nothing to Delete.&quot;</token>
				<token count="12">0</token>
				<token count="3">1</token>
				<token count="6">2</token>
				<token count="22">LinkedList</token>
				<token count="36">ListItem</token>
				<token count="43">NULL</token>
				<token count="82">T</token>
				<token count="2">__LIST_CPP</token>
				<token count="3">afterWhat</token>
				<token count="3">agla</token>
				<token count="4">bool</token>
				<token count="13">check</token>
				<token count="7">counter</token>
				<token count="3">counter2</token>
				<token count="3">counter3</token>
				<token count="3">cout</token>
				<token count="1">define</token>
				<token count="1">deleteElement</token>
				<token count="3">deleteHead</token>
				<token count="2">deleteTail</token>
				<token count="3">endl</token>
				<token count="2">ends</token>
				<token count="3">even</token>
				<token count="4">evenlen</token>
				<token count="4">finish</token>
				<token count="1">getHead</token>
				<token count="3">getTail</token>
				<token count="51">head</token>
				<token count="7">here</token>
				<token count="3">i</token>
				<token count="3">include</token>
				<token count="1">insertAfter</token>
				<token count="3">insertAtHead</token>
				<token count="3">insertAtTail</token>
				<token count="1">insertSorted</token>
				<token count="12">int</token>
				<token count="1">isPalindrome</token>
				<token count="15">item</token>
				<token count="2">len</token>
				<token count="8">length</token>
				<token count="12">n</token>
				<token count="48">next</token>
				<token count="3">odd</token>
				<token count="5">oddlen</token>
				<token count="3">otherLinkedList</token>
				<token count="3">p</token>
				<token count="1">parityArrangement</token>
				<token count="18">prev</token>
				<token count="1">print_list</token>
				<token count="3">r</token>
				<token count="1">reverse</token>
				<token count="1">searchFor</token>
				<token count="5">start</token>
				<token count="1">std</token>
				<token count="7">t1</token>
				<token count="16">t2</token>
				<token count="43">temp</token>
				<token count="2">this</token>
				<token count="3">toInsert</token>
				<token count="46">traverse</token>
				<token count="17">value</token>
				<token count="10">void</token>
				<token count="6">x</token>
			</operands>
		</file_total>
	</file>
	<system>
		<files>1</files>
		<functions>18</functions>
		<LOCphy>490</LOCphy>
		<LOCbl>48</LOCbl>
		<LOCpro>387</LOCpro>
		<LOCcom>55</LOCcom>
		<semicolons>145</semicolons>
		<vG_b>51</vG_b>
		<vG_e>53</vG_e>
		<params>8</params>
		<MIwoc>87</MIwoc>
		<MIcw>20</MIcw>
		<MI>107</MI>
		<alarms>
			<file_vG>
				<measured>1</measured>
				<alarmed>0</alarmed>
				<percent>0</percent>
				<lowlimit>1</lowlimit>
				<highlimit>100</highlimit>
			</file_vG>
			<file_LOCpro>
				<measured>1</measured>
				<alarmed>0</alarmed>
				<percent>0</percent>
				<lowlimit>4</lowlimit>
				<highlimit>400</highlimit>
			</file_LOCpro>
			<file_comment_percent>
				<measured>1</measured>
				<alarmed>1</alarmed>
				<percent>100</percent>
				<lowlimit>30</lowlimit>
				<highlimit>75</highlimit>
			</file_comment_percent>
			<file_V>
				<measured>1</measured>
				<alarmed>1</alarmed>
				<percent>100</percent>
				<lowlimit>100</lowlimit>
				<highlimit>8000</highlimit>
			</file_V>
			<file_B>
				<measured>1</measured>
				<alarmed>1</alarmed>
				<percent>100</percent>
				<lowlimit>0</lowlimit>
				<highlimit>2</highlimit>
			</file_B>
			<file_MI>
				<measured>1</measured>
				<alarmed>0</alarmed>
				<percent>0</percent>
				<lowlimit>65</lowlimit>
			</file_MI>
			<function_vG>
				<measured>18</measured>
				<alarmed>0</alarmed>
				<percent>0</percent>
				<lowlimit>1</lowlimit>
				<highlimit>10</highlimit>
			</function_vG>
			<function_LOCpro>
				<measured>18</measured>
				<alarmed>1</alarmed>
				<percent>5</percent>
				<lowlimit>4</lowlimit>
				<highlimit>40</highlimit>
			</function_LOCpro>
			<function_comment_percent>
				<measured>18</measured>
				<alarmed>13</alarmed>
				<percent>72</percent>
				<lowlimit>30</lowlimit>
				<highlimit>75</highlimit>
			</function_comment_percent>
			<function_V>
				<measured>18</measured>
				<alarmed>1</alarmed>
				<percent>5</percent>
				<lowlimit>20</lowlimit>
				<highlimit>1000</highlimit>
			</function_V>
			<function_MI>
				<measured>18</measured>
				<alarmed>0</alarmed>
				<percent>0</percent>
				<lowlimit>65</lowlimit>
			</function_MI>
		</alarms>
		<error_messages count="0">
		</error_messages>
	</system>
</cmt_long_report>
