<?xml version="1.0" ?>
<cmt_long_report>
	<header_info>
		<cmt_version>7.0</cmt_version>
		<copyright>Copyright (c) 1993-2013 Testwell Oy</copyright>
		<copyright>Copyright (c) 2013-2018 Verifysoft Technology GmbH</copyright>
		<license_notes>
		</license_notes>
		<date>Tue Apr  4 22:10:51 2023</date>
		<cmt_options> -o C:\Users\muawi\cmt\A1_T1_S91.xml -lf -f C:\Users\muawi\cmt\files.txt</cmt_options>
		<run_directory>C:\Testwell\CMT</run_directory>
		<mccabe_preference>extended</mccabe_preference>
	</header_info>
	<file name="C:\Users\muawi\OneDrive\Documents\Study\Junior Year\Topics in Internet Research\Project\PA1_ANON_DATA\PA1_ANON_DATA\folder_91\LinkedList.cpp" stamp="1680056087">
		<function name="LinkedList::LinkedList()">
			<start_line>15</start_line>
			<vG_b>1</vG_b>
			<vG_e>1</vG_e>
			<params>0</params>
			<LOCphy>8</LOCphy>
			<LOCpro>4</LOCpro>
			<LOCbl>2</LOCbl>
			<LOCcom>1</LOCcom>
			<N>15</N>
			<N1>9</N1>
			<N2>6</N2>
			<n>12</n>
			<n1>8</n1>
			<n2>4</n2>
			<V>53.774</V>
			<B>0.016</B>
			<D>6.000</D>
			<E>322.647</E>
			<L>0.167</L>
			<T>00:00:17</T>
			<MaxND>1</MaxND>
			<MIwoc>116</MIwoc>
			<MIcwc>26</MIcwc>
			<MI>142</MI>
			<operators>
				<token count="1">()</token>
				<token count="1">::</token>
				<token count="1">;</token>
				<token count="1">&lt;</token>
				<token count="1">=</token>
				<token count="2">&gt;</token>
				<token count="1">class</token>
				<token count="1">{}</token>
			</operators>
			<operands>
				<token count="2">LinkedList</token>
				<token count="1">NULL</token>
				<token count="2">T</token>
				<token count="1">head</token>
			</operands>
		</function>
		<function name="ease()">
			<start_line>23</start_line>
			<vG_b>3</vG_b>
			<vG_e>3</vG_e>
			<params>2</params>
			<LOCphy>12</LOCphy>
			<LOCpro>8</LOCpro>
			<LOCbl>3</LOCbl>
			<LOCcom>0</LOCcom>
			<N>46</N>
			<N1>26</N1>
			<N2>20</N2>
			<n>20</n>
			<n1>12</n1>
			<n2>8</n2>
			<V>198.809</V>
			<B>0.069</B>
			<D>15.000</D>
			<E>2982.130</E>
			<L>0.067</L>
			<T>00:02:45</T>
			<MaxND>1</MaxND>
			<MIwoc>103</MIwoc>
			<MIcwc>0</MIcwc>
			<MI>103</MI>
			<operators>
				<token count="3">()</token>
				<token count="2">*</token>
				<token count="2">,</token>
				<token count="2">-&gt;</token>
				<token count="3">;</token>
				<token count="2">&lt;</token>
				<token count="2">==</token>
				<token count="3">&gt;</token>
				<token count="1">class</token>
				<token count="2">if()</token>
				<token count="3">return</token>
				<token count="1">{}</token>
			</operators>
			<operands>
				<token count="2">ListItem</token>
				<token count="2">NULL</token>
				<token count="4">T</token>
				<token count="2">ease</token>
				<token count="5">head</token>
				<token count="3">item</token>
				<token count="1">next</token>
				<token count="1">value</token>
			</operands>
		</function>
		<function name="LinkedList::LinkedList()">
			<start_line>36</start_line>
			<vG_b>2</vG_b>
			<vG_e>2</vG_e>
			<params>1</params>
			<LOCphy>17</LOCphy>
			<LOCpro>9</LOCpro>
			<LOCbl>7</LOCbl>
			<LOCcom>0</LOCcom>
			<N>48</N>
			<N1>27</N1>
			<N2>21</N2>
			<n>24</n>
			<n1>14</n1>
			<n2>10</n2>
			<V>220.078</V>
			<B>0.073</B>
			<D>14.700</D>
			<E>3235.150</E>
			<L>0.068</L>
			<T>00:02:59</T>
			<MaxND>2</MaxND>
			<MIwoc>97</MIwoc>
			<MIcwc>0</MIcwc>
			<MI>97</MI>
			<operators>
				<token count="1">&amp;</token>
				<token count="2">()</token>
				<token count="1">*</token>
				<token count="2">-&gt;</token>
				<token count="1">.</token>
				<token count="1">::</token>
				<token count="4">;</token>
				<token count="3">&lt;</token>
				<token count="3">=</token>
				<token count="4">&gt;</token>
				<token count="1">class</token>
				<token count="1">const</token>
				<token count="1">while()</token>
				<token count="2">{}</token>
			</operators>
			<operands>
				<token count="3">LinkedList</token>
				<token count="1">ListItem</token>
				<token count="1">NULL</token>
				<token count="4">T</token>
				<token count="2">head</token>
				<token count="1">insertAtTail</token>
				<token count="1">next</token>
				<token count="2">otherLinkedList</token>
				<token count="5">tempoo</token>
				<token count="1">value</token>
			</operands>
		</function>
		<function name="LinkedList::~LinkedList()">
			<start_line>54</start_line>
			<vG_b>2</vG_b>
			<vG_e>2</vG_e>
			<params>0</params>
			<LOCphy>10</LOCphy>
			<LOCpro>8</LOCpro>
			<LOCbl>1</LOCbl>
			<LOCcom>0</LOCcom>
			<N>26</N>
			<N1>16</N1>
			<N2>10</N2>
			<n>18</n>
			<n1>12</n1>
			<n2>6</n2>
			<V>108.418</V>
			<B>0.035</B>
			<D>10.000</D>
			<E>1084.181</E>
			<L>0.100</L>
			<T>00:01:00</T>
			<MaxND>2</MaxND>
			<MIwoc>109</MIwoc>
			<MIcwc>0</MIcwc>
			<MI>109</MI>
			<operators>
				<token count="1">!=</token>
				<token count="2">()</token>
				<token count="1">-&gt;</token>
				<token count="1">::</token>
				<token count="2">;</token>
				<token count="1">&lt;</token>
				<token count="1">=</token>
				<token count="2">&gt;</token>
				<token count="1">class</token>
				<token count="1">while()</token>
				<token count="2">{}</token>
				<token count="1">~</token>
			</operators>
			<operands>
				<token count="2">LinkedList</token>
				<token count="1">NULL</token>
				<token count="2">T</token>
				<token count="1">deleteHead</token>
				<token count="3">head</token>
				<token count="1">next</token>
			</operands>
		</function>
		<function name="LinkedList::insertAtHead()">
			<start_line>65</start_line>
			<vG_b>3</vG_b>
			<vG_e>3</vG_e>
			<params>1</params>
			<LOCphy>15</LOCphy>
			<LOCpro>14</LOCpro>
			<LOCbl>0</LOCbl>
			<LOCcom alarmed="1">0</LOCcom>
			<N>62</N>
			<N1>35</N1>
			<N2>27</N2>
			<n>25</n>
			<n1>14</n1>
			<n2>11</n2>
			<V>287.919</V>
			<B>0.097</B>
			<D>17.182</D>
			<E>4946.973</E>
			<L>0.058</L>
			<T>00:04:34</T>
			<MaxND>2</MaxND>
			<MIwoc>97</MIwoc>
			<MIcwc>0</MIcwc>
			<MI>97</MI>
			<operators>
				<token count="2">()</token>
				<token count="1">*</token>
				<token count="2">-&gt;</token>
				<token count="1">::</token>
				<token count="7">;</token>
				<token count="3">&lt;</token>
				<token count="5">=</token>
				<token count="2">==</token>
				<token count="4">&gt;</token>
				<token count="1">class</token>
				<token count="2">if()</token>
				<token count="1">new</token>
				<token count="2">return</token>
				<token count="2">{}</token>
			</operators>
			<operands>
				<token count="1">LinkedList</token>
				<token count="2">ListItem</token>
				<token count="2">NULL</token>
				<token count="5">T</token>
				<token count="5">head</token>
				<token count="1">insertAtHead</token>
				<token count="2">item</token>
				<token count="1">next</token>
				<token count="1">prev</token>
				<token count="6">temp</token>
				<token count="1">void</token>
			</operands>
		</function>
		<function name="LinkedList::insertAtTail()">
			<start_line>81</start_line>
			<vG_b>1</vG_b>
			<vG_e>1</vG_e>
			<params>1</params>
			<LOCphy>8</LOCphy>
			<LOCpro>7</LOCpro>
			<LOCbl>0</LOCbl>
			<LOCcom>0</LOCcom>
			<N>45</N>
			<N1>24</N1>
			<N2>21</N2>
			<n>21</n>
			<n1>11</n1>
			<n2>10</n2>
			<V>197.654</V>
			<B>0.058</B>
			<D>11.550</D>
			<E>2282.907</E>
			<L>0.087</L>
			<T>00:02:06</T>
			<MaxND>1</MaxND>
			<MIwoc>110</MIwoc>
			<MIcwc>0</MIcwc>
			<MI>110</MI>
			<operators>
				<token count="2">()</token>
				<token count="1">*</token>
				<token count="2">-&gt;</token>
				<token count="1">::</token>
				<token count="4">;</token>
				<token count="3">&lt;</token>
				<token count="4">=</token>
				<token count="4">&gt;</token>
				<token count="1">class</token>
				<token count="1">new</token>
				<token count="1">{}</token>
			</operators>
			<operands>
				<token count="1">LinkedList</token>
				<token count="2">ListItem</token>
				<token count="5">T</token>
				<token count="1">insertAtTail</token>
				<token count="3">item</token>
				<token count="1">prev</token>
				<token count="2">tail</token>
				<token count="4">temp</token>
				<token count="1">value</token>
				<token count="1">void</token>
			</operands>
		</function>
		<function name="LinkedList::insertAfter()">
			<start_line>90</start_line>
			<vG_b>4</vG_b>
			<vG_e>4</vG_e>
			<params>2</params>
			<LOCphy>24</LOCphy>
			<LOCpro>14</LOCpro>
			<LOCbl>9</LOCbl>
			<LOCcom alarmed="1">0</LOCcom>
			<N>90</N>
			<N1>49</N1>
			<N2>41</N2>
			<n>29</n>
			<n1>16</n1>
			<n2>13</n2>
			<V>437.218</V>
			<B>0.165</B>
			<D>25.231</D>
			<E>11031.354</E>
			<L>0.040</L>
			<T>00:10:12</T>
			<MaxND>1</MaxND>
			<MIwoc>87</MIwoc>
			<MIcwc>0</MIcwc>
			<MI>87</MI>
			<operators>
				<token count="1">!=</token>
				<token count="4">()</token>
				<token count="2">*</token>
				<token count="1">,</token>
				<token count="7">-&gt;</token>
				<token count="1">::</token>
				<token count="8">;</token>
				<token count="4">&lt;</token>
				<token count="6">=</token>
				<token count="2">==</token>
				<token count="5">&gt;</token>
				<token count="1">class</token>
				<token count="3">if()</token>
				<token count="1">new</token>
				<token count="2">return</token>
				<token count="1">{}</token>
			</operators>
			<operands>
				<token count="1">LinkedList</token>
				<token count="3">ListItem</token>
				<token count="3">NULL</token>
				<token count="7">T</token>
				<token count="7">afterThis</token>
				<token count="2">afterWhat</token>
				<token count="1">insertAfter</token>
				<token count="5">next</token>
				<token count="6">p</token>
				<token count="2">prev</token>
				<token count="1">searchFor</token>
				<token count="2">toInsert</token>
				<token count="1">void</token>
			</operands>
		</function>
		<function name="LinkedList::insertSorted()">
			<start_line>115</start_line>
			<vG_b>3</vG_b>
			<vG_e>5</vG_e>
			<params>1</params>
			<LOCphy>25</LOCphy>
			<LOCpro>20</LOCpro>
			<LOCbl>4</LOCbl>
			<LOCcom alarmed="1">0</LOCcom>
			<N>103</N>
			<N1>56</N1>
			<N2>47</N2>
			<n>32</n>
			<n1>18</n1>
			<n2>14</n2>
			<V>515.000</V>
			<B>0.208</B>
			<D>30.214</D>
			<E>15560.357</E>
			<L>0.033</L>
			<T>00:14:24</T>
			<MaxND>3</MaxND>
			<MIwoc>85</MIwoc>
			<MIcwc>0</MIcwc>
			<MI>85</MI>
			<operators>
				<token count="1">!=</token>
				<token count="1">&amp;&amp;</token>
				<token count="4">()</token>
				<token count="2">*</token>
				<token count="10">-&gt;</token>
				<token count="1">::</token>
				<token count="8">;</token>
				<token count="5">&lt;</token>
				<token count="7">=</token>
				<token count="1">==</token>
				<token count="6">&gt;</token>
				<token count="1">class</token>
				<token count="1">else</token>
				<token count="1">if()</token>
				<token count="1">new</token>
				<token count="1">while()</token>
				<token count="4">{}</token>
				<token count="1">||</token>
			</operators>
			<operands>
				<token count="1">LinkedList</token>
				<token count="3">ListItem</token>
				<token count="2">NULL</token>
				<token count="6">T</token>
				<token count="3">head</token>
				<token count="5">insert</token>
				<token count="1">insertAtHead</token>
				<token count="1">insertSorted</token>
				<token count="6">item</token>
				<token count="6">next</token>
				<token count="1">prev</token>
				<token count="8">temp</token>
				<token count="3">value</token>
				<token count="1">void</token>
			</operands>
		</function>
		<function name="LinkedList::getHead()">
			<start_line>141</start_line>
			<vG_b>1</vG_b>
			<vG_e>1</vG_e>
			<params>0</params>
			<LOCphy>6</LOCphy>
			<LOCpro>4</LOCpro>
			<LOCbl>1</LOCbl>
			<LOCcom>0</LOCcom>
			<N>20</N>
			<N1>13</N1>
			<N2>7</N2>
			<n>15</n>
			<n1>10</n1>
			<n2>5</n2>
			<V>78.138</V>
			<B>0.022</B>
			<D>7.000</D>
			<E>546.965</E>
			<L>0.143</L>
			<T>00:00:30</T>
			<MaxND>1</MaxND>
			<MIwoc>119</MIwoc>
			<MIcwc>0</MIcwc>
			<MI>119</MI>
			<operators>
				<token count="1">()</token>
				<token count="1">*</token>
				<token count="1">::</token>
				<token count="1">;</token>
				<token count="2">&lt;</token>
				<token count="3">&gt;</token>
				<token count="1">class</token>
				<token count="1">const</token>
				<token count="1">return</token>
				<token count="1">{}</token>
			</operators>
			<operands>
				<token count="1">LinkedList</token>
				<token count="1">ListItem</token>
				<token count="3">T</token>
				<token count="1">getHead</token>
				<token count="1">head</token>
			</operands>
		</function>
		<function name="LinkedList::getTail()">
			<start_line>148</start_line>
			<vG_b>1</vG_b>
			<vG_e>1</vG_e>
			<params>0</params>
			<LOCphy>7</LOCphy>
			<LOCpro>4</LOCpro>
			<LOCbl>2</LOCbl>
			<LOCcom>0</LOCcom>
			<N>20</N>
			<N1>13</N1>
			<N2>7</N2>
			<n>15</n>
			<n1>10</n1>
			<n2>5</n2>
			<V>78.138</V>
			<B>0.022</B>
			<D>7.000</D>
			<E>546.965</E>
			<L>0.143</L>
			<T>00:00:30</T>
			<MaxND>1</MaxND>
			<MIwoc>117</MIwoc>
			<MIcwc>0</MIcwc>
			<MI>117</MI>
			<operators>
				<token count="1">()</token>
				<token count="1">*</token>
				<token count="1">::</token>
				<token count="1">;</token>
				<token count="2">&lt;</token>
				<token count="3">&gt;</token>
				<token count="1">class</token>
				<token count="1">const</token>
				<token count="1">return</token>
				<token count="1">{}</token>
			</operators>
			<operands>
				<token count="1">LinkedList</token>
				<token count="1">ListItem</token>
				<token count="3">T</token>
				<token count="1">getTail</token>
				<token count="1">tail</token>
			</operands>
		</function>
		<function name="LinkedList::searchFor()">
			<start_line>156</start_line>
			<vG_b>1</vG_b>
			<vG_e>1</vG_e>
			<params>1</params>
			<LOCphy>7</LOCphy>
			<LOCpro>5</LOCpro>
			<LOCbl>1</LOCbl>
			<LOCcom>0</LOCcom>
			<N>34</N>
			<N1>19</N1>
			<N2>15</N2>
			<n>19</n>
			<n1>11</n1>
			<n2>8</n2>
			<V>144.430</V>
			<B>0.043</B>
			<D>10.313</D>
			<E>1489.430</E>
			<L>0.097</L>
			<T>00:01:22</T>
			<MaxND>1</MaxND>
			<MIwoc>113</MIwoc>
			<MIcwc>0</MIcwc>
			<MI>113</MI>
			<operators>
				<token count="2">()</token>
				<token count="2">*</token>
				<token count="1">,</token>
				<token count="1">::</token>
				<token count="2">;</token>
				<token count="3">&lt;</token>
				<token count="1">=</token>
				<token count="4">&gt;</token>
				<token count="1">class</token>
				<token count="1">return</token>
				<token count="1">{}</token>
			</operators>
			<operands>
				<token count="1">LinkedList</token>
				<token count="2">ListItem</token>
				<token count="5">T</token>
				<token count="1">ease</token>
				<token count="1">head</token>
				<token count="2">item</token>
				<token count="1">searchFor</token>
				<token count="2">temp_head</token>
			</operands>
		</function>
		<function name="LinkedList::deleteElement()">
			<start_line>165</start_line>
			<vG_b>6</vG_b>
			<vG_e>6</vG_e>
			<params>1</params>
			<LOCphy>35</LOCphy>
			<LOCpro>26</LOCpro>
			<LOCbl>8</LOCbl>
			<LOCcom alarmed="1">0</LOCcom>
			<N>107</N>
			<N1>62</N1>
			<N2>45</N2>
			<n>30</n>
			<n1>16</n1>
			<n2>14</n2>
			<V>525.037</V>
			<B>0.189</B>
			<D>25.714</D>
			<E>13500.959</E>
			<L>0.039</L>
			<T>00:12:30</T>
			<MaxND>4</MaxND>
			<MIwoc>79</MIwoc>
			<MIcwc>0</MIcwc>
			<MI>79</MI>
			<operators>
				<token count="2">!=</token>
				<token count="8">()</token>
				<token count="2">*</token>
				<token count="13">-&gt;</token>
				<token count="1">::</token>
				<token count="8">;</token>
				<token count="3">&lt;</token>
				<token count="4">=</token>
				<token count="3">==</token>
				<token count="4">&gt;</token>
				<token count="1">class</token>
				<token count="1">continue</token>
				<token count="1">delete</token>
				<token count="4">if()</token>
				<token count="1">while()</token>
				<token count="6">{}</token>
			</operators>
			<operands>
				<token count="1">LinkedList</token>
				<token count="2">ListItem</token>
				<token count="2">NULL</token>
				<token count="5">T</token>
				<token count="2">connect</token>
				<token count="1">deleteElement</token>
				<token count="1">deleteHead</token>
				<token count="1">deleteTail</token>
				<token count="3">head</token>
				<token count="4">item</token>
				<token count="10">next</token>
				<token count="9">temp</token>
				<token count="3">value</token>
				<token count="1">void</token>
			</operands>
		</function>
		<function name="LinkedList::deleteHead()">
			<start_line>201</start_line>
			<vG_b>2</vG_b>
			<vG_e>2</vG_e>
			<params>0</params>
			<LOCphy>14</LOCphy>
			<LOCpro>12</LOCpro>
			<LOCbl>1</LOCbl>
			<LOCcom alarmed="1">0</LOCcom>
			<N>44</N>
			<N1>25</N1>
			<N2>19</N2>
			<n>23</n>
			<n1>14</n1>
			<n2>9</n2>
			<V>199.037</V>
			<B>0.068</B>
			<D>14.778</D>
			<E>2941.321</E>
			<L>0.068</L>
			<T>00:02:43</T>
			<MaxND>2</MaxND>
			<MIwoc>100</MIwoc>
			<MIcwc>0</MIcwc>
			<MI>100</MI>
			<operators>
				<token count="1">!=</token>
				<token count="1">()</token>
				<token count="1">*</token>
				<token count="1">-&gt;</token>
				<token count="1">::</token>
				<token count="5">;</token>
				<token count="2">&lt;</token>
				<token count="4">=</token>
				<token count="3">&gt;</token>
				<token count="1">class</token>
				<token count="1">delete</token>
				<token count="1">else</token>
				<token count="1">if()</token>
				<token count="2">{}</token>
			</operators>
			<operands>
				<token count="1">LinkedList</token>
				<token count="1">ListItem</token>
				<token count="3">NULL</token>
				<token count="3">T</token>
				<token count="1">deleteHead</token>
				<token count="5">head</token>
				<token count="1">next</token>
				<token count="3">temp</token>
				<token count="1">void</token>
			</operands>
		</function>
		<function name="LinkedList::deleteTail()">
			<start_line>216</start_line>
			<vG_b>4</vG_b>
			<vG_e>4</vG_e>
			<params>0</params>
			<LOCphy>26</LOCphy>
			<LOCpro>22</LOCpro>
			<LOCbl>3</LOCbl>
			<LOCcom alarmed="1">0</LOCcom>
			<N>71</N>
			<N1>42</N1>
			<N2>29</N2>
			<n>27</n>
			<n1>16</n1>
			<n2>11</n2>
			<V>337.597</V>
			<B>0.123</B>
			<D>21.091</D>
			<E>7120.228</E>
			<L>0.047</L>
			<T>00:06:35</T>
			<MaxND>4</MaxND>
			<MIwoc>87</MIwoc>
			<MIcwc>0</MIcwc>
			<MI>87</MI>
			<operators>
				<token count="2">!=</token>
				<token count="4">()</token>
				<token count="1">*</token>
				<token count="6">-&gt;</token>
				<token count="1">::</token>
				<token count="6">;</token>
				<token count="2">&lt;</token>
				<token count="4">=</token>
				<token count="1">==</token>
				<token count="3">&gt;</token>
				<token count="1">class</token>
				<token count="1">delete</token>
				<token count="2">else</token>
				<token count="2">if()</token>
				<token count="1">while()</token>
				<token count="5">{}</token>
			</operators>
			<operands>
				<token count="1">LinkedList</token>
				<token count="1">ListItem</token>
				<token count="5">NULL</token>
				<token count="3">T</token>
				<token count="1">deleteHead</token>
				<token count="1">deleteTail</token>
				<token count="3">head</token>
				<token count="6">next</token>
				<token count="1">tail</token>
				<token count="6">temp</token>
				<token count="1">void</token>
			</operands>
		</function>
		<function name="LinkedList::length()">
			<start_line>243</start_line>
			<vG_b>2</vG_b>
			<vG_e>2</vG_e>
			<params>0</params>
			<LOCphy>13</LOCphy>
			<LOCpro>11</LOCpro>
			<LOCbl>1</LOCbl>
			<LOCcom alarmed="1">0</LOCcom>
			<N>44</N>
			<N1>25</N1>
			<N2>19</N2>
			<n>25</n>
			<n1>14</n1>
			<n2>11</n2>
			<V>204.330</V>
			<B>0.061</B>
			<D>12.091</D>
			<E>2470.531</E>
			<L>0.083</L>
			<T>00:02:17</T>
			<MaxND>2</MaxND>
			<MIwoc>101</MIwoc>
			<MIcwc>0</MIcwc>
			<MI>101</MI>
			<operators>
				<token count="1">!=</token>
				<token count="2">()</token>
				<token count="1">*</token>
				<token count="1">++</token>
				<token count="1">-&gt;</token>
				<token count="1">::</token>
				<token count="5">;</token>
				<token count="2">&lt;</token>
				<token count="3">=</token>
				<token count="3">&gt;</token>
				<token count="1">class</token>
				<token count="1">return</token>
				<token count="1">while()</token>
				<token count="2">{}</token>
			</operators>
			<operands>
				<token count="1">0</token>
				<token count="1">LinkedList</token>
				<token count="1">ListItem</token>
				<token count="1">NULL</token>
				<token count="3">T</token>
				<token count="3">c</token>
				<token count="1">head</token>
				<token count="2">int</token>
				<token count="1">length</token>
				<token count="1">next</token>
				<token count="4">temp</token>
			</operands>
		</function>
		<function name="LinkedList::reverse()">
			<start_line>257</start_line>
			<vG_b>2</vG_b>
			<vG_e>2</vG_e>
			<params>0</params>
			<LOCphy>9</LOCphy>
			<LOCpro>8</LOCpro>
			<LOCbl>0</LOCbl>
			<LOCcom>0</LOCcom>
			<N>29</N>
			<N1>16</N1>
			<N2>13</N2>
			<n>20</n>
			<n1>11</n1>
			<n2>9</n2>
			<V>125.336</V>
			<B>0.033</B>
			<D>7.944</D>
			<E>995.724</E>
			<L>0.126</L>
			<T>00:00:55</T>
			<MaxND>2</MaxND>
			<MIwoc>110</MIwoc>
			<MIcwc>0</MIcwc>
			<MI>110</MI>
			<operators>
				<token count="1">!=</token>
				<token count="2">()</token>
				<token count="2">-&gt;</token>
				<token count="1">::</token>
				<token count="2">;</token>
				<token count="1">&lt;</token>
				<token count="1">=</token>
				<token count="2">&gt;</token>
				<token count="1">class</token>
				<token count="1">while()</token>
				<token count="2">{}</token>
			</operators>
			<operands>
				<token count="1">LinkedList</token>
				<token count="1">NULL</token>
				<token count="2">T</token>
				<token count="1">insertAtHead</token>
				<token count="1">prev</token>
				<token count="1">reverse</token>
				<token count="4">tail</token>
				<token count="1">value</token>
				<token count="1">void</token>
			</operands>
		</function>
		<function name="LinkedList::parityArrangement()">
			<start_line>267</start_line>
			<vG_b>5</vG_b>
			<vG_e>7</vG_e>
			<params>0</params>
			<LOCphy>37</LOCphy>
			<LOCpro>27</LOCpro>
			<LOCbl>9</LOCbl>
			<LOCcom alarmed="1">0</LOCcom>
			<N>123</N>
			<N1>70</N1>
			<N2>53</N2>
			<n>28</n>
			<n1>16</n1>
			<n2>12</n2>
			<V>591.305</V>
			<B>0.253</B>
			<D>35.333</D>
			<E>20892.764</E>
			<L>0.028</L>
			<T>00:19:20</T>
			<MaxND>3</MaxND>
			<MIwoc>78</MIwoc>
			<MIcwc>0</MIcwc>
			<MI>78</MI>
			<operators>
				<token count="3">!</token>
				<token count="2">()</token>
				<token count="3">*</token>
				<token count="12">-&gt;</token>
				<token count="1">::</token>
				<token count="13">;</token>
				<token count="4">&lt;</token>
				<token count="11">=</token>
				<token count="2">==</token>
				<token count="5">&gt;</token>
				<token count="2">break</token>
				<token count="1">class</token>
				<token count="3">if()</token>
				<token count="1">while()</token>
				<token count="5">{}</token>
				<token count="2">||</token>
			</operators>
			<operands>
				<token count="1">1</token>
				<token count="1">LinkedList</token>
				<token count="3">ListItem</token>
				<token count="4">NULL</token>
				<token count="5">T</token>
				<token count="9">even</token>
				<token count="3">evenFirst</token>
				<token count="4">head</token>
				<token count="12">next</token>
				<token count="9">odd</token>
				<token count="1">parityArrangement</token>
				<token count="1">void</token>
			</operands>
		</function>
		<function name="LinkedList::print()">
			<start_line>304</start_line>
			<vG_b>2</vG_b>
			<vG_e>2</vG_e>
			<params>0</params>
			<LOCphy>9</LOCphy>
			<LOCpro>8</LOCpro>
			<LOCbl>0</LOCbl>
			<LOCcom>0</LOCcom>
			<N>29</N>
			<N1>16</N1>
			<N2>13</N2>
			<n>20</n>
			<n1>11</n1>
			<n2>9</n2>
			<V>125.336</V>
			<B>0.033</B>
			<D>7.944</D>
			<E>995.724</E>
			<L>0.126</L>
			<T>00:00:55</T>
			<MaxND>2</MaxND>
			<MIwoc>110</MIwoc>
			<MIcwc>0</MIcwc>
			<MI>110</MI>
			<operators>
				<token count="1">()</token>
				<token count="2">-&gt;</token>
				<token count="1">::</token>
				<token count="2">;</token>
				<token count="1">&lt;</token>
				<token count="2">&lt;&lt;</token>
				<token count="1">=</token>
				<token count="2">&gt;</token>
				<token count="1">class</token>
				<token count="1">while()</token>
				<token count="2">{}</token>
			</operators>
			<operands>
				<token count="1">&quot; &quot;</token>
				<token count="1">LinkedList</token>
				<token count="2">T</token>
				<token count="1">cout</token>
				<token count="4">head</token>
				<token count="1">next</token>
				<token count="1">print</token>
				<token count="1">value</token>
				<token count="1">void</token>
			</operands>
		</function>
		<function name="LinkedList::isPalindrome()">
			<start_line>315</start_line>
			<vG_b>7</vG_b>
			<vG_e>7</vG_e>
			<params>0</params>
			<LOCphy>44</LOCphy>
			<LOCpro>33</LOCpro>
			<LOCbl>10</LOCbl>
			<LOCcom alarmed="1">1</LOCcom>
			<N>125</N>
			<N1>73</N1>
			<N2>52</N2>
			<n>40</n>
			<n1>23</n1>
			<n2>17</n2>
			<V>665.241</V>
			<B>0.273</B>
			<D>35.176</D>
			<E>23400.830</E>
			<L>0.028</L>
			<T>00:21:40</T>
			<MaxND>3</MaxND>
			<MIwoc>74</MIwoc>
			<MIcwc>12</MIcwc>
			<MI>86</MI>
			<operators>
				<token count="4">!=</token>
				<token count="2">()</token>
				<token count="1">*</token>
				<token count="2">++</token>
				<token count="1">,</token>
				<token count="2">-</token>
				<token count="1">--</token>
				<token count="5">-&gt;</token>
				<token count="1">::</token>
				<token count="15">;</token>
				<token count="2">&lt;</token>
				<token count="9">=</token>
				<token count="2">==</token>
				<token count="3">&gt;</token>
				<token count="3">[]</token>
				<token count="1">class</token>
				<token count="1">else</token>
				<token count="2">false</token>
				<token count="3">if()</token>
				<token count="3">return</token>
				<token count="1">true</token>
				<token count="3">while()</token>
				<token count="6">{}</token>
			</operators>
			<operands>
				<token count="3">0</token>
				<token count="2">1</token>
				<token count="1">LinkedList</token>
				<token count="1">ListItem</token>
				<token count="3">NULL</token>
				<token count="3">T</token>
				<token count="3">arr</token>
				<token count="1">bool</token>
				<token count="6">count</token>
				<token count="3">count1</token>
				<token count="14">f</token>
				<token count="3">head</token>
				<token count="2">int</token>
				<token count="1">isPalindrome</token>
				<token count="1">length</token>
				<token count="3">next</token>
				<token count="2">value</token>
			</operands>
		</function>
		<file_total>
			<vG_b>35</vG_b>
			<vG_e>39</vG_e>
			<vG_b_max>7</vG_b_max>
			<vG_b_avg>2</vG_b_avg>
			<vG_e_max>7</vG_e_max>
			<vG_e_avg>3</vG_e_avg>
			<params>10</params>
			<LOCphy>359</LOCphy>
			<LOCpro>274</LOCpro>
			<LOCbl>83</LOCbl>
			<LOCcom alarmed="1">3</LOCcom>
			<N>1145</N>
			<N1>669</N1>
			<N2>476</N2>
			<n>96</n>
			<n1>41</n1>
			<n2>55</n2>
			<V>7539.782</V>
			<B alarmed="1">4.047</B>
			<D>177.418</D>
			<E>1337694.375</E>
			<L>0.006</L>
			<T>20:38:36</T>
			<MaxND>4</MaxND>
			<MIwoc>92</MIwoc>
			<MIcwc>7</MIcwc>
			<MI>99</MI>
			<operators>
				<token count="3">!</token>
				<token count="14">!=</token>
				<token count="10">#</token>
				<token count="1">&amp;</token>
				<token count="1">&amp;&amp;</token>
				<token count="46">()</token>
				<token count="22">*</token>
				<token count="3">++</token>
				<token count="5">,</token>
				<token count="2">-</token>
				<token count="1">--</token>
				<token count="68">-&gt;</token>
				<token count="1">.</token>
				<token count="18">::</token>
				<token count="98">;</token>
				<token count="65">&lt;</token>
				<token count="2">&lt;&lt;</token>
				<token count="65">=</token>
				<token count="15">==</token>
				<token count="65">&gt;</token>
				<token count="3">[]</token>
				<token count="2">break</token>
				<token count="19">class</token>
				<token count="3">const</token>
				<token count="1">continue</token>
				<token count="3">delete</token>
				<token count="5">else</token>
				<token count="1">endif</token>
				<token count="2">false</token>
				<token count="21">if()</token>
				<token count="1">ifndef</token>
				<token count="1">namespace</token>
				<token count="4">new</token>
				<token count="14">return</token>
				<token count="19">template</token>
				<token count="1">true</token>
				<token count="1">using</token>
				<token count="12">while()</token>
				<token count="47">{}</token>
				<token count="3">||</token>
				<token count="1">~</token>
			</operators>
			<operands>
				<token count="1">&quot; &quot;</token>
				<token count="4">0</token>
				<token count="3">1</token>
				<token count="22">LinkedList</token>
				<token count="26">ListItem</token>
				<token count="31">NULL</token>
				<token count="72">T</token>
				<token count="2">__LIST_CPP</token>
				<token count="7">afterThis</token>
				<token count="2">afterWhat</token>
				<token count="3">arr</token>
				<token count="1">bool</token>
				<token count="3">c</token>
				<token count="2">connect</token>
				<token count="6">count</token>
				<token count="3">count1</token>
				<token count="1">cout</token>
				<token count="1">define</token>
				<token count="1">deleteElement</token>
				<token count="4">deleteHead</token>
				<token count="2">deleteTail</token>
				<token count="3">ease</token>
				<token count="9">even</token>
				<token count="3">evenFirst</token>
				<token count="14">f</token>
				<token count="1">getHead</token>
				<token count="1">getTail</token>
				<token count="44">head</token>
				<token count="7">include</token>
				<token count="5">insert</token>
				<token count="1">insertAfter</token>
				<token count="3">insertAtHead</token>
				<token count="2">insertAtTail</token>
				<token count="1">insertSorted</token>
				<token count="4">int</token>
				<token count="1">isPalindrome</token>
				<token count="20">item</token>
				<token count="2">length</token>
				<token count="49">next</token>
				<token count="9">odd</token>
				<token count="2">otherLinkedList</token>
				<token count="6">p</token>
				<token count="1">parityArrangement</token>
				<token count="6">prev</token>
				<token count="1">print</token>
				<token count="1">reverse</token>
				<token count="2">searchFor</token>
				<token count="1">std</token>
				<token count="8">tail</token>
				<token count="40">temp</token>
				<token count="2">temp_head</token>
				<token count="5">tempoo</token>
				<token count="2">toInsert</token>
				<token count="13">value</token>
				<token count="10">void</token>
			</operands>
		</file_total>
	</file>
	<system>
		<files>1</files>
		<functions>19</functions>
		<LOCphy>359</LOCphy>
		<LOCbl>83</LOCbl>
		<LOCpro>274</LOCpro>
		<LOCcom>3</LOCcom>
		<semicolons>98</semicolons>
		<vG_b>35</vG_b>
		<vG_e>39</vG_e>
		<params>10</params>
		<MIwoc>95</MIwoc>
		<MIcw>6</MIcw>
		<MI>101</MI>
		<alarms>
			<file_vG>
				<measured>1</measured>
				<alarmed>0</alarmed>
				<percent>0</percent>
				<lowlimit>1</lowlimit>
				<highlimit>100</highlimit>
			</file_vG>
			<file_LOCpro>
				<measured>1</measured>
				<alarmed>0</alarmed>
				<percent>0</percent>
				<lowlimit>4</lowlimit>
				<highlimit>400</highlimit>
			</file_LOCpro>
			<file_comment_percent>
				<measured>1</measured>
				<alarmed>1</alarmed>
				<percent>100</percent>
				<lowlimit>30</lowlimit>
				<highlimit>75</highlimit>
			</file_comment_percent>
			<file_V>
				<measured>1</measured>
				<alarmed>0</alarmed>
				<percent>0</percent>
				<lowlimit>100</lowlimit>
				<highlimit>8000</highlimit>
			</file_V>
			<file_B>
				<measured>1</measured>
				<alarmed>1</alarmed>
				<percent>100</percent>
				<lowlimit>0</lowlimit>
				<highlimit>2</highlimit>
			</file_B>
			<file_MI>
				<measured>1</measured>
				<alarmed>0</alarmed>
				<percent>0</percent>
				<lowlimit>65</lowlimit>
			</file_MI>
			<function_vG>
				<measured>19</measured>
				<alarmed>0</alarmed>
				<percent>0</percent>
				<lowlimit>1</lowlimit>
				<highlimit>10</highlimit>
			</function_vG>
			<function_LOCpro>
				<measured>19</measured>
				<alarmed>0</alarmed>
				<percent>0</percent>
				<lowlimit>4</lowlimit>
				<highlimit>40</highlimit>
			</function_LOCpro>
			<function_comment_percent>
				<measured>19</measured>
				<alarmed>9</alarmed>
				<percent>47</percent>
				<lowlimit>30</lowlimit>
				<highlimit>75</highlimit>
			</function_comment_percent>
			<function_V>
				<measured>19</measured>
				<alarmed>0</alarmed>
				<percent>0</percent>
				<lowlimit>20</lowlimit>
				<highlimit>1000</highlimit>
			</function_V>
			<function_MI>
				<measured>19</measured>
				<alarmed>0</alarmed>
				<percent>0</percent>
				<lowlimit>65</lowlimit>
			</function_MI>
		</alarms>
		<error_messages count="0">
		</error_messages>
	</system>
</cmt_long_report>
