<?xml version="1.0" ?>
<cmt_long_report>
	<header_info>
		<cmt_version>7.0</cmt_version>
		<copyright>Copyright (c) 1993-2013 Testwell Oy</copyright>
		<copyright>Copyright (c) 2013-2018 Verifysoft Technology GmbH</copyright>
		<license_notes>
		</license_notes>
		<date>Tue Apr  4 21:02:32 2023</date>
		<cmt_options> -o C:\Users\muawi\cmt\A1_T1_S17.xml -lf -f C:\Users\muawi\cmt\files.txt</cmt_options>
		<run_directory>C:\Testwell\CMT</run_directory>
		<mccabe_preference>extended</mccabe_preference>
	</header_info>
	<file name="C:\Users\muawi\OneDrive\Documents\Study\Junior Year\Topics in Internet Research\Project\PA1_ANON_DATA\PA1_ANON_DATA\folder_17\LinkedList.cpp" stamp="1680056157">
		<function name="LinkedList::LinkedList()">
			<start_line>9</start_line>
			<vG_b>1</vG_b>
			<vG_e>1</vG_e>
			<params>0</params>
			<LOCphy>5</LOCphy>
			<LOCpro>4</LOCpro>
			<LOCbl>0</LOCbl>
			<LOCcom>0</LOCcom>
			<N>15</N>
			<N1>9</N1>
			<N2>6</N2>
			<n>12</n>
			<n1>8</n1>
			<n2>4</n2>
			<V>53.774</V>
			<B>0.016</B>
			<D>6.000</D>
			<E>322.647</E>
			<L>0.167</L>
			<T>00:00:17</T>
			<MaxND>1</MaxND>
			<MIwoc>124</MIwoc>
			<MIcwc>0</MIcwc>
			<MI>124</MI>
			<operators>
				<token count="1">()</token>
				<token count="1">::</token>
				<token count="1">;</token>
				<token count="1">&lt;</token>
				<token count="1">=</token>
				<token count="2">&gt;</token>
				<token count="1">class</token>
				<token count="1">{}</token>
			</operators>
			<operands>
				<token count="2">LinkedList</token>
				<token count="1">NULL</token>
				<token count="2">T</token>
				<token count="1">head</token>
			</operands>
		</function>
		<function name="LinkedList::LinkedList()">
			<start_line>15</start_line>
			<vG_b>3</vG_b>
			<vG_e>3</vG_e>
			<params>1</params>
			<LOCphy>15</LOCphy>
			<LOCpro>14</LOCpro>
			<LOCbl>0</LOCbl>
			<LOCcom alarmed="1">0</LOCcom>
			<N>64</N>
			<N1>36</N1>
			<N2>28</N2>
			<n>28</n>
			<n1>16</n1>
			<n2>12</n2>
			<V>307.671</V>
			<B>0.107</B>
			<D>18.667</D>
			<E>5743.187</E>
			<L>0.054</L>
			<T>00:05:19</T>
			<MaxND>3</MaxND>
			<MIwoc>97</MIwoc>
			<MIcwc>0</MIcwc>
			<MI>97</MI>
			<operators>
				<token count="2">!=</token>
				<token count="1">&amp;</token>
				<token count="3">()</token>
				<token count="1">*</token>
				<token count="4">-&gt;</token>
				<token count="2">.</token>
				<token count="1">::</token>
				<token count="5">;</token>
				<token count="3">&lt;</token>
				<token count="3">=</token>
				<token count="4">&gt;</token>
				<token count="1">class</token>
				<token count="1">const</token>
				<token count="1">if()</token>
				<token count="1">while()</token>
				<token count="3">{}</token>
			</operators>
			<operands>
				<token count="3">LinkedList</token>
				<token count="1">ListItem</token>
				<token count="3">NULL</token>
				<token count="4">T</token>
				<token count="3">head</token>
				<token count="1">insertAtHead</token>
				<token count="1">next</token>
				<token count="3">otherLinkedList</token>
				<token count="1">reverse</token>
				<token count="5">temp</token>
				<token count="2">this</token>
				<token count="1">value</token>
			</operands>
		</function>
		<function name="LinkedList::~LinkedList()">
			<start_line>31</start_line>
			<vG_b>3</vG_b>
			<vG_e>3</vG_e>
			<params>0</params>
			<LOCphy>19</LOCphy>
			<LOCpro>18</LOCpro>
			<LOCbl>0</LOCbl>
			<LOCcom alarmed="1">0</LOCcom>
			<N>52</N>
			<N1>33</N1>
			<N2>19</N2>
			<n>26</n>
			<n1>18</n1>
			<n2>8</n2>
			<V>244.423</V>
			<B>0.100</B>
			<D>21.375</D>
			<E>5224.539</E>
			<L>0.047</L>
			<T>00:04:50</T>
			<MaxND>3</MaxND>
			<MIwoc>94</MIwoc>
			<MIcwc>0</MIcwc>
			<MI>94</MI>
			<operators>
				<token count="1">!=</token>
				<token count="1">()</token>
				<token count="1">*</token>
				<token count="2">-&gt;</token>
				<token count="1">::</token>
				<token count="6">;</token>
				<token count="2">&lt;</token>
				<token count="2">=</token>
				<token count="1">==</token>
				<token count="3">&gt;</token>
				<token count="1">class</token>
				<token count="3">delete</token>
				<token count="1">else</token>
				<token count="1">if()</token>
				<token count="1">return</token>
				<token count="1">while()</token>
				<token count="4">{}</token>
				<token count="1">~</token>
			</operators>
			<operands>
				<token count="2">LinkedList</token>
				<token count="1">ListItem</token>
				<token count="2">NULL</token>
				<token count="3">T</token>
				<token count="3">head</token>
				<token count="1">next</token>
				<token count="1">prev</token>
				<token count="6">temp</token>
			</operands>
		</function>
		<function name="LinkedList::insertAtHead()">
			<start_line>51</start_line>
			<vG_b>2</vG_b>
			<vG_e>2</vG_e>
			<params>1</params>
			<LOCphy>16</LOCphy>
			<LOCpro>15</LOCpro>
			<LOCbl>0</LOCbl>
			<LOCcom alarmed="1">0</LOCcom>
			<N>71</N>
			<N1>40</N1>
			<N2>31</N2>
			<n>26</n>
			<n1>14</n1>
			<n2>12</n2>
			<V>333.731</V>
			<B>0.110</B>
			<D>18.083</D>
			<E>6034.973</E>
			<L>0.055</L>
			<T>00:05:35</T>
			<MaxND>2</MaxND>
			<MIwoc>95</MIwoc>
			<MIcwc>0</MIcwc>
			<MI>95</MI>
			<operators>
				<token count="3">()</token>
				<token count="2">*</token>
				<token count="2">-&gt;</token>
				<token count="1">::</token>
				<token count="6">;</token>
				<token count="5">&lt;</token>
				<token count="6">=</token>
				<token count="1">==</token>
				<token count="6">&gt;</token>
				<token count="1">class</token>
				<token count="1">else</token>
				<token count="1">if()</token>
				<token count="2">new</token>
				<token count="3">{}</token>
			</operators>
			<operands>
				<token count="1">LinkedList</token>
				<token count="4">ListItem</token>
				<token count="1">NULL</token>
				<token count="7">T</token>
				<token count="5">head</token>
				<token count="1">insertAtHead</token>
				<token count="3">item</token>
				<token count="1">next</token>
				<token count="1">prev</token>
				<token count="2">temp</token>
				<token count="4">temp1</token>
				<token count="1">void</token>
			</operands>
		</function>
		<function name="LinkedList::insertAtTail()">
			<start_line>67</start_line>
			<vG_b>3</vG_b>
			<vG_e>3</vG_e>
			<params>1</params>
			<LOCphy>21</LOCphy>
			<LOCpro>20</LOCpro>
			<LOCbl>0</LOCbl>
			<LOCcom alarmed="1">0</LOCcom>
			<N>93</N>
			<N1>52</N1>
			<N2>41</N2>
			<n>29</n>
			<n1>16</n1>
			<n2>13</n2>
			<V>451.792</V>
			<B>0.169</B>
			<D>25.231</D>
			<E>11399.065</E>
			<L>0.040</L>
			<T>00:10:33</T>
			<MaxND>3</MaxND>
			<MIwoc>89</MIwoc>
			<MIcwc>0</MIcwc>
			<MI>89</MI>
			<operators>
				<token count="1">!=</token>
				<token count="3">()</token>
				<token count="3">*</token>
				<token count="4">-&gt;</token>
				<token count="1">::</token>
				<token count="8">;</token>
				<token count="6">&lt;</token>
				<token count="8">=</token>
				<token count="1">==</token>
				<token count="7">&gt;</token>
				<token count="1">class</token>
				<token count="1">else</token>
				<token count="1">if()</token>
				<token count="2">new</token>
				<token count="1">while()</token>
				<token count="4">{}</token>
			</operators>
			<operands>
				<token count="1">LinkedList</token>
				<token count="5">ListItem</token>
				<token count="2">NULL</token>
				<token count="8">T</token>
				<token count="3">head</token>
				<token count="1">insertAtTail</token>
				<token count="3">item</token>
				<token count="3">next</token>
				<token count="1">prev</token>
				<token count="2">temp</token>
				<token count="7">temp1</token>
				<token count="4">temp2</token>
				<token count="1">void</token>
			</operands>
		</function>
		<function name="LinkedList::insertAfter()">
			<start_line>89</start_line>
			<vG_b>7</vG_b>
			<vG_e>8</vG_e>
			<params>2</params>
			<LOCphy>40</LOCphy>
			<LOCpro>37</LOCpro>
			<LOCbl>2</LOCbl>
			<LOCcom alarmed="1">0</LOCcom>
			<N>139</N>
			<N1>80</N1>
			<N2>59</N2>
			<n>33</n>
			<n1>19</n1>
			<n2>14</n2>
			<V>701.171</V>
			<B>0.308</B>
			<D>40.036</D>
			<E>28071.873</E>
			<L>0.025</L>
			<T>00:25:59</T>
			<MaxND>5</MaxND>
			<MIwoc>75</MIwoc>
			<MIcwc>0</MIcwc>
			<MI>75</MI>
			<operators>
				<token count="2">!=</token>
				<token count="1">&amp;&amp;</token>
				<token count="2">()</token>
				<token count="2">*</token>
				<token count="1">,</token>
				<token count="12">-&gt;</token>
				<token count="1">::</token>
				<token count="13">;</token>
				<token count="4">&lt;</token>
				<token count="9">=</token>
				<token count="5">==</token>
				<token count="5">&gt;</token>
				<token count="1">class</token>
				<token count="3">else</token>
				<token count="5">if()</token>
				<token count="1">new</token>
				<token count="4">return</token>
				<token count="1">while()</token>
				<token count="8">{}</token>
			</operators>
			<operands>
				<token count="1">LinkedList</token>
				<token count="3">ListItem</token>
				<token count="5">NULL</token>
				<token count="7">T</token>
				<token count="3">afterWhat</token>
				<token count="3">head</token>
				<token count="1">insertAfter</token>
				<token count="7">next</token>
				<token count="3">prev</token>
				<token count="7">ptr</token>
				<token count="14">temp</token>
				<token count="2">toInsert</token>
				<token count="2">value</token>
				<token count="1">void</token>
			</operands>
		</function>
		<function name="LinkedList::insertSorted()">
			<start_line>131</start_line>
			<vG_b>6</vG_b>
			<vG_e>8</vG_e>
			<params>1</params>
			<LOCphy>38</LOCphy>
			<LOCpro>34</LOCpro>
			<LOCbl>2</LOCbl>
			<LOCcom alarmed="1">1</LOCcom>
			<N>160</N>
			<N1>90</N1>
			<N2>70</N2>
			<n>36</n>
			<n1>20</n1>
			<n2>16</n2>
			<V>827.188</V>
			<B>0.365</B>
			<D>43.750</D>
			<E>36189.477</E>
			<L>0.023</L>
			<T>00:33:30</T>
			<MaxND>3</MaxND>
			<MIwoc>75</MIwoc>
			<MIcwc>12</MIcwc>
			<MI>88</MI>
			<operators>
				<token count="1">!=</token>
				<token count="2">&amp;&amp;</token>
				<token count="4">()</token>
				<token count="3">*</token>
				<token count="15">-&gt;</token>
				<token count="1">::</token>
				<token count="16">;</token>
				<token count="6">&lt;</token>
				<token count="2">&lt;=</token>
				<token count="11">=</token>
				<token count="3">==</token>
				<token count="7">&gt;</token>
				<token count="1">&gt;=</token>
				<token count="1">break</token>
				<token count="1">class</token>
				<token count="4">if()</token>
				<token count="2">new</token>
				<token count="3">return</token>
				<token count="1">while()</token>
				<token count="6">{}</token>
			</operators>
			<operands>
				<token count="1">LinkedList</token>
				<token count="5">ListItem</token>
				<token count="3">NULL</token>
				<token count="8">T</token>
				<token count="7">aptr</token>
				<token count="4">head</token>
				<token count="1">insertAtHead</token>
				<token count="1">insertSorted</token>
				<token count="7">item</token>
				<token count="6">next</token>
				<token count="5">prev</token>
				<token count="2">temp</token>
				<token count="1">this</token>
				<token count="15">tmp</token>
				<token count="3">value</token>
				<token count="1">void</token>
			</operands>
		</function>
		<function name="LinkedList::getHead()">
			<start_line>170</start_line>
			<vG_b>2</vG_b>
			<vG_e>2</vG_e>
			<params>0</params>
			<LOCphy>9</LOCphy>
			<LOCpro>8</LOCpro>
			<LOCbl>0</LOCbl>
			<LOCcom>0</LOCcom>
			<N>27</N>
			<N1>17</N1>
			<N2>10</N2>
			<n>17</n>
			<n1>11</n1>
			<n2>6</n2>
			<V>110.361</V>
			<B>0.034</B>
			<D>9.167</D>
			<E>1011.647</E>
			<L>0.109</L>
			<T>00:00:56</T>
			<MaxND>2</MaxND>
			<MIwoc>110</MIwoc>
			<MIcwc>0</MIcwc>
			<MI>110</MI>
			<operators>
				<token count="1">()</token>
				<token count="1">*</token>
				<token count="1">::</token>
				<token count="2">;</token>
				<token count="2">&lt;</token>
				<token count="1">==</token>
				<token count="3">&gt;</token>
				<token count="1">class</token>
				<token count="1">if()</token>
				<token count="2">return</token>
				<token count="2">{}</token>
			</operators>
			<operands>
				<token count="1">LinkedList</token>
				<token count="1">ListItem</token>
				<token count="2">NULL</token>
				<token count="3">T</token>
				<token count="1">getHead</token>
				<token count="2">head</token>
			</operands>
		</function>
		<function name="LinkedList::getTail()">
			<start_line>180</start_line>
			<vG_b>3</vG_b>
			<vG_e>3</vG_e>
			<params>0</params>
			<LOCphy>14</LOCphy>
			<LOCpro>13</LOCpro>
			<LOCbl>0</LOCbl>
			<LOCcom alarmed="1">0</LOCcom>
			<N>49</N>
			<N1>29</N1>
			<N2>20</N2>
			<n>23</n>
			<n1>15</n1>
			<n2>8</n2>
			<V>221.655</V>
			<B>0.086</B>
			<D>18.750</D>
			<E>4156.022</E>
			<L>0.053</L>
			<T>00:03:50</T>
			<MaxND>2</MaxND>
			<MIwoc>99</MIwoc>
			<MIcwc>0</MIcwc>
			<MI>99</MI>
			<operators>
				<token count="1">!=</token>
				<token count="1">()</token>
				<token count="2">*</token>
				<token count="2">-&gt;</token>
				<token count="1">::</token>
				<token count="4">;</token>
				<token count="3">&lt;</token>
				<token count="2">=</token>
				<token count="1">==</token>
				<token count="4">&gt;</token>
				<token count="1">class</token>
				<token count="1">if()</token>
				<token count="2">return</token>
				<token count="1">while()</token>
				<token count="3">{}</token>
			</operators>
			<operands>
				<token count="1">LinkedList</token>
				<token count="2">ListItem</token>
				<token count="3">NULL</token>
				<token count="4">T</token>
				<token count="1">getTail</token>
				<token count="2">head</token>
				<token count="2">next</token>
				<token count="5">temp1</token>
			</operands>
		</function>
		<function name="LinkedList::searchFor()">
			<start_line>195</start_line>
			<vG_b>6</vG_b>
			<vG_e>6</vG_e>
			<params>1</params>
			<LOCphy>25</LOCphy>
			<LOCpro>24</LOCpro>
			<LOCbl>0</LOCbl>
			<LOCcom alarmed="1">0</LOCcom>
			<N>73</N>
			<N1>44</N1>
			<N2>29</N2>
			<n>27</n>
			<n1>17</n1>
			<n2>10</n2>
			<V>347.107</V>
			<B>0.139</B>
			<D>24.650</D>
			<E>8556.183</E>
			<L>0.041</L>
			<T>00:07:55</T>
			<MaxND>4</MaxND>
			<MIwoc>87</MIwoc>
			<MIcwc>0</MIcwc>
			<MI>87</MI>
			<operators>
				<token count="2">!=</token>
				<token count="1">()</token>
				<token count="2">*</token>
				<token count="2">-&gt;</token>
				<token count="1">::</token>
				<token count="6">;</token>
				<token count="3">&lt;</token>
				<token count="2">=</token>
				<token count="3">==</token>
				<token count="4">&gt;</token>
				<token count="1">break</token>
				<token count="1">class</token>
				<token count="2">else</token>
				<token count="4">if()</token>
				<token count="3">return</token>
				<token count="1">while()</token>
				<token count="6">{}</token>
			</operators>
			<operands>
				<token count="1">LinkedList</token>
				<token count="2">ListItem</token>
				<token count="6">NULL</token>
				<token count="5">T</token>
				<token count="3">head</token>
				<token count="2">item</token>
				<token count="1">next</token>
				<token count="1">searchFor</token>
				<token count="7">temp</token>
				<token count="1">value</token>
			</operands>
		</function>
		<function name="LinkedList::deleteElement()">
			<start_line>221</start_line>
			<vG_b>5</vG_b>
			<vG_e>5</vG_e>
			<params>1</params>
			<LOCphy>27</LOCphy>
			<LOCpro>26</LOCpro>
			<LOCbl>0</LOCbl>
			<LOCcom alarmed="1">0</LOCcom>
			<N>104</N>
			<N1>61</N1>
			<N2>43</N2>
			<n>32</n>
			<n1>14</n1>
			<n2>18</n2>
			<V>520.000</V>
			<B>0.141</B>
			<D>16.722</D>
			<E>8695.556</E>
			<L>0.060</L>
			<T>00:08:03</T>
			<MaxND>2</MaxND>
			<MIwoc>84</MIwoc>
			<MIcwc>0</MIcwc>
			<MI>84</MI>
			<operators>
				<token count="5">()</token>
				<token count="2">*</token>
				<token count="12">-&gt;</token>
				<token count="1">::</token>
				<token count="11">;</token>
				<token count="3">&lt;</token>
				<token count="4">=</token>
				<token count="4">==</token>
				<token count="4">&gt;</token>
				<token count="1">class</token>
				<token count="1">delete</token>
				<token count="4">if()</token>
				<token count="4">return</token>
				<token count="5">{}</token>
			</operators>
			<operands>
				<token count="1">LinkedList</token>
				<token count="2">ListItem</token>
				<token count="2">NULL</token>
				<token count="5">T</token>
				<token count="1">deleteElement</token>
				<token count="1">deleteHead</token>
				<token count="1">deleteTail</token>
				<token count="1">getTail</token>
				<token count="2">head</token>
				<token count="4">item</token>
				<token count="3">next</token>
				<token count="3">prev</token>
				<token count="2">ptr</token>
				<token count="1">searchFor</token>
				<token count="7">temp</token>
				<token count="4">this</token>
				<token count="2">value</token>
				<token count="1">void</token>
			</operands>
		</function>
		<function name="LinkedList::deleteHead()">
			<start_line>249</start_line>
			<vG_b>2</vG_b>
			<vG_e>2</vG_e>
			<params>0</params>
			<LOCphy>11</LOCphy>
			<LOCpro>10</LOCpro>
			<LOCbl>0</LOCbl>
			<LOCcom alarmed="1">0</LOCcom>
			<N>37</N>
			<N1>22</N1>
			<N2>15</N2>
			<n>23</n>
			<n1>14</n1>
			<n2>9</n2>
			<V>167.372</V>
			<B>0.052</B>
			<D>11.667</D>
			<E>1952.671</E>
			<L>0.086</L>
			<T>00:01:48</T>
			<MaxND>2</MaxND>
			<MIwoc>105</MIwoc>
			<MIcwc>0</MIcwc>
			<MI>105</MI>
			<operators>
				<token count="1">()</token>
				<token count="1">*</token>
				<token count="1">-&gt;</token>
				<token count="1">::</token>
				<token count="4">;</token>
				<token count="2">&lt;</token>
				<token count="2">=</token>
				<token count="1">==</token>
				<token count="3">&gt;</token>
				<token count="1">class</token>
				<token count="1">delete</token>
				<token count="1">if()</token>
				<token count="1">return</token>
				<token count="2">{}</token>
			</operators>
			<operands>
				<token count="1">LinkedList</token>
				<token count="1">ListItem</token>
				<token count="1">NULL</token>
				<token count="3">T</token>
				<token count="1">deleteHead</token>
				<token count="3">head</token>
				<token count="1">next</token>
				<token count="3">temp</token>
				<token count="1">void</token>
			</operands>
		</function>
		<function name="LinkedList::deleteTail()">
			<start_line>261</start_line>
			<vG_b>3</vG_b>
			<vG_e>3</vG_e>
			<params>0</params>
			<LOCphy>18</LOCphy>
			<LOCpro>15</LOCpro>
			<LOCbl>2</LOCbl>
			<LOCcom alarmed="1">0</LOCcom>
			<N>54</N>
			<N1>33</N1>
			<N2>21</N2>
			<n>26</n>
			<n1>14</n1>
			<n2>12</n2>
			<V>253.824</V>
			<B>0.071</B>
			<D>12.250</D>
			<E>3109.341</E>
			<L>0.082</L>
			<T>00:02:52</T>
			<MaxND>2</MaxND>
			<MIwoc>95</MIwoc>
			<MIcwc>0</MIcwc>
			<MI>95</MI>
			<operators>
				<token count="2">()</token>
				<token count="1">*</token>
				<token count="4">-&gt;</token>
				<token count="1">::</token>
				<token count="6">;</token>
				<token count="2">&lt;</token>
				<token count="2">=</token>
				<token count="2">==</token>
				<token count="3">&gt;</token>
				<token count="1">class</token>
				<token count="2">delete</token>
				<token count="2">if()</token>
				<token count="2">return</token>
				<token count="3">{}</token>
			</operators>
			<operands>
				<token count="1">LinkedList</token>
				<token count="1">ListItem</token>
				<token count="3">NULL</token>
				<token count="3">T</token>
				<token count="1">deleteTail</token>
				<token count="1">getTail</token>
				<token count="3">head</token>
				<token count="2">next</token>
				<token count="1">prev</token>
				<token count="3">temp</token>
				<token count="1">this</token>
				<token count="1">void</token>
			</operands>
		</function>
		<function name="LinkedList::length()">
			<start_line>280</start_line>
			<vG_b>4</vG_b>
			<vG_e>4</vG_e>
			<params>0</params>
			<LOCphy>18</LOCphy>
			<LOCpro>17</LOCpro>
			<LOCbl>0</LOCbl>
			<LOCcom alarmed="1">0</LOCcom>
			<N>62</N>
			<N1>36</N1>
			<N2>26</N2>
			<n>29</n>
			<n1>17</n1>
			<n2>12</n2>
			<V>301.195</V>
			<B>0.104</B>
			<D>18.417</D>
			<E>5547.004</E>
			<L>0.054</L>
			<T>00:05:08</T>
			<MaxND>3</MaxND>
			<MIwoc>94</MIwoc>
			<MIcwc>0</MIcwc>
			<MI>94</MI>
			<operators>
				<token count="1">!=</token>
				<token count="1">()</token>
				<token count="1">*</token>
				<token count="1">++</token>
				<token count="2">-&gt;</token>
				<token count="1">::</token>
				<token count="7">;</token>
				<token count="2">&lt;</token>
				<token count="3">=</token>
				<token count="2">==</token>
				<token count="3">&gt;</token>
				<token count="1">class</token>
				<token count="2">else</token>
				<token count="2">if()</token>
				<token count="3">return</token>
				<token count="1">while()</token>
				<token count="3">{}</token>
			</operators>
			<operands>
				<token count="2">0</token>
				<token count="1">1</token>
				<token count="1">LinkedList</token>
				<token count="1">ListItem</token>
				<token count="3">NULL</token>
				<token count="3">T</token>
				<token count="3">counter</token>
				<token count="3">head</token>
				<token count="2">int</token>
				<token count="1">length</token>
				<token count="2">next</token>
				<token count="4">temp</token>
			</operands>
		</function>
		<function name="LinkedList::reverse()">
			<start_line>299</start_line>
			<vG_b>1</vG_b>
			<vG_e>1</vG_e>
			<params>0</params>
			<LOCphy>19</LOCphy>
			<LOCpro alarmed="1">3</LOCpro>
			<LOCbl>1</LOCbl>
			<LOCcom>14</LOCcom>
			<N>12</N>
			<N1>7</N1>
			<N2>5</N2>
			<n>10</n>
			<n1>6</n1>
			<n2>4</n2>
			<V>39.863</V>
			<B>0.009</B>
			<D>3.750</D>
			<E>149.487</E>
			<L>0.267</L>
			<T>00:00:08</T>
			<MaxND>1</MaxND>
			<MIwoc>104</MIwoc>
			<MIcwc>49</MIcwc>
			<MI>152</MI>
			<operators>
				<token count="1">()</token>
				<token count="1">::</token>
				<token count="1">&lt;</token>
				<token count="2">&gt;</token>
				<token count="1">class</token>
				<token count="1">{}</token>
			</operators>
			<operands>
				<token count="1">LinkedList</token>
				<token count="2">T</token>
				<token count="1">reverse</token>
				<token count="1">void</token>
			</operands>
		</function>
		<function name="LinkedList::parityArrangement()">
			<start_line>318</start_line>
			<vG_b>4</vG_b>
			<vG_e>4</vG_e>
			<params>0</params>
			<LOCphy>31</LOCphy>
			<LOCpro>29</LOCpro>
			<LOCbl>1</LOCbl>
			<LOCcom alarmed="1">0</LOCcom>
			<N>133</N>
			<N1>73</N1>
			<N2>60</N2>
			<n>40</n>
			<n1>18</n1>
			<n2>22</n2>
			<V>707.816</V>
			<B>0.224</B>
			<D>24.545</D>
			<E>17373.676</E>
			<L>0.041</L>
			<T>00:16:05</T>
			<MaxND>4</MaxND>
			<MIwoc>80</MIwoc>
			<MIcwc>0</MIcwc>
			<MI>80</MI>
			<operators>
				<token count="1">%</token>
				<token count="3">()</token>
				<token count="3">*</token>
				<token count="1">++</token>
				<token count="13">-&gt;</token>
				<token count="1">::</token>
				<token count="15">;</token>
				<token count="4">&lt;</token>
				<token count="1">&lt;=</token>
				<token count="12">=</token>
				<token count="2">==</token>
				<token count="5">&gt;</token>
				<token count="1">break</token>
				<token count="1">class</token>
				<token count="2">else</token>
				<token count="1">for()</token>
				<token count="2">if()</token>
				<token count="5">{}</token>
			</operators>
			<operands>
				<token count="1">0</token>
				<token count="1">1</token>
				<token count="1">2</token>
				<token count="1">LinkedList</token>
				<token count="3">ListItem</token>
				<token count="4">NULL</token>
				<token count="5">T</token>
				<token count="1">head</token>
				<token count="4">i</token>
				<token count="1">insertAtTail</token>
				<token count="2">int</token>
				<token count="1">length</token>
				<token count="6">next</token>
				<token count="1">parityArrangement</token>
				<token count="4">prev</token>
				<token count="3">ptr</token>
				<token count="3">ptr1</token>
				<token count="2">size</token>
				<token count="12">temp</token>
				<token count="2">this</token>
				<token count="1">value</token>
				<token count="1">void</token>
			</operands>
		</function>
		<function name="LinkedList::isPalindrome()">
			<start_line>349</start_line>
			<vG_b>4</vG_b>
			<vG_e>5</vG_e>
			<params>0</params>
			<LOCphy>24</LOCphy>
			<LOCpro>23</LOCpro>
			<LOCbl>0</LOCbl>
			<LOCcom alarmed="1">0</LOCcom>
			<N>85</N>
			<N1>50</N1>
			<N2>35</N2>
			<n>33</n>
			<n1>16</n1>
			<n2>17</n2>
			<V>428.773</V>
			<B>0.123</B>
			<D>16.471</D>
			<E>7062.152</E>
			<L>0.061</L>
			<T>00:06:32</T>
			<MaxND>4</MaxND>
			<MIwoc>87</MIwoc>
			<MIcwc>0</MIcwc>
			<MI>87</MI>
			<operators>
				<token count="4">!=</token>
				<token count="1">&amp;&amp;</token>
				<token count="3">()</token>
				<token count="2">*</token>
				<token count="7">-&gt;</token>
				<token count="1">::</token>
				<token count="7">;</token>
				<token count="3">&lt;</token>
				<token count="4">=</token>
				<token count="4">&gt;</token>
				<token count="1">class</token>
				<token count="2">else</token>
				<token count="2">if()</token>
				<token count="3">return</token>
				<token count="1">while()</token>
				<token count="5">{}</token>
			</operators>
			<operands>
				<token count="2">0</token>
				<token count="1">1</token>
				<token count="1">LinkedList</token>
				<token count="2">ListItem</token>
				<token count="3">NULL</token>
				<token count="4">T</token>
				<token count="5">Tail</token>
				<token count="1">getHead</token>
				<token count="1">getTail</token>
				<token count="1">head</token>
				<token count="1">int</token>
				<token count="1">isPalindrome</token>
				<token count="2">next</token>
				<token count="1">prev</token>
				<token count="5">tempHead</token>
				<token count="2">this</token>
				<token count="2">value</token>
			</operands>
		</function>
		<file_total>
			<vG_b>44</vG_b>
			<vG_e>48</vG_e>
			<vG_b_max>7</vG_b_max>
			<vG_b_avg>3</vG_b_avg>
			<vG_e_max>8</vG_e_max>
			<vG_e_avg>3</vG_e_avg>
			<params>8</params>
			<LOCphy>372</LOCphy>
			<LOCpro>333</LOCpro>
			<LOCbl>24</LOCbl>
			<LOCcom alarmed="1">15</LOCcom>
			<N>1280</N>
			<N1>756</N1>
			<N2>524</N2>
			<n>84</n>
			<n1>36</n1>
			<n2>48</n2>
			<V alarmed="1">8182.167</V>
			<B alarmed="1">4.575</B>
			<D>196.500</D>
			<E>1607795.625</E>
			<L>0.005</L>
			<T>24:48:41</T>
			<MaxND>5</MaxND>
			<MIwoc>88</MIwoc>
			<MIcwc>15</MIcwc>
			<MI>104</MI>
			<operators>
				<token count="15">!=</token>
				<token count="5">#</token>
				<token count="1">%</token>
				<token count="1">&amp;</token>
				<token count="4">&amp;&amp;</token>
				<token count="36">()</token>
				<token count="27">*</token>
				<token count="2">++</token>
				<token count="1">,</token>
				<token count="82">-&gt;</token>
				<token count="2">.</token>
				<token count="17">::</token>
				<token count="118">;</token>
				<token count="69">&lt;</token>
				<token count="3">&lt;=</token>
				<token count="71">=</token>
				<token count="27">==</token>
				<token count="69">&gt;</token>
				<token count="1">&gt;=</token>
				<token count="3">break</token>
				<token count="17">class</token>
				<token count="1">const</token>
				<token count="7">delete</token>
				<token count="14">else</token>
				<token count="1">endif</token>
				<token count="1">for()</token>
				<token count="32">if()</token>
				<token count="1">ifndef</token>
				<token count="1">namespace</token>
				<token count="7">new</token>
				<token count="28">return</token>
				<token count="17">template</token>
				<token count="1">using</token>
				<token count="9">while()</token>
				<token count="64">{}</token>
				<token count="1">~</token>
			</operators>
			<operands>
				<token count="5">0</token>
				<token count="3">1</token>
				<token count="1">2</token>
				<token count="21">LinkedList</token>
				<token count="34">ListItem</token>
				<token count="44">NULL</token>
				<token count="76">T</token>
				<token count="5">Tail</token>
				<token count="2">__LIST_CPP</token>
				<token count="3">afterWhat</token>
				<token count="7">aptr</token>
				<token count="3">counter</token>
				<token count="1">define</token>
				<token count="1">deleteElement</token>
				<token count="2">deleteHead</token>
				<token count="2">deleteTail</token>
				<token count="2">getHead</token>
				<token count="4">getTail</token>
				<token count="42">head</token>
				<token count="4">i</token>
				<token count="2">include</token>
				<token count="1">insertAfter</token>
				<token count="3">insertAtHead</token>
				<token count="2">insertAtTail</token>
				<token count="1">insertSorted</token>
				<token count="5">int</token>
				<token count="1">isPalindrome</token>
				<token count="19">item</token>
				<token count="2">length</token>
				<token count="38">next</token>
				<token count="3">otherLinkedList</token>
				<token count="1">parityArrangement</token>
				<token count="20">prev</token>
				<token count="12">ptr</token>
				<token count="3">ptr1</token>
				<token count="2">reverse</token>
				<token count="2">searchFor</token>
				<token count="2">size</token>
				<token count="1">std</token>
				<token count="67">temp</token>
				<token count="16">temp1</token>
				<token count="4">temp2</token>
				<token count="5">tempHead</token>
				<token count="12">this</token>
				<token count="15">tmp</token>
				<token count="2">toInsert</token>
				<token count="12">value</token>
				<token count="9">void</token>
			</operands>
		</file_total>
	</file>
	<system>
		<files>1</files>
		<functions>17</functions>
		<LOCphy>372</LOCphy>
		<LOCbl>24</LOCbl>
		<LOCpro>333</LOCpro>
		<LOCcom>15</LOCcom>
		<semicolons>118</semicolons>
		<vG_b>44</vG_b>
		<vG_e>48</vG_e>
		<params>8</params>
		<MIwoc>91</MIwoc>
		<MIcw>16</MIcw>
		<MI>106</MI>
		<alarms>
			<file_vG>
				<measured>1</measured>
				<alarmed>0</alarmed>
				<percent>0</percent>
				<lowlimit>1</lowlimit>
				<highlimit>100</highlimit>
			</file_vG>
			<file_LOCpro>
				<measured>1</measured>
				<alarmed>0</alarmed>
				<percent>0</percent>
				<lowlimit>4</lowlimit>
				<highlimit>400</highlimit>
			</file_LOCpro>
			<file_comment_percent>
				<measured>1</measured>
				<alarmed>1</alarmed>
				<percent>100</percent>
				<lowlimit>30</lowlimit>
				<highlimit>75</highlimit>
			</file_comment_percent>
			<file_V>
				<measured>1</measured>
				<alarmed>1</alarmed>
				<percent>100</percent>
				<lowlimit>100</lowlimit>
				<highlimit>8000</highlimit>
			</file_V>
			<file_B>
				<measured>1</measured>
				<alarmed>1</alarmed>
				<percent>100</percent>
				<lowlimit>0</lowlimit>
				<highlimit>2</highlimit>
			</file_B>
			<file_MI>
				<measured>1</measured>
				<alarmed>0</alarmed>
				<percent>0</percent>
				<lowlimit>65</lowlimit>
			</file_MI>
			<function_vG>
				<measured>17</measured>
				<alarmed>0</alarmed>
				<percent>0</percent>
				<lowlimit>1</lowlimit>
				<highlimit>10</highlimit>
			</function_vG>
			<function_LOCpro>
				<measured>17</measured>
				<alarmed>1</alarmed>
				<percent>5</percent>
				<lowlimit>4</lowlimit>
				<highlimit>40</highlimit>
			</function_LOCpro>
			<function_comment_percent>
				<measured>17</measured>
				<alarmed>14</alarmed>
				<percent>82</percent>
				<lowlimit>30</lowlimit>
				<highlimit>75</highlimit>
			</function_comment_percent>
			<function_V>
				<measured>17</measured>
				<alarmed>0</alarmed>
				<percent>0</percent>
				<lowlimit>20</lowlimit>
				<highlimit>1000</highlimit>
			</function_V>
			<function_MI>
				<measured>17</measured>
				<alarmed>0</alarmed>
				<percent>0</percent>
				<lowlimit>65</lowlimit>
			</function_MI>
		</alarms>
		<error_messages count="0">
		</error_messages>
	</system>
</cmt_long_report>
