<?xml version="1.0" ?>
<cmt_long_report>
	<header_info>
		<cmt_version>7.0</cmt_version>
		<copyright>Copyright (c) 1993-2013 Testwell Oy</copyright>
		<copyright>Copyright (c) 2013-2018 Verifysoft Technology GmbH</copyright>
		<license_notes>
		</license_notes>
		<date>Tue Apr  4 21:20:46 2023</date>
		<cmt_options> -o C:\Users\muawi\cmt\A1_T1_S52.xml -lf -f C:\Users\muawi\cmt\files.txt</cmt_options>
		<run_directory>C:\Testwell\CMT</run_directory>
		<mccabe_preference>extended</mccabe_preference>
	</header_info>
	<file name="C:\Users\muawi\OneDrive\Documents\Study\Junior Year\Topics in Internet Research\Project\PA1_ANON_DATA\PA1_ANON_DATA\folder_52\LinkedList.cpp" stamp="1680056149">
		<function name="LinkedList::LinkedList()">
			<start_line>10</start_line>
			<vG_b>1</vG_b>
			<vG_e>1</vG_e>
			<params>0</params>
			<LOCphy>6</LOCphy>
			<LOCpro>5</LOCpro>
			<LOCbl>0</LOCbl>
			<LOCcom>0</LOCcom>
			<N>19</N>
			<N1>11</N1>
			<N2>8</N2>
			<n>13</n>
			<n1>8</n1>
			<n2>5</n2>
			<V>70.308</V>
			<B>0.020</B>
			<D>6.400</D>
			<E>449.973</E>
			<L>0.156</L>
			<T>00:00:24</T>
			<MaxND>1</MaxND>
			<MIwoc>120</MIwoc>
			<MIcwc>0</MIcwc>
			<MI>120</MI>
			<operators>
				<token count="1">()</token>
				<token count="1">::</token>
				<token count="2">;</token>
				<token count="1">&lt;</token>
				<token count="2">=</token>
				<token count="2">&gt;</token>
				<token count="1">class</token>
				<token count="1">{}</token>
			</operators>
			<operands>
				<token count="2">LinkedList</token>
				<token count="2">NULL</token>
				<token count="2">T</token>
				<token count="1">head</token>
				<token count="1">tail</token>
			</operands>
		</function>
		<function name="LinkedList::LinkedList()">
			<start_line>17</start_line>
			<vG_b>3</vG_b>
			<vG_e>3</vG_e>
			<params>1</params>
			<LOCphy>21</LOCphy>
			<LOCpro>20</LOCpro>
			<LOCbl>0</LOCbl>
			<LOCcom alarmed="1">0</LOCcom>
			<N>123</N>
			<N1>70</N1>
			<N2>53</N2>
			<n>33</n>
			<n1>19</n1>
			<n2>14</n2>
			<V>620.460</V>
			<B>0.264</B>
			<D>35.964</D>
			<E>22314.418</E>
			<L>0.028</L>
			<T>00:20:39</T>
			<MaxND>3</MaxND>
			<MIwoc>88</MIwoc>
			<MIcwc>0</MIcwc>
			<MI>88</MI>
			<operators>
				<token count="1">!=</token>
				<token count="1">&amp;</token>
				<token count="4">()</token>
				<token count="5">*</token>
				<token count="4">-&gt;</token>
				<token count="3">.</token>
				<token count="1">::</token>
				<token count="12">;</token>
				<token count="9">&lt;</token>
				<token count="8">=</token>
				<token count="1">==</token>
				<token count="10">&gt;</token>
				<token count="1">class</token>
				<token count="1">const</token>
				<token count="1">else</token>
				<token count="1">if()</token>
				<token count="2">new</token>
				<token count="1">while()</token>
				<token count="4">{}</token>
			</operators>
			<operands>
				<token count="3">LinkedList</token>
				<token count="7">ListItem</token>
				<token count="4">NULL</token>
				<token count="10">T</token>
				<token count="5">head</token>
				<token count="1">insertAtTail</token>
				<token count="2">newHead</token>
				<token count="1">newNode</token>
				<token count="2">newTail</token>
				<token count="1">next</token>
				<token count="4">otherLinkedList</token>
				<token count="1">temp</token>
				<token count="9">trav</token>
				<token count="3">value</token>
			</operands>
		</function>
		<function name="LinkedList::insertAtHead()">
			<start_line>55</start_line>
			<vG_b>2</vG_b>
			<vG_e>2</vG_e>
			<params>1</params>
			<LOCphy>17</LOCphy>
			<LOCpro>15</LOCpro>
			<LOCbl>0</LOCbl>
			<LOCcom alarmed="1">1</LOCcom>
			<N>77</N>
			<N1>42</N1>
			<N2>35</N2>
			<n>27</n>
			<n1>14</n1>
			<n2>13</n2>
			<V>366.126</V>
			<B>0.121</B>
			<D>18.846</D>
			<E>6900.073</E>
			<L>0.053</L>
			<T>00:06:23</T>
			<MaxND>2</MaxND>
			<MIwoc>94</MIwoc>
			<MIcwc>18</MIcwc>
			<MI>112</MI>
			<operators>
				<token count="3">()</token>
				<token count="1">*</token>
				<token count="5">-&gt;</token>
				<token count="1">::</token>
				<token count="9">;</token>
				<token count="3">&lt;</token>
				<token count="8">=</token>
				<token count="1">==</token>
				<token count="4">&gt;</token>
				<token count="1">class</token>
				<token count="1">else</token>
				<token count="1">if()</token>
				<token count="1">new</token>
				<token count="3">{}</token>
			</operators>
			<operands>
				<token count="1">LinkedList</token>
				<token count="2">ListItem</token>
				<token count="2">NULL</token>
				<token count="5">T</token>
				<token count="4">head</token>
				<token count="1">insertAtHead</token>
				<token count="3">item</token>
				<token count="3">next</token>
				<token count="1">prev</token>
				<token count="1">tail</token>
				<token count="10">temp</token>
				<token count="1">value</token>
				<token count="1">void</token>
			</operands>
		</function>
		<function name="LinkedList::insertAtTail()">
			<start_line>73</start_line>
			<vG_b>2</vG_b>
			<vG_e>2</vG_e>
			<params>1</params>
			<LOCphy>18</LOCphy>
			<LOCpro>16</LOCpro>
			<LOCbl>1</LOCbl>
			<LOCcom alarmed="1">0</LOCcom>
			<N>80</N>
			<N1>43</N1>
			<N2>37</N2>
			<n>27</n>
			<n1>14</n1>
			<n2>13</n2>
			<V>380.391</V>
			<B>0.129</B>
			<D>19.923</D>
			<E>7578.559</E>
			<L>0.050</L>
			<T>00:07:01</T>
			<MaxND>2</MaxND>
			<MIwoc>93</MIwoc>
			<MIcwc>0</MIcwc>
			<MI>93</MI>
			<operators>
				<token count="2">()</token>
				<token count="1">*</token>
				<token count="5">-&gt;</token>
				<token count="1">::</token>
				<token count="10">;</token>
				<token count="3">&lt;</token>
				<token count="9">=</token>
				<token count="1">==</token>
				<token count="4">&gt;</token>
				<token count="1">class</token>
				<token count="1">else</token>
				<token count="1">if()</token>
				<token count="1">new</token>
				<token count="3">{}</token>
			</operators>
			<operands>
				<token count="1">LinkedList</token>
				<token count="2">ListItem</token>
				<token count="3">NULL</token>
				<token count="5">T</token>
				<token count="2">head</token>
				<token count="1">insertAtTail</token>
				<token count="3">item</token>
				<token count="3">next</token>
				<token count="1">prev</token>
				<token count="4">tail</token>
				<token count="10">temp</token>
				<token count="1">value</token>
				<token count="1">void</token>
			</operands>
		</function>
		<function name="LinkedList::insertAfter()">
			<start_line>92</start_line>
			<vG_b>4</vG_b>
			<vG_e>5</vG_e>
			<params>2</params>
			<LOCphy>26</LOCphy>
			<LOCpro>23</LOCpro>
			<LOCbl>1</LOCbl>
			<LOCcom alarmed="1">1</LOCcom>
			<N>124</N>
			<N1>68</N1>
			<N2>56</N2>
			<n>33</n>
			<n1>19</n1>
			<n2>14</n2>
			<V>625.505</V>
			<B>0.276</B>
			<D>38.000</D>
			<E>23769.186</E>
			<L>0.026</L>
			<T>00:22:00</T>
			<MaxND>3</MaxND>
			<MIwoc>84</MIwoc>
			<MIcwc>15</MIcwc>
			<MI>99</MI>
			<operators>
				<token count="2">!=</token>
				<token count="1">&amp;&amp;</token>
				<token count="4">()</token>
				<token count="2">*</token>
				<token count="1">,</token>
				<token count="12">-&gt;</token>
				<token count="1">::</token>
				<token count="12">;</token>
				<token count="4">&lt;</token>
				<token count="10">=</token>
				<token count="2">==</token>
				<token count="5">&gt;</token>
				<token count="1">break</token>
				<token count="1">class</token>
				<token count="1">else</token>
				<token count="2">if()</token>
				<token count="1">new</token>
				<token count="1">while()</token>
				<token count="5">{}</token>
			</operators>
			<operands>
				<token count="1">LinkedList</token>
				<token count="3">ListItem</token>
				<token count="7">T</token>
				<token count="3">afterWhat</token>
				<token count="1">head</token>
				<token count="1">insertAfter</token>
				<token count="7">next</token>
				<token count="3">prev</token>
				<token count="4">tail</token>
				<token count="7">temp</token>
				<token count="2">toInsert</token>
				<token count="14">trav</token>
				<token count="2">value</token>
				<token count="1">void</token>
			</operands>
		</function>
		<function name="LinkedList::insertSorted()">
			<start_line>119</start_line>
			<vG_b>6</vG_b>
			<vG_e>9</vG_e>
			<params>1</params>
			<LOCphy>31</LOCphy>
			<LOCpro>27</LOCpro>
			<LOCbl>3</LOCbl>
			<LOCcom alarmed="1">0</LOCcom>
			<N>146</N>
			<N1>81</N1>
			<N2>65</N2>
			<n>35</n>
			<n1>18</n1>
			<n2>17</n2>
			<V>748.875</V>
			<B>0.291</B>
			<D>34.412</D>
			<E>25770.121</E>
			<L>0.029</L>
			<T>00:23:51</T>
			<MaxND>3</MaxND>
			<MIwoc>79</MIwoc>
			<MIcwc>0</MIcwc>
			<MI>79</MI>
			<operators>
				<token count="1">!=</token>
				<token count="3">&amp;&amp;</token>
				<token count="7">()</token>
				<token count="2">*</token>
				<token count="1">,</token>
				<token count="12">-&gt;</token>
				<token count="1">::</token>
				<token count="12">;</token>
				<token count="6">&lt;</token>
				<token count="7">=</token>
				<token count="4">==</token>
				<token count="6">&gt;</token>
				<token count="1">class</token>
				<token count="4">else</token>
				<token count="4">if()</token>
				<token count="1">new</token>
				<token count="1">while()</token>
				<token count="8">{}</token>
			</operators>
			<operands>
				<token count="1">LinkedList</token>
				<token count="3">ListItem</token>
				<token count="1">NULL</token>
				<token count="6">T</token>
				<token count="3">head</token>
				<token count="1">insertAfter</token>
				<token count="2">insertAtHead</token>
				<token count="1">insertAtTail</token>
				<token count="1">insertSorted</token>
				<token count="10">item</token>
				<token count="3">next</token>
				<token count="4">prev</token>
				<token count="2">tail</token>
				<token count="5">temp</token>
				<token count="16">trav</token>
				<token count="5">value</token>
				<token count="1">void</token>
			</operands>
		</function>
		<function name="LinkedList::getHead()">
			<start_line>151</start_line>
			<vG_b>2</vG_b>
			<vG_e>2</vG_e>
			<params>0</params>
			<LOCphy>9</LOCphy>
			<LOCpro>8</LOCpro>
			<LOCbl>0</LOCbl>
			<LOCcom>0</LOCcom>
			<N>29</N>
			<N1>19</N1>
			<N2>10</N2>
			<n>18</n>
			<n1>12</n1>
			<n2>6</n2>
			<V>120.928</V>
			<B>0.038</B>
			<D>10.000</D>
			<E>1209.278</E>
			<L>0.100</L>
			<T>00:01:07</T>
			<MaxND>2</MaxND>
			<MIwoc>110</MIwoc>
			<MIcwc>0</MIcwc>
			<MI>110</MI>
			<operators>
				<token count="1">()</token>
				<token count="1">*</token>
				<token count="1">::</token>
				<token count="2">;</token>
				<token count="2">&lt;</token>
				<token count="1">==</token>
				<token count="3">&gt;</token>
				<token count="1">class</token>
				<token count="1">else</token>
				<token count="1">if()</token>
				<token count="2">return</token>
				<token count="3">{}</token>
			</operators>
			<operands>
				<token count="1">LinkedList</token>
				<token count="1">ListItem</token>
				<token count="2">NULL</token>
				<token count="3">T</token>
				<token count="1">getHead</token>
				<token count="2">head</token>
			</operands>
		</function>
		<function name="LinkedList::getTail()">
			<start_line>161</start_line>
			<vG_b>2</vG_b>
			<vG_e>2</vG_e>
			<params>0</params>
			<LOCphy>9</LOCphy>
			<LOCpro>8</LOCpro>
			<LOCbl>0</LOCbl>
			<LOCcom>0</LOCcom>
			<N>29</N>
			<N1>19</N1>
			<N2>10</N2>
			<n>18</n>
			<n1>12</n1>
			<n2>6</n2>
			<V>120.928</V>
			<B>0.038</B>
			<D>10.000</D>
			<E>1209.278</E>
			<L>0.100</L>
			<T>00:01:07</T>
			<MaxND>2</MaxND>
			<MIwoc>110</MIwoc>
			<MIcwc>0</MIcwc>
			<MI>110</MI>
			<operators>
				<token count="1">()</token>
				<token count="1">*</token>
				<token count="1">::</token>
				<token count="2">;</token>
				<token count="2">&lt;</token>
				<token count="1">==</token>
				<token count="3">&gt;</token>
				<token count="1">class</token>
				<token count="1">else</token>
				<token count="1">if()</token>
				<token count="2">return</token>
				<token count="3">{}</token>
			</operators>
			<operands>
				<token count="1">LinkedList</token>
				<token count="1">ListItem</token>
				<token count="2">NULL</token>
				<token count="3">T</token>
				<token count="1">getTail</token>
				<token count="2">tail</token>
			</operands>
		</function>
		<function name="LinkedList::searchFor()">
			<start_line>171</start_line>
			<vG_b>4</vG_b>
			<vG_e>5</vG_e>
			<params>1</params>
			<LOCphy>21</LOCphy>
			<LOCpro>17</LOCpro>
			<LOCbl>3</LOCbl>
			<LOCcom alarmed="1">0</LOCcom>
			<N>69</N>
			<N1>40</N1>
			<N2>29</N2>
			<n>28</n>
			<n1>17</n1>
			<n2>11</n2>
			<V>331.707</V>
			<B>0.127</B>
			<D>22.409</D>
			<E>7433.263</E>
			<L>0.045</L>
			<T>00:06:52</T>
			<MaxND>4</MaxND>
			<MIwoc>90</MIwoc>
			<MIcwc>0</MIcwc>
			<MI>90</MI>
			<operators>
				<token count="2">!=</token>
				<token count="1">&amp;&amp;</token>
				<token count="1">()</token>
				<token count="2">*</token>
				<token count="3">-&gt;</token>
				<token count="1">::</token>
				<token count="6">;</token>
				<token count="3">&lt;</token>
				<token count="2">=</token>
				<token count="2">==</token>
				<token count="4">&gt;</token>
				<token count="1">class</token>
				<token count="1">else</token>
				<token count="2">if()</token>
				<token count="3">return</token>
				<token count="1">while()</token>
				<token count="5">{}</token>
			</operators>
			<operands>
				<token count="1">LinkedList</token>
				<token count="2">ListItem</token>
				<token count="3">NULL</token>
				<token count="5">T</token>
				<token count="2">head</token>
				<token count="3">item</token>
				<token count="1">next</token>
				<token count="1">searchFor</token>
				<token count="1">tail</token>
				<token count="8">trav</token>
				<token count="2">value</token>
			</operands>
		</function>
		<function name="LinkedList::deleteElement()">
			<start_line>193</start_line>
			<vG_b>6</vG_b>
			<vG_e>9</vG_e>
			<params>1</params>
			<LOCphy>28</LOCphy>
			<LOCpro>23</LOCpro>
			<LOCbl>2</LOCbl>
			<LOCcom alarmed="1">2</LOCcom>
			<N>111</N>
			<N1>65</N1>
			<N2>46</N2>
			<n>33</n>
			<n1>18</n1>
			<n2>15</n2>
			<V>559.928</V>
			<B>0.207</B>
			<D>27.600</D>
			<E>15454.006</E>
			<L>0.036</L>
			<T>00:14:18</T>
			<MaxND>3</MaxND>
			<MIwoc>82</MIwoc>
			<MIcwc>20</MIcwc>
			<MI>102</MI>
			<operators>
				<token count="4">!=</token>
				<token count="3">&amp;&amp;</token>
				<token count="3">()</token>
				<token count="1">*</token>
				<token count="9">-&gt;</token>
				<token count="1">::</token>
				<token count="10">;</token>
				<token count="2">&lt;</token>
				<token count="4">=</token>
				<token count="4">==</token>
				<token count="3">&gt;</token>
				<token count="1">class</token>
				<token count="1">delete</token>
				<token count="4">else</token>
				<token count="4">if()</token>
				<token count="2">return</token>
				<token count="1">while()</token>
				<token count="8">{}</token>
			</operators>
			<operands>
				<token count="1">LinkedList</token>
				<token count="1">ListItem</token>
				<token count="2">NULL</token>
				<token count="4">T</token>
				<token count="1">deleteElement</token>
				<token count="1">deleteHead</token>
				<token count="1">deleteTail</token>
				<token count="4">head</token>
				<token count="3">item</token>
				<token count="4">next</token>
				<token count="3">prev</token>
				<token count="3">tail</token>
				<token count="15">trav</token>
				<token count="2">value</token>
				<token count="1">void</token>
			</operands>
		</function>
		<function name="LinkedList::deleteHead()">
			<start_line>222</start_line>
			<vG_b>2</vG_b>
			<vG_e>2</vG_e>
			<params>0</params>
			<LOCphy>14</LOCphy>
			<LOCpro>12</LOCpro>
			<LOCbl>1</LOCbl>
			<LOCcom alarmed="1">0</LOCcom>
			<N>51</N>
			<N1>29</N1>
			<N2>22</N2>
			<n>24</n>
			<n1>14</n1>
			<n2>10</n2>
			<V>233.833</V>
			<B>0.078</B>
			<D>15.400</D>
			<E>3601.030</E>
			<L>0.065</L>
			<T>00:03:20</T>
			<MaxND>2</MaxND>
			<MIwoc>99</MIwoc>
			<MIcwc>0</MIcwc>
			<MI>99</MI>
			<operators>
				<token count="1">()</token>
				<token count="1">*</token>
				<token count="3">-&gt;</token>
				<token count="1">::</token>
				<token count="6">;</token>
				<token count="2">&lt;</token>
				<token count="4">=</token>
				<token count="1">==</token>
				<token count="3">&gt;</token>
				<token count="1">class</token>
				<token count="1">delete</token>
				<token count="1">else</token>
				<token count="1">if()</token>
				<token count="3">{}</token>
			</operators>
			<operands>
				<token count="1">LinkedList</token>
				<token count="1">ListItem</token>
				<token count="3">NULL</token>
				<token count="3">T</token>
				<token count="1">deleteHead</token>
				<token count="6">head</token>
				<token count="2">next</token>
				<token count="1">prev</token>
				<token count="3">trav</token>
				<token count="1">void</token>
			</operands>
		</function>
		<function name="LinkedList::deleteTail()">
			<start_line>237</start_line>
			<vG_b>2</vG_b>
			<vG_e>2</vG_e>
			<params>0</params>
			<LOCphy>14</LOCphy>
			<LOCpro>12</LOCpro>
			<LOCbl>1</LOCbl>
			<LOCcom alarmed="1">0</LOCcom>
			<N>51</N>
			<N1>29</N1>
			<N2>22</N2>
			<n>25</n>
			<n1>14</n1>
			<n2>11</n2>
			<V>236.837</V>
			<B>0.074</B>
			<D>14.000</D>
			<E>3315.713</E>
			<L>0.071</L>
			<T>00:03:04</T>
			<MaxND>2</MaxND>
			<MIwoc>99</MIwoc>
			<MIcwc>0</MIcwc>
			<MI>99</MI>
			<operators>
				<token count="1">()</token>
				<token count="1">*</token>
				<token count="3">-&gt;</token>
				<token count="1">::</token>
				<token count="6">;</token>
				<token count="2">&lt;</token>
				<token count="4">=</token>
				<token count="1">==</token>
				<token count="3">&gt;</token>
				<token count="1">class</token>
				<token count="1">delete</token>
				<token count="1">else</token>
				<token count="1">if()</token>
				<token count="3">{}</token>
			</operators>
			<operands>
				<token count="1">LinkedList</token>
				<token count="1">ListItem</token>
				<token count="3">NULL</token>
				<token count="3">T</token>
				<token count="1">deleteTail</token>
				<token count="2">head</token>
				<token count="2">next</token>
				<token count="1">prev</token>
				<token count="4">tail</token>
				<token count="3">trav</token>
				<token count="1">void</token>
			</operands>
		</function>
		<function name="LinkedList::length()">
			<start_line>252</start_line>
			<vG_b>3</vG_b>
			<vG_e>3</vG_e>
			<params>0</params>
			<LOCphy>17</LOCphy>
			<LOCpro>15</LOCpro>
			<LOCbl>1</LOCbl>
			<LOCcom alarmed="1">0</LOCcom>
			<N>55</N>
			<N1>32</N1>
			<N2>23</N2>
			<n>29</n>
			<n1>17</n1>
			<n2>12</n2>
			<V>267.189</V>
			<B>0.089</B>
			<D>16.292</D>
			<E>4352.954</E>
			<L>0.061</L>
			<T>00:04:01</T>
			<MaxND>3</MaxND>
			<MIwoc>95</MIwoc>
			<MIcwc>0</MIcwc>
			<MI>95</MI>
			<operators>
				<token count="1">!=</token>
				<token count="1">()</token>
				<token count="1">*</token>
				<token count="1">++</token>
				<token count="1">-&gt;</token>
				<token count="1">::</token>
				<token count="7">;</token>
				<token count="2">&lt;</token>
				<token count="3">=</token>
				<token count="1">==</token>
				<token count="3">&gt;</token>
				<token count="1">class</token>
				<token count="1">else</token>
				<token count="1">if()</token>
				<token count="2">return</token>
				<token count="1">while()</token>
				<token count="4">{}</token>
			</operators>
			<operands>
				<token count="1">0</token>
				<token count="1">1</token>
				<token count="1">LinkedList</token>
				<token count="1">ListItem</token>
				<token count="1">NULL</token>
				<token count="3">T</token>
				<token count="2">head</token>
				<token count="2">int</token>
				<token count="4">length</token>
				<token count="1">next</token>
				<token count="1">tail</token>
				<token count="5">trav</token>
			</operands>
		</function>
		<function name="LinkedList::reverse()">
			<start_line>270</start_line>
			<vG_b>3</vG_b>
			<vG_e>3</vG_e>
			<params>0</params>
			<LOCphy>24</LOCphy>
			<LOCpro>21</LOCpro>
			<LOCbl>2</LOCbl>
			<LOCcom alarmed="1">0</LOCcom>
			<N>84</N>
			<N1>48</N1>
			<N2>36</N2>
			<n>28</n>
			<n1>16</n1>
			<n2>12</n2>
			<V>403.818</V>
			<B>0.152</B>
			<D>24.000</D>
			<E>9691.628</E>
			<L>0.042</L>
			<T>00:08:58</T>
			<MaxND>3</MaxND>
			<MIwoc>88</MIwoc>
			<MIcwc>0</MIcwc>
			<MI>88</MI>
			<operators>
				<token count="1">!=</token>
				<token count="1">()</token>
				<token count="2">*</token>
				<token count="5">-&gt;</token>
				<token count="1">::</token>
				<token count="12">;</token>
				<token count="3">&lt;</token>
				<token count="8">=</token>
				<token count="1">==</token>
				<token count="4">&gt;</token>
				<token count="1">class</token>
				<token count="1">else</token>
				<token count="1">if()</token>
				<token count="2">return</token>
				<token count="1">while()</token>
				<token count="4">{}</token>
			</operators>
			<operands>
				<token count="1">LinkedList</token>
				<token count="2">ListItem</token>
				<token count="2">NULL</token>
				<token count="4">T</token>
				<token count="4">head</token>
				<token count="2">next</token>
				<token count="3">prev</token>
				<token count="1">reverse</token>
				<token count="2">tail</token>
				<token count="3">temp</token>
				<token count="11">trav</token>
				<token count="1">void</token>
			</operands>
		</function>
		<function name="LinkedList::parityArrangement()">
			<start_line>295</start_line>
			<vG_b>4</vG_b>
			<vG_e>4</vG_e>
			<params>0</params>
			<LOCphy>21</LOCphy>
			<LOCpro>18</LOCpro>
			<LOCbl>2</LOCbl>
			<LOCcom alarmed="1">0</LOCcom>
			<N>77</N>
			<N1>44</N1>
			<N2>33</N2>
			<n>36</n>
			<n1>18</n1>
			<n2>18</n2>
			<V>398.084</V>
			<B>0.117</B>
			<D>16.500</D>
			<E>6568.390</E>
			<L>0.061</L>
			<T>00:06:04</T>
			<MaxND>4</MaxND>
			<MIwoc>90</MIwoc>
			<MIcwc>0</MIcwc>
			<MI>90</MI>
			<operators>
				<token count="1">!=</token>
				<token count="1">%</token>
				<token count="3">()</token>
				<token count="2">*</token>
				<token count="1">++</token>
				<token count="3">-&gt;</token>
				<token count="1">::</token>
				<token count="8">;</token>
				<token count="3">&lt;</token>
				<token count="4">=</token>
				<token count="2">==</token>
				<token count="4">&gt;</token>
				<token count="1">class</token>
				<token count="1">else</token>
				<token count="2">if()</token>
				<token count="1">return</token>
				<token count="1">while()</token>
				<token count="5">{}</token>
			</operators>
			<operands>
				<token count="2">0</token>
				<token count="1">2</token>
				<token count="1">LinkedList</token>
				<token count="2">ListItem</token>
				<token count="1">NULL</token>
				<token count="4">T</token>
				<token count="3">count</token>
				<token count="1">deleteElement</token>
				<token count="2">head</token>
				<token count="1">insertAtTail</token>
				<token count="1">int</token>
				<token count="1">next</token>
				<token count="1">parityArrangement</token>
				<token count="2">stop</token>
				<token count="1">tail</token>
				<token count="6">trav</token>
				<token count="2">value</token>
				<token count="1">void</token>
			</operands>
		</function>
		<function name="LinkedList::isPalindrome()">
			<start_line>317</start_line>
			<vG_b>5</vG_b>
			<vG_e>6</vG_e>
			<params>0</params>
			<LOCphy>26</LOCphy>
			<LOCpro>21</LOCpro>
			<LOCbl>2</LOCbl>
			<LOCcom alarmed="1">2</LOCcom>
			<N>96</N>
			<N1>56</N1>
			<N2>40</N2>
			<n>36</n>
			<n1>19</n1>
			<n2>17</n2>
			<V>496.313</V>
			<B>0.166</B>
			<D>22.353</D>
			<E>11094.051</E>
			<L>0.045</L>
			<T>00:10:16</T>
			<MaxND>4</MaxND>
			<MIwoc>85</MIwoc>
			<MIcwc>21</MIcwc>
			<MI>105</MI>
			<operators>
				<token count="4">!=</token>
				<token count="1">&amp;&amp;</token>
				<token count="1">()</token>
				<token count="2">*</token>
				<token count="1">++</token>
				<token count="6">-&gt;</token>
				<token count="1">::</token>
				<token count="10">;</token>
				<token count="3">&lt;</token>
				<token count="5">=</token>
				<token count="1">==</token>
				<token count="4">&gt;</token>
				<token count="1">break</token>
				<token count="1">class</token>
				<token count="2">else</token>
				<token count="3">if()</token>
				<token count="3">return</token>
				<token count="1">while()</token>
				<token count="6">{}</token>
			</operators>
			<operands>
				<token count="3">0</token>
				<token count="1">1</token>
				<token count="1">LinkedList</token>
				<token count="2">ListItem</token>
				<token count="1">NULL</token>
				<token count="4">T</token>
				<token count="1">bool</token>
				<token count="2">count</token>
				<token count="7">frd</token>
				<token count="2">head</token>
				<token count="1">int</token>
				<token count="1">isPalindrome</token>
				<token count="2">next</token>
				<token count="2">prev</token>
				<token count="7">rev</token>
				<token count="1">tail</token>
				<token count="2">value</token>
			</operands>
		</function>
		<file_total>
			<vG_b>37</vG_b>
			<vG_e>46</vG_e>
			<vG_b_max>6</vG_b_max>
			<vG_b_avg>3</vG_b_avg>
			<vG_e_max>9</vG_e_max>
			<vG_e_avg>3</vG_e_avg>
			<params>8</params>
			<LOCphy>422</LOCphy>
			<LOCpro>284</LOCpro>
			<LOCbl>46</LOCbl>
			<LOCcom alarmed="1">92</LOCcom>
			<N>1271</N>
			<N1>739</N1>
			<N2>532</N2>
			<n>78</n>
			<n1>32</n1>
			<n2>46</n2>
			<V>7988.746</V>
			<B alarmed="1">4.326</B>
			<D>185.043</D>
			<E>1478265.375</E>
			<L>0.005</L>
			<T>22:48:45</T>
			<MaxND>4</MaxND>
			<MIwoc>85</MIwoc>
			<MIcwc>33</MIcwc>
			<MI>118</MI>
			<operators>
				<token count="17">!=</token>
				<token count="6">#</token>
				<token count="1">%</token>
				<token count="1">&amp;</token>
				<token count="9">&amp;&amp;</token>
				<token count="35">()</token>
				<token count="25">*</token>
				<token count="3">++</token>
				<token count="2">,</token>
				<token count="71">-&gt;</token>
				<token count="3">.</token>
				<token count="16">::</token>
				<token count="127">;</token>
				<token count="66">&lt;</token>
				<token count="78">=</token>
				<token count="24">==</token>
				<token count="65">&gt;</token>
				<token count="2">break</token>
				<token count="16">class</token>
				<token count="1">const</token>
				<token count="3">delete</token>
				<token count="22">else</token>
				<token count="1">endif</token>
				<token count="26">if()</token>
				<token count="1">ifndef</token>
				<token count="1">namespace</token>
				<token count="6">new</token>
				<token count="17">return</token>
				<token count="16">template</token>
				<token count="1">using</token>
				<token count="9">while()</token>
				<token count="68">{}</token>
			</operators>
			<operands>
				<token count="6">0</token>
				<token count="2">1</token>
				<token count="1">2</token>
				<token count="19">LinkedList</token>
				<token count="31">ListItem</token>
				<token count="32">NULL</token>
				<token count="71">T</token>
				<token count="2">__LIST_CPP</token>
				<token count="3">afterWhat</token>
				<token count="1">bool</token>
				<token count="5">count</token>
				<token count="1">define</token>
				<token count="2">deleteElement</token>
				<token count="2">deleteHead</token>
				<token count="2">deleteTail</token>
				<token count="7">frd</token>
				<token count="1">getHead</token>
				<token count="1">getTail</token>
				<token count="42">head</token>
				<token count="3">include</token>
				<token count="2">insertAfter</token>
				<token count="3">insertAtHead</token>
				<token count="4">insertAtTail</token>
				<token count="1">insertSorted</token>
				<token count="4">int</token>
				<token count="1">isPalindrome</token>
				<token count="22">item</token>
				<token count="4">length</token>
				<token count="2">newHead</token>
				<token count="1">newNode</token>
				<token count="2">newTail</token>
				<token count="32">next</token>
				<token count="4">otherLinkedList</token>
				<token count="1">parityArrangement</token>
				<token count="19">prev</token>
				<token count="7">rev</token>
				<token count="1">reverse</token>
				<token count="1">searchFor</token>
				<token count="1">std</token>
				<token count="2">stop</token>
				<token count="27">tail</token>
				<token count="36">temp</token>
				<token count="2">toInsert</token>
				<token count="90">trav</token>
				<token count="20">value</token>
				<token count="9">void</token>
			</operands>
		</file_total>
	</file>
	<system>
		<files>1</files>
		<functions>16</functions>
		<LOCphy>422</LOCphy>
		<LOCbl>46</LOCbl>
		<LOCpro>284</LOCpro>
		<LOCcom>92</LOCcom>
		<semicolons>127</semicolons>
		<vG_b>37</vG_b>
		<vG_e>46</vG_e>
		<params>8</params>
		<MIwoc>92</MIwoc>
		<MIcw>11</MIcw>
		<MI>103</MI>
		<alarms>
			<file_vG>
				<measured>1</measured>
				<alarmed>0</alarmed>
				<percent>0</percent>
				<lowlimit>1</lowlimit>
				<highlimit>100</highlimit>
			</file_vG>
			<file_LOCpro>
				<measured>1</measured>
				<alarmed>0</alarmed>
				<percent>0</percent>
				<lowlimit>4</lowlimit>
				<highlimit>400</highlimit>
			</file_LOCpro>
			<file_comment_percent>
				<measured>1</measured>
				<alarmed>1</alarmed>
				<percent>100</percent>
				<lowlimit>30</lowlimit>
				<highlimit>75</highlimit>
			</file_comment_percent>
			<file_V>
				<measured>1</measured>
				<alarmed>0</alarmed>
				<percent>0</percent>
				<lowlimit>100</lowlimit>
				<highlimit>8000</highlimit>
			</file_V>
			<file_B>
				<measured>1</measured>
				<alarmed>1</alarmed>
				<percent>100</percent>
				<lowlimit>0</lowlimit>
				<highlimit>2</highlimit>
			</file_B>
			<file_MI>
				<measured>1</measured>
				<alarmed>0</alarmed>
				<percent>0</percent>
				<lowlimit>65</lowlimit>
			</file_MI>
			<function_vG>
				<measured>16</measured>
				<alarmed>0</alarmed>
				<percent>0</percent>
				<lowlimit>1</lowlimit>
				<highlimit>10</highlimit>
			</function_vG>
			<function_LOCpro>
				<measured>16</measured>
				<alarmed>0</alarmed>
				<percent>0</percent>
				<lowlimit>4</lowlimit>
				<highlimit>40</highlimit>
			</function_LOCpro>
			<function_comment_percent>
				<measured>16</measured>
				<alarmed>13</alarmed>
				<percent>81</percent>
				<lowlimit>30</lowlimit>
				<highlimit>75</highlimit>
			</function_comment_percent>
			<function_V>
				<measured>16</measured>
				<alarmed>0</alarmed>
				<percent>0</percent>
				<lowlimit>20</lowlimit>
				<highlimit>1000</highlimit>
			</function_V>
			<function_MI>
				<measured>16</measured>
				<alarmed>0</alarmed>
				<percent>0</percent>
				<lowlimit>65</lowlimit>
			</function_MI>
		</alarms>
		<error_messages count="0">
		</error_messages>
	</system>
</cmt_long_report>
