<?xml version="1.0" ?>
<cmt_long_report>
	<header_info>
		<cmt_version>7.0</cmt_version>
		<copyright>Copyright (c) 1993-2013 Testwell Oy</copyright>
		<copyright>Copyright (c) 2013-2018 Verifysoft Technology GmbH</copyright>
		<license_notes>
		</license_notes>
		<date>Tue Apr  4 21:19:09 2023</date>
		<cmt_options> -o C:\Users\muawi\cmt\A1_T1_S49.xml -lf -f C:\Users\muawi\cmt\files.txt</cmt_options>
		<run_directory>C:\Testwell\CMT</run_directory>
		<mccabe_preference>extended</mccabe_preference>
	</header_info>
	<file name="C:\Users\muawi\OneDrive\Documents\Study\Junior Year\Topics in Internet Research\Project\PA1_ANON_DATA\PA1_ANON_DATA\folder_49\LinkedList.cpp" stamp="1680056154">
		<function name="LinkedList::LinkedList()">
			<start_line>12</start_line>
			<vG_b>1</vG_b>
			<vG_e>1</vG_e>
			<params>0</params>
			<LOCphy>5</LOCphy>
			<LOCpro>4</LOCpro>
			<LOCbl>0</LOCbl>
			<LOCcom>0</LOCcom>
			<N>15</N>
			<N1>9</N1>
			<N2>6</N2>
			<n>12</n>
			<n1>8</n1>
			<n2>4</n2>
			<V>53.774</V>
			<B>0.016</B>
			<D>6.000</D>
			<E>322.647</E>
			<L>0.167</L>
			<T>00:00:17</T>
			<MaxND>1</MaxND>
			<MIwoc>124</MIwoc>
			<MIcwc>0</MIcwc>
			<MI>124</MI>
			<operators>
				<token count="1">()</token>
				<token count="1">::</token>
				<token count="1">;</token>
				<token count="1">&lt;</token>
				<token count="1">=</token>
				<token count="2">&gt;</token>
				<token count="1">class</token>
				<token count="1">{}</token>
			</operators>
			<operands>
				<token count="2">LinkedList</token>
				<token count="1">NULL</token>
				<token count="2">T</token>
				<token count="1">head</token>
			</operands>
		</function>
		<function name="LinkedList::LinkedList()">
			<start_line>18</start_line>
			<vG_b>3</vG_b>
			<vG_e>3</vG_e>
			<params>1</params>
			<LOCphy>16</LOCphy>
			<LOCpro>15</LOCpro>
			<LOCbl>0</LOCbl>
			<LOCcom alarmed="1">0</LOCcom>
			<N>65</N>
			<N1>36</N1>
			<N2>29</N2>
			<n>27</n>
			<n1>15</n1>
			<n2>12</n2>
			<V>309.068</V>
			<B>0.105</B>
			<D>18.125</D>
			<E>5601.852</E>
			<L>0.055</L>
			<T>00:05:11</T>
			<MaxND>3</MaxND>
			<MIwoc>96</MIwoc>
			<MIcwc>0</MIcwc>
			<MI>96</MI>
			<operators>
				<token count="1">&amp;</token>
				<token count="3">()</token>
				<token count="1">*</token>
				<token count="5">-&gt;</token>
				<token count="1">.</token>
				<token count="1">::</token>
				<token count="6">;</token>
				<token count="3">&lt;</token>
				<token count="4">=</token>
				<token count="4">&gt;</token>
				<token count="1">class</token>
				<token count="1">const</token>
				<token count="1">if()</token>
				<token count="1">while()</token>
				<token count="3">{}</token>
			</operators>
			<operands>
				<token count="3">LinkedList</token>
				<token count="1">ListItem</token>
				<token count="1">NULL</token>
				<token count="4">T</token>
				<token count="2">head</token>
				<token count="1">insertAtHead</token>
				<token count="1">insertAtTail</token>
				<token count="2">next</token>
				<token count="2">otherLinkedList</token>
				<token count="1">this</token>
				<token count="9">tracker</token>
				<token count="2">value</token>
			</operands>
		</function>
		<function name="LinkedList::~LinkedList()">
			<start_line>35</start_line>
			<vG_b>4</vG_b>
			<vG_e>4</vG_e>
			<params>0</params>
			<LOCphy>19</LOCphy>
			<LOCpro>18</LOCpro>
			<LOCbl>0</LOCbl>
			<LOCcom alarmed="1">0</LOCcom>
			<N>66</N>
			<N1>38</N1>
			<N2>28</N2>
			<n>24</n>
			<n1>15</n1>
			<n2>9</n2>
			<V>302.608</V>
			<B>0.123</B>
			<D>23.333</D>
			<E>7060.842</E>
			<L>0.043</L>
			<T>00:06:32</T>
			<MaxND>3</MaxND>
			<MIwoc>93</MIwoc>
			<MIcwc>0</MIcwc>
			<MI>93</MI>
			<operators>
				<token count="2">!=</token>
				<token count="1">()</token>
				<token count="1">*</token>
				<token count="7">-&gt;</token>
				<token count="1">::</token>
				<token count="6">;</token>
				<token count="2">&lt;</token>
				<token count="4">=</token>
				<token count="3">&gt;</token>
				<token count="1">class</token>
				<token count="2">delete</token>
				<token count="1">if()</token>
				<token count="2">while()</token>
				<token count="4">{}</token>
				<token count="1">~</token>
			</operators>
			<operands>
				<token count="2">LinkedList</token>
				<token count="1">ListItem</token>
				<token count="3">NULL</token>
				<token count="3">T</token>
				<token count="3">head</token>
				<token count="3">next</token>
				<token count="2">prev</token>
				<token count="2">this</token>
				<token count="9">tracker</token>
			</operands>
		</function>
		<function name="LinkedList::insertAtHead()">
			<start_line>55</start_line>
			<vG_b>2</vG_b>
			<vG_e>2</vG_e>
			<params>1</params>
			<LOCphy>14</LOCphy>
			<LOCpro>12</LOCpro>
			<LOCbl>0</LOCbl>
			<LOCcom alarmed="1">1</LOCcom>
			<N>64</N>
			<N1>34</N1>
			<N2>30</N2>
			<n>24</n>
			<n1>12</n1>
			<n2>12</n2>
			<V>293.438</V>
			<B>0.090</B>
			<D>15.000</D>
			<E>4401.564</E>
			<L>0.067</L>
			<T>00:04:04</T>
			<MaxND>2</MaxND>
			<MIwoc>98</MIwoc>
			<MIcwc>20</MIcwc>
			<MI>118</MI>
			<operators>
				<token count="2">()</token>
				<token count="1">*</token>
				<token count="6">-&gt;</token>
				<token count="1">::</token>
				<token count="6">;</token>
				<token count="3">&lt;</token>
				<token count="6">=</token>
				<token count="4">&gt;</token>
				<token count="1">class</token>
				<token count="1">if()</token>
				<token count="1">new</token>
				<token count="2">{}</token>
			</operators>
			<operands>
				<token count="1">LinkedList</token>
				<token count="2">ListItem</token>
				<token count="2">NULL</token>
				<token count="5">T</token>
				<token count="4">head</token>
				<token count="1">insertAtHead</token>
				<token count="2">item</token>
				<token count="2">next</token>
				<token count="2">prev</token>
				<token count="6">temp</token>
				<token count="2">this</token>
				<token count="1">void</token>
			</operands>
		</function>
		<function name="LinkedList::insertAtTail()">
			<start_line>70</start_line>
			<vG_b>3</vG_b>
			<vG_e>3</vG_e>
			<params>1</params>
			<LOCphy>19</LOCphy>
			<LOCpro>16</LOCpro>
			<LOCbl>1</LOCbl>
			<LOCcom alarmed="1">2</LOCcom>
			<N>80</N>
			<N1>44</N1>
			<N2>36</N2>
			<n>29</n>
			<n1>16</n1>
			<n2>13</n2>
			<V>388.638</V>
			<B>0.140</B>
			<D>22.154</D>
			<E>8609.837</E>
			<L>0.045</L>
			<T>00:07:58</T>
			<MaxND>2</MaxND>
			<MIwoc>92</MIwoc>
			<MIcwc>24</MIcwc>
			<MI>116</MI>
			<operators>
				<token count="1">!=</token>
				<token count="2">()</token>
				<token count="2">*</token>
				<token count="7">-&gt;</token>
				<token count="1">::</token>
				<token count="7">;</token>
				<token count="4">&lt;</token>
				<token count="6">=</token>
				<token count="1">==</token>
				<token count="5">&gt;</token>
				<token count="1">class</token>
				<token count="1">if()</token>
				<token count="1">new</token>
				<token count="1">return</token>
				<token count="1">while()</token>
				<token count="3">{}</token>
			</operators>
			<operands>
				<token count="1">LinkedList</token>
				<token count="3">ListItem</token>
				<token count="3">NULL</token>
				<token count="6">T</token>
				<token count="2">head</token>
				<token count="1">insertAtTail</token>
				<token count="2">item</token>
				<token count="4">next</token>
				<token count="1">prev</token>
				<token count="4">temp</token>
				<token count="2">this</token>
				<token count="6">tracer</token>
				<token count="1">void</token>
			</operands>
		</function>
		<function name="LinkedList::displaylist()">
			<start_line>89</start_line>
			<vG_b>3</vG_b>
			<vG_e>3</vG_e>
			<params>0</params>
			<LOCphy>23</LOCphy>
			<LOCpro>18</LOCpro>
			<LOCbl>3</LOCbl>
			<LOCcom alarmed="1">1</LOCcom>
			<N>61</N>
			<N1>35</N1>
			<N2>26</N2>
			<n>32</n>
			<n1>17</n1>
			<n2>15</n2>
			<V>305.000</V>
			<B>0.091</B>
			<D>14.733</D>
			<E>4493.667</E>
			<L>0.068</L>
			<T>00:04:09</T>
			<MaxND>3</MaxND>
			<MIwoc>90</MIwoc>
			<MIcwc>16</MIcwc>
			<MI>106</MI>
			<operators>
				<token count="1">!=</token>
				<token count="1">()</token>
				<token count="1">*</token>
				<token count="4">-&gt;</token>
				<token count="1">::</token>
				<token count="6">;</token>
				<token count="2">&lt;</token>
				<token count="4">&lt;&lt;</token>
				<token count="2">=</token>
				<token count="1">==</token>
				<token count="3">&gt;</token>
				<token count="1">class</token>
				<token count="1">else</token>
				<token count="1">if()</token>
				<token count="1">return</token>
				<token count="1">while()</token>
				<token count="4">{}</token>
			</operators>
			<operands>
				<token count="1">&quot;-&gt;&quot;</token>
				<token count="1">&quot;\n&quot;</token>
				<token count="1">&quot;\nERROR,(display) list empty----\n&quot;</token>
				<token count="1">LinkedList</token>
				<token count="1">ListItem</token>
				<token count="2">NULL</token>
				<token count="3">T</token>
				<token count="3">cout</token>
				<token count="1">displaylist</token>
				<token count="2">head</token>
				<token count="1">next</token>
				<token count="2">this</token>
				<token count="5">tracer</token>
				<token count="1">value</token>
				<token count="1">void</token>
			</operands>
		</function>
		<function name="LinkedList::insertAfter()">
			<start_line>113</start_line>
			<vG_b>5</vG_b>
			<vG_e>5</vG_e>
			<params>2</params>
			<LOCphy>25</LOCphy>
			<LOCpro>22</LOCpro>
			<LOCbl>0</LOCbl>
			<LOCcom alarmed="1">2</LOCcom>
			<N>106</N>
			<N1>58</N1>
			<N2>48</N2>
			<n>32</n>
			<n1>17</n1>
			<n2>15</n2>
			<V>530.000</V>
			<B>0.197</B>
			<D>27.200</D>
			<E>14416.000</E>
			<L>0.037</L>
			<T>00:13:20</T>
			<MaxND>3</MaxND>
			<MIwoc>85</MIwoc>
			<MIcwc>21</MIcwc>
			<MI>106</MI>
			<operators>
				<token count="2">!=</token>
				<token count="2">()</token>
				<token count="2">*</token>
				<token count="1">,</token>
				<token count="11">-&gt;</token>
				<token count="1">::</token>
				<token count="9">;</token>
				<token count="4">&lt;</token>
				<token count="7">=</token>
				<token count="2">==</token>
				<token count="5">&gt;</token>
				<token count="1">class</token>
				<token count="3">if()</token>
				<token count="1">new</token>
				<token count="2">return</token>
				<token count="1">while()</token>
				<token count="4">{}</token>
			</operators>
			<operands>
				<token count="1">LinkedList</token>
				<token count="3">ListItem</token>
				<token count="3">NULL</token>
				<token count="7">T</token>
				<token count="2">afterWhat</token>
				<token count="2">head</token>
				<token count="1">insertAfter</token>
				<token count="6">next</token>
				<token count="2">prev</token>
				<token count="5">temp</token>
				<token count="2">this</token>
				<token count="2">toInsert</token>
				<token count="10">tracker</token>
				<token count="1">value</token>
				<token count="1">void</token>
			</operands>
		</function>
		<function name="LinkedList::insertSorted()">
			<start_line>139</start_line>
			<vG_b>6</vG_b>
			<vG_e>6</vG_e>
			<params>1</params>
			<LOCphy>39</LOCphy>
			<LOCpro>34</LOCpro>
			<LOCbl>1</LOCbl>
			<LOCcom alarmed="1">3</LOCcom>
			<N>132</N>
			<N1>75</N1>
			<N2>57</N2>
			<n>33</n>
			<n1>17</n1>
			<n2>16</n2>
			<V>665.860</V>
			<B>0.247</B>
			<D>30.281</D>
			<E>20163.074</E>
			<L>0.033</L>
			<T>00:18:40</T>
			<MaxND>4</MaxND>
			<MIwoc>76</MIwoc>
			<MIcwc>21</MIcwc>
			<MI>97</MI>
			<operators>
				<token count="2">!</token>
				<token count="6">()</token>
				<token count="2">*</token>
				<token count="14">-&gt;</token>
				<token count="1">::</token>
				<token count="13">;</token>
				<token count="5">&lt;</token>
				<token count="7">=</token>
				<token count="1">==</token>
				<token count="6">&gt;</token>
				<token count="1">class</token>
				<token count="2">else</token>
				<token count="4">if()</token>
				<token count="1">new</token>
				<token count="2">return</token>
				<token count="1">while()</token>
				<token count="7">{}</token>
			</operators>
			<operands>
				<token count="1">LinkedList</token>
				<token count="3">ListItem</token>
				<token count="1">NULL</token>
				<token count="6">T</token>
				<token count="1">head</token>
				<token count="2">insertAtHead</token>
				<token count="2">insertAtTail</token>
				<token count="1">insertSorted</token>
				<token count="8">item</token>
				<token count="8">next</token>
				<token count="2">prev</token>
				<token count="6">temp</token>
				<token count="2">this</token>
				<token count="11">tracer</token>
				<token count="2">value</token>
				<token count="1">void</token>
			</operands>
		</function>
		<function name="LinkedList::getHead()">
			<start_line>180</start_line>
			<vG_b>2</vG_b>
			<vG_e>2</vG_e>
			<params>0</params>
			<LOCphy>8</LOCphy>
			<LOCpro>7</LOCpro>
			<LOCbl>0</LOCbl>
			<LOCcom>0</LOCcom>
			<N>30</N>
			<N1>19</N1>
			<N2>11</N2>
			<n>20</n>
			<n1>13</n1>
			<n2>7</n2>
			<V>129.658</V>
			<B>0.040</B>
			<D>10.214</D>
			<E>1324.362</E>
			<L>0.098</L>
			<T>00:01:13</T>
			<MaxND>1</MaxND>
			<MIwoc>112</MIwoc>
			<MIcwc>0</MIcwc>
			<MI>112</MI>
			<operators>
				<token count="1">!</token>
				<token count="1">()</token>
				<token count="1">*</token>
				<token count="2">-&gt;</token>
				<token count="1">::</token>
				<token count="2">;</token>
				<token count="2">&lt;</token>
				<token count="3">&gt;</token>
				<token count="1">class</token>
				<token count="1">else</token>
				<token count="1">if()</token>
				<token count="2">return</token>
				<token count="1">{}</token>
			</operators>
			<operands>
				<token count="1">LinkedList</token>
				<token count="1">ListItem</token>
				<token count="1">NULL</token>
				<token count="3">T</token>
				<token count="1">getHead</token>
				<token count="2">head</token>
				<token count="2">this</token>
			</operands>
		</function>
		<function name="LinkedList::getTail()">
			<start_line>189</start_line>
			<vG_b>4</vG_b>
			<vG_e>4</vG_e>
			<params>0</params>
			<LOCphy>17</LOCphy>
			<LOCpro>16</LOCpro>
			<LOCbl>0</LOCbl>
			<LOCcom alarmed="1">0</LOCcom>
			<N>67</N>
			<N1>40</N1>
			<N2>27</N2>
			<n>26</n>
			<n1>17</n1>
			<n2>9</n2>
			<V>314.929</V>
			<B>0.134</B>
			<D>25.500</D>
			<E>8030.701</E>
			<L>0.039</L>
			<T>00:07:26</T>
			<MaxND>3</MaxND>
			<MIwoc>94</MIwoc>
			<MIcwc>0</MIcwc>
			<MI>94</MI>
			<operators>
				<token count="1">!</token>
				<token count="1">!=</token>
				<token count="1">()</token>
				<token count="2">*</token>
				<token count="7">-&gt;</token>
				<token count="1">::</token>
				<token count="5">;</token>
				<token count="3">&lt;</token>
				<token count="2">=</token>
				<token count="1">==</token>
				<token count="4">&gt;</token>
				<token count="1">class</token>
				<token count="2">else</token>
				<token count="2">if()</token>
				<token count="3">return</token>
				<token count="1">while()</token>
				<token count="3">{}</token>
			</operators>
			<operands>
				<token count="1">LinkedList</token>
				<token count="2">ListItem</token>
				<token count="3">NULL</token>
				<token count="4">T</token>
				<token count="1">getTail</token>
				<token count="4">head</token>
				<token count="3">next</token>
				<token count="4">this</token>
				<token count="5">tracer</token>
			</operands>
		</function>
		<function name="LinkedList::searchFor()">
			<start_line>207</start_line>
			<vG_b>4</vG_b>
			<vG_e>4</vG_e>
			<params>1</params>
			<LOCphy>20</LOCphy>
			<LOCpro>18</LOCpro>
			<LOCbl>0</LOCbl>
			<LOCcom alarmed="1">1</LOCcom>
			<N>63</N>
			<N1>37</N1>
			<N2>26</N2>
			<n>28</n>
			<n1>17</n1>
			<n2>11</n2>
			<V>302.863</V>
			<B>0.111</B>
			<D>20.091</D>
			<E>6084.800</E>
			<L>0.050</L>
			<T>00:05:38</T>
			<MaxND>4</MaxND>
			<MIwoc>92</MIwoc>
			<MIcwc>17</MIcwc>
			<MI>109</MI>
			<operators>
				<token count="1">!</token>
				<token count="1">!=</token>
				<token count="1">()</token>
				<token count="2">*</token>
				<token count="4">-&gt;</token>
				<token count="1">::</token>
				<token count="5">;</token>
				<token count="3">&lt;</token>
				<token count="2">=</token>
				<token count="1">==</token>
				<token count="4">&gt;</token>
				<token count="1">class</token>
				<token count="1">else</token>
				<token count="2">if()</token>
				<token count="3">return</token>
				<token count="1">while()</token>
				<token count="4">{}</token>
			</operators>
			<operands>
				<token count="1">LinkedList</token>
				<token count="2">ListItem</token>
				<token count="3">NULL</token>
				<token count="5">T</token>
				<token count="2">head</token>
				<token count="2">item</token>
				<token count="1">next</token>
				<token count="1">searchFor</token>
				<token count="2">this</token>
				<token count="6">tracer</token>
				<token count="1">value</token>
			</operands>
		</function>
		<function name="LinkedList::deleteElement()">
			<start_line>228</start_line>
			<vG_b>6</vG_b>
			<vG_e>6</vG_e>
			<params>1</params>
			<LOCphy>33</LOCphy>
			<LOCpro>30</LOCpro>
			<LOCbl>0</LOCbl>
			<LOCcom alarmed="1">2</LOCcom>
			<N>97</N>
			<N1>57</N1>
			<N2>40</N2>
			<n>33</n>
			<n1>18</n1>
			<n2>15</n2>
			<V>489.306</V>
			<B>0.172</B>
			<D>24.000</D>
			<E>11743.350</E>
			<L>0.042</L>
			<T>00:10:52</T>
			<MaxND>3</MaxND>
			<MIwoc>81</MIwoc>
			<MIcwc>19</MIcwc>
			<MI>99</MI>
			<operators>
				<token count="1">!</token>
				<token count="1">!=</token>
				<token count="3">()</token>
				<token count="1">*</token>
				<token count="11">-&gt;</token>
				<token count="1">::</token>
				<token count="9">;</token>
				<token count="2">&lt;</token>
				<token count="4">=</token>
				<token count="3">==</token>
				<token count="3">&gt;</token>
				<token count="1">class</token>
				<token count="1">delete</token>
				<token count="2">else</token>
				<token count="4">if()</token>
				<token count="2">return</token>
				<token count="1">while()</token>
				<token count="7">{}</token>
			</operators>
			<operands>
				<token count="1">LinkedList</token>
				<token count="1">ListItem</token>
				<token count="3">NULL</token>
				<token count="4">T</token>
				<token count="1">deleteElement</token>
				<token count="1">deleteHead</token>
				<token count="1">deleteTail</token>
				<token count="2">head</token>
				<token count="2">item</token>
				<token count="5">next</token>
				<token count="4">prev</token>
				<token count="1">this</token>
				<token count="12">tracker</token>
				<token count="1">value</token>
				<token count="1">void</token>
			</operands>
		</function>
		<function name="LinkedList::deleteHead()">
			<start_line>262</start_line>
			<vG_b>3</vG_b>
			<vG_e>3</vG_e>
			<params>0</params>
			<LOCphy>17</LOCphy>
			<LOCpro>15</LOCpro>
			<LOCbl>0</LOCbl>
			<LOCcom alarmed="1">1</LOCcom>
			<N>51</N>
			<N1>30</N1>
			<N2>21</N2>
			<n>25</n>
			<n1>14</n1>
			<n2>11</n2>
			<V>236.837</V>
			<B>0.072</B>
			<D>13.364</D>
			<E>3164.999</E>
			<L>0.075</L>
			<T>00:02:55</T>
			<MaxND>2</MaxND>
			<MIwoc>96</MIwoc>
			<MIcwc>18</MIcwc>
			<MI>114</MI>
			<operators>
				<token count="1">!</token>
				<token count="1">()</token>
				<token count="1">*</token>
				<token count="3">-&gt;</token>
				<token count="1">::</token>
				<token count="6">;</token>
				<token count="2">&lt;</token>
				<token count="4">=</token>
				<token count="3">&gt;</token>
				<token count="1">class</token>
				<token count="1">delete</token>
				<token count="2">if()</token>
				<token count="1">return</token>
				<token count="3">{}</token>
			</operators>
			<operands>
				<token count="1">LinkedList</token>
				<token count="1">ListItem</token>
				<token count="1">NULL</token>
				<token count="3">T</token>
				<token count="1">deleteHead</token>
				<token count="5">head</token>
				<token count="1">next</token>
				<token count="1">prev</token>
				<token count="1">this</token>
				<token count="5">tracker</token>
				<token count="1">void</token>
			</operands>
		</function>
		<function name="LinkedList::deleteTail()">
			<start_line>280</start_line>
			<vG_b>4</vG_b>
			<vG_e>4</vG_e>
			<params>0</params>
			<LOCphy>26</LOCphy>
			<LOCpro>24</LOCpro>
			<LOCbl>0</LOCbl>
			<LOCcom alarmed="1">1</LOCcom>
			<N>80</N>
			<N1>48</N1>
			<N2>32</N2>
			<n>29</n>
			<n1>18</n1>
			<n2>11</n2>
			<V>388.638</V>
			<B>0.157</B>
			<D>26.182</D>
			<E>10175.262</E>
			<L>0.038</L>
			<T>00:09:25</T>
			<MaxND>3</MaxND>
			<MIwoc>86</MIwoc>
			<MIcwc>15</MIcwc>
			<MI>101</MI>
			<operators>
				<token count="1">!</token>
				<token count="1">!=</token>
				<token count="1">()</token>
				<token count="1">*</token>
				<token count="8">-&gt;</token>
				<token count="1">::</token>
				<token count="9">;</token>
				<token count="2">&lt;</token>
				<token count="5">=</token>
				<token count="1">==</token>
				<token count="3">&gt;</token>
				<token count="1">class</token>
				<token count="2">delete</token>
				<token count="2">else</token>
				<token count="2">if()</token>
				<token count="2">return</token>
				<token count="1">while()</token>
				<token count="5">{}</token>
			</operators>
			<operands>
				<token count="1">LinkedList</token>
				<token count="1">ListItem</token>
				<token count="4">NULL</token>
				<token count="3">T</token>
				<token count="1">deleteTail</token>
				<token count="5">head</token>
				<token count="5">next</token>
				<token count="1">prev</token>
				<token count="2">this</token>
				<token count="8">tracker</token>
				<token count="1">void</token>
			</operands>
		</function>
		<function name="LinkedList::length()">
			<start_line>307</start_line>
			<vG_b>2</vG_b>
			<vG_e>2</vG_e>
			<params>0</params>
			<LOCphy>12</LOCphy>
			<LOCpro>11</LOCpro>
			<LOCbl>0</LOCbl>
			<LOCcom alarmed="1">0</LOCcom>
			<N>45</N>
			<N1>25</N1>
			<N2>20</N2>
			<n>26</n>
			<n1>14</n1>
			<n2>12</n2>
			<V>211.520</V>
			<B>0.061</B>
			<D>11.667</D>
			<E>2467.731</E>
			<L>0.086</L>
			<T>00:02:17</T>
			<MaxND>2</MaxND>
			<MIwoc>102</MIwoc>
			<MIcwc>0</MIcwc>
			<MI>102</MI>
			<operators>
				<token count="1">!=</token>
				<token count="1">()</token>
				<token count="1">*</token>
				<token count="1">++</token>
				<token count="2">-&gt;</token>
				<token count="1">::</token>
				<token count="5">;</token>
				<token count="2">&lt;</token>
				<token count="3">=</token>
				<token count="3">&gt;</token>
				<token count="1">class</token>
				<token count="1">return</token>
				<token count="1">while()</token>
				<token count="2">{}</token>
			</operators>
			<operands>
				<token count="1">0</token>
				<token count="1">LinkedList</token>
				<token count="1">ListItem</token>
				<token count="1">NULL</token>
				<token count="3">T</token>
				<token count="3">counter</token>
				<token count="1">head</token>
				<token count="2">int</token>
				<token count="1">length</token>
				<token count="1">next</token>
				<token count="1">this</token>
				<token count="4">tracker</token>
			</operands>
		</function>
		<function name="LinkedList::reverse()">
			<start_line>320</start_line>
			<vG_b>3</vG_b>
			<vG_e>4</vG_e>
			<params>0</params>
			<LOCphy>21</LOCphy>
			<LOCpro>19</LOCpro>
			<LOCbl>1</LOCbl>
			<LOCcom alarmed="1">1</LOCcom>
			<N>96</N>
			<N1>52</N1>
			<N2>44</N2>
			<n>27</n>
			<n1>15</n1>
			<n2>12</n2>
			<V>456.469</V>
			<B>0.180</B>
			<D>27.500</D>
			<E>12552.903</E>
			<L>0.036</L>
			<T>00:11:37</T>
			<MaxND>2</MaxND>
			<MIwoc>89</MIwoc>
			<MIcwc>17</MIcwc>
			<MI>105</MI>
			<operators>
				<token count="1">()</token>
				<token count="2">*</token>
				<token count="12">-&gt;</token>
				<token count="1">::</token>
				<token count="10">;</token>
				<token count="3">&lt;</token>
				<token count="9">=</token>
				<token count="2">==</token>
				<token count="4">&gt;</token>
				<token count="1">class</token>
				<token count="1">if()</token>
				<token count="1">return</token>
				<token count="1">while()</token>
				<token count="3">{}</token>
				<token count="1">||</token>
			</operators>
			<operands>
				<token count="1">LinkedList</token>
				<token count="2">ListItem</token>
				<token count="3">NULL</token>
				<token count="4">T</token>
				<token count="4">head</token>
				<token count="5">next</token>
				<token count="4">prev</token>
				<token count="1">reverse</token>
				<token count="3">this</token>
				<token count="8">tracker</token>
				<token count="8">tracker2</token>
				<token count="1">void</token>
			</operands>
		</function>
		<function name="LinkedList::parityArrangement()">
			<start_line>342</start_line>
			<vG_b>3</vG_b>
			<vG_e>4</vG_e>
			<params>0</params>
			<LOCphy>18</LOCphy>
			<LOCpro>16</LOCpro>
			<LOCbl>1</LOCbl>
			<LOCcom alarmed="1">0</LOCcom>
			<N>98</N>
			<N1>54</N1>
			<N2>44</N2>
			<n>35</n>
			<n1>18</n1>
			<n2>17</n2>
			<V>502.670</V>
			<B>0.172</B>
			<D>23.294</D>
			<E>11709.248</E>
			<L>0.043</L>
			<T>00:10:50</T>
			<MaxND>2</MaxND>
			<MIwoc>91</MIwoc>
			<MIcwc>0</MIcwc>
			<MI>91</MI>
			<operators>
				<token count="1">!</token>
				<token count="1">&amp;&amp;</token>
				<token count="4">()</token>
				<token count="2">*</token>
				<token count="1">++</token>
				<token count="13">-&gt;</token>
				<token count="1">::</token>
				<token count="11">;</token>
				<token count="2">&lt;</token>
				<token count="1">&lt;=</token>
				<token count="7">=</token>
				<token count="3">&gt;</token>
				<token count="1">class</token>
				<token count="1">delete</token>
				<token count="1">for()</token>
				<token count="1">if()</token>
				<token count="1">return</token>
				<token count="2">{}</token>
			</operators>
			<operands>
				<token count="1">1</token>
				<token count="1">2</token>
				<token count="1">LinkedList</token>
				<token count="1">ListItem</token>
				<token count="3">T</token>
				<token count="3">a</token>
				<token count="1">head</token>
				<token count="1">insertAtTail</token>
				<token count="1">int</token>
				<token count="1">length</token>
				<token count="7">next</token>
				<token count="1">parityArrangement</token>
				<token count="4">prev</token>
				<token count="1">this</token>
				<token count="15">tracker</token>
				<token count="1">value</token>
				<token count="1">void</token>
			</operands>
		</function>
		<function name="LinkedList::isPalindrome()">
			<start_line>360</start_line>
			<vG_b>4</vG_b>
			<vG_e>4</vG_e>
			<params>0</params>
			<LOCphy>17</LOCphy>
			<LOCpro>15</LOCpro>
			<LOCbl>1</LOCbl>
			<LOCcom alarmed="1">0</LOCcom>
			<N>82</N>
			<N1>50</N1>
			<N2>32</N2>
			<n>37</n>
			<n1>18</n1>
			<n2>19</n2>
			<V>427.175</V>
			<B>0.116</B>
			<D>15.158</D>
			<E>6475.076</E>
			<L>0.066</L>
			<T>00:05:59</T>
			<MaxND>2</MaxND>
			<MIwoc>93</MIwoc>
			<MIcwc>0</MIcwc>
			<MI>93</MI>
			<operators>
				<token count="1">!</token>
				<token count="1">!=</token>
				<token count="4">()</token>
				<token count="3">*</token>
				<token count="1">++</token>
				<token count="5">-&gt;</token>
				<token count="1">::</token>
				<token count="9">;</token>
				<token count="4">&lt;</token>
				<token count="5">=</token>
				<token count="4">&gt;</token>
				<token count="1">class</token>
				<token count="2">false</token>
				<token count="1">for()</token>
				<token count="2">if()</token>
				<token count="3">return</token>
				<token count="1">true</token>
				<token count="2">{}</token>
			</operators>
			<operands>
				<token count="1">0</token>
				<token count="1">2</token>
				<token count="1">LinkedList</token>
				<token count="2">ListItem</token>
				<token count="4">T</token>
				<token count="3">a</token>
				<token count="1">bool</token>
				<token count="1">getHead</token>
				<token count="1">getTail</token>
				<token count="1">head</token>
				<token count="1">int</token>
				<token count="1">isPalindrome</token>
				<token count="1">length</token>
				<token count="1">next</token>
				<token count="1">prev</token>
				<token count="4">ptrback</token>
				<token count="4">ptrfront</token>
				<token count="1">this</token>
				<token count="2">value</token>
			</operands>
		</function>
		<file_total>
			<vG_b>46</vG_b>
			<vG_e>48</vG_e>
			<vG_b_max>6</vG_b_max>
			<vG_b_avg>3</vG_b_avg>
			<vG_e_max>6</vG_e_max>
			<vG_e_avg>3</vG_e_avg>
			<params>8</params>
			<LOCphy>402</LOCphy>
			<LOCpro>336</LOCpro>
			<LOCbl>28</LOCbl>
			<LOCcom alarmed="1">42</LOCcom>
			<N>1354</N>
			<N1>789</N1>
			<N2>565</N2>
			<n>88</n>
			<n1>38</n1>
			<n2>50</n2>
			<V alarmed="1">8746.070</V>
			<B alarmed="1">5.074</B>
			<D>214.700</D>
			<E>1877781.375</E>
			<L>0.005</L>
			<T>28:58:41</T>
			<MaxND>4</MaxND>
			<MIwoc>88</MIwoc>
			<MIcwc>24</MIcwc>
			<MI>112</MI>
			<operators>
				<token count="10">!</token>
				<token count="12">!=</token>
				<token count="7">#</token>
				<token count="1">&amp;</token>
				<token count="1">&amp;&amp;</token>
				<token count="36">()</token>
				<token count="26">*</token>
				<token count="3">++</token>
				<token count="1">,</token>
				<token count="121">-&gt;</token>
				<token count="1">.</token>
				<token count="18">::</token>
				<token count="126">;</token>
				<token count="67">&lt;</token>
				<token count="4">&lt;&lt;</token>
				<token count="1">&lt;=</token>
				<token count="78">=</token>
				<token count="13">==</token>
				<token count="66">&gt;</token>
				<token count="18">class</token>
				<token count="1">const</token>
				<token count="7">delete</token>
				<token count="11">else</token>
				<token count="1">endif</token>
				<token count="2">false</token>
				<token count="2">for()</token>
				<token count="29">if()</token>
				<token count="1">ifndef</token>
				<token count="1">namespace</token>
				<token count="4">new</token>
				<token count="25">return</token>
				<token count="18">template</token>
				<token count="1">true</token>
				<token count="1">using</token>
				<token count="13">while()</token>
				<token count="60">{}</token>
				<token count="1">||</token>
				<token count="1">~</token>
			</operators>
			<operands>
				<token count="1">&quot;-&gt;&quot;</token>
				<token count="1">&quot;\n&quot;</token>
				<token count="1">&quot;\nERROR,(display) list empty----\n&quot;</token>
				<token count="2">0</token>
				<token count="1">1</token>
				<token count="2">2</token>
				<token count="22">LinkedList</token>
				<token count="28">ListItem</token>
				<token count="35">NULL</token>
				<token count="72">T</token>
				<token count="2">__LIST_CPP</token>
				<token count="6">a</token>
				<token count="2">afterWhat</token>
				<token count="1">bool</token>
				<token count="3">counter</token>
				<token count="3">cout</token>
				<token count="1">define</token>
				<token count="1">deleteElement</token>
				<token count="2">deleteHead</token>
				<token count="2">deleteTail</token>
				<token count="1">displaylist</token>
				<token count="2">getHead</token>
				<token count="2">getTail</token>
				<token count="44">head</token>
				<token count="4">include</token>
				<token count="1">insertAfter</token>
				<token count="4">insertAtHead</token>
				<token count="5">insertAtTail</token>
				<token count="1">insertSorted</token>
				<token count="4">int</token>
				<token count="1">isPalindrome</token>
				<token count="16">item</token>
				<token count="3">length</token>
				<token count="55">next</token>
				<token count="2">otherLinkedList</token>
				<token count="1">parityArrangement</token>
				<token count="24">prev</token>
				<token count="4">ptrback</token>
				<token count="4">ptrfront</token>
				<token count="1">reverse</token>
				<token count="1">searchFor</token>
				<token count="1">std</token>
				<token count="21">temp</token>
				<token count="31">this</token>
				<token count="2">toInsert</token>
				<token count="33">tracer</token>
				<token count="80">tracker</token>
				<token count="8">tracker2</token>
				<token count="11">value</token>
				<token count="10">void</token>
			</operands>
		</file_total>
	</file>
	<system>
		<files>1</files>
		<functions>18</functions>
		<LOCphy>402</LOCphy>
		<LOCbl>28</LOCbl>
		<LOCpro>336</LOCpro>
		<LOCcom>42</LOCcom>
		<semicolons>126</semicolons>
		<vG_b>46</vG_b>
		<vG_e>48</vG_e>
		<params>8</params>
		<MIwoc>92</MIwoc>
		<MIcw>16</MIcw>
		<MI>107</MI>
		<alarms>
			<file_vG>
				<measured>1</measured>
				<alarmed>0</alarmed>
				<percent>0</percent>
				<lowlimit>1</lowlimit>
				<highlimit>100</highlimit>
			</file_vG>
			<file_LOCpro>
				<measured>1</measured>
				<alarmed>0</alarmed>
				<percent>0</percent>
				<lowlimit>4</lowlimit>
				<highlimit>400</highlimit>
			</file_LOCpro>
			<file_comment_percent>
				<measured>1</measured>
				<alarmed>1</alarmed>
				<percent>100</percent>
				<lowlimit>30</lowlimit>
				<highlimit>75</highlimit>
			</file_comment_percent>
			<file_V>
				<measured>1</measured>
				<alarmed>1</alarmed>
				<percent>100</percent>
				<lowlimit>100</lowlimit>
				<highlimit>8000</highlimit>
			</file_V>
			<file_B>
				<measured>1</measured>
				<alarmed>1</alarmed>
				<percent>100</percent>
				<lowlimit>0</lowlimit>
				<highlimit>2</highlimit>
			</file_B>
			<file_MI>
				<measured>1</measured>
				<alarmed>0</alarmed>
				<percent>0</percent>
				<lowlimit>65</lowlimit>
			</file_MI>
			<function_vG>
				<measured>18</measured>
				<alarmed>0</alarmed>
				<percent>0</percent>
				<lowlimit>1</lowlimit>
				<highlimit>10</highlimit>
			</function_vG>
			<function_LOCpro>
				<measured>18</measured>
				<alarmed>0</alarmed>
				<percent>0</percent>
				<lowlimit>4</lowlimit>
				<highlimit>40</highlimit>
			</function_LOCpro>
			<function_comment_percent>
				<measured>18</measured>
				<alarmed>16</alarmed>
				<percent>88</percent>
				<lowlimit>30</lowlimit>
				<highlimit>75</highlimit>
			</function_comment_percent>
			<function_V>
				<measured>18</measured>
				<alarmed>0</alarmed>
				<percent>0</percent>
				<lowlimit>20</lowlimit>
				<highlimit>1000</highlimit>
			</function_V>
			<function_MI>
				<measured>18</measured>
				<alarmed>0</alarmed>
				<percent>0</percent>
				<lowlimit>65</lowlimit>
			</function_MI>
		</alarms>
		<error_messages count="0">
		</error_messages>
	</system>
</cmt_long_report>
