<?xml version="1.0" ?>
<cmt_long_report>
	<header_info>
		<cmt_version>7.0</cmt_version>
		<copyright>Copyright (c) 1993-2013 Testwell Oy</copyright>
		<copyright>Copyright (c) 2013-2018 Verifysoft Technology GmbH</copyright>
		<license_notes>
		</license_notes>
		<date>Tue Apr  4 21:17:48 2023</date>
		<cmt_options> -o C:\Users\muawi\cmt\A1_T1_S46.xml -lf -f C:\Users\muawi\cmt\files.txt</cmt_options>
		<run_directory>C:\Testwell\CMT</run_directory>
		<mccabe_preference>extended</mccabe_preference>
	</header_info>
	<file name="C:\Users\muawi\OneDrive\Documents\Study\Junior Year\Topics in Internet Research\Project\PA1_ANON_DATA\PA1_ANON_DATA\folder_46\LinkedList.cpp" stamp="1680056132">
		<function name="LinkedList::LinkedList()">
			<start_line>9</start_line>
			<vG_b>1</vG_b>
			<vG_e>1</vG_e>
			<params>0</params>
			<LOCphy>5</LOCphy>
			<LOCpro>4</LOCpro>
			<LOCbl>0</LOCbl>
			<LOCcom>0</LOCcom>
			<N>15</N>
			<N1>9</N1>
			<N2>6</N2>
			<n>12</n>
			<n1>8</n1>
			<n2>4</n2>
			<V>53.774</V>
			<B>0.016</B>
			<D>6.000</D>
			<E>322.647</E>
			<L>0.167</L>
			<T>00:00:17</T>
			<MaxND>1</MaxND>
			<MIwoc>124</MIwoc>
			<MIcwc>0</MIcwc>
			<MI>124</MI>
			<operators>
				<token count="1">()</token>
				<token count="1">::</token>
				<token count="1">;</token>
				<token count="1">&lt;</token>
				<token count="1">=</token>
				<token count="2">&gt;</token>
				<token count="1">class</token>
				<token count="1">{}</token>
			</operators>
			<operands>
				<token count="2">LinkedList</token>
				<token count="1">NULL</token>
				<token count="2">T</token>
				<token count="1">head</token>
			</operands>
		</function>
		<function name="LinkedList::LinkedList()">
			<start_line>15</start_line>
			<vG_b>2</vG_b>
			<vG_e>2</vG_e>
			<params>1</params>
			<LOCphy>12</LOCphy>
			<LOCpro>10</LOCpro>
			<LOCbl>1</LOCbl>
			<LOCcom alarmed="1">0</LOCcom>
			<N>54</N>
			<N1>30</N1>
			<N2>24</N2>
			<n>26</n>
			<n1>15</n1>
			<n2>11</n2>
			<V>253.824</V>
			<B>0.086</B>
			<D>16.364</D>
			<E>4153.479</E>
			<L>0.061</L>
			<T>00:03:50</T>
			<MaxND>2</MaxND>
			<MIwoc>101</MIwoc>
			<MIcwc>0</MIcwc>
			<MI>101</MI>
			<operators>
				<token count="1">!=</token>
				<token count="1">&amp;</token>
				<token count="2">()</token>
				<token count="1">*</token>
				<token count="2">-&gt;</token>
				<token count="2">.</token>
				<token count="1">::</token>
				<token count="4">;</token>
				<token count="4">&lt;</token>
				<token count="2">=</token>
				<token count="5">&gt;</token>
				<token count="1">class</token>
				<token count="1">const</token>
				<token count="1">while()</token>
				<token count="2">{}</token>
			</operators>
			<operands>
				<token count="4">LinkedList</token>
				<token count="1">ListItem</token>
				<token count="1">NULL</token>
				<token count="5">T</token>
				<token count="1">head</token>
				<token count="5">here</token>
				<token count="1">insertAtTail</token>
				<token count="1">next</token>
				<token count="2">otherLinkedList</token>
				<token count="2">temp_list</token>
				<token count="1">value</token>
			</operands>
		</function>
		<function name="LinkedList::~LinkedList()">
			<start_line>28</start_line>
			<vG_b>2</vG_b>
			<vG_e>2</vG_e>
			<params>0</params>
			<LOCphy>13</LOCphy>
			<LOCpro>12</LOCpro>
			<LOCbl>0</LOCbl>
			<LOCcom alarmed="1">0</LOCcom>
			<N>51</N>
			<N1>30</N1>
			<N2>21</N2>
			<n>22</n>
			<n1>14</n1>
			<n2>8</n2>
			<V>227.431</V>
			<B>0.086</B>
			<D>18.375</D>
			<E>4179.045</E>
			<L>0.054</L>
			<T>00:03:52</T>
			<MaxND>2</MaxND>
			<MIwoc>101</MIwoc>
			<MIcwc>0</MIcwc>
			<MI>101</MI>
			<operators>
				<token count="1">!=</token>
				<token count="1">()</token>
				<token count="2">*</token>
				<token count="1">-&gt;</token>
				<token count="1">::</token>
				<token count="6">;</token>
				<token count="3">&lt;</token>
				<token count="4">=</token>
				<token count="4">&gt;</token>
				<token count="1">class</token>
				<token count="2">delete</token>
				<token count="1">while()</token>
				<token count="2">{}</token>
				<token count="1">~</token>
			</operators>
			<operands>
				<token count="2">LinkedList</token>
				<token count="2">ListItem</token>
				<token count="1">NULL</token>
				<token count="4">T</token>
				<token count="2">head</token>
				<token count="6">here</token>
				<token count="1">next</token>
				<token count="3">second</token>
			</operands>
		</function>
		<function name="LinkedList::insertAtHead()">
			<start_line>42</start_line>
			<vG_b>3</vG_b>
			<vG_e>3</vG_e>
			<params>1</params>
			<LOCphy>15</LOCphy>
			<LOCpro>14</LOCpro>
			<LOCbl>0</LOCbl>
			<LOCcom alarmed="1">0</LOCcom>
			<N>76</N>
			<N1>41</N1>
			<N2>35</N2>
			<n>26</n>
			<n1>14</n1>
			<n2>12</n2>
			<V>357.233</V>
			<B>0.125</B>
			<D>20.417</D>
			<E>7293.516</E>
			<L>0.049</L>
			<T>00:06:45</T>
			<MaxND>2</MaxND>
			<MIwoc>96</MIwoc>
			<MIcwc>0</MIcwc>
			<MI>96</MI>
			<operators>
				<token count="1">!=</token>
				<token count="3">()</token>
				<token count="1">*</token>
				<token count="6">-&gt;</token>
				<token count="1">::</token>
				<token count="7">;</token>
				<token count="3">&lt;</token>
				<token count="7">=</token>
				<token count="1">==</token>
				<token count="4">&gt;</token>
				<token count="1">class</token>
				<token count="2">if()</token>
				<token count="1">new</token>
				<token count="3">{}</token>
			</operators>
			<operands>
				<token count="1">LinkedList</token>
				<token count="2">ListItem</token>
				<token count="4">NULL</token>
				<token count="5">T</token>
				<token count="6">head</token>
				<token count="1">insertAtHead</token>
				<token count="2">item</token>
				<token count="4">next</token>
				<token count="2">prev</token>
				<token count="2">tail</token>
				<token count="5">temp</token>
				<token count="1">void</token>
			</operands>
		</function>
		<function name="LinkedList::insertAtTail()">
			<start_line>58</start_line>
			<vG_b>2</vG_b>
			<vG_e>2</vG_e>
			<params>1</params>
			<LOCphy>18</LOCphy>
			<LOCpro>16</LOCpro>
			<LOCbl>1</LOCbl>
			<LOCcom alarmed="1">0</LOCcom>
			<N>75</N>
			<N1>42</N1>
			<N2>33</N2>
			<n>26</n>
			<n1>14</n1>
			<n2>12</n2>
			<V>352.533</V>
			<B>0.119</B>
			<D>19.250</D>
			<E>6786.260</E>
			<L>0.052</L>
			<T>00:06:17</T>
			<MaxND>2</MaxND>
			<MIwoc>93</MIwoc>
			<MIcwc>0</MIcwc>
			<MI>93</MI>
			<operators>
				<token count="3">()</token>
				<token count="2">*</token>
				<token count="2">-&gt;</token>
				<token count="1">::</token>
				<token count="7">;</token>
				<token count="5">&lt;</token>
				<token count="7">=</token>
				<token count="1">==</token>
				<token count="6">&gt;</token>
				<token count="1">class</token>
				<token count="1">else</token>
				<token count="1">if()</token>
				<token count="2">new</token>
				<token count="3">{}</token>
			</operators>
			<operands>
				<token count="1">LinkedList</token>
				<token count="4">ListItem</token>
				<token count="2">NULL</token>
				<token count="7">T</token>
				<token count="2">head</token>
				<token count="1">insertAtTail</token>
				<token count="3">item</token>
				<token count="1">next</token>
				<token count="1">prev</token>
				<token count="4">tail</token>
				<token count="6">temp</token>
				<token count="1">void</token>
			</operands>
		</function>
		<function name="LinkedList::insertAfter()">
			<start_line>77</start_line>
			<vG_b>4</vG_b>
			<vG_e>5</vG_e>
			<params>2</params>
			<LOCphy>24</LOCphy>
			<LOCpro>23</LOCpro>
			<LOCbl>0</LOCbl>
			<LOCcom alarmed="1">0</LOCcom>
			<N>102</N>
			<N1>55</N1>
			<N2>47</N2>
			<n>34</n>
			<n1>18</n1>
			<n2>16</n2>
			<V>518.921</V>
			<B>0.191</B>
			<D>26.438</D>
			<E>13718.979</E>
			<L>0.038</L>
			<T>00:12:42</T>
			<MaxND>2</MaxND>
			<MIwoc>86</MIwoc>
			<MIcwc>0</MIcwc>
			<MI>86</MI>
			<operators>
				<token count="2">!=</token>
				<token count="1">&amp;&amp;</token>
				<token count="4">()</token>
				<token count="2">*</token>
				<token count="1">,</token>
				<token count="8">-&gt;</token>
				<token count="1">::</token>
				<token count="8">;</token>
				<token count="4">&lt;</token>
				<token count="6">=</token>
				<token count="2">==</token>
				<token count="5">&gt;</token>
				<token count="1">class</token>
				<token count="1">else</token>
				<token count="2">if()</token>
				<token count="1">new</token>
				<token count="1">while()</token>
				<token count="5">{}</token>
			</operators>
			<operands>
				<token count="1">LinkedList</token>
				<token count="3">ListItem</token>
				<token count="2">NULL</token>
				<token count="7">T</token>
				<token count="3">afterWhat</token>
				<token count="2">head</token>
				<token count="9">here</token>
				<token count="1">insertAfter</token>
				<token count="1">insertAtHead</token>
				<token count="1">insertAtTail</token>
				<token count="5">next</token>
				<token count="1">prev</token>
				<token count="4">temp_ptr</token>
				<token count="4">toInsert</token>
				<token count="2">value</token>
				<token count="1">void</token>
			</operands>
		</function>
		<function name="LinkedList::insertSorted()">
			<start_line>134</start_line>
			<vG_b>5</vG_b>
			<vG_e>7</vG_e>
			<params>1</params>
			<LOCphy>41</LOCphy>
			<LOCpro>38</LOCpro>
			<LOCbl>2</LOCbl>
			<LOCcom alarmed="1">0</LOCcom>
			<N>149</N>
			<N1>82</N1>
			<N2>67</N2>
			<n>32</n>
			<n1>17</n1>
			<n2>15</n2>
			<V>745.000</V>
			<B>0.309</B>
			<D>37.967</D>
			<E>28285.166</E>
			<L>0.026</L>
			<T>00:26:11</T>
			<MaxND>4</MaxND>
			<MIwoc>75</MIwoc>
			<MIcwc>0</MIcwc>
			<MI>75</MI>
			<operators>
				<token count="2">!=</token>
				<token count="2">&amp;&amp;</token>
				<token count="3">()</token>
				<token count="3">*</token>
				<token count="13">-&gt;</token>
				<token count="1">::</token>
				<token count="14">;</token>
				<token count="7">&lt;</token>
				<token count="12">=</token>
				<token count="2">==</token>
				<token count="6">&gt;</token>
				<token count="1">class</token>
				<token count="3">else</token>
				<token count="3">if()</token>
				<token count="1">new</token>
				<token count="1">while()</token>
				<token count="8">{}</token>
			</operators>
			<operands>
				<token count="1">LinkedList</token>
				<token count="4">ListItem</token>
				<token count="4">NULL</token>
				<token count="7">T</token>
				<token count="4">head</token>
				<token count="14">here</token>
				<token count="1">insertAtHead</token>
				<token count="1">insertSorted</token>
				<token count="5">item</token>
				<token count="7">next</token>
				<token count="4">prev</token>
				<token count="3">second</token>
				<token count="9">temp</token>
				<token count="2">value</token>
				<token count="1">void</token>
			</operands>
		</function>
		<function name="LinkedList::getHead()">
			<start_line>175</start_line>
			<vG_b>1</vG_b>
			<vG_e>1</vG_e>
			<params>0</params>
			<LOCphy>5</LOCphy>
			<LOCpro>4</LOCpro>
			<LOCbl>0</LOCbl>
			<LOCcom>0</LOCcom>
			<N>19</N>
			<N1>12</N1>
			<N2>7</N2>
			<n>14</n>
			<n1>9</n1>
			<n2>5</n2>
			<V>72.340</V>
			<B>0.020</B>
			<D>6.300</D>
			<E>455.740</E>
			<L>0.159</L>
			<T>00:00:25</T>
			<MaxND>1</MaxND>
			<MIwoc>122</MIwoc>
			<MIcwc>0</MIcwc>
			<MI>122</MI>
			<operators>
				<token count="1">()</token>
				<token count="1">*</token>
				<token count="1">::</token>
				<token count="1">;</token>
				<token count="2">&lt;</token>
				<token count="3">&gt;</token>
				<token count="1">class</token>
				<token count="1">return</token>
				<token count="1">{}</token>
			</operators>
			<operands>
				<token count="1">LinkedList</token>
				<token count="1">ListItem</token>
				<token count="3">T</token>
				<token count="1">getHead</token>
				<token count="1">head</token>
			</operands>
		</function>
		<function name="LinkedList::getTail()">
			<start_line>181</start_line>
			<vG_b>1</vG_b>
			<vG_e>1</vG_e>
			<params>0</params>
			<LOCphy>5</LOCphy>
			<LOCpro>4</LOCpro>
			<LOCbl>0</LOCbl>
			<LOCcom>0</LOCcom>
			<N>19</N>
			<N1>12</N1>
			<N2>7</N2>
			<n>14</n>
			<n1>9</n1>
			<n2>5</n2>
			<V>72.340</V>
			<B>0.020</B>
			<D>6.300</D>
			<E>455.740</E>
			<L>0.159</L>
			<T>00:00:25</T>
			<MaxND>1</MaxND>
			<MIwoc>122</MIwoc>
			<MIcwc>0</MIcwc>
			<MI>122</MI>
			<operators>
				<token count="1">()</token>
				<token count="1">*</token>
				<token count="1">::</token>
				<token count="1">;</token>
				<token count="2">&lt;</token>
				<token count="3">&gt;</token>
				<token count="1">class</token>
				<token count="1">return</token>
				<token count="1">{}</token>
			</operators>
			<operands>
				<token count="1">LinkedList</token>
				<token count="1">ListItem</token>
				<token count="3">T</token>
				<token count="1">getTail</token>
				<token count="1">tail</token>
			</operands>
		</function>
		<function name="LinkedList::searchFor()">
			<start_line>187</start_line>
			<vG_b>3</vG_b>
			<vG_e>3</vG_e>
			<params>1</params>
			<LOCphy>14</LOCphy>
			<LOCpro>13</LOCpro>
			<LOCbl>0</LOCbl>
			<LOCcom alarmed="1">0</LOCcom>
			<N>51</N>
			<N1>29</N1>
			<N2>22</N2>
			<n>26</n>
			<n1>15</n1>
			<n2>11</n2>
			<V>239.722</V>
			<B>0.078</B>
			<D>15.000</D>
			<E>3595.836</E>
			<L>0.067</L>
			<T>00:03:19</T>
			<MaxND>3</MaxND>
			<MIwoc>99</MIwoc>
			<MIcwc>0</MIcwc>
			<MI>99</MI>
			<operators>
				<token count="1">!=</token>
				<token count="1">()</token>
				<token count="2">*</token>
				<token count="2">-&gt;</token>
				<token count="1">::</token>
				<token count="4">;</token>
				<token count="3">&lt;</token>
				<token count="2">=</token>
				<token count="1">==</token>
				<token count="4">&gt;</token>
				<token count="1">class</token>
				<token count="1">if()</token>
				<token count="2">return</token>
				<token count="1">while()</token>
				<token count="3">{}</token>
			</operators>
			<operands>
				<token count="1">0</token>
				<token count="1">LinkedList</token>
				<token count="2">ListItem</token>
				<token count="1">NULL</token>
				<token count="5">T</token>
				<token count="1">head</token>
				<token count="6">here</token>
				<token count="2">item</token>
				<token count="1">next</token>
				<token count="1">searchFor</token>
				<token count="1">value</token>
			</operands>
		</function>
		<function name="LinkedList::deleteElement()">
			<start_line>202</start_line>
			<vG_b>5</vG_b>
			<vG_e>5</vG_e>
			<params>1</params>
			<LOCphy>33</LOCphy>
			<LOCpro>32</LOCpro>
			<LOCbl>0</LOCbl>
			<LOCcom alarmed="1">0</LOCcom>
			<N>147</N>
			<N1>83</N1>
			<N2>64</N2>
			<n>33</n>
			<n1>15</n1>
			<n2>18</n2>
			<V>741.526</V>
			<B>0.244</B>
			<D>26.667</D>
			<E>19774.025</E>
			<L>0.038</L>
			<T>00:18:18</T>
			<MaxND>3</MaxND>
			<MIwoc>79</MIwoc>
			<MIcwc>0</MIcwc>
			<MI>79</MI>
			<operators>
				<token count="2">!=</token>
				<token count="2">()</token>
				<token count="5">*</token>
				<token count="11">-&gt;</token>
				<token count="1">::</token>
				<token count="15">;</token>
				<token count="6">&lt;</token>
				<token count="12">=</token>
				<token count="2">==</token>
				<token count="7">&gt;</token>
				<token count="1">class</token>
				<token count="3">delete</token>
				<token count="4">else</token>
				<token count="4">if()</token>
				<token count="8">{}</token>
			</operators>
			<operands>
				<token count="1">LinkedList</token>
				<token count="5">ListItem</token>
				<token count="5">NULL</token>
				<token count="8">T</token>
				<token count="1">deleteElement</token>
				<token count="6">head</token>
				<token count="4">item</token>
				<token count="5">next</token>
				<token count="4">prev</token>
				<token count="1">searchFor</token>
				<token count="7">tail</token>
				<token count="4">temp</token>
				<token count="2">temp_head</token>
				<token count="3">temp_next</token>
				<token count="3">temp_prev</token>
				<token count="2">temp_tail</token>
				<token count="2">value</token>
				<token count="1">void</token>
			</operands>
		</function>
		<function name="LinkedList::deleteHead()">
			<start_line>236</start_line>
			<vG_b>2</vG_b>
			<vG_e>2</vG_e>
			<params>0</params>
			<LOCphy>10</LOCphy>
			<LOCpro>9</LOCpro>
			<LOCbl>0</LOCbl>
			<LOCcom>0</LOCcom>
			<N>43</N>
			<N1>25</N1>
			<N2>18</N2>
			<n>23</n>
			<n1>14</n1>
			<n2>9</n2>
			<V>194.513</V>
			<B>0.065</B>
			<D>14.000</D>
			<E>2723.184</E>
			<L>0.071</L>
			<T>00:02:31</T>
			<MaxND>2</MaxND>
			<MIwoc>106</MIwoc>
			<MIcwc>0</MIcwc>
			<MI>106</MI>
			<operators>
				<token count="1">!=</token>
				<token count="1">()</token>
				<token count="1">*</token>
				<token count="2">-&gt;</token>
				<token count="1">::</token>
				<token count="4">;</token>
				<token count="2">&lt;</token>
				<token count="3">=</token>
				<token count="3">&gt;</token>
				<token count="1">class</token>
				<token count="1">delete</token>
				<token count="1">else</token>
				<token count="1">if()</token>
				<token count="3">{}</token>
			</operators>
			<operands>
				<token count="1">LinkedList</token>
				<token count="1">ListItem</token>
				<token count="2">NULL</token>
				<token count="3">T</token>
				<token count="1">deleteHead</token>
				<token count="5">head</token>
				<token count="2">next</token>
				<token count="2">temp_head</token>
				<token count="1">void</token>
			</operands>
		</function>
		<function name="LinkedList::deleteTail()">
			<start_line>247</start_line>
			<vG_b>2</vG_b>
			<vG_e>2</vG_e>
			<params>0</params>
			<LOCphy>13</LOCphy>
			<LOCpro>12</LOCpro>
			<LOCbl>0</LOCbl>
			<LOCcom alarmed="1">0</LOCcom>
			<N>46</N>
			<N1>27</N1>
			<N2>19</N2>
			<n>26</n>
			<n1>14</n1>
			<n2>12</n2>
			<V>216.220</V>
			<B>0.060</B>
			<D>11.083</D>
			<E>2396.441</E>
			<L>0.090</L>
			<T>00:02:13</T>
			<MaxND>2</MaxND>
			<MIwoc>101</MIwoc>
			<MIcwc>0</MIcwc>
			<MI>101</MI>
			<operators>
				<token count="2">()</token>
				<token count="1">*</token>
				<token count="2">-&gt;</token>
				<token count="1">::</token>
				<token count="5">;</token>
				<token count="2">&lt;</token>
				<token count="3">=</token>
				<token count="1">==</token>
				<token count="3">&gt;</token>
				<token count="1">class</token>
				<token count="1">delete</token>
				<token count="1">else</token>
				<token count="1">if()</token>
				<token count="3">{}</token>
			</operators>
			<operands>
				<token count="1">LinkedList</token>
				<token count="1">ListItem</token>
				<token count="1">NULL</token>
				<token count="3">T</token>
				<token count="1">deleteHead</token>
				<token count="1">deleteTail</token>
				<token count="1">head</token>
				<token count="1">next</token>
				<token count="1">prev</token>
				<token count="5">tail</token>
				<token count="2">temp_tail</token>
				<token count="1">void</token>
			</operands>
		</function>
		<function name="LinkedList::length()">
			<start_line>261</start_line>
			<vG_b>2</vG_b>
			<vG_e>2</vG_e>
			<params>0</params>
			<LOCphy>12</LOCphy>
			<LOCpro>11</LOCpro>
			<LOCbl>0</LOCbl>
			<LOCcom alarmed="1">0</LOCcom>
			<N>43</N>
			<N1>24</N1>
			<N2>19</N2>
			<n>25</n>
			<n1>14</n1>
			<n2>11</n2>
			<V>199.686</V>
			<B>0.060</B>
			<D>12.091</D>
			<E>2414.383</E>
			<L>0.083</L>
			<T>00:02:14</T>
			<MaxND>2</MaxND>
			<MIwoc>103</MIwoc>
			<MIcwc>0</MIcwc>
			<MI>103</MI>
			<operators>
				<token count="1">!=</token>
				<token count="1">()</token>
				<token count="1">*</token>
				<token count="1">++</token>
				<token count="1">-&gt;</token>
				<token count="1">::</token>
				<token count="5">;</token>
				<token count="2">&lt;</token>
				<token count="3">=</token>
				<token count="3">&gt;</token>
				<token count="1">class</token>
				<token count="1">return</token>
				<token count="1">while()</token>
				<token count="2">{}</token>
			</operators>
			<operands>
				<token count="1">0</token>
				<token count="1">LinkedList</token>
				<token count="1">ListItem</token>
				<token count="1">NULL</token>
				<token count="3">T</token>
				<token count="3">counter</token>
				<token count="1">head</token>
				<token count="4">here</token>
				<token count="2">int</token>
				<token count="1">length</token>
				<token count="1">next</token>
			</operands>
		</function>
		<function name="LinkedList::reverse()">
			<start_line>274</start_line>
			<vG_b>2</vG_b>
			<vG_e>2</vG_e>
			<params>0</params>
			<LOCphy>17</LOCphy>
			<LOCpro>16</LOCpro>
			<LOCbl>0</LOCbl>
			<LOCcom alarmed="1">0</LOCcom>
			<N>92</N>
			<N1>50</N1>
			<N2>42</N2>
			<n>27</n>
			<n1>12</n1>
			<n2>15</n2>
			<V>437.450</V>
			<B>0.126</B>
			<D>16.800</D>
			<E>7349.154</E>
			<L>0.060</L>
			<T>00:06:48</T>
			<MaxND>2</MaxND>
			<MIwoc>93</MIwoc>
			<MIcwc>0</MIcwc>
			<MI>93</MI>
			<operators>
				<token count="1">!=</token>
				<token count="1">()</token>
				<token count="5">*</token>
				<token count="5">-&gt;</token>
				<token count="1">::</token>
				<token count="10">;</token>
				<token count="6">&lt;</token>
				<token count="10">=</token>
				<token count="7">&gt;</token>
				<token count="1">class</token>
				<token count="1">while()</token>
				<token count="2">{}</token>
			</operators>
			<operands>
				<token count="1">LinkedList</token>
				<token count="5">ListItem</token>
				<token count="1">NULL</token>
				<token count="7">T</token>
				<token count="3">head</token>
				<token count="8">here</token>
				<token count="2">next</token>
				<token count="2">pos</token>
				<token count="3">prev</token>
				<token count="1">reverse</token>
				<token count="2">tail</token>
				<token count="2">temp_head</token>
				<token count="2">temp_next</token>
				<token count="2">temp_prev</token>
				<token count="1">void</token>
			</operands>
		</function>
		<function name="LinkedList::parityArrangement()">
			<start_line>292</start_line>
			<vG_b>3</vG_b>
			<vG_e>3</vG_e>
			<params>0</params>
			<LOCphy>17</LOCphy>
			<LOCpro>15</LOCpro>
			<LOCbl>1</LOCbl>
			<LOCcom alarmed="1">0</LOCcom>
			<N>73</N>
			<N1>41</N1>
			<N2>32</N2>
			<n>30</n>
			<n1>15</n1>
			<n2>15</n2>
			<V>358.203</V>
			<B>0.107</B>
			<D>16.000</D>
			<E>5731.248</E>
			<L>0.063</L>
			<T>00:05:18</T>
			<MaxND>3</MaxND>
			<MIwoc>94</MIwoc>
			<MIcwc>0</MIcwc>
			<MI>94</MI>
			<operators>
				<token count="1">!=</token>
				<token count="1">%</token>
				<token count="6">()</token>
				<token count="1">*</token>
				<token count="9">-&gt;</token>
				<token count="1">::</token>
				<token count="6">;</token>
				<token count="2">&lt;</token>
				<token count="4">=</token>
				<token count="1">==</token>
				<token count="3">&gt;</token>
				<token count="1">class</token>
				<token count="1">if()</token>
				<token count="1">while()</token>
				<token count="3">{}</token>
			</operators>
			<operands>
				<token count="1">1</token>
				<token count="1">2</token>
				<token count="1">LinkedList</token>
				<token count="1">ListItem</token>
				<token count="1">NULL</token>
				<token count="3">T</token>
				<token count="1">head</token>
				<token count="10">here</token>
				<token count="1">insertAtHead</token>
				<token count="4">next</token>
				<token count="1">parityArrangement</token>
				<token count="3">prev</token>
				<token count="1">print</token>
				<token count="2">value</token>
				<token count="1">void</token>
			</operands>
		</function>
		<function name="LinkedList::isPalindrome()">
			<start_line>309</start_line>
			<vG_b>3</vG_b>
			<vG_e>3</vG_e>
			<params>0</params>
			<LOCphy>18</LOCphy>
			<LOCpro>17</LOCpro>
			<LOCbl>0</LOCbl>
			<LOCcom alarmed="1">0</LOCcom>
			<N>71</N>
			<N1>40</N1>
			<N2>31</N2>
			<n>32</n>
			<n1>15</n1>
			<n2>17</n2>
			<V>355.000</V>
			<B>0.096</B>
			<D>13.676</D>
			<E>4855.147</E>
			<L>0.073</L>
			<T>00:04:29</T>
			<MaxND>3</MaxND>
			<MIwoc>93</MIwoc>
			<MIcwc>0</MIcwc>
			<MI>93</MI>
			<operators>
				<token count="1">!=</token>
				<token count="2">()</token>
				<token count="2">*</token>
				<token count="1">--</token>
				<token count="4">-&gt;</token>
				<token count="1">::</token>
				<token count="8">;</token>
				<token count="3">&lt;</token>
				<token count="5">=</token>
				<token count="5">&gt;</token>
				<token count="1">class</token>
				<token count="1">if()</token>
				<token count="2">return</token>
				<token count="1">while()</token>
				<token count="3">{}</token>
			</operators>
			<operands>
				<token count="2">0</token>
				<token count="1">1</token>
				<token count="1">LinkedList</token>
				<token count="2">ListItem</token>
				<token count="4">T</token>
				<token count="1">bool</token>
				<token count="3">counter</token>
				<token count="4">from_head</token>
				<token count="4">from_tail</token>
				<token count="1">head</token>
				<token count="1">int</token>
				<token count="1">isPalindrome</token>
				<token count="1">length</token>
				<token count="1">next</token>
				<token count="1">prev</token>
				<token count="1">tail</token>
				<token count="2">value</token>
			</operands>
		</function>
		<function name="LinkedList::print()">
			<start_line>328</start_line>
			<vG_b>3</vG_b>
			<vG_e>3</vG_e>
			<params>0</params>
			<LOCphy>13</LOCphy>
			<LOCpro>12</LOCpro>
			<LOCbl>0</LOCbl>
			<LOCcom alarmed="1">0</LOCcom>
			<N>47</N>
			<N1>26</N1>
			<N2>21</N2>
			<n>26</n>
			<n1>14</n1>
			<n2>12</n2>
			<V>220.921</V>
			<B>0.065</B>
			<D>12.250</D>
			<E>2706.278</E>
			<L>0.082</L>
			<T>00:02:30</T>
			<MaxND>3</MaxND>
			<MIwoc>101</MIwoc>
			<MIcwc>0</MIcwc>
			<MI>101</MI>
			<operators>
				<token count="2">!=</token>
				<token count="1">()</token>
				<token count="1">*</token>
				<token count="2">-&gt;</token>
				<token count="1">::</token>
				<token count="4">;</token>
				<token count="2">&lt;</token>
				<token count="2">&lt;&lt;</token>
				<token count="2">=</token>
				<token count="3">&gt;</token>
				<token count="1">class</token>
				<token count="1">if()</token>
				<token count="1">while()</token>
				<token count="3">{}</token>
			</operators>
			<operands>
				<token count="1">LinkedList</token>
				<token count="1">ListItem</token>
				<token count="2">NULL</token>
				<token count="3">T</token>
				<token count="2">cout</token>
				<token count="1">endl</token>
				<token count="2">head</token>
				<token count="5">here</token>
				<token count="1">next</token>
				<token count="1">print</token>
				<token count="1">value</token>
				<token count="1">void</token>
			</operands>
		</function>
		<file_total>
			<vG_b>30</vG_b>
			<vG_e>33</vG_e>
			<vG_b_max>5</vG_b_max>
			<vG_b_avg>2</vG_b_avg>
			<vG_e_max>7</vG_e_max>
			<vG_e_avg>2</vG_e_avg>
			<params>8</params>
			<LOCphy>340</LOCphy>
			<LOCpro>287</LOCpro>
			<LOCbl>20</LOCbl>
			<LOCcom alarmed="1">33</LOCcom>
			<N>1227</N>
			<N1>705</N1>
			<N2>522</N2>
			<n>87</n>
			<n1>34</n1>
			<n2>53</n2>
			<V>7905.492</V>
			<B alarmed="1">4.018</B>
			<D>167.434</D>
			<E>1323647.750</E>
			<L>0.006</L>
			<T>20:25:35</T>
			<MaxND>4</MaxND>
			<MIwoc>91</MIwoc>
			<MIcwc>23</MIcwc>
			<MI>115</MI>
			<operators>
				<token count="17">!=</token>
				<token count="6">#</token>
				<token count="1">%</token>
				<token count="1">&amp;</token>
				<token count="3">&amp;&amp;</token>
				<token count="36">()</token>
				<token count="32">*</token>
				<token count="1">++</token>
				<token count="1">,</token>
				<token count="1">--</token>
				<token count="70">-&gt;</token>
				<token count="2">.</token>
				<token count="18">::</token>
				<token count="111">;</token>
				<token count="77">&lt;</token>
				<token count="2">&lt;&lt;</token>
				<token count="83">=</token>
				<token count="11">==</token>
				<token count="76">&gt;</token>
				<token count="18">class</token>
				<token count="1">const</token>
				<token count="7">delete</token>
				<token count="11">else</token>
				<token count="1">endif</token>
				<token count="18">if()</token>
				<token count="1">ifndef</token>
				<token count="1">namespace</token>
				<token count="5">new</token>
				<token count="7">return</token>
				<token count="18">template</token>
				<token count="1">using</token>
				<token count="10">while()</token>
				<token count="56">{}</token>
				<token count="1">~</token>
			</operators>
			<operands>
				<token count="4">0</token>
				<token count="2">1</token>
				<token count="1">2</token>
				<token count="23">LinkedList</token>
				<token count="37">ListItem</token>
				<token count="29">NULL</token>
				<token count="82">T</token>
				<token count="2">__LIST_CPP</token>
				<token count="3">afterWhat</token>
				<token count="1">bool</token>
				<token count="6">counter</token>
				<token count="2">cout</token>
				<token count="1">define</token>
				<token count="1">deleteElement</token>
				<token count="2">deleteHead</token>
				<token count="1">deleteTail</token>
				<token count="1">endl</token>
				<token count="4">from_head</token>
				<token count="4">from_tail</token>
				<token count="1">getHead</token>
				<token count="1">getTail</token>
				<token count="40">head</token>
				<token count="67">here</token>
				<token count="3">include</token>
				<token count="1">insertAfter</token>
				<token count="4">insertAtHead</token>
				<token count="3">insertAtTail</token>
				<token count="1">insertSorted</token>
				<token count="3">int</token>
				<token count="1">isPalindrome</token>
				<token count="16">item</token>
				<token count="2">length</token>
				<token count="37">next</token>
				<token count="2">otherLinkedList</token>
				<token count="1">parityArrangement</token>
				<token count="2">pos</token>
				<token count="20">prev</token>
				<token count="2">print</token>
				<token count="1">reverse</token>
				<token count="2">searchFor</token>
				<token count="6">second</token>
				<token count="1">std</token>
				<token count="22">tail</token>
				<token count="24">temp</token>
				<token count="6">temp_head</token>
				<token count="2">temp_list</token>
				<token count="5">temp_next</token>
				<token count="5">temp_prev</token>
				<token count="4">temp_ptr</token>
				<token count="4">temp_tail</token>
				<token count="4">toInsert</token>
				<token count="13">value</token>
				<token count="10">void</token>
			</operands>
		</file_total>
	</file>
	<system>
		<files>1</files>
		<functions>18</functions>
		<LOCphy>340</LOCphy>
		<LOCbl>20</LOCbl>
		<LOCpro>287</LOCpro>
		<LOCcom>33</LOCcom>
		<semicolons>111</semicolons>
		<vG_b>30</vG_b>
		<vG_e>33</vG_e>
		<params>8</params>
		<MIwoc>96</MIwoc>
		<MIcw>0</MIcw>
		<MI>96</MI>
		<alarms>
			<file_vG>
				<measured>1</measured>
				<alarmed>0</alarmed>
				<percent>0</percent>
				<lowlimit>1</lowlimit>
				<highlimit>100</highlimit>
			</file_vG>
			<file_LOCpro>
				<measured>1</measured>
				<alarmed>0</alarmed>
				<percent>0</percent>
				<lowlimit>4</lowlimit>
				<highlimit>400</highlimit>
			</file_LOCpro>
			<file_comment_percent>
				<measured>1</measured>
				<alarmed>1</alarmed>
				<percent>100</percent>
				<lowlimit>30</lowlimit>
				<highlimit>75</highlimit>
			</file_comment_percent>
			<file_V>
				<measured>1</measured>
				<alarmed>0</alarmed>
				<percent>0</percent>
				<lowlimit>100</lowlimit>
				<highlimit>8000</highlimit>
			</file_V>
			<file_B>
				<measured>1</measured>
				<alarmed>1</alarmed>
				<percent>100</percent>
				<lowlimit>0</lowlimit>
				<highlimit>2</highlimit>
			</file_B>
			<file_MI>
				<measured>1</measured>
				<alarmed>0</alarmed>
				<percent>0</percent>
				<lowlimit>65</lowlimit>
			</file_MI>
			<function_vG>
				<measured>18</measured>
				<alarmed>0</alarmed>
				<percent>0</percent>
				<lowlimit>1</lowlimit>
				<highlimit>10</highlimit>
			</function_vG>
			<function_LOCpro>
				<measured>18</measured>
				<alarmed>0</alarmed>
				<percent>0</percent>
				<lowlimit>4</lowlimit>
				<highlimit>40</highlimit>
			</function_LOCpro>
			<function_comment_percent>
				<measured>18</measured>
				<alarmed>14</alarmed>
				<percent>77</percent>
				<lowlimit>30</lowlimit>
				<highlimit>75</highlimit>
			</function_comment_percent>
			<function_V>
				<measured>18</measured>
				<alarmed>0</alarmed>
				<percent>0</percent>
				<lowlimit>20</lowlimit>
				<highlimit>1000</highlimit>
			</function_V>
			<function_MI>
				<measured>18</measured>
				<alarmed>0</alarmed>
				<percent>0</percent>
				<lowlimit>65</lowlimit>
			</function_MI>
		</alarms>
		<error_messages count="0">
		</error_messages>
	</system>
</cmt_long_report>
