<?xml version="1.0" ?>
<cmt_long_report>
	<header_info>
		<cmt_version>7.0</cmt_version>
		<copyright>Copyright (c) 1993-2013 Testwell Oy</copyright>
		<copyright>Copyright (c) 2013-2018 Verifysoft Technology GmbH</copyright>
		<license_notes>
		</license_notes>
		<date>Tue Apr  4 21:05:43 2023</date>
		<cmt_options> -o C:\Users\muawi\cmt\A1_T1_S23.xml -lf -f C:\Users\muawi\cmt\files.txt</cmt_options>
		<run_directory>C:\Testwell\CMT</run_directory>
		<mccabe_preference>extended</mccabe_preference>
	</header_info>
	<file name="C:\Users\muawi\OneDrive\Documents\Study\Junior Year\Topics in Internet Research\Project\PA1_ANON_DATA\PA1_ANON_DATA\folder_23\LinkedList.cpp" stamp="1680056133">
		<function name="LinkedList::LinkedList()">
			<start_line>8</start_line>
			<vG_b>1</vG_b>
			<vG_e>1</vG_e>
			<params>0</params>
			<LOCphy>6</LOCphy>
			<LOCpro>5</LOCpro>
			<LOCbl>0</LOCbl>
			<LOCcom>0</LOCcom>
			<N>19</N>
			<N1>11</N1>
			<N2>8</N2>
			<n>13</n>
			<n1>8</n1>
			<n2>5</n2>
			<V>70.308</V>
			<B>0.020</B>
			<D>6.400</D>
			<E>449.973</E>
			<L>0.156</L>
			<T>00:00:24</T>
			<MaxND>1</MaxND>
			<MIwoc>120</MIwoc>
			<MIcwc>0</MIcwc>
			<MI>120</MI>
			<operators>
				<token count="1">()</token>
				<token count="1">::</token>
				<token count="2">;</token>
				<token count="1">&lt;</token>
				<token count="2">=</token>
				<token count="2">&gt;</token>
				<token count="1">class</token>
				<token count="1">{}</token>
			</operators>
			<operands>
				<token count="2">LinkedList</token>
				<token count="2">NULL</token>
				<token count="2">T</token>
				<token count="1">head</token>
				<token count="1">tail</token>
			</operands>
		</function>
		<function name="LinkedList::LinkedList()">
			<start_line>15</start_line>
			<vG_b>2</vG_b>
			<vG_e>2</vG_e>
			<params>1</params>
			<LOCphy>16</LOCphy>
			<LOCpro>15</LOCpro>
			<LOCbl>0</LOCbl>
			<LOCcom alarmed="1">0</LOCcom>
			<N>100</N>
			<N1>56</N1>
			<N2>44</N2>
			<n>27</n>
			<n1>15</n1>
			<n2>12</n2>
			<V>475.489</V>
			<B>0.185</B>
			<D>27.500</D>
			<E>13075.940</E>
			<L>0.036</L>
			<T>00:12:06</T>
			<MaxND>2</MaxND>
			<MIwoc>94</MIwoc>
			<MIcwc>0</MIcwc>
			<MI>94</MI>
			<operators>
				<token count="1">&amp;</token>
				<token count="3">()</token>
				<token count="3">*</token>
				<token count="6">-&gt;</token>
				<token count="2">.</token>
				<token count="1">::</token>
				<token count="9">;</token>
				<token count="7">&lt;</token>
				<token count="9">=</token>
				<token count="8">&gt;</token>
				<token count="1">class</token>
				<token count="1">const</token>
				<token count="2">new</token>
				<token count="1">while()</token>
				<token count="2">{}</token>
			</operators>
			<operands>
				<token count="3">LinkedList</token>
				<token count="5">ListItem</token>
				<token count="8">T</token>
				<token count="4">head</token>
				<token count="3">next</token>
				<token count="3">otherLinkedList</token>
				<token count="1">prev</token>
				<token count="1">tail</token>
				<token count="4">temp</token>
				<token count="5">temp2</token>
				<token count="5">traversal</token>
				<token count="2">value</token>
			</operands>
		</function>
		<function name="LinkedList::~LinkedList()">
			<start_line>32</start_line>
			<vG_b>3</vG_b>
			<vG_e>3</vG_e>
			<params>0</params>
			<LOCphy>15</LOCphy>
			<LOCpro>14</LOCpro>
			<LOCbl>0</LOCbl>
			<LOCcom alarmed="1">0</LOCcom>
			<N>45</N>
			<N1>27</N1>
			<N2>18</N2>
			<n>20</n>
			<n1>14</n1>
			<n2>6</n2>
			<V>194.487</V>
			<B>0.085</B>
			<D>21.000</D>
			<E>4084.222</E>
			<L>0.048</L>
			<T>00:03:46</T>
			<MaxND>3</MaxND>
			<MIwoc>99</MIwoc>
			<MIcwc>0</MIcwc>
			<MI>99</MI>
			<operators>
				<token count="1">()</token>
				<token count="1">*</token>
				<token count="2">-&gt;</token>
				<token count="1">::</token>
				<token count="5">;</token>
				<token count="2">&lt;</token>
				<token count="3">=</token>
				<token count="3">&gt;</token>
				<token count="1">class</token>
				<token count="2">delete</token>
				<token count="1">if()</token>
				<token count="1">while()</token>
				<token count="3">{}</token>
				<token count="1">~</token>
			</operators>
			<operands>
				<token count="2">LinkedList</token>
				<token count="1">ListItem</token>
				<token count="3">T</token>
				<token count="7">head</token>
				<token count="2">next</token>
				<token count="3">temp</token>
			</operands>
		</function>
		<function name="LinkedList::insertAtHead()">
			<start_line>48</start_line>
			<vG_b>2</vG_b>
			<vG_e>2</vG_e>
			<params>1</params>
			<LOCphy>16</LOCphy>
			<LOCpro>15</LOCpro>
			<LOCbl>0</LOCbl>
			<LOCcom alarmed="1">0</LOCcom>
			<N>58</N>
			<N1>32</N1>
			<N2>26</N2>
			<n>24</n>
			<n1>13</n1>
			<n2>11</n2>
			<V>265.928</V>
			<B>0.085</B>
			<D>15.364</D>
			<E>4085.618</E>
			<L>0.065</L>
			<T>00:03:46</T>
			<MaxND>2</MaxND>
			<MIwoc>97</MIwoc>
			<MIcwc>0</MIcwc>
			<MI>97</MI>
			<operators>
				<token count="2">()</token>
				<token count="1">*</token>
				<token count="2">-&gt;</token>
				<token count="1">::</token>
				<token count="6">;</token>
				<token count="3">&lt;</token>
				<token count="6">=</token>
				<token count="4">&gt;</token>
				<token count="1">class</token>
				<token count="1">else</token>
				<token count="1">if()</token>
				<token count="1">new</token>
				<token count="3">{}</token>
			</operators>
			<operands>
				<token count="1">LinkedList</token>
				<token count="2">ListItem</token>
				<token count="5">T</token>
				<token count="5">head</token>
				<token count="1">insertAtHead</token>
				<token count="2">item</token>
				<token count="1">next</token>
				<token count="1">prev</token>
				<token count="1">tail</token>
				<token count="6">temp</token>
				<token count="1">void</token>
			</operands>
		</function>
		<function name="LinkedList::insertAtTail()">
			<start_line>65</start_line>
			<vG_b>2</vG_b>
			<vG_e>2</vG_e>
			<params>1</params>
			<LOCphy>16</LOCphy>
			<LOCpro>15</LOCpro>
			<LOCbl>0</LOCbl>
			<LOCcom alarmed="1">0</LOCcom>
			<N>58</N>
			<N1>32</N1>
			<N2>26</N2>
			<n>24</n>
			<n1>13</n1>
			<n2>11</n2>
			<V>265.928</V>
			<B>0.085</B>
			<D>15.364</D>
			<E>4085.618</E>
			<L>0.065</L>
			<T>00:03:46</T>
			<MaxND>2</MaxND>
			<MIwoc>97</MIwoc>
			<MIcwc>0</MIcwc>
			<MI>97</MI>
			<operators>
				<token count="2">()</token>
				<token count="1">*</token>
				<token count="2">-&gt;</token>
				<token count="1">::</token>
				<token count="6">;</token>
				<token count="3">&lt;</token>
				<token count="6">=</token>
				<token count="4">&gt;</token>
				<token count="1">class</token>
				<token count="1">else</token>
				<token count="1">if()</token>
				<token count="1">new</token>
				<token count="3">{}</token>
			</operators>
			<operands>
				<token count="1">LinkedList</token>
				<token count="2">ListItem</token>
				<token count="5">T</token>
				<token count="1">head</token>
				<token count="1">insertAtTail</token>
				<token count="2">item</token>
				<token count="1">next</token>
				<token count="1">prev</token>
				<token count="5">tail</token>
				<token count="6">temp</token>
				<token count="1">void</token>
			</operands>
		</function>
		<function name="LinkedList::insertAfter()">
			<start_line>82</start_line>
			<vG_b>4</vG_b>
			<vG_e>4</vG_e>
			<params>2</params>
			<LOCphy>25</LOCphy>
			<LOCpro>24</LOCpro>
			<LOCbl>0</LOCbl>
			<LOCcom alarmed="1">0</LOCcom>
			<N>119</N>
			<N1>65</N1>
			<N2>54</N2>
			<n>32</n>
			<n1>17</n1>
			<n2>15</n2>
			<V>595.000</V>
			<B>0.231</B>
			<D>30.600</D>
			<E>18207.000</E>
			<L>0.033</L>
			<T>00:16:51</T>
			<MaxND>4</MaxND>
			<MIwoc>85</MIwoc>
			<MIcwc>0</MIcwc>
			<MI>85</MI>
			<operators>
				<token count="3">()</token>
				<token count="2">*</token>
				<token count="1">,</token>
				<token count="13">-&gt;</token>
				<token count="1">::</token>
				<token count="12">;</token>
				<token count="4">&lt;</token>
				<token count="10">=</token>
				<token count="1">==</token>
				<token count="5">&gt;</token>
				<token count="1">class</token>
				<token count="2">else</token>
				<token count="2">if()</token>
				<token count="1">new</token>
				<token count="1">return</token>
				<token count="1">while()</token>
				<token count="5">{}</token>
			</operators>
			<operands>
				<token count="1">LinkedList</token>
				<token count="3">ListItem</token>
				<token count="1">NULL</token>
				<token count="7">T</token>
				<token count="2">afterWhat</token>
				<token count="1">head</token>
				<token count="1">insertAfter</token>
				<token count="1">insertAtTail</token>
				<token count="8">next</token>
				<token count="3">prev</token>
				<token count="9">temp</token>
				<token count="2">toInsert</token>
				<token count="12">traversal</token>
				<token count="2">value</token>
				<token count="1">void</token>
			</operands>
		</function>
		<function name="LinkedList::insertSorted()">
			<start_line>108</start_line>
			<vG_b>3</vG_b>
			<vG_e>3</vG_e>
			<params>1</params>
			<LOCphy>17</LOCphy>
			<LOCpro>16</LOCpro>
			<LOCbl>0</LOCbl>
			<LOCcom alarmed="1">0</LOCcom>
			<N>88</N>
			<N1>48</N1>
			<N2>40</N2>
			<n>27</n>
			<n1>14</n1>
			<n2>13</n2>
			<V>418.430</V>
			<B>0.144</B>
			<D>21.538</D>
			<E>9012.341</E>
			<L>0.046</L>
			<T>00:08:20</T>
			<MaxND>3</MaxND>
			<MIwoc>93</MIwoc>
			<MIcwc>0</MIcwc>
			<MI>93</MI>
			<operators>
				<token count="3">()</token>
				<token count="2">*</token>
				<token count="8">-&gt;</token>
				<token count="1">::</token>
				<token count="9">;</token>
				<token count="4">&lt;</token>
				<token count="7">=</token>
				<token count="6">&gt;</token>
				<token count="1">class</token>
				<token count="1">if()</token>
				<token count="1">new</token>
				<token count="1">return</token>
				<token count="1">while()</token>
				<token count="3">{}</token>
			</operators>
			<operands>
				<token count="1">LinkedList</token>
				<token count="3">ListItem</token>
				<token count="6">T</token>
				<token count="1">head</token>
				<token count="1">insertAtTail</token>
				<token count="1">insertSorted</token>
				<token count="4">item</token>
				<token count="3">next</token>
				<token count="4">prev</token>
				<token count="5">temp</token>
				<token count="9">traversal</token>
				<token count="1">value</token>
				<token count="1">void</token>
			</operands>
		</function>
		<function name="LinkedList::getHead()">
			<start_line>126</start_line>
			<vG_b>1</vG_b>
			<vG_e>1</vG_e>
			<params>0</params>
			<LOCphy>5</LOCphy>
			<LOCpro>4</LOCpro>
			<LOCbl>0</LOCbl>
			<LOCcom>0</LOCcom>
			<N>21</N>
			<N1>13</N1>
			<N2>8</N2>
			<n>16</n>
			<n1>10</n1>
			<n2>6</n2>
			<V>84.000</V>
			<B>0.023</B>
			<D>6.667</D>
			<E>560.000</E>
			<L>0.150</L>
			<T>00:00:31</T>
			<MaxND>1</MaxND>
			<MIwoc>122</MIwoc>
			<MIcwc>0</MIcwc>
			<MI>122</MI>
			<operators>
				<token count="1">()</token>
				<token count="1">*</token>
				<token count="1">-&gt;</token>
				<token count="1">::</token>
				<token count="1">;</token>
				<token count="2">&lt;</token>
				<token count="3">&gt;</token>
				<token count="1">class</token>
				<token count="1">return</token>
				<token count="1">{}</token>
			</operators>
			<operands>
				<token count="1">LinkedList</token>
				<token count="1">ListItem</token>
				<token count="3">T</token>
				<token count="1">getHead</token>
				<token count="1">head</token>
				<token count="1">this</token>
			</operands>
		</function>
		<function name="LinkedList::getTail()">
			<start_line>132</start_line>
			<vG_b>1</vG_b>
			<vG_e>1</vG_e>
			<params>0</params>
			<LOCphy>5</LOCphy>
			<LOCpro>4</LOCpro>
			<LOCbl>0</LOCbl>
			<LOCcom>0</LOCcom>
			<N>21</N>
			<N1>13</N1>
			<N2>8</N2>
			<n>16</n>
			<n1>10</n1>
			<n2>6</n2>
			<V>84.000</V>
			<B>0.023</B>
			<D>6.667</D>
			<E>560.000</E>
			<L>0.150</L>
			<T>00:00:31</T>
			<MaxND>1</MaxND>
			<MIwoc>122</MIwoc>
			<MIcwc>0</MIcwc>
			<MI>122</MI>
			<operators>
				<token count="1">()</token>
				<token count="1">*</token>
				<token count="1">-&gt;</token>
				<token count="1">::</token>
				<token count="1">;</token>
				<token count="2">&lt;</token>
				<token count="3">&gt;</token>
				<token count="1">class</token>
				<token count="1">return</token>
				<token count="1">{}</token>
			</operators>
			<operands>
				<token count="1">LinkedList</token>
				<token count="1">ListItem</token>
				<token count="3">T</token>
				<token count="1">getTail</token>
				<token count="1">tail</token>
				<token count="1">this</token>
			</operands>
		</function>
		<function name="LinkedList::searchFor()">
			<start_line>138</start_line>
			<vG_b>3</vG_b>
			<vG_e>3</vG_e>
			<params>1</params>
			<LOCphy>11</LOCphy>
			<LOCpro>10</LOCpro>
			<LOCbl>0</LOCbl>
			<LOCcom alarmed="1">0</LOCcom>
			<N>48</N>
			<N1>27</N1>
			<N2>21</N2>
			<n>24</n>
			<n1>14</n1>
			<n2>10</n2>
			<V>220.078</V>
			<B>0.073</B>
			<D>14.700</D>
			<E>3235.150</E>
			<L>0.068</L>
			<T>00:02:59</T>
			<MaxND>2</MaxND>
			<MIwoc>103</MIwoc>
			<MIcwc>0</MIcwc>
			<MI>103</MI>
			<operators>
				<token count="1">()</token>
				<token count="2">*</token>
				<token count="2">-&gt;</token>
				<token count="1">::</token>
				<token count="4">;</token>
				<token count="3">&lt;</token>
				<token count="2">=</token>
				<token count="1">==</token>
				<token count="4">&gt;</token>
				<token count="1">class</token>
				<token count="1">if()</token>
				<token count="2">return</token>
				<token count="1">while()</token>
				<token count="2">{}</token>
			</operators>
			<operands>
				<token count="1">LinkedList</token>
				<token count="2">ListItem</token>
				<token count="1">NULL</token>
				<token count="5">T</token>
				<token count="1">head</token>
				<token count="2">item</token>
				<token count="1">next</token>
				<token count="1">searchFor</token>
				<token count="6">traversal</token>
				<token count="1">value</token>
			</operands>
		</function>
		<function name="LinkedList::deleteElement()">
			<start_line>150</start_line>
			<vG_b>5</vG_b>
			<vG_e>6</vG_e>
			<params>1</params>
			<LOCphy>23</LOCphy>
			<LOCpro>22</LOCpro>
			<LOCbl>0</LOCbl>
			<LOCcom alarmed="1">0</LOCcom>
			<N>87</N>
			<N1>50</N1>
			<N2>37</N2>
			<n>30</n>
			<n1>17</n1>
			<n2>13</n2>
			<V>426.899</V>
			<B>0.158</B>
			<D>24.192</D>
			<E>10327.684</E>
			<L>0.041</L>
			<T>00:09:33</T>
			<MaxND>4</MaxND>
			<MIwoc>87</MIwoc>
			<MIcwc>0</MIcwc>
			<MI>87</MI>
			<operators>
				<token count="1">&amp;&amp;</token>
				<token count="5">()</token>
				<token count="1">*</token>
				<token count="11">-&gt;</token>
				<token count="1">::</token>
				<token count="8">;</token>
				<token count="2">&lt;</token>
				<token count="4">=</token>
				<token count="1">==</token>
				<token count="3">&gt;</token>
				<token count="1">class</token>
				<token count="1">delete</token>
				<token count="2">else</token>
				<token count="3">if()</token>
				<token count="1">return</token>
				<token count="1">while()</token>
				<token count="4">{}</token>
			</operators>
			<operands>
				<token count="1">LinkedList</token>
				<token count="1">ListItem</token>
				<token count="4">T</token>
				<token count="1">deleteElement</token>
				<token count="1">deleteHead</token>
				<token count="1">deleteTail</token>
				<token count="1">head</token>
				<token count="2">item</token>
				<token count="6">next</token>
				<token count="4">prev</token>
				<token count="13">traversal</token>
				<token count="1">value</token>
				<token count="1">void</token>
			</operands>
		</function>
		<function name="LinkedList::deleteHead()">
			<start_line>174</start_line>
			<vG_b>2</vG_b>
			<vG_e>2</vG_e>
			<params>0</params>
			<LOCphy>15</LOCphy>
			<LOCpro>14</LOCpro>
			<LOCbl>0</LOCbl>
			<LOCcom alarmed="1">0</LOCcom>
			<N>51</N>
			<N1>29</N1>
			<N2>22</N2>
			<n>24</n>
			<n1>13</n1>
			<n2>11</n2>
			<V>233.833</V>
			<B>0.070</B>
			<D>13.000</D>
			<E>3039.830</E>
			<L>0.077</L>
			<T>00:02:48</T>
			<MaxND>2</MaxND>
			<MIwoc>98</MIwoc>
			<MIcwc>0</MIcwc>
			<MI>98</MI>
			<operators>
				<token count="1">()</token>
				<token count="1">*</token>
				<token count="3">-&gt;</token>
				<token count="1">::</token>
				<token count="6">;</token>
				<token count="2">&lt;</token>
				<token count="5">=</token>
				<token count="3">&gt;</token>
				<token count="1">class</token>
				<token count="1">delete</token>
				<token count="1">else</token>
				<token count="1">if()</token>
				<token count="3">{}</token>
			</operators>
			<operands>
				<token count="1">LinkedList</token>
				<token count="1">ListItem</token>
				<token count="3">NULL</token>
				<token count="3">T</token>
				<token count="1">deleteHead</token>
				<token count="6">head</token>
				<token count="2">next</token>
				<token count="1">prev</token>
				<token count="1">tail</token>
				<token count="2">temp</token>
				<token count="1">void</token>
			</operands>
		</function>
		<function name="LinkedList::deleteTail()">
			<start_line>190</start_line>
			<vG_b>2</vG_b>
			<vG_e>2</vG_e>
			<params>0</params>
			<LOCphy>14</LOCphy>
			<LOCpro>13</LOCpro>
			<LOCbl>0</LOCbl>
			<LOCcom alarmed="1">0</LOCcom>
			<N>51</N>
			<N1>29</N1>
			<N2>22</N2>
			<n>24</n>
			<n1>13</n1>
			<n2>11</n2>
			<V>233.833</V>
			<B>0.070</B>
			<D>13.000</D>
			<E>3039.830</E>
			<L>0.077</L>
			<T>00:02:48</T>
			<MaxND>2</MaxND>
			<MIwoc>99</MIwoc>
			<MIcwc>0</MIcwc>
			<MI>99</MI>
			<operators>
				<token count="1">()</token>
				<token count="1">*</token>
				<token count="3">-&gt;</token>
				<token count="1">::</token>
				<token count="6">;</token>
				<token count="2">&lt;</token>
				<token count="5">=</token>
				<token count="3">&gt;</token>
				<token count="1">class</token>
				<token count="1">delete</token>
				<token count="1">else</token>
				<token count="1">if()</token>
				<token count="3">{}</token>
			</operators>
			<operands>
				<token count="1">LinkedList</token>
				<token count="1">ListItem</token>
				<token count="3">NULL</token>
				<token count="3">T</token>
				<token count="1">deleteTail</token>
				<token count="1">head</token>
				<token count="1">next</token>
				<token count="2">prev</token>
				<token count="6">tail</token>
				<token count="2">temp</token>
				<token count="1">void</token>
			</operands>
		</function>
		<function name="LinkedList::length()">
			<start_line>205</start_line>
			<vG_b>2</vG_b>
			<vG_e>2</vG_e>
			<params>0</params>
			<LOCphy>11</LOCphy>
			<LOCpro>10</LOCpro>
			<LOCbl>0</LOCbl>
			<LOCcom alarmed="1">0</LOCcom>
			<N>41</N>
			<N1>23</N1>
			<N2>18</N2>
			<n>23</n>
			<n1>13</n1>
			<n2>10</n2>
			<V>185.466</V>
			<B>0.056</B>
			<D>11.700</D>
			<E>2169.953</E>
			<L>0.085</L>
			<T>00:02:00</T>
			<MaxND>2</MaxND>
			<MIwoc>105</MIwoc>
			<MIcwc>0</MIcwc>
			<MI>105</MI>
			<operators>
				<token count="1">()</token>
				<token count="1">*</token>
				<token count="1">++</token>
				<token count="1">-&gt;</token>
				<token count="1">::</token>
				<token count="5">;</token>
				<token count="2">&lt;</token>
				<token count="3">=</token>
				<token count="3">&gt;</token>
				<token count="1">class</token>
				<token count="1">return</token>
				<token count="1">while()</token>
				<token count="2">{}</token>
			</operators>
			<operands>
				<token count="1">0</token>
				<token count="1">LinkedList</token>
				<token count="1">ListItem</token>
				<token count="3">T</token>
				<token count="3">c</token>
				<token count="1">head</token>
				<token count="2">int</token>
				<token count="1">length</token>
				<token count="1">next</token>
				<token count="4">traversal</token>
			</operands>
		</function>
		<function name="LinkedList::reverse()">
			<start_line>217</start_line>
			<vG_b>2</vG_b>
			<vG_e>2</vG_e>
			<params>0</params>
			<LOCphy>15</LOCphy>
			<LOCpro>14</LOCpro>
			<LOCbl>0</LOCbl>
			<LOCcom alarmed="1">0</LOCcom>
			<N>69</N>
			<N1>37</N1>
			<N2>32</N2>
			<n>22</n>
			<n1>11</n1>
			<n2>11</n2>
			<V>307.701</V>
			<B>0.096</B>
			<D>16.000</D>
			<E>4923.212</E>
			<L>0.063</L>
			<T>00:04:33</T>
			<MaxND>2</MaxND>
			<MIwoc>97</MIwoc>
			<MIcwc>0</MIcwc>
			<MI>97</MI>
			<operators>
				<token count="1">()</token>
				<token count="2">*</token>
				<token count="4">-&gt;</token>
				<token count="1">::</token>
				<token count="9">;</token>
				<token count="3">&lt;</token>
				<token count="9">=</token>
				<token count="4">&gt;</token>
				<token count="1">class</token>
				<token count="1">while()</token>
				<token count="2">{}</token>
			</operators>
			<operands>
				<token count="1">LinkedList</token>
				<token count="2">ListItem</token>
				<token count="4">T</token>
				<token count="4">head</token>
				<token count="2">next</token>
				<token count="2">prev</token>
				<token count="1">reverse</token>
				<token count="2">tail</token>
				<token count="8">temp</token>
				<token count="5">traversal</token>
				<token count="1">void</token>
			</operands>
		</function>
		<function name="LinkedList::parityArrangement()">
			<start_line>233</start_line>
			<vG_b>5</vG_b>
			<vG_e>6</vG_e>
			<params>0</params>
			<LOCphy>32</LOCphy>
			<LOCpro>31</LOCpro>
			<LOCbl>0</LOCbl>
			<LOCcom alarmed="1">0</LOCcom>
			<N>130</N>
			<N1>73</N1>
			<N2>57</N2>
			<n>29</n>
			<n1>16</n1>
			<n2>13</n2>
			<V>631.538</V>
			<B>0.263</B>
			<D>35.077</D>
			<E>22152.393</E>
			<L>0.029</L>
			<T>00:20:30</T>
			<MaxND>4</MaxND>
			<MIwoc>80</MIwoc>
			<MIcwc>0</MIcwc>
			<MI>80</MI>
			<operators>
				<token count="1">&amp;&amp;</token>
				<token count="1">()</token>
				<token count="3">*</token>
				<token count="17">-&gt;</token>
				<token count="1">::</token>
				<token count="13">;</token>
				<token count="4">&lt;</token>
				<token count="13">=</token>
				<token count="5">&gt;</token>
				<token count="1">class</token>
				<token count="1">else</token>
				<token count="1">false</token>
				<token count="3">if()</token>
				<token count="2">true</token>
				<token count="1">while()</token>
				<token count="6">{}</token>
			</operators>
			<operands>
				<token count="1">LinkedList</token>
				<token count="3">ListItem</token>
				<token count="5">T</token>
				<token count="1">bool</token>
				<token count="9">even</token>
				<token count="3">head</token>
				<token count="15">next</token>
				<token count="10">odd</token>
				<token count="1">parityArrangement</token>
				<token count="2">prev</token>
				<token count="2">start2</token>
				<token count="4">turn</token>
				<token count="1">void</token>
			</operands>
		</function>
		<function name="LinkedList::isPalindrome()">
			<start_line>266</start_line>
			<vG_b>4</vG_b>
			<vG_e>5</vG_e>
			<params>0</params>
			<LOCphy>19</LOCphy>
			<LOCpro>18</LOCpro>
			<LOCbl>0</LOCbl>
			<LOCcom alarmed="1">0</LOCcom>
			<N>75</N>
			<N1>46</N1>
			<N2>29</N2>
			<n>30</n>
			<n1>18</n1>
			<n2>12</n2>
			<V>368.017</V>
			<B>0.133</B>
			<D>21.750</D>
			<E>8004.365</E>
			<L>0.046</L>
			<T>00:07:24</T>
			<MaxND>3</MaxND>
			<MIwoc>91</MIwoc>
			<MIcwc>0</MIcwc>
			<MI>91</MI>
			<operators>
				<token count="3">!=</token>
				<token count="1">&amp;&amp;</token>
				<token count="2">()</token>
				<token count="2">*</token>
				<token count="5">-&gt;</token>
				<token count="1">::</token>
				<token count="7">;</token>
				<token count="3">&lt;</token>
				<token count="4">=</token>
				<token count="4">&gt;</token>
				<token count="1">class</token>
				<token count="1">else</token>
				<token count="2">false</token>
				<token count="2">if()</token>
				<token count="3">return</token>
				<token count="1">true</token>
				<token count="1">while()</token>
				<token count="3">{}</token>
			</operators>
			<operands>
				<token count="1">LinkedList</token>
				<token count="2">ListItem</token>
				<token count="4">T</token>
				<token count="1">bool</token>
				<token count="2">head</token>
				<token count="1">isPalindrome</token>
				<token count="1">next</token>
				<token count="2">prev</token>
				<token count="1">tail</token>
				<token count="6">temp</token>
				<token count="6">temp2</token>
				<token count="2">value</token>
			</operands>
		</function>
		<file_total>
			<vG_b>29</vG_b>
			<vG_e>32</vG_e>
			<vG_b_max>5</vG_b_max>
			<vG_b_avg>2</vG_b_avg>
			<vG_e_max>6</vG_e_max>
			<vG_e_avg>2</vG_e_avg>
			<params>8</params>
			<LOCphy>284</LOCphy>
			<LOCpro>266</LOCpro>
			<LOCbl>18</LOCbl>
			<LOCcom alarmed="1">0</LOCcom>
			<N>1127</N>
			<N1>652</N1>
			<N2>475</N2>
			<n>74</n>
			<n1>31</n1>
			<n2>43</n2>
			<V>6998.054</V>
			<B alarmed="1">3.760</B>
			<D>171.221</D>
			<E>1198213.250</E>
			<L>0.006</L>
			<T>18:29:27</T>
			<MaxND>4</MaxND>
			<MIwoc>94</MIwoc>
			<MIcwc>0</MIcwc>
			<MI>94</MI>
			<operators>
				<token count="3">!=</token>
				<token count="5">#</token>
				<token count="1">&amp;</token>
				<token count="3">&amp;&amp;</token>
				<token count="30">()</token>
				<token count="25">*</token>
				<token count="1">++</token>
				<token count="1">,</token>
				<token count="81">-&gt;</token>
				<token count="2">.</token>
				<token count="17">::</token>
				<token count="109">;</token>
				<token count="66">&lt;</token>
				<token count="88">=</token>
				<token count="3">==</token>
				<token count="67">&gt;</token>
				<token count="17">class</token>
				<token count="1">const</token>
				<token count="5">delete</token>
				<token count="10">else</token>
				<token count="1">endif</token>
				<token count="3">false</token>
				<token count="17">if()</token>
				<token count="1">ifndef</token>
				<token count="6">new</token>
				<token count="11">return</token>
				<token count="17">template</token>
				<token count="3">true</token>
				<token count="10">while()</token>
				<token count="47">{}</token>
				<token count="1">~</token>
			</operators>
			<operands>
				<token count="1">0</token>
				<token count="21">LinkedList</token>
				<token count="31">ListItem</token>
				<token count="10">NULL</token>
				<token count="73">T</token>
				<token count="2">__LIST_CPP</token>
				<token count="2">afterWhat</token>
				<token count="2">bool</token>
				<token count="3">c</token>
				<token count="1">define</token>
				<token count="1">deleteElement</token>
				<token count="2">deleteHead</token>
				<token count="2">deleteTail</token>
				<token count="9">even</token>
				<token count="1">getHead</token>
				<token count="1">getTail</token>
				<token count="40">head</token>
				<token count="2">include</token>
				<token count="1">insertAfter</token>
				<token count="1">insertAtHead</token>
				<token count="3">insertAtTail</token>
				<token count="1">insertSorted</token>
				<token count="2">int</token>
				<token count="1">isPalindrome</token>
				<token count="12">item</token>
				<token count="1">length</token>
				<token count="47">next</token>
				<token count="10">odd</token>
				<token count="3">otherLinkedList</token>
				<token count="1">parityArrangement</token>
				<token count="23">prev</token>
				<token count="1">reverse</token>
				<token count="1">searchFor</token>
				<token count="2">start2</token>
				<token count="19">tail</token>
				<token count="51">temp</token>
				<token count="11">temp2</token>
				<token count="2">this</token>
				<token count="2">toInsert</token>
				<token count="54">traversal</token>
				<token count="4">turn</token>
				<token count="9">value</token>
				<token count="9">void</token>
			</operands>
		</file_total>
	</file>
	<system>
		<files>1</files>
		<functions>17</functions>
		<LOCphy>284</LOCphy>
		<LOCbl>18</LOCbl>
		<LOCpro>266</LOCpro>
		<LOCcom>0</LOCcom>
		<semicolons>109</semicolons>
		<vG_b>29</vG_b>
		<vG_e>32</vG_e>
		<params>8</params>
		<MIwoc>96</MIwoc>
		<MIcw>0</MIcw>
		<MI>96</MI>
		<alarms>
			<file_vG>
				<measured>1</measured>
				<alarmed>0</alarmed>
				<percent>0</percent>
				<lowlimit>1</lowlimit>
				<highlimit>100</highlimit>
			</file_vG>
			<file_LOCpro>
				<measured>1</measured>
				<alarmed>0</alarmed>
				<percent>0</percent>
				<lowlimit>4</lowlimit>
				<highlimit>400</highlimit>
			</file_LOCpro>
			<file_comment_percent>
				<measured>1</measured>
				<alarmed>1</alarmed>
				<percent>100</percent>
				<lowlimit>30</lowlimit>
				<highlimit>75</highlimit>
			</file_comment_percent>
			<file_V>
				<measured>1</measured>
				<alarmed>0</alarmed>
				<percent>0</percent>
				<lowlimit>100</lowlimit>
				<highlimit>8000</highlimit>
			</file_V>
			<file_B>
				<measured>1</measured>
				<alarmed>1</alarmed>
				<percent>100</percent>
				<lowlimit>0</lowlimit>
				<highlimit>2</highlimit>
			</file_B>
			<file_MI>
				<measured>1</measured>
				<alarmed>0</alarmed>
				<percent>0</percent>
				<lowlimit>65</lowlimit>
			</file_MI>
			<function_vG>
				<measured>17</measured>
				<alarmed>0</alarmed>
				<percent>0</percent>
				<lowlimit>1</lowlimit>
				<highlimit>10</highlimit>
			</function_vG>
			<function_LOCpro>
				<measured>17</measured>
				<alarmed>0</alarmed>
				<percent>0</percent>
				<lowlimit>4</lowlimit>
				<highlimit>40</highlimit>
			</function_LOCpro>
			<function_comment_percent>
				<measured>17</measured>
				<alarmed>14</alarmed>
				<percent>82</percent>
				<lowlimit>30</lowlimit>
				<highlimit>75</highlimit>
			</function_comment_percent>
			<function_V>
				<measured>17</measured>
				<alarmed>0</alarmed>
				<percent>0</percent>
				<lowlimit>20</lowlimit>
				<highlimit>1000</highlimit>
			</function_V>
			<function_MI>
				<measured>17</measured>
				<alarmed>0</alarmed>
				<percent>0</percent>
				<lowlimit>65</lowlimit>
			</function_MI>
		</alarms>
		<error_messages count="0">
		</error_messages>
	</system>
</cmt_long_report>
