<?xml version="1.0" ?>
<cmt_long_report>
	<header_info>
		<cmt_version>7.0</cmt_version>
		<copyright>Copyright (c) 1993-2013 Testwell Oy</copyright>
		<copyright>Copyright (c) 2013-2018 Verifysoft Technology GmbH</copyright>
		<license_notes>
		</license_notes>
		<date>Tue Apr  4 21:06:46 2023</date>
		<cmt_options> -o C:\Users\muawi\cmt\A1_T1_S25.xml -lf -f C:\Users\muawi\cmt\files.txt</cmt_options>
		<run_directory>C:\Testwell\CMT</run_directory>
		<mccabe_preference>extended</mccabe_preference>
	</header_info>
	<file name="C:\Users\muawi\OneDrive\Documents\Study\Junior Year\Topics in Internet Research\Project\PA1_ANON_DATA\PA1_ANON_DATA\folder_25\LinkedList.cpp" stamp="1680056076">
		<function name="LinkedList::LinkedList()">
			<start_line>10</start_line>
			<vG_b>1</vG_b>
			<vG_e>1</vG_e>
			<params>0</params>
			<LOCphy>5</LOCphy>
			<LOCpro>4</LOCpro>
			<LOCbl>0</LOCbl>
			<LOCcom>0</LOCcom>
			<N>15</N>
			<N1>9</N1>
			<N2>6</N2>
			<n>12</n>
			<n1>8</n1>
			<n2>4</n2>
			<V>53.774</V>
			<B>0.016</B>
			<D>6.000</D>
			<E>322.647</E>
			<L>0.167</L>
			<T>00:00:17</T>
			<MaxND>1</MaxND>
			<MIwoc>124</MIwoc>
			<MIcwc>0</MIcwc>
			<MI>124</MI>
			<operators>
				<token count="1">()</token>
				<token count="1">::</token>
				<token count="1">;</token>
				<token count="1">&lt;</token>
				<token count="1">=</token>
				<token count="2">&gt;</token>
				<token count="1">class</token>
				<token count="1">{}</token>
			</operators>
			<operands>
				<token count="2">LinkedList</token>
				<token count="1">NULL</token>
				<token count="2">T</token>
				<token count="1">head</token>
			</operands>
		</function>
		<function name="LinkedList::LinkedList()">
			<start_line>16</start_line>
			<vG_b>2</vG_b>
			<vG_e>2</vG_e>
			<params>1</params>
			<LOCphy>12</LOCphy>
			<LOCpro>10</LOCpro>
			<LOCbl>1</LOCbl>
			<LOCcom alarmed="1">0</LOCcom>
			<N>50</N>
			<N1>28</N1>
			<N2>22</N2>
			<n>25</n>
			<n1>15</n1>
			<n2>10</n2>
			<V>232.193</V>
			<B>0.082</B>
			<D>16.500</D>
			<E>3831.181</E>
			<L>0.061</L>
			<T>00:03:32</T>
			<MaxND>2</MaxND>
			<MIwoc>102</MIwoc>
			<MIcwc>0</MIcwc>
			<MI>102</MI>
			<operators>
				<token count="1">!=</token>
				<token count="1">&amp;</token>
				<token count="2">()</token>
				<token count="1">*</token>
				<token count="2">-&gt;</token>
				<token count="1">.</token>
				<token count="1">::</token>
				<token count="4">;</token>
				<token count="3">&lt;</token>
				<token count="3">=</token>
				<token count="4">&gt;</token>
				<token count="1">class</token>
				<token count="1">const</token>
				<token count="1">while()</token>
				<token count="2">{}</token>
			</operators>
			<operands>
				<token count="3">LinkedList</token>
				<token count="1">ListItem</token>
				<token count="2">NULL</token>
				<token count="4">T</token>
				<token count="2">head</token>
				<token count="1">insertAtTail</token>
				<token count="1">next</token>
				<token count="2">otherLinkedList</token>
				<token count="5">temp</token>
				<token count="1">value</token>
			</operands>
		</function>
		<function name="LinkedList::~LinkedList()">
			<start_line>29</start_line>
			<vG_b>2</vG_b>
			<vG_e>2</vG_e>
			<params>0</params>
			<LOCphy>8</LOCphy>
			<LOCpro>7</LOCpro>
			<LOCbl>0</LOCbl>
			<LOCcom>0</LOCcom>
			<N>29</N>
			<N1>18</N1>
			<N2>11</N2>
			<n>18</n>
			<n1>11</n1>
			<n2>7</n2>
			<V>120.928</V>
			<B>0.034</B>
			<D>8.643</D>
			<E>1045.162</E>
			<L>0.116</L>
			<T>00:00:58</T>
			<MaxND>2</MaxND>
			<MIwoc>112</MIwoc>
			<MIcwc>0</MIcwc>
			<MI>112</MI>
			<operators>
				<token count="3">()</token>
				<token count="1">++</token>
				<token count="1">::</token>
				<token count="3">;</token>
				<token count="2">&lt;</token>
				<token count="1">=</token>
				<token count="2">&gt;</token>
				<token count="1">class</token>
				<token count="1">for()</token>
				<token count="2">{}</token>
				<token count="1">~</token>
			</operators>
			<operands>
				<token count="1">0</token>
				<token count="2">LinkedList</token>
				<token count="2">T</token>
				<token count="1">deleteTail</token>
				<token count="3">i</token>
				<token count="1">int</token>
				<token count="1">length</token>
			</operands>
		</function>
		<function name="LinkedList::insertAtHead()">
			<start_line>38</start_line>
			<vG_b>2</vG_b>
			<vG_e>2</vG_e>
			<params>1</params>
			<LOCphy>12</LOCphy>
			<LOCpro>11</LOCpro>
			<LOCbl>0</LOCbl>
			<LOCcom alarmed="1">0</LOCcom>
			<N>55</N>
			<N1>30</N1>
			<N2>25</N2>
			<n>25</n>
			<n1>14</n1>
			<n2>11</n2>
			<V>255.412</V>
			<B>0.085</B>
			<D>15.909</D>
			<E>4063.374</E>
			<L>0.063</L>
			<T>00:03:45</T>
			<MaxND>2</MaxND>
			<MIwoc>101</MIwoc>
			<MIcwc>0</MIcwc>
			<MI>101</MI>
			<operators>
				<token count="2">()</token>
				<token count="1">*</token>
				<token count="2">-&gt;</token>
				<token count="1">::</token>
				<token count="5">;</token>
				<token count="3">&lt;</token>
				<token count="5">=</token>
				<token count="1">==</token>
				<token count="4">&gt;</token>
				<token count="1">class</token>
				<token count="1">else</token>
				<token count="1">if()</token>
				<token count="1">new</token>
				<token count="2">{}</token>
			</operators>
			<operands>
				<token count="1">LinkedList</token>
				<token count="2">ListItem</token>
				<token count="1">NULL</token>
				<token count="5">T</token>
				<token count="5">head</token>
				<token count="1">insertAtHead</token>
				<token count="2">item</token>
				<token count="1">next</token>
				<token count="1">prev</token>
				<token count="5">temp</token>
				<token count="1">void</token>
			</operands>
		</function>
		<function name="LinkedList::insertAtTail()">
			<start_line>51</start_line>
			<vG_b>3</vG_b>
			<vG_e>3</vG_e>
			<params>1</params>
			<LOCphy>13</LOCphy>
			<LOCpro>12</LOCpro>
			<LOCbl>0</LOCbl>
			<LOCcom alarmed="1">0</LOCcom>
			<N>72</N>
			<N1>39</N1>
			<N2>33</N2>
			<n>29</n>
			<n1>16</n1>
			<n2>13</n2>
			<V>349.775</V>
			<B>0.123</B>
			<D>20.308</D>
			<E>7103.116</E>
			<L>0.049</L>
			<T>00:06:34</T>
			<MaxND>2</MaxND>
			<MIwoc>98</MIwoc>
			<MIcwc>0</MIcwc>
			<MI>98</MI>
			<operators>
				<token count="1">!=</token>
				<token count="3">()</token>
				<token count="2">*</token>
				<token count="4">-&gt;</token>
				<token count="1">::</token>
				<token count="6">;</token>
				<token count="4">&lt;</token>
				<token count="5">=</token>
				<token count="1">==</token>
				<token count="5">&gt;</token>
				<token count="1">class</token>
				<token count="1">else</token>
				<token count="1">if()</token>
				<token count="1">new</token>
				<token count="1">while()</token>
				<token count="2">{}</token>
			</operators>
			<operands>
				<token count="1">LinkedList</token>
				<token count="3">ListItem</token>
				<token count="2">NULL</token>
				<token count="6">T</token>
				<token count="2">head</token>
				<token count="1">insertAtHead</token>
				<token count="1">insertAtTail</token>
				<token count="3">item</token>
				<token count="3">next</token>
				<token count="1">prev</token>
				<token count="6">temp</token>
				<token count="3">temp1</token>
				<token count="1">void</token>
			</operands>
		</function>
		<function name="LinkedList::insertAfter()">
			<start_line>65</start_line>
			<vG_b>4</vG_b>
			<vG_e>5</vG_e>
			<params>2</params>
			<LOCphy>23</LOCphy>
			<LOCpro>19</LOCpro>
			<LOCbl>3</LOCbl>
			<LOCcom alarmed="1">0</LOCcom>
			<N>106</N>
			<N1>56</N1>
			<N2>50</N2>
			<n>33</n>
			<n1>18</n1>
			<n2>15</n2>
			<V>534.706</V>
			<B>0.212</B>
			<D>30.000</D>
			<E>16041.173</E>
			<L>0.033</L>
			<T>00:14:51</T>
			<MaxND>3</MaxND>
			<MIwoc>86</MIwoc>
			<MIcwc>0</MIcwc>
			<MI>86</MI>
			<operators>
				<token count="2">!=</token>
				<token count="1">&amp;&amp;</token>
				<token count="3">()</token>
				<token count="2">*</token>
				<token count="1">,</token>
				<token count="11">-&gt;</token>
				<token count="1">::</token>
				<token count="8">;</token>
				<token count="4">&lt;</token>
				<token count="7">=</token>
				<token count="2">==</token>
				<token count="5">&gt;</token>
				<token count="1">class</token>
				<token count="1">else</token>
				<token count="2">if()</token>
				<token count="1">new</token>
				<token count="1">while()</token>
				<token count="3">{}</token>
			</operators>
			<operands>
				<token count="1">LinkedList</token>
				<token count="3">ListItem</token>
				<token count="2">NULL</token>
				<token count="7">T</token>
				<token count="3">afterWhat</token>
				<token count="1">head</token>
				<token count="1">insertAfter</token>
				<token count="1">insertAtTail</token>
				<token count="7">next</token>
				<token count="2">prev</token>
				<token count="11">temp</token>
				<token count="5">tempinsert</token>
				<token count="3">toInsert</token>
				<token count="2">value</token>
				<token count="1">void</token>
			</operands>
		</function>
		<function name="LinkedList::insertSorted()">
			<start_line>89</start_line>
			<vG_b>6</vG_b>
			<vG_e>7</vG_e>
			<params>1</params>
			<LOCphy>33</LOCphy>
			<LOCpro>26</LOCpro>
			<LOCbl>6</LOCbl>
			<LOCcom alarmed="1">0</LOCcom>
			<N>128</N>
			<N1>72</N1>
			<N2>56</N2>
			<n>35</n>
			<n1>20</n1>
			<n2>15</n2>
			<V>656.548</V>
			<B>0.281</B>
			<D>37.333</D>
			<E>24511.133</E>
			<L>0.027</L>
			<T>00:22:41</T>
			<MaxND>4</MaxND>
			<MIwoc>79</MIwoc>
			<MIcwc>0</MIcwc>
			<MI>79</MI>
			<operators>
				<token count="1">!=</token>
				<token count="1">&amp;&amp;</token>
				<token count="5">()</token>
				<token count="2">*</token>
				<token count="11">-&gt;</token>
				<token count="1">::</token>
				<token count="12">;</token>
				<token count="4">&lt;</token>
				<token count="1">&lt;=</token>
				<token count="7">=</token>
				<token count="2">==</token>
				<token count="6">&gt;</token>
				<token count="1">&gt;=</token>
				<token count="1">class</token>
				<token count="2">else</token>
				<token count="4">if()</token>
				<token count="1">new</token>
				<token count="2">return</token>
				<token count="1">while()</token>
				<token count="7">{}</token>
			</operators>
			<operands>
				<token count="1">LinkedList</token>
				<token count="3">ListItem</token>
				<token count="3">NULL</token>
				<token count="6">T</token>
				<token count="3">head</token>
				<token count="2">insertAtHead</token>
				<token count="1">insertAtTail</token>
				<token count="1">insertSorted</token>
				<token count="8">item</token>
				<token count="4">next</token>
				<token count="4">prev</token>
				<token count="11">temp</token>
				<token count="5">tempinsert</token>
				<token count="3">value</token>
				<token count="1">void</token>
			</operands>
		</function>
		<function name="LinkedList::getHead()">
			<start_line>123</start_line>
			<vG_b>2</vG_b>
			<vG_e>2</vG_e>
			<params>0</params>
			<LOCphy>7</LOCphy>
			<LOCpro>5</LOCpro>
			<LOCbl>1</LOCbl>
			<LOCcom>0</LOCcom>
			<N>27</N>
			<N1>17</N1>
			<N2>10</N2>
			<n>18</n>
			<n1>12</n1>
			<n2>6</n2>
			<V>112.588</V>
			<B>0.036</B>
			<D>10.000</D>
			<E>1125.880</E>
			<L>0.100</L>
			<T>00:01:02</T>
			<MaxND>1</MaxND>
			<MIwoc>114</MIwoc>
			<MIcwc>0</MIcwc>
			<MI>114</MI>
			<operators>
				<token count="1">()</token>
				<token count="1">*</token>
				<token count="1">::</token>
				<token count="2">;</token>
				<token count="2">&lt;</token>
				<token count="1">==</token>
				<token count="3">&gt;</token>
				<token count="1">class</token>
				<token count="1">else</token>
				<token count="1">if()</token>
				<token count="2">return</token>
				<token count="1">{}</token>
			</operators>
			<operands>
				<token count="1">LinkedList</token>
				<token count="1">ListItem</token>
				<token count="2">NULL</token>
				<token count="3">T</token>
				<token count="1">getHead</token>
				<token count="2">head</token>
			</operands>
		</function>
		<function name="LinkedList::getTail()">
			<start_line>131</start_line>
			<vG_b>3</vG_b>
			<vG_e>3</vG_e>
			<params>0</params>
			<LOCphy>11</LOCphy>
			<LOCpro>10</LOCpro>
			<LOCbl>0</LOCbl>
			<LOCcom alarmed="1">0</LOCcom>
			<N>49</N>
			<N1>29</N1>
			<N2>20</N2>
			<n>24</n>
			<n1>16</n1>
			<n2>8</n2>
			<V>224.663</V>
			<B>0.091</B>
			<D>20.000</D>
			<E>4493.263</E>
			<L>0.050</L>
			<T>00:04:09</T>
			<MaxND>2</MaxND>
			<MIwoc>103</MIwoc>
			<MIcwc>0</MIcwc>
			<MI>103</MI>
			<operators>
				<token count="1">!=</token>
				<token count="1">()</token>
				<token count="2">*</token>
				<token count="2">-&gt;</token>
				<token count="1">::</token>
				<token count="4">;</token>
				<token count="3">&lt;</token>
				<token count="2">=</token>
				<token count="1">==</token>
				<token count="4">&gt;</token>
				<token count="1">class</token>
				<token count="1">else</token>
				<token count="1">if()</token>
				<token count="2">return</token>
				<token count="1">while()</token>
				<token count="2">{}</token>
			</operators>
			<operands>
				<token count="1">LinkedList</token>
				<token count="2">ListItem</token>
				<token count="3">NULL</token>
				<token count="4">T</token>
				<token count="1">getTail</token>
				<token count="2">head</token>
				<token count="2">next</token>
				<token count="5">temp</token>
			</operands>
		</function>
		<function name="LinkedList::searchFor()">
			<start_line>143</start_line>
			<vG_b>4</vG_b>
			<vG_e>4</vG_e>
			<params>1</params>
			<LOCphy>16</LOCphy>
			<LOCpro>11</LOCpro>
			<LOCbl>4</LOCbl>
			<LOCcom alarmed="1">1</LOCcom>
			<N>57</N>
			<N1>32</N1>
			<N2>25</N2>
			<n>25</n>
			<n1>15</n1>
			<n2>10</n2>
			<V>264.700</V>
			<B>0.097</B>
			<D>18.750</D>
			<E>4963.121</E>
			<L>0.053</L>
			<T>00:04:35</T>
			<MaxND>2</MaxND>
			<MIwoc>96</MIwoc>
			<MIcwc>19</MIcwc>
			<MI>115</MI>
			<operators>
				<token count="1">!=</token>
				<token count="1">()</token>
				<token count="2">*</token>
				<token count="2">-&gt;</token>
				<token count="1">::</token>
				<token count="5">;</token>
				<token count="3">&lt;</token>
				<token count="2">=</token>
				<token count="2">==</token>
				<token count="4">&gt;</token>
				<token count="1">class</token>
				<token count="2">if()</token>
				<token count="3">return</token>
				<token count="1">while()</token>
				<token count="2">{}</token>
			</operators>
			<operands>
				<token count="1">LinkedList</token>
				<token count="2">ListItem</token>
				<token count="4">NULL</token>
				<token count="5">T</token>
				<token count="2">head</token>
				<token count="2">item</token>
				<token count="1">next</token>
				<token count="1">searchFor</token>
				<token count="6">temp</token>
				<token count="1">value</token>
			</operands>
		</function>
		<function name="LinkedList::deleteElement()">
			<start_line>160</start_line>
			<vG_b>6</vG_b>
			<vG_e>9</vG_e>
			<params>1</params>
			<LOCphy>24</LOCphy>
			<LOCpro>19</LOCpro>
			<LOCbl>3</LOCbl>
			<LOCcom alarmed="1">1</LOCcom>
			<N>110</N>
			<N1>59</N1>
			<N2>51</N2>
			<n>30</n>
			<n1>16</n1>
			<n2>14</n2>
			<V>539.758</V>
			<B>0.209</B>
			<D>29.143</D>
			<E>15730.089</E>
			<L>0.034</L>
			<T>00:14:33</T>
			<MaxND>4</MaxND>
			<MIwoc>85</MIwoc>
			<MIcwc>16</MIcwc>
			<MI>100</MI>
			<operators>
				<token count="4">!=</token>
				<token count="3">&amp;&amp;</token>
				<token count="3">()</token>
				<token count="1">*</token>
				<token count="14">-&gt;</token>
				<token count="1">::</token>
				<token count="7">;</token>
				<token count="2">&lt;</token>
				<token count="5">=</token>
				<token count="4">==</token>
				<token count="3">&gt;</token>
				<token count="1">class</token>
				<token count="2">else</token>
				<token count="4">if()</token>
				<token count="1">while()</token>
				<token count="4">{}</token>
			</operators>
			<operands>
				<token count="1">LinkedList</token>
				<token count="1">ListItem</token>
				<token count="5">NULL</token>
				<token count="4">T</token>
				<token count="1">deleteElement</token>
				<token count="1">deleteHead</token>
				<token count="1">deleteTail</token>
				<token count="3">head</token>
				<token count="5">item</token>
				<token count="7">next</token>
				<token count="3">prev</token>
				<token count="14">temp</token>
				<token count="4">value</token>
				<token count="1">void</token>
			</operands>
		</function>
		<function name="LinkedList::deleteHead()">
			<start_line>185</start_line>
			<vG_b>3</vG_b>
			<vG_e>3</vG_e>
			<params>0</params>
			<LOCphy>18</LOCphy>
			<LOCpro>17</LOCpro>
			<LOCbl>0</LOCbl>
			<LOCcom alarmed="1">0</LOCcom>
			<N>59</N>
			<N1>33</N1>
			<N2>26</N2>
			<n>24</n>
			<n1>14</n1>
			<n2>10</n2>
			<V>270.513</V>
			<B>0.096</B>
			<D>18.200</D>
			<E>4923.333</E>
			<L>0.055</L>
			<T>00:04:33</T>
			<MaxND>3</MaxND>
			<MIwoc>94</MIwoc>
			<MIcwc>0</MIcwc>
			<MI>94</MI>
			<operators>
				<token count="1">!=</token>
				<token count="1">()</token>
				<token count="1">*</token>
				<token count="5">-&gt;</token>
				<token count="1">::</token>
				<token count="5">;</token>
				<token count="2">&lt;</token>
				<token count="5">=</token>
				<token count="1">==</token>
				<token count="3">&gt;</token>
				<token count="1">class</token>
				<token count="1">else</token>
				<token count="2">if()</token>
				<token count="4">{}</token>
			</operators>
			<operands>
				<token count="1">LinkedList</token>
				<token count="1">ListItem</token>
				<token count="5">NULL</token>
				<token count="3">T</token>
				<token count="1">deleteHead</token>
				<token count="7">head</token>
				<token count="3">next</token>
				<token count="2">prev</token>
				<token count="2">temp</token>
				<token count="1">void</token>
			</operands>
		</function>
		<function name="LinkedList::deleteTail()">
			<start_line>204</start_line>
			<vG_b>4</vG_b>
			<vG_e>4</vG_e>
			<params>0</params>
			<LOCphy>17</LOCphy>
			<LOCpro>15</LOCpro>
			<LOCbl>1</LOCbl>
			<LOCcom alarmed="1">0</LOCcom>
			<N>67</N>
			<N1>37</N1>
			<N2>30</N2>
			<n>26</n>
			<n1>15</n1>
			<n2>11</n2>
			<V>314.929</V>
			<B>0.115</B>
			<D>20.455</D>
			<E>6441.739</E>
			<L>0.049</L>
			<T>00:05:57</T>
			<MaxND>3</MaxND>
			<MIwoc>94</MIwoc>
			<MIcwc>0</MIcwc>
			<MI>94</MI>
			<operators>
				<token count="2">!=</token>
				<token count="2">()</token>
				<token count="1">*</token>
				<token count="6">-&gt;</token>
				<token count="1">::</token>
				<token count="6">;</token>
				<token count="2">&lt;</token>
				<token count="5">=</token>
				<token count="1">==</token>
				<token count="3">&gt;</token>
				<token count="1">class</token>
				<token count="1">else</token>
				<token count="2">if()</token>
				<token count="1">while()</token>
				<token count="3">{}</token>
			</operators>
			<operands>
				<token count="1">LinkedList</token>
				<token count="1">ListItem</token>
				<token count="6">NULL</token>
				<token count="3">T</token>
				<token count="1">deleteHead</token>
				<token count="1">deleteTail</token>
				<token count="3">head</token>
				<token count="4">next</token>
				<token count="2">prev</token>
				<token count="7">temp</token>
				<token count="1">void</token>
			</operands>
		</function>
		<function name="LinkedList::length()">
			<start_line>222</start_line>
			<vG_b>3</vG_b>
			<vG_e>3</vG_e>
			<params>0</params>
			<LOCphy>16</LOCphy>
			<LOCpro>15</LOCpro>
			<LOCbl>0</LOCbl>
			<LOCcom alarmed="1">0</LOCcom>
			<N>52</N>
			<N1>30</N1>
			<N2>22</N2>
			<n>28</n>
			<n1>17</n1>
			<n2>11</n2>
			<V>249.982</V>
			<B>0.087</B>
			<D>17.000</D>
			<E>4249.702</E>
			<L>0.059</L>
			<T>00:03:56</T>
			<MaxND>3</MaxND>
			<MIwoc>97</MIwoc>
			<MIcwc>0</MIcwc>
			<MI>97</MI>
			<operators>
				<token count="1">!=</token>
				<token count="1">()</token>
				<token count="1">*</token>
				<token count="1">++</token>
				<token count="1">-&gt;</token>
				<token count="1">::</token>
				<token count="6">;</token>
				<token count="2">&lt;</token>
				<token count="3">=</token>
				<token count="1">==</token>
				<token count="3">&gt;</token>
				<token count="1">class</token>
				<token count="1">else</token>
				<token count="1">if()</token>
				<token count="2">return</token>
				<token count="1">while()</token>
				<token count="3">{}</token>
			</operators>
			<operands>
				<token count="2">0</token>
				<token count="1">LinkedList</token>
				<token count="1">ListItem</token>
				<token count="2">NULL</token>
				<token count="3">T</token>
				<token count="3">counter</token>
				<token count="2">head</token>
				<token count="2">int</token>
				<token count="1">length</token>
				<token count="1">next</token>
				<token count="4">temp</token>
			</operands>
		</function>
		<function name="LinkedList::reverse()">
			<start_line>239</start_line>
			<vG_b>6</vG_b>
			<vG_e>6</vG_e>
			<params>0</params>
			<LOCphy>25</LOCphy>
			<LOCpro>20</LOCpro>
			<LOCbl>4</LOCbl>
			<LOCcom alarmed="1">0</LOCcom>
			<N>94</N>
			<N1>52</N1>
			<N2>42</N2>
			<n>27</n>
			<n1>16</n1>
			<n2>11</n2>
			<V>446.959</V>
			<B>0.190</B>
			<D>30.545</D>
			<E>13652.579</E>
			<L>0.033</L>
			<T>00:12:38</T>
			<MaxND>4</MaxND>
			<MIwoc>86</MIwoc>
			<MIcwc>0</MIcwc>
			<MI>86</MI>
			<operators>
				<token count="4">!=</token>
				<token count="1">()</token>
				<token count="2">*</token>
				<token count="9">-&gt;</token>
				<token count="1">::</token>
				<token count="8">;</token>
				<token count="3">&lt;</token>
				<token count="7">=</token>
				<token count="1">==</token>
				<token count="4">&gt;</token>
				<token count="1">break</token>
				<token count="1">class</token>
				<token count="1">else</token>
				<token count="3">if()</token>
				<token count="2">while()</token>
				<token count="4">{}</token>
			</operators>
			<operands>
				<token count="1">LinkedList</token>
				<token count="2">ListItem</token>
				<token count="5">NULL</token>
				<token count="4">T</token>
				<token count="12">head</token>
				<token count="4">next</token>
				<token count="5">prev</token>
				<token count="1">reverse</token>
				<token count="5">temp</token>
				<token count="2">temp1</token>
				<token count="1">void</token>
			</operands>
		</function>
		<function name="LinkedList::parityArrangement()">
			<start_line>265</start_line>
			<vG_b>3</vG_b>
			<vG_e>3</vG_e>
			<params>0</params>
			<LOCphy>23</LOCphy>
			<LOCpro>21</LOCpro>
			<LOCbl>1</LOCbl>
			<LOCcom alarmed="1">0</LOCcom>
			<N>88</N>
			<N1>49</N1>
			<N2>39</N2>
			<n>37</n>
			<n1>18</n1>
			<n2>19</n2>
			<V>458.432</V>
			<B>0.138</B>
			<D>18.474</D>
			<E>8468.926</E>
			<L>0.054</L>
			<T>00:07:50</T>
			<MaxND>3</MaxND>
			<MIwoc>88</MIwoc>
			<MIcwc>0</MIcwc>
			<MI>88</MI>
			<operators>
				<token count="1">%</token>
				<token count="6">()</token>
				<token count="2">*</token>
				<token count="2">+</token>
				<token count="1">++</token>
				<token count="4">-&gt;</token>
				<token count="1">::</token>
				<token count="9">;</token>
				<token count="3">&lt;</token>
				<token count="1">&lt;=</token>
				<token count="6">=</token>
				<token count="1">==</token>
				<token count="4">&gt;</token>
				<token count="1">class</token>
				<token count="1">else</token>
				<token count="1">if()</token>
				<token count="1">while()</token>
				<token count="4">{}</token>
			</operators>
			<operands>
				<token count="2">0</token>
				<token count="2">1</token>
				<token count="1">2</token>
				<token count="1">LinkedList</token>
				<token count="2">ListItem</token>
				<token count="4">T</token>
				<token count="1">deleteElement</token>
				<token count="1">head</token>
				<token count="4">i</token>
				<token count="1">insertAtTail</token>
				<token count="2">int</token>
				<token count="2">len</token>
				<token count="1">length</token>
				<token count="2">next</token>
				<token count="1">parityArrangement</token>
				<token count="7">temp</token>
				<token count="2">temp1</token>
				<token count="2">value</token>
				<token count="1">void</token>
			</operands>
		</function>
		<function name="LinkedList::isPalindrome()">
			<start_line>289</start_line>
			<vG_b>5</vG_b>
			<vG_e>5</vG_e>
			<params>0</params>
			<LOCphy>26</LOCphy>
			<LOCpro>21</LOCpro>
			<LOCbl>4</LOCbl>
			<LOCcom alarmed="1">0</LOCcom>
			<N>86</N>
			<N1>50</N1>
			<N2>36</N2>
			<n>35</n>
			<n1>17</n1>
			<n2>18</n2>
			<V>441.118</V>
			<B>0.128</B>
			<D>17.000</D>
			<E>7499.012</E>
			<L>0.059</L>
			<T>00:06:56</T>
			<MaxND>3</MaxND>
			<MIwoc>85</MIwoc>
			<MIcwc>0</MIcwc>
			<MI>85</MI>
			<operators>
				<token count="1">!=</token>
				<token count="3">()</token>
				<token count="2">*</token>
				<token count="1">++</token>
				<token count="4">-&gt;</token>
				<token count="1">::</token>
				<token count="9">;</token>
				<token count="3">&lt;</token>
				<token count="5">=</token>
				<token count="3">==</token>
				<token count="4">&gt;</token>
				<token count="1">class</token>
				<token count="1">else</token>
				<token count="3">if()</token>
				<token count="3">return</token>
				<token count="1">while()</token>
				<token count="5">{}</token>
			</operators>
			<operands>
				<token count="3">0</token>
				<token count="1">1</token>
				<token count="1">LinkedList</token>
				<token count="2">ListItem</token>
				<token count="2">NULL</token>
				<token count="4">T</token>
				<token count="1">bool</token>
				<token count="3">counter</token>
				<token count="1">getTail</token>
				<token count="2">head</token>
				<token count="1">int</token>
				<token count="1">isPalindrome</token>
				<token count="1">length</token>
				<token count="1">next</token>
				<token count="1">prev</token>
				<token count="5">temp</token>
				<token count="4">temp2</token>
				<token count="2">value</token>
			</operands>
		</function>
		<file_total>
			<vG_b>44</vG_b>
			<vG_e>49</vG_e>
			<vG_b_max>6</vG_b_max>
			<vG_b_avg>3</vG_b_avg>
			<vG_e_max>9</vG_e_max>
			<vG_e_avg>3</vG_e_avg>
			<params>8</params>
			<LOCphy>360</LOCphy>
			<LOCpro>267</LOCpro>
			<LOCbl>49</LOCbl>
			<LOCcom alarmed="1">45</LOCcom>
			<N>1196</N>
			<N1>685</N1>
			<N2>511</N2>
			<n>79</n>
			<n1>36</n1>
			<n2>43</n2>
			<V>7539.322</V>
			<B alarmed="1">4.584</B>
			<D>213.907</D>
			<E>1612713.500</E>
			<L>0.005</L>
			<T>24:53:15</T>
			<MaxND>4</MaxND>
			<MIwoc>89</MIwoc>
			<MIcwc>26</MIcwc>
			<MI>115</MI>
			<operators>
				<token count="20">!=</token>
				<token count="6">#</token>
				<token count="1">%</token>
				<token count="1">&amp;</token>
				<token count="5">&amp;&amp;</token>
				<token count="39">()</token>
				<token count="23">*</token>
				<token count="2">+</token>
				<token count="4">++</token>
				<token count="1">,</token>
				<token count="77">-&gt;</token>
				<token count="1">.</token>
				<token count="17">::</token>
				<token count="101">;</token>
				<token count="63">&lt;</token>
				<token count="2">&lt;=</token>
				<token count="69">=</token>
				<token count="22">==</token>
				<token count="63">&gt;</token>
				<token count="1">&gt;=</token>
				<token count="1">break</token>
				<token count="17">class</token>
				<token count="1">const</token>
				<token count="15">else</token>
				<token count="1">endif</token>
				<token count="1">for()</token>
				<token count="28">if()</token>
				<token count="1">ifndef</token>
				<token count="1">namespace</token>
				<token count="4">new</token>
				<token count="14">return</token>
				<token count="17">template</token>
				<token count="1">using</token>
				<token count="13">while()</token>
				<token count="51">{}</token>
				<token count="1">~</token>
			</operators>
			<operands>
				<token count="8">0</token>
				<token count="3">1</token>
				<token count="1">2</token>
				<token count="21">LinkedList</token>
				<token count="27">ListItem</token>
				<token count="45">NULL</token>
				<token count="69">T</token>
				<token count="2">__LIST_CPP</token>
				<token count="3">afterWhat</token>
				<token count="1">bool</token>
				<token count="6">counter</token>
				<token count="1">define</token>
				<token count="2">deleteElement</token>
				<token count="3">deleteHead</token>
				<token count="3">deleteTail</token>
				<token count="1">getHead</token>
				<token count="2">getTail</token>
				<token count="50">head</token>
				<token count="7">i</token>
				<token count="3">include</token>
				<token count="1">insertAfter</token>
				<token count="4">insertAtHead</token>
				<token count="5">insertAtTail</token>
				<token count="1">insertSorted</token>
				<token count="6">int</token>
				<token count="1">isPalindrome</token>
				<token count="20">item</token>
				<token count="2">len</token>
				<token count="4">length</token>
				<token count="41">next</token>
				<token count="2">otherLinkedList</token>
				<token count="1">parityArrangement</token>
				<token count="21">prev</token>
				<token count="1">reverse</token>
				<token count="1">searchFor</token>
				<token count="1">std</token>
				<token count="93">temp</token>
				<token count="7">temp1</token>
				<token count="4">temp2</token>
				<token count="10">tempinsert</token>
				<token count="3">toInsert</token>
				<token count="15">value</token>
				<token count="9">void</token>
			</operands>
		</file_total>
	</file>
	<system>
		<files>1</files>
		<functions>17</functions>
		<LOCphy>360</LOCphy>
		<LOCbl>49</LOCbl>
		<LOCpro>267</LOCpro>
		<LOCcom>45</LOCcom>
		<semicolons>101</semicolons>
		<vG_b>44</vG_b>
		<vG_e>49</vG_e>
		<params>8</params>
		<MIwoc>94</MIwoc>
		<MIcw>6</MIcw>
		<MI>101</MI>
		<alarms>
			<file_vG>
				<measured>1</measured>
				<alarmed>0</alarmed>
				<percent>0</percent>
				<lowlimit>1</lowlimit>
				<highlimit>100</highlimit>
			</file_vG>
			<file_LOCpro>
				<measured>1</measured>
				<alarmed>0</alarmed>
				<percent>0</percent>
				<lowlimit>4</lowlimit>
				<highlimit>400</highlimit>
			</file_LOCpro>
			<file_comment_percent>
				<measured>1</measured>
				<alarmed>1</alarmed>
				<percent>100</percent>
				<lowlimit>30</lowlimit>
				<highlimit>75</highlimit>
			</file_comment_percent>
			<file_V>
				<measured>1</measured>
				<alarmed>0</alarmed>
				<percent>0</percent>
				<lowlimit>100</lowlimit>
				<highlimit>8000</highlimit>
			</file_V>
			<file_B>
				<measured>1</measured>
				<alarmed>1</alarmed>
				<percent>100</percent>
				<lowlimit>0</lowlimit>
				<highlimit>2</highlimit>
			</file_B>
			<file_MI>
				<measured>1</measured>
				<alarmed>0</alarmed>
				<percent>0</percent>
				<lowlimit>65</lowlimit>
			</file_MI>
			<function_vG>
				<measured>17</measured>
				<alarmed>0</alarmed>
				<percent>0</percent>
				<lowlimit>1</lowlimit>
				<highlimit>10</highlimit>
			</function_vG>
			<function_LOCpro>
				<measured>17</measured>
				<alarmed>0</alarmed>
				<percent>0</percent>
				<lowlimit>4</lowlimit>
				<highlimit>40</highlimit>
			</function_LOCpro>
			<function_comment_percent>
				<measured>17</measured>
				<alarmed>14</alarmed>
				<percent>82</percent>
				<lowlimit>30</lowlimit>
				<highlimit>75</highlimit>
			</function_comment_percent>
			<function_V>
				<measured>17</measured>
				<alarmed>0</alarmed>
				<percent>0</percent>
				<lowlimit>20</lowlimit>
				<highlimit>1000</highlimit>
			</function_V>
			<function_MI>
				<measured>17</measured>
				<alarmed>0</alarmed>
				<percent>0</percent>
				<lowlimit>65</lowlimit>
			</function_MI>
		</alarms>
		<error_messages count="0">
		</error_messages>
	</system>
</cmt_long_report>
