<?xml version="1.0" ?>
<cmt_long_report>
	<header_info>
		<cmt_version>7.0</cmt_version>
		<copyright>Copyright (c) 1993-2013 Testwell Oy</copyright>
		<copyright>Copyright (c) 2013-2018 Verifysoft Technology GmbH</copyright>
		<license_notes>
		</license_notes>
		<date>Tue Apr  4 21:14:55 2023</date>
		<cmt_options> -o C:\Users\muawi\cmt\A1_T1_S40.xml -lf -f C:\Users\muawi\cmt\files.txt</cmt_options>
		<run_directory>C:\Testwell\CMT</run_directory>
		<mccabe_preference>extended</mccabe_preference>
	</header_info>
	<file name="C:\Users\muawi\OneDrive\Documents\Study\Junior Year\Topics in Internet Research\Project\PA1_ANON_DATA\PA1_ANON_DATA\folder_40\LinkedList.cpp" stamp="1680056176">
		<function name="LinkedList::LinkedList()">
			<start_line>12</start_line>
			<vG_b>1</vG_b>
			<vG_e>1</vG_e>
			<params>0</params>
			<LOCphy>5</LOCphy>
			<LOCpro>4</LOCpro>
			<LOCbl>0</LOCbl>
			<LOCcom>0</LOCcom>
			<N>15</N>
			<N1>9</N1>
			<N2>6</N2>
			<n>12</n>
			<n1>8</n1>
			<n2>4</n2>
			<V>53.774</V>
			<B>0.016</B>
			<D>6.000</D>
			<E>322.647</E>
			<L>0.167</L>
			<T>00:00:17</T>
			<MaxND>1</MaxND>
			<MIwoc>124</MIwoc>
			<MIcwc>0</MIcwc>
			<MI>124</MI>
			<operators>
				<token count="1">()</token>
				<token count="1">::</token>
				<token count="1">;</token>
				<token count="1">&lt;</token>
				<token count="1">=</token>
				<token count="2">&gt;</token>
				<token count="1">class</token>
				<token count="1">{}</token>
			</operators>
			<operands>
				<token count="2">LinkedList</token>
				<token count="1">NULL</token>
				<token count="2">T</token>
				<token count="1">head</token>
			</operands>
		</function>
		<function name="LinkedList::LinkedList()">
			<start_line>18</start_line>
			<vG_b>2</vG_b>
			<vG_e>2</vG_e>
			<params>1</params>
			<LOCphy>14</LOCphy>
			<LOCpro>13</LOCpro>
			<LOCbl>0</LOCbl>
			<LOCcom alarmed="1">0</LOCcom>
			<N>70</N>
			<N1>38</N1>
			<N2>32</N2>
			<n>26</n>
			<n1>15</n1>
			<n2>11</n2>
			<V>329.031</V>
			<B>0.124</B>
			<D>21.818</D>
			<E>7178.854</E>
			<L>0.046</L>
			<T>00:06:38</T>
			<MaxND>2</MaxND>
			<MIwoc>98</MIwoc>
			<MIcwc>0</MIcwc>
			<MI>98</MI>
			<operators>
				<token count="1">!=</token>
				<token count="1">&amp;</token>
				<token count="4">()</token>
				<token count="1">*</token>
				<token count="6">-&gt;</token>
				<token count="1">.</token>
				<token count="1">::</token>
				<token count="7">;</token>
				<token count="3">&lt;</token>
				<token count="4">=</token>
				<token count="4">&gt;</token>
				<token count="1">class</token>
				<token count="1">const</token>
				<token count="1">while()</token>
				<token count="2">{}</token>
			</operators>
			<operands>
				<token count="3">LinkedList</token>
				<token count="1">ListItem</token>
				<token count="2">NULL</token>
				<token count="4">T</token>
				<token count="2">head</token>
				<token count="1">insertAtHead</token>
				<token count="2">insertAtTail</token>
				<token count="3">next</token>
				<token count="2">otherLinkedList</token>
				<token count="9">temp</token>
				<token count="3">value</token>
			</operands>
		</function>
		<function name="LinkedList::~LinkedList()">
			<start_line>33</start_line>
			<vG_b>2</vG_b>
			<vG_e>2</vG_e>
			<params>0</params>
			<LOCphy>11</LOCphy>
			<LOCpro>10</LOCpro>
			<LOCbl>0</LOCbl>
			<LOCcom alarmed="1">0</LOCcom>
			<N>49</N>
			<N1>28</N1>
			<N2>21</N2>
			<n>25</n>
			<n1>14</n1>
			<n2>11</n2>
			<V>227.549</V>
			<B>0.070</B>
			<D>13.364</D>
			<E>3040.881</E>
			<L>0.075</L>
			<T>00:02:48</T>
			<MaxND>2</MaxND>
			<MIwoc>103</MIwoc>
			<MIcwc>0</MIcwc>
			<MI>103</MI>
			<operators>
				<token count="2">()</token>
				<token count="1">*</token>
				<token count="1">++</token>
				<token count="1">-&gt;</token>
				<token count="1">::</token>
				<token count="6">;</token>
				<token count="3">&lt;</token>
				<token count="4">=</token>
				<token count="3">&gt;</token>
				<token count="1">class</token>
				<token count="1">delete</token>
				<token count="1">for()</token>
				<token count="2">{}</token>
				<token count="1">~</token>
			</operators>
			<operands>
				<token count="1">0</token>
				<token count="2">LinkedList</token>
				<token count="1">ListItem</token>
				<token count="3">T</token>
				<token count="1">head</token>
				<token count="3">i</token>
				<token count="2">int</token>
				<token count="1">length</token>
				<token count="1">next</token>
				<token count="4">temp</token>
				<token count="2">x</token>
			</operands>
		</function>
		<function name="LinkedList::insertAtHead()">
			<start_line>45</start_line>
			<vG_b>2</vG_b>
			<vG_e>2</vG_e>
			<params>1</params>
			<LOCphy>18</LOCphy>
			<LOCpro>15</LOCpro>
			<LOCbl>0</LOCbl>
			<LOCcom alarmed="1">2</LOCcom>
			<N>71</N>
			<N1>40</N1>
			<N2>31</N2>
			<n>25</n>
			<n1>14</n1>
			<n2>11</n2>
			<V>329.714</V>
			<B>0.116</B>
			<D>19.727</D>
			<E>6504.354</E>
			<L>0.051</L>
			<T>00:06:01</T>
			<MaxND>2</MaxND>
			<MIwoc>94</MIwoc>
			<MIcwc>25</MIcwc>
			<MI>118</MI>
			<operators>
				<token count="3">()</token>
				<token count="2">*</token>
				<token count="2">-&gt;</token>
				<token count="1">::</token>
				<token count="6">;</token>
				<token count="5">&lt;</token>
				<token count="6">=</token>
				<token count="1">==</token>
				<token count="6">&gt;</token>
				<token count="1">class</token>
				<token count="1">else</token>
				<token count="1">if()</token>
				<token count="2">new</token>
				<token count="3">{}</token>
			</operators>
			<operands>
				<token count="1">LinkedList</token>
				<token count="4">ListItem</token>
				<token count="1">NULL</token>
				<token count="7">T</token>
				<token count="5">head</token>
				<token count="1">insertAtHead</token>
				<token count="3">item</token>
				<token count="1">next</token>
				<token count="1">prev</token>
				<token count="6">temp</token>
				<token count="1">void</token>
			</operands>
		</function>
		<function name="LinkedList::insertAtTail()">
			<start_line>64</start_line>
			<vG_b>3</vG_b>
			<vG_e>3</vG_e>
			<params>1</params>
			<LOCphy>25</LOCphy>
			<LOCpro>24</LOCpro>
			<LOCbl>0</LOCbl>
			<LOCcom alarmed="1">0</LOCcom>
			<N>119</N>
			<N1>65</N1>
			<N2>54</N2>
			<n>29</n>
			<n1>16</n1>
			<n2>13</n2>
			<V>578.100</V>
			<B>0.239</B>
			<D>33.231</D>
			<E>19210.699</E>
			<L>0.030</L>
			<T>00:17:47</T>
			<MaxND>3</MaxND>
			<MIwoc>85</MIwoc>
			<MIcwc>0</MIcwc>
			<MI>85</MI>
			<operators>
				<token count="1">!=</token>
				<token count="3">()</token>
				<token count="3">*</token>
				<token count="9">-&gt;</token>
				<token count="1">::</token>
				<token count="12">;</token>
				<token count="6">&lt;</token>
				<token count="12">=</token>
				<token count="1">==</token>
				<token count="7">&gt;</token>
				<token count="1">class</token>
				<token count="1">else</token>
				<token count="1">if()</token>
				<token count="2">new</token>
				<token count="1">while()</token>
				<token count="4">{}</token>
			</operators>
			<operands>
				<token count="1">LinkedList</token>
				<token count="5">ListItem</token>
				<token count="4">NULL</token>
				<token count="8">T</token>
				<token count="4">head</token>
				<token count="1">insertAtTail</token>
				<token count="5">item</token>
				<token count="5">next</token>
				<token count="5">now</token>
				<token count="2">prev</token>
				<token count="11">temp</token>
				<token count="2">value</token>
				<token count="1">void</token>
			</operands>
		</function>
		<function name="LinkedList::insertAfter()">
			<start_line>90</start_line>
			<vG_b>5</vG_b>
			<vG_e>5</vG_e>
			<params>2</params>
			<LOCphy>29</LOCphy>
			<LOCpro>28</LOCpro>
			<LOCbl>0</LOCbl>
			<LOCcom alarmed="1">0</LOCcom>
			<N>113</N>
			<N1>63</N1>
			<N2>50</N2>
			<n>34</n>
			<n1>19</n1>
			<n2>15</n2>
			<V>574.883</V>
			<B>0.231</B>
			<D>31.667</D>
			<E>18204.639</E>
			<L>0.032</L>
			<T>00:16:51</T>
			<MaxND>3</MaxND>
			<MIwoc>82</MIwoc>
			<MIcwc>0</MIcwc>
			<MI>82</MI>
			<operators>
				<token count="1">!=</token>
				<token count="3">()</token>
				<token count="2">*</token>
				<token count="1">,</token>
				<token count="11">-&gt;</token>
				<token count="1">::</token>
				<token count="10">;</token>
				<token count="4">&lt;</token>
				<token count="7">=</token>
				<token count="3">==</token>
				<token count="5">&gt;</token>
				<token count="1">break</token>
				<token count="1">class</token>
				<token count="1">else</token>
				<token count="3">if()</token>
				<token count="1">new</token>
				<token count="1">return</token>
				<token count="1">while()</token>
				<token count="6">{}</token>
			</operators>
			<operands>
				<token count="1">LinkedList</token>
				<token count="3">ListItem</token>
				<token count="2">NULL</token>
				<token count="7">T</token>
				<token count="3">afterWhat</token>
				<token count="1">head</token>
				<token count="1">insertAfter</token>
				<token count="1">insertAtTail</token>
				<token count="7">next</token>
				<token count="5">now</token>
				<token count="2">prev</token>
				<token count="11">temp</token>
				<token count="3">toInsert</token>
				<token count="2">value</token>
				<token count="1">void</token>
			</operands>
		</function>
		<function name="LinkedList::insertSorted()">
			<start_line>121</start_line>
			<vG_b>11</vG_b>
			<vG_e alarmed="1">13</vG_e>
			<params>1</params>
			<LOCphy>56</LOCphy>
			<LOCpro alarmed="1">55</LOCpro>
			<LOCbl>0</LOCbl>
			<LOCcom alarmed="1">0</LOCcom>
			<N>229</N>
			<N1>128</N1>
			<N2>101</N2>
			<n>34</n>
			<n1>19</n1>
			<n2>15</n2>
			<V alarmed="1">1165.029</V>
			<B>0.590</B>
			<D>63.967</D>
			<E>74523.023</E>
			<L>0.016</L>
			<T>01:09:00</T>
			<MaxND>4</MaxND>
			<MIwoc>66</MIwoc>
			<MIcwc>0</MIcwc>
			<MI>66</MI>
			<operators>
				<token count="1">!=</token>
				<token count="1">&amp;&amp;</token>
				<token count="8">()</token>
				<token count="3">*</token>
				<token count="26">-&gt;</token>
				<token count="1">::</token>
				<token count="19">;</token>
				<token count="8">&lt;</token>
				<token count="12">=</token>
				<token count="6">==</token>
				<token count="10">&gt;</token>
				<token count="2">break</token>
				<token count="1">class</token>
				<token count="5">else</token>
				<token count="9">if()</token>
				<token count="2">new</token>
				<token count="1">while()</token>
				<token count="12">{}</token>
				<token count="1">||</token>
			</operators>
			<operands>
				<token count="1">LinkedList</token>
				<token count="5">ListItem</token>
				<token count="4">NULL</token>
				<token count="8">T</token>
				<token count="6">head</token>
				<token count="2">insertAtHead</token>
				<token count="3">insertAtTail</token>
				<token count="1">insertSorted</token>
				<token count="16">item</token>
				<token count="14">next</token>
				<token count="10">now</token>
				<token count="4">prev</token>
				<token count="18">temp</token>
				<token count="8">value</token>
				<token count="1">void</token>
			</operands>
		</function>
		<function name="LinkedList::getHead()">
			<start_line>178</start_line>
			<vG_b>2</vG_b>
			<vG_e>2</vG_e>
			<params>0</params>
			<LOCphy>12</LOCphy>
			<LOCpro>11</LOCpro>
			<LOCbl>0</LOCbl>
			<LOCcom alarmed="1">0</LOCcom>
			<N>29</N>
			<N1>19</N1>
			<N2>10</N2>
			<n>18</n>
			<n1>12</n1>
			<n2>6</n2>
			<V>120.928</V>
			<B>0.038</B>
			<D>10.000</D>
			<E>1209.278</E>
			<L>0.100</L>
			<T>00:01:07</T>
			<MaxND>2</MaxND>
			<MIwoc>105</MIwoc>
			<MIcwc>0</MIcwc>
			<MI>105</MI>
			<operators>
				<token count="1">()</token>
				<token count="1">*</token>
				<token count="1">::</token>
				<token count="2">;</token>
				<token count="2">&lt;</token>
				<token count="1">==</token>
				<token count="3">&gt;</token>
				<token count="1">class</token>
				<token count="1">else</token>
				<token count="1">if()</token>
				<token count="2">return</token>
				<token count="3">{}</token>
			</operators>
			<operands>
				<token count="1">LinkedList</token>
				<token count="1">ListItem</token>
				<token count="2">NULL</token>
				<token count="3">T</token>
				<token count="1">getHead</token>
				<token count="2">head</token>
			</operands>
		</function>
		<function name="LinkedList::getTail()">
			<start_line>191</start_line>
			<vG_b>4</vG_b>
			<vG_e>4</vG_e>
			<params>0</params>
			<LOCphy>21</LOCphy>
			<LOCpro>20</LOCpro>
			<LOCbl>0</LOCbl>
			<LOCcom alarmed="1">0</LOCcom>
			<N>62</N>
			<N1>38</N1>
			<N2>24</N2>
			<n>24</n>
			<n1>16</n1>
			<n2>8</n2>
			<V>284.268</V>
			<B>0.120</B>
			<D>24.000</D>
			<E>6822.424</E>
			<L>0.042</L>
			<T>00:06:19</T>
			<MaxND>3</MaxND>
			<MIwoc>91</MIwoc>
			<MIcwc>0</MIcwc>
			<MI>91</MI>
			<operators>
				<token count="1">!=</token>
				<token count="1">()</token>
				<token count="2">*</token>
				<token count="3">-&gt;</token>
				<token count="1">::</token>
				<token count="5">;</token>
				<token count="3">&lt;</token>
				<token count="2">=</token>
				<token count="2">==</token>
				<token count="4">&gt;</token>
				<token count="1">class</token>
				<token count="2">else</token>
				<token count="2">if()</token>
				<token count="3">return</token>
				<token count="1">while()</token>
				<token count="5">{}</token>
			</operators>
			<operands>
				<token count="1">LinkedList</token>
				<token count="2">ListItem</token>
				<token count="3">NULL</token>
				<token count="4">T</token>
				<token count="1">getTail</token>
				<token count="5">head</token>
				<token count="3">next</token>
				<token count="5">temp</token>
			</operands>
		</function>
		<function name="LinkedList::searchFor()">
			<start_line>213</start_line>
			<vG_b>4</vG_b>
			<vG_e>4</vG_e>
			<params>1</params>
			<LOCphy>20</LOCphy>
			<LOCpro>19</LOCpro>
			<LOCbl>0</LOCbl>
			<LOCcom alarmed="1">0</LOCcom>
			<N>58</N>
			<N1>34</N1>
			<N2>24</N2>
			<n>26</n>
			<n1>16</n1>
			<n2>10</n2>
			<V>272.626</V>
			<B>0.100</B>
			<D>19.200</D>
			<E>5234.410</E>
			<L>0.052</L>
			<T>00:04:50</T>
			<MaxND>4</MaxND>
			<MIwoc>92</MIwoc>
			<MIcwc>0</MIcwc>
			<MI>92</MI>
			<operators>
				<token count="1">!=</token>
				<token count="1">()</token>
				<token count="2">*</token>
				<token count="2">-&gt;</token>
				<token count="1">::</token>
				<token count="4">;</token>
				<token count="3">&lt;</token>
				<token count="2">=</token>
				<token count="2">==</token>
				<token count="4">&gt;</token>
				<token count="1">class</token>
				<token count="1">else</token>
				<token count="2">if()</token>
				<token count="2">return</token>
				<token count="1">while()</token>
				<token count="5">{}</token>
			</operators>
			<operands>
				<token count="1">LinkedList</token>
				<token count="2">ListItem</token>
				<token count="3">NULL</token>
				<token count="5">T</token>
				<token count="2">head</token>
				<token count="2">item</token>
				<token count="1">next</token>
				<token count="1">searchFor</token>
				<token count="6">temp</token>
				<token count="1">value</token>
			</operands>
		</function>
		<function name="LinkedList::deleteElement()">
			<start_line>234</start_line>
			<vG_b>5</vG_b>
			<vG_e>5</vG_e>
			<params>1</params>
			<LOCphy>32</LOCphy>
			<LOCpro>30</LOCpro>
			<LOCbl>1</LOCbl>
			<LOCcom alarmed="1">0</LOCcom>
			<N>93</N>
			<N1>56</N1>
			<N2>37</N2>
			<n>30</n>
			<n1>15</n1>
			<n2>15</n2>
			<V>456.341</V>
			<B>0.138</B>
			<D>18.500</D>
			<E>8442.306</E>
			<L>0.054</L>
			<T>00:07:49</T>
			<MaxND>3</MaxND>
			<MIwoc>82</MIwoc>
			<MIcwc>0</MIcwc>
			<MI>82</MI>
			<operators>
				<token count="4">()</token>
				<token count="2">*</token>
				<token count="6">-&gt;</token>
				<token count="1">::</token>
				<token count="9">;</token>
				<token count="3">&lt;</token>
				<token count="4">=</token>
				<token count="4">==</token>
				<token count="4">&gt;</token>
				<token count="1">class</token>
				<token count="1">delete</token>
				<token count="4">else</token>
				<token count="4">if()</token>
				<token count="2">return</token>
				<token count="7">{}</token>
			</operators>
			<operands>
				<token count="1">LinkedList</token>
				<token count="2">ListItem</token>
				<token count="3">NULL</token>
				<token count="5">T</token>
				<token count="1">deleteElement</token>
				<token count="1">deleteHead</token>
				<token count="1">deleteTail</token>
				<token count="2">head</token>
				<token count="2">item</token>
				<token count="4">next</token>
				<token count="2">prev</token>
				<token count="1">searchFor</token>
				<token count="8">temp</token>
				<token count="3">temp2</token>
				<token count="1">void</token>
			</operands>
		</function>
		<function name="LinkedList::deleteHead()">
			<start_line>267</start_line>
			<vG_b>3</vG_b>
			<vG_e>3</vG_e>
			<params>0</params>
			<LOCphy>23</LOCphy>
			<LOCpro>22</LOCpro>
			<LOCbl>0</LOCbl>
			<LOCcom alarmed="1">0</LOCcom>
			<N>80</N>
			<N1>47</N1>
			<N2>33</N2>
			<n>27</n>
			<n1>15</n1>
			<n2>12</n2>
			<V>380.391</V>
			<B>0.132</B>
			<D>20.625</D>
			<E>7845.564</E>
			<L>0.048</L>
			<T>00:07:15</T>
			<MaxND>2</MaxND>
			<MIwoc>89</MIwoc>
			<MIcwc>0</MIcwc>
			<MI>89</MI>
			<operators>
				<token count="2">()</token>
				<token count="2">*</token>
				<token count="4">-&gt;</token>
				<token count="1">::</token>
				<token count="10">;</token>
				<token count="3">&lt;</token>
				<token count="7">=</token>
				<token count="2">==</token>
				<token count="4">&gt;</token>
				<token count="1">class</token>
				<token count="2">delete</token>
				<token count="2">else</token>
				<token count="2">if()</token>
				<token count="1">return</token>
				<token count="4">{}</token>
			</operators>
			<operands>
				<token count="1">LinkedList</token>
				<token count="2">ListItem</token>
				<token count="6">NULL</token>
				<token count="4">T</token>
				<token count="1">deleteHead</token>
				<token count="1">getHead</token>
				<token count="5">head</token>
				<token count="3">next</token>
				<token count="1">prev</token>
				<token count="4">temp</token>
				<token count="4">temp2</token>
				<token count="1">void</token>
			</operands>
		</function>
		<function name="LinkedList::deleteTail()">
			<start_line>291</start_line>
			<vG_b>3</vG_b>
			<vG_e>3</vG_e>
			<params>0</params>
			<LOCphy>22</LOCphy>
			<LOCpro>20</LOCpro>
			<LOCbl>1</LOCbl>
			<LOCcom alarmed="1">0</LOCcom>
			<N>70</N>
			<N1>43</N1>
			<N2>27</N2>
			<n>28</n>
			<n1>15</n1>
			<n2>13</n2>
			<V>336.515</V>
			<B>0.101</B>
			<D>15.577</D>
			<E>5241.866</E>
			<L>0.064</L>
			<T>00:04:51</T>
			<MaxND>2</MaxND>
			<MIwoc>90</MIwoc>
			<MIcwc>0</MIcwc>
			<MI>90</MI>
			<operators>
				<token count="3">()</token>
				<token count="2">*</token>
				<token count="4">-&gt;</token>
				<token count="1">::</token>
				<token count="8">;</token>
				<token count="3">&lt;</token>
				<token count="4">=</token>
				<token count="2">==</token>
				<token count="4">&gt;</token>
				<token count="1">class</token>
				<token count="1">delete</token>
				<token count="2">else</token>
				<token count="2">if()</token>
				<token count="2">return</token>
				<token count="4">{}</token>
			</operators>
			<operands>
				<token count="1">LinkedList</token>
				<token count="2">ListItem</token>
				<token count="4">NULL</token>
				<token count="4">T</token>
				<token count="1">deleteHead</token>
				<token count="1">deleteTail</token>
				<token count="1">getTail</token>
				<token count="2">head</token>
				<token count="2">next</token>
				<token count="2">prev</token>
				<token count="4">temp</token>
				<token count="2">temp2</token>
				<token count="1">void</token>
			</operands>
		</function>
		<function name="LinkedList::length()">
			<start_line>314</start_line>
			<vG_b>2</vG_b>
			<vG_e>2</vG_e>
			<params>0</params>
			<LOCphy>12</LOCphy>
			<LOCpro>11</LOCpro>
			<LOCbl>0</LOCbl>
			<LOCcom alarmed="1">0</LOCcom>
			<N>43</N>
			<N1>24</N1>
			<N2>19</N2>
			<n>25</n>
			<n1>14</n1>
			<n2>11</n2>
			<V>199.686</V>
			<B>0.060</B>
			<D>12.091</D>
			<E>2414.383</E>
			<L>0.083</L>
			<T>00:02:14</T>
			<MaxND>2</MaxND>
			<MIwoc>103</MIwoc>
			<MIcwc>0</MIcwc>
			<MI>103</MI>
			<operators>
				<token count="1">!=</token>
				<token count="1">()</token>
				<token count="1">*</token>
				<token count="1">++</token>
				<token count="1">-&gt;</token>
				<token count="1">::</token>
				<token count="5">;</token>
				<token count="2">&lt;</token>
				<token count="3">=</token>
				<token count="3">&gt;</token>
				<token count="1">class</token>
				<token count="1">return</token>
				<token count="1">while()</token>
				<token count="2">{}</token>
			</operators>
			<operands>
				<token count="1">0</token>
				<token count="1">LinkedList</token>
				<token count="1">ListItem</token>
				<token count="1">NULL</token>
				<token count="3">T</token>
				<token count="1">head</token>
				<token count="2">int</token>
				<token count="1">length</token>
				<token count="1">next</token>
				<token count="3">sum</token>
				<token count="4">temp</token>
			</operands>
		</function>
		<function name="LinkedList::reverse()">
			<start_line>327</start_line>
			<vG_b>5</vG_b>
			<vG_e>5</vG_e>
			<params>0</params>
			<LOCphy>33</LOCphy>
			<LOCpro>29</LOCpro>
			<LOCbl>0</LOCbl>
			<LOCcom alarmed="1">3</LOCcom>
			<N>105</N>
			<N1>61</N1>
			<N2>44</N2>
			<n>29</n>
			<n1>16</n1>
			<n2>13</n2>
			<V>510.088</V>
			<B>0.192</B>
			<D>27.077</D>
			<E>13811.613</E>
			<L>0.037</L>
			<T>00:12:47</T>
			<MaxND>3</MaxND>
			<MIwoc>81</MIwoc>
			<MIcwc>23</MIcwc>
			<MI>103</MI>
			<operators>
				<token count="2">!=</token>
				<token count="2">()</token>
				<token count="3">*</token>
				<token count="8">-&gt;</token>
				<token count="1">::</token>
				<token count="11">;</token>
				<token count="4">&lt;</token>
				<token count="8">=</token>
				<token count="2">==</token>
				<token count="5">&gt;</token>
				<token count="1">class</token>
				<token count="2">else</token>
				<token count="2">if()</token>
				<token count="2">return</token>
				<token count="2">while()</token>
				<token count="6">{}</token>
			</operators>
			<operands>
				<token count="1">LinkedList</token>
				<token count="3">ListItem</token>
				<token count="4">NULL</token>
				<token count="5">T</token>
				<token count="1">getTail</token>
				<token count="4">head</token>
				<token count="4">next</token>
				<token count="4">prev</token>
				<token count="1">reverse</token>
				<token count="8">temp</token>
				<token count="3">temp2</token>
				<token count="5">temp3</token>
				<token count="1">void</token>
			</operands>
		</function>
		<function name="LinkedList::parityArrangement()">
			<start_line>361</start_line>
			<vG_b>3</vG_b>
			<vG_e>4</vG_e>
			<params>0</params>
			<LOCphy>23</LOCphy>
			<LOCpro>22</LOCpro>
			<LOCbl>0</LOCbl>
			<LOCcom alarmed="1">0</LOCcom>
			<N>117</N>
			<N1>62</N1>
			<N2>55</N2>
			<n>33</n>
			<n1>16</n1>
			<n2>17</n2>
			<V>590.194</V>
			<B>0.205</B>
			<D>25.882</D>
			<E>15275.612</E>
			<L>0.039</L>
			<T>00:14:08</T>
			<MaxND>3</MaxND>
			<MIwoc>86</MIwoc>
			<MIcwc>0</MIcwc>
			<MI>86</MI>
			<operators>
				<token count="2">!=</token>
				<token count="1">%</token>
				<token count="1">&amp;&amp;</token>
				<token count="1">()</token>
				<token count="3">*</token>
				<token count="1">++</token>
				<token count="11">-&gt;</token>
				<token count="1">::</token>
				<token count="13">;</token>
				<token count="4">&lt;</token>
				<token count="12">=</token>
				<token count="6">&gt;</token>
				<token count="1">class</token>
				<token count="1">if()</token>
				<token count="1">while()</token>
				<token count="3">{}</token>
			</operators>
			<operands>
				<token count="1">0</token>
				<token count="2">1</token>
				<token count="1">2</token>
				<token count="1">LinkedList</token>
				<token count="3">ListItem</token>
				<token count="1">NULL</token>
				<token count="5">T</token>
				<token count="2">head</token>
				<token count="1">int</token>
				<token count="8">next</token>
				<token count="6">now</token>
				<token count="1">parityArrangement</token>
				<token count="3">prev</token>
				<token count="4">sum</token>
				<token count="9">temp</token>
				<token count="6">temp2</token>
				<token count="1">void</token>
			</operands>
		</function>
		<function name="LinkedList::isPalindrome()">
			<start_line>385</start_line>
			<vG_b>10</vG_b>
			<vG_e>10</vG_e>
			<params>0</params>
			<LOCphy>57</LOCphy>
			<LOCpro alarmed="1">56</LOCpro>
			<LOCbl>0</LOCbl>
			<LOCcom alarmed="1">0</LOCcom>
			<N>178</N>
			<N1>107</N1>
			<N2>71</N2>
			<n>42</n>
			<n1>21</n1>
			<n2>21</n2>
			<V>959.833</V>
			<B>0.350</B>
			<D>35.500</D>
			<E>34074.055</E>
			<L>0.028</L>
			<T>00:31:33</T>
			<MaxND>5</MaxND>
			<MIwoc>67</MIwoc>
			<MIcwc>0</MIcwc>
			<MI>67</MI>
			<operators>
				<token count="1">!=</token>
				<token count="2">%</token>
				<token count="6">()</token>
				<token count="2">*</token>
				<token count="2">++</token>
				<token count="1">-</token>
				<token count="11">-&gt;</token>
				<token count="2">/</token>
				<token count="1">::</token>
				<token count="18">;</token>
				<token count="5">&lt;</token>
				<token count="10">=</token>
				<token count="6">==</token>
				<token count="4">&gt;</token>
				<token count="2">break</token>
				<token count="1">class</token>
				<token count="6">else</token>
				<token count="2">for()</token>
				<token count="7">if()</token>
				<token count="4">return</token>
				<token count="14">{}</token>
			</operators>
			<operands>
				<token count="8">0</token>
				<token count="2">1</token>
				<token count="4">2</token>
				<token count="1">LinkedList</token>
				<token count="2">ListItem</token>
				<token count="2">NULL</token>
				<token count="4">T</token>
				<token count="1">bool</token>
				<token count="1">getHead</token>
				<token count="1">getTail</token>
				<token count="2">head</token>
				<token count="7">i</token>
				<token count="2">int</token>
				<token count="1">isPalindrome</token>
				<token count="1">length</token>
				<token count="3">next</token>
				<token count="2">prev</token>
				<token count="8">temp</token>
				<token count="8">temp2</token>
				<token count="6">value</token>
				<token count="5">x</token>
			</operands>
		</function>
		<file_total>
			<vG_b>52</vG_b>
			<vG_e>55</vG_e>
			<vG_b_max>11</vG_b_max>
			<vG_b_avg>4</vG_b_avg>
			<vG_e_max>13</vG_e_max>
			<vG_e_avg>4</vG_e_avg>
			<params>8</params>
			<LOCphy>442</LOCphy>
			<LOCpro alarmed="1">413</LOCpro>
			<LOCbl>24</LOCbl>
			<LOCcom alarmed="1">5</LOCcom>
			<N>1553</N>
			<N1>907</N1>
			<N2>646</N2>
			<n>80</n>
			<n1>37</n1>
			<n2>43</n2>
			<V alarmed="1">9817.954</V>
			<B alarmed="1">6.509</B>
			<D>277.930</D>
			<E>2728706.250</E>
			<L>0.004</L>
			<T>42:06:34</T>
			<MaxND>5</MaxND>
			<MIwoc>84</MIwoc>
			<MIcwc>8</MIcwc>
			<MI>93</MI>
			<operators>
				<token count="12">!=</token>
				<token count="6">#</token>
				<token count="3">%</token>
				<token count="1">&amp;</token>
				<token count="2">&amp;&amp;</token>
				<token count="46">()</token>
				<token count="32">*</token>
				<token count="5">++</token>
				<token count="1">,</token>
				<token count="1">-</token>
				<token count="105">-&gt;</token>
				<token count="1">.</token>
				<token count="2">/</token>
				<token count="17">::</token>
				<token count="147">;</token>
				<token count="79">&lt;</token>
				<token count="98">=</token>
				<token count="32">==</token>
				<token count="78">&gt;</token>
				<token count="5">break</token>
				<token count="17">class</token>
				<token count="1">const</token>
				<token count="5">delete</token>
				<token count="28">else</token>
				<token count="1">endif</token>
				<token count="3">for()</token>
				<token count="37">if()</token>
				<token count="1">ifndef</token>
				<token count="1">namespace</token>
				<token count="7">new</token>
				<token count="20">return</token>
				<token count="17">template</token>
				<token count="1">using</token>
				<token count="10">while()</token>
				<token count="83">{}</token>
				<token count="1">||</token>
				<token count="1">~</token>
			</operators>
			<operands>
				<token count="11">0</token>
				<token count="4">1</token>
				<token count="5">2</token>
				<token count="21">LinkedList</token>
				<token count="39">ListItem</token>
				<token count="43">NULL</token>
				<token count="81">T</token>
				<token count="2">__LIST_CPP</token>
				<token count="3">afterWhat</token>
				<token count="1">bool</token>
				<token count="1">define</token>
				<token count="1">deleteElement</token>
				<token count="3">deleteHead</token>
				<token count="2">deleteTail</token>
				<token count="3">getHead</token>
				<token count="4">getTail</token>
				<token count="47">head</token>
				<token count="10">i</token>
				<token count="3">include</token>
				<token count="1">insertAfter</token>
				<token count="4">insertAtHead</token>
				<token count="7">insertAtTail</token>
				<token count="1">insertSorted</token>
				<token count="7">int</token>
				<token count="1">isPalindrome</token>
				<token count="28">item</token>
				<token count="3">length</token>
				<token count="60">next</token>
				<token count="26">now</token>
				<token count="2">otherLinkedList</token>
				<token count="1">parityArrangement</token>
				<token count="23">prev</token>
				<token count="1">reverse</token>
				<token count="2">searchFor</token>
				<token count="1">std</token>
				<token count="7">sum</token>
				<token count="115">temp</token>
				<token count="26">temp2</token>
				<token count="5">temp3</token>
				<token count="3">toInsert</token>
				<token count="22">value</token>
				<token count="9">void</token>
				<token count="7">x</token>
			</operands>
		</file_total>
	</file>
	<system>
		<files>1</files>
		<functions>17</functions>
		<LOCphy>442</LOCphy>
		<LOCbl>24</LOCbl>
		<LOCpro>413</LOCpro>
		<LOCcom>5</LOCcom>
		<semicolons>147</semicolons>
		<vG_b>52</vG_b>
		<vG_e>55</vG_e>
		<params>8</params>
		<MIwoc>87</MIwoc>
		<MIcw>8</MIcw>
		<MI>95</MI>
		<alarms>
			<file_vG>
				<measured>1</measured>
				<alarmed>0</alarmed>
				<percent>0</percent>
				<lowlimit>1</lowlimit>
				<highlimit>100</highlimit>
			</file_vG>
			<file_LOCpro>
				<measured>1</measured>
				<alarmed>1</alarmed>
				<percent>100</percent>
				<lowlimit>4</lowlimit>
				<highlimit>400</highlimit>
			</file_LOCpro>
			<file_comment_percent>
				<measured>1</measured>
				<alarmed>1</alarmed>
				<percent>100</percent>
				<lowlimit>30</lowlimit>
				<highlimit>75</highlimit>
			</file_comment_percent>
			<file_V>
				<measured>1</measured>
				<alarmed>1</alarmed>
				<percent>100</percent>
				<lowlimit>100</lowlimit>
				<highlimit>8000</highlimit>
			</file_V>
			<file_B>
				<measured>1</measured>
				<alarmed>1</alarmed>
				<percent>100</percent>
				<lowlimit>0</lowlimit>
				<highlimit>2</highlimit>
			</file_B>
			<file_MI>
				<measured>1</measured>
				<alarmed>0</alarmed>
				<percent>0</percent>
				<lowlimit>65</lowlimit>
			</file_MI>
			<function_vG>
				<measured>17</measured>
				<alarmed>1</alarmed>
				<percent>5</percent>
				<lowlimit>1</lowlimit>
				<highlimit>10</highlimit>
			</function_vG>
			<function_LOCpro>
				<measured>17</measured>
				<alarmed>2</alarmed>
				<percent>11</percent>
				<lowlimit>4</lowlimit>
				<highlimit>40</highlimit>
			</function_LOCpro>
			<function_comment_percent>
				<measured>17</measured>
				<alarmed>16</alarmed>
				<percent>94</percent>
				<lowlimit>30</lowlimit>
				<highlimit>75</highlimit>
			</function_comment_percent>
			<function_V>
				<measured>17</measured>
				<alarmed>1</alarmed>
				<percent>5</percent>
				<lowlimit>20</lowlimit>
				<highlimit>1000</highlimit>
			</function_V>
			<function_MI>
				<measured>17</measured>
				<alarmed>0</alarmed>
				<percent>0</percent>
				<lowlimit>65</lowlimit>
			</function_MI>
		</alarms>
		<error_messages count="0">
		</error_messages>
	</system>
</cmt_long_report>
