<?xml version="1.0" ?>
<cmt_long_report>
	<header_info>
		<cmt_version>7.0</cmt_version>
		<copyright>Copyright (c) 1993-2013 Testwell Oy</copyright>
		<copyright>Copyright (c) 2013-2018 Verifysoft Technology GmbH</copyright>
		<license_notes>
		</license_notes>
		<date>Tue Apr  4 22:39:13 2023</date>
		<cmt_options> -o C:\Users\muawi\cmt\A1_T1_S151.xml -lf -f C:\Users\muawi\cmt\files.txt</cmt_options>
		<run_directory>C:\Testwell\CMT</run_directory>
		<mccabe_preference>extended</mccabe_preference>
	</header_info>
	<file name="C:\Users\muawi\OneDrive\Documents\Study\Junior Year\Topics in Internet Research\Project\PA1_ANON_DATA\PA1_ANON_DATA\folder_151\LinkedList.cpp" stamp="1680056157">
		<function name="LinkedList::LinkedList()">
			<start_line>11</start_line>
			<vG_b>1</vG_b>
			<vG_e>1</vG_e>
			<params>0</params>
			<LOCphy>7</LOCphy>
			<LOCpro>4</LOCpro>
			<LOCbl>2</LOCbl>
			<LOCcom>1</LOCcom>
			<N>15</N>
			<N1>9</N1>
			<N2>6</N2>
			<n>12</n>
			<n1>8</n1>
			<n2>4</n2>
			<V>53.774</V>
			<B>0.016</B>
			<D>6.000</D>
			<E>322.647</E>
			<L>0.167</L>
			<T>00:00:17</T>
			<MaxND>1</MaxND>
			<MIwoc>119</MIwoc>
			<MIcwc>28</MIcwc>
			<MI>146</MI>
			<operators>
				<token count="1">()</token>
				<token count="1">::</token>
				<token count="1">;</token>
				<token count="1">&lt;</token>
				<token count="1">=</token>
				<token count="2">&gt;</token>
				<token count="1">class</token>
				<token count="1">{}</token>
			</operators>
			<operands>
				<token count="2">LinkedList</token>
				<token count="1">NULL</token>
				<token count="2">T</token>
				<token count="1">head</token>
			</operands>
		</function>
		<function name="LinkedList::LinkedList()">
			<start_line>19</start_line>
			<vG_b>2</vG_b>
			<vG_e>2</vG_e>
			<params>1</params>
			<LOCphy>24</LOCphy>
			<LOCpro>14</LOCpro>
			<LOCbl>9</LOCbl>
			<LOCcom alarmed="1">0</LOCcom>
			<N>100</N>
			<N1>56</N1>
			<N2>44</N2>
			<n>27</n>
			<n1>16</n1>
			<n2>11</n2>
			<V>475.489</V>
			<B>0.205</B>
			<D>32.000</D>
			<E>15215.640</E>
			<L>0.031</L>
			<T>00:14:05</T>
			<MaxND>2</MaxND>
			<MIwoc>87</MIwoc>
			<MIcwc>0</MIcwc>
			<MI>87</MI>
			<operators>
				<token count="1">!=</token>
				<token count="1">&amp;</token>
				<token count="4">()</token>
				<token count="2">*</token>
				<token count="8">-&gt;</token>
				<token count="3">.</token>
				<token count="1">::</token>
				<token count="8">;</token>
				<token count="6">&lt;</token>
				<token count="8">=</token>
				<token count="7">&gt;</token>
				<token count="1">class</token>
				<token count="1">const</token>
				<token count="2">new</token>
				<token count="1">while()</token>
				<token count="2">{}</token>
			</operators>
			<operands>
				<token count="3">LinkedList</token>
				<token count="4">ListItem</token>
				<token count="1">NULL</token>
				<token count="7">T</token>
				<token count="5">head</token>
				<token count="5">next</token>
				<token count="4">otherLinkedList</token>
				<token count="6">otherpoint</token>
				<token count="1">prev</token>
				<token count="6">traverse</token>
				<token count="2">value</token>
			</operands>
		</function>
		<function name="LinkedList::~LinkedList()">
			<start_line>44</start_line>
			<vG_b>3</vG_b>
			<vG_e>3</vG_e>
			<params>0</params>
			<LOCphy>21</LOCphy>
			<LOCpro>15</LOCpro>
			<LOCbl>5</LOCbl>
			<LOCcom alarmed="1">0</LOCcom>
			<N>55</N>
			<N1>33</N1>
			<N2>22</N2>
			<n>25</n>
			<n1>17</n1>
			<n2>8</n2>
			<V>255.412</V>
			<B>0.110</B>
			<D>23.375</D>
			<E>5970.258</E>
			<L>0.043</L>
			<T>00:05:31</T>
			<MaxND>2</MaxND>
			<MIwoc>92</MIwoc>
			<MIcwc>0</MIcwc>
			<MI>92</MI>
			<operators>
				<token count="1">!=</token>
				<token count="1">()</token>
				<token count="2">*</token>
				<token count="1">-&gt;</token>
				<token count="1">::</token>
				<token count="7">;</token>
				<token count="3">&lt;</token>
				<token count="3">=</token>
				<token count="1">==</token>
				<token count="4">&gt;</token>
				<token count="1">class</token>
				<token count="1">delete</token>
				<token count="1">if()</token>
				<token count="1">return</token>
				<token count="1">while()</token>
				<token count="3">{}</token>
				<token count="1">~</token>
			</operators>
			<operands>
				<token count="2">LinkedList</token>
				<token count="2">ListItem</token>
				<token count="2">NULL</token>
				<token count="4">T</token>
				<token count="6">current</token>
				<token count="2">head</token>
				<token count="1">next</token>
				<token count="3">temp</token>
			</operands>
		</function>
		<function name="LinkedList::insertAtHead()">
			<start_line>66</start_line>
			<vG_b>2</vG_b>
			<vG_e>2</vG_e>
			<params>1</params>
			<LOCphy>19</LOCphy>
			<LOCpro>13</LOCpro>
			<LOCbl>5</LOCbl>
			<LOCcom alarmed="1">0</LOCcom>
			<N>64</N>
			<N1>36</N1>
			<N2>28</N2>
			<n>25</n>
			<n1>14</n1>
			<n2>11</n2>
			<V>297.207</V>
			<B>0.101</B>
			<D>17.818</D>
			<E>5295.685</E>
			<L>0.056</L>
			<T>00:04:54</T>
			<MaxND>2</MaxND>
			<MIwoc>93</MIwoc>
			<MIcwc>0</MIcwc>
			<MI>93</MI>
			<operators>
				<token count="3">()</token>
				<token count="1">*</token>
				<token count="2">-&gt;</token>
				<token count="1">::</token>
				<token count="7">;</token>
				<token count="4">&lt;</token>
				<token count="5">=</token>
				<token count="1">==</token>
				<token count="5">&gt;</token>
				<token count="1">class</token>
				<token count="1">if()</token>
				<token count="2">new</token>
				<token count="1">return</token>
				<token count="2">{}</token>
			</operators>
			<operands>
				<token count="1">LinkedList</token>
				<token count="3">ListItem</token>
				<token count="1">NULL</token>
				<token count="6">T</token>
				<token count="5">head</token>
				<token count="1">insertAtHead</token>
				<token count="3">item</token>
				<token count="1">next</token>
				<token count="1">prev</token>
				<token count="5">temp</token>
				<token count="1">void</token>
			</operands>
		</function>
		<function name="LinkedList::insertAtTail()">
			<start_line>86</start_line>
			<vG_b>3</vG_b>
			<vG_e>3</vG_e>
			<params>1</params>
			<LOCphy>25</LOCphy>
			<LOCpro>19</LOCpro>
			<LOCbl>5</LOCbl>
			<LOCcom alarmed="1">0</LOCcom>
			<N>98</N>
			<N1>54</N1>
			<N2>44</N2>
			<n>29</n>
			<n1>16</n1>
			<n2>13</n2>
			<V>476.082</V>
			<B>0.183</B>
			<D>27.077</D>
			<E>12890.840</E>
			<L>0.037</L>
			<T>00:11:56</T>
			<MaxND>2</MaxND>
			<MIwoc>86</MIwoc>
			<MIcwc>0</MIcwc>
			<MI>86</MI>
			<operators>
				<token count="1">!=</token>
				<token count="3">()</token>
				<token count="2">*</token>
				<token count="7">-&gt;</token>
				<token count="1">::</token>
				<token count="10">;</token>
				<token count="5">&lt;</token>
				<token count="9">=</token>
				<token count="1">==</token>
				<token count="6">&gt;</token>
				<token count="1">class</token>
				<token count="1">if()</token>
				<token count="2">new</token>
				<token count="1">return</token>
				<token count="1">while()</token>
				<token count="3">{}</token>
			</operators>
			<operands>
				<token count="1">LinkedList</token>
				<token count="4">ListItem</token>
				<token count="3">NULL</token>
				<token count="7">T</token>
				<token count="6">current</token>
				<token count="4">head</token>
				<token count="1">insertAtTail</token>
				<token count="5">item</token>
				<token count="4">next</token>
				<token count="1">prev</token>
				<token count="5">temp</token>
				<token count="2">value</token>
				<token count="1">void</token>
			</operands>
		</function>
		<function name="LinkedList::insertAfter()">
			<start_line>112</start_line>
			<vG_b>5</vG_b>
			<vG_e>5</vG_e>
			<params>2</params>
			<LOCphy>27</LOCphy>
			<LOCpro>25</LOCpro>
			<LOCbl>1</LOCbl>
			<LOCcom alarmed="1">0</LOCcom>
			<N>103</N>
			<N1>58</N1>
			<N2>45</N2>
			<n>31</n>
			<n1>17</n1>
			<n2>14</n2>
			<V>510.282</V>
			<B>0.193</B>
			<D>27.321</D>
			<E>13941.640</E>
			<L>0.037</L>
			<T>00:12:54</T>
			<MaxND>4</MaxND>
			<MIwoc>84</MIwoc>
			<MIcwc>0</MIcwc>
			<MI>84</MI>
			<operators>
				<token count="1">!=</token>
				<token count="2">()</token>
				<token count="2">*</token>
				<token count="1">,</token>
				<token count="9">-&gt;</token>
				<token count="1">::</token>
				<token count="10">;</token>
				<token count="4">&lt;</token>
				<token count="7">=</token>
				<token count="2">==</token>
				<token count="5">&gt;</token>
				<token count="1">class</token>
				<token count="3">if()</token>
				<token count="1">new</token>
				<token count="3">return</token>
				<token count="1">while()</token>
				<token count="5">{}</token>
			</operators>
			<operands>
				<token count="1">LinkedList</token>
				<token count="3">ListItem</token>
				<token count="2">NULL</token>
				<token count="7">T</token>
				<token count="2">afterWhat</token>
				<token count="8">current</token>
				<token count="2">head</token>
				<token count="1">insertAfter</token>
				<token count="6">next</token>
				<token count="2">prev</token>
				<token count="7">temp</token>
				<token count="2">toInsert</token>
				<token count="1">value</token>
				<token count="1">void</token>
			</operands>
		</function>
		<function name="LinkedList::insertSorted()">
			<start_line>140</start_line>
			<vG_b>3</vG_b>
			<vG_e>4</vG_e>
			<params>1</params>
			<LOCphy>22</LOCphy>
			<LOCpro>17</LOCpro>
			<LOCbl>4</LOCbl>
			<LOCcom alarmed="1">0</LOCcom>
			<N>92</N>
			<N1>50</N1>
			<N2>42</N2>
			<n>31</n>
			<n1>17</n1>
			<n2>14</n2>
			<V>455.786</V>
			<B>0.171</B>
			<D>25.500</D>
			<E>11622.545</E>
			<L>0.039</L>
			<T>00:10:45</T>
			<MaxND>3</MaxND>
			<MIwoc>88</MIwoc>
			<MIcwc>0</MIcwc>
			<MI>88</MI>
			<operators>
				<token count="2">!=</token>
				<token count="1">&amp;&amp;</token>
				<token count="3">()</token>
				<token count="2">*</token>
				<token count="8">-&gt;</token>
				<token count="1">::</token>
				<token count="8">;</token>
				<token count="4">&lt;</token>
				<token count="1">&lt;=</token>
				<token count="6">=</token>
				<token count="5">&gt;</token>
				<token count="1">class</token>
				<token count="1">else</token>
				<token count="1">if()</token>
				<token count="1">new</token>
				<token count="1">while()</token>
				<token count="4">{}</token>
			</operators>
			<operands>
				<token count="1">LinkedList</token>
				<token count="3">ListItem</token>
				<token count="2">NULL</token>
				<token count="6">T</token>
				<token count="1">head</token>
				<token count="1">insertAtHead</token>
				<token count="1">insertSorted</token>
				<token count="4">item</token>
				<token count="4">newnode</token>
				<token count="6">next</token>
				<token count="1">prev</token>
				<token count="10">traverse</token>
				<token count="1">value</token>
				<token count="1">void</token>
			</operands>
		</function>
		<function name="LinkedList::getHead()">
			<start_line>163</start_line>
			<vG_b>2</vG_b>
			<vG_e>2</vG_e>
			<params>0</params>
			<LOCphy>9</LOCphy>
			<LOCpro>6</LOCpro>
			<LOCbl>2</LOCbl>
			<LOCcom>0</LOCcom>
			<N>26</N>
			<N1>16</N1>
			<N2>10</N2>
			<n>17</n>
			<n1>11</n1>
			<n2>6</n2>
			<V>106.274</V>
			<B>0.033</B>
			<D>9.167</D>
			<E>974.179</E>
			<L>0.109</L>
			<T>00:00:54</T>
			<MaxND>1</MaxND>
			<MIwoc>111</MIwoc>
			<MIcwc>0</MIcwc>
			<MI>111</MI>
			<operators>
				<token count="1">()</token>
				<token count="1">*</token>
				<token count="1">::</token>
				<token count="2">;</token>
				<token count="2">&lt;</token>
				<token count="1">==</token>
				<token count="3">&gt;</token>
				<token count="1">class</token>
				<token count="1">if()</token>
				<token count="2">return</token>
				<token count="1">{}</token>
			</operators>
			<operands>
				<token count="1">LinkedList</token>
				<token count="1">ListItem</token>
				<token count="2">NULL</token>
				<token count="3">T</token>
				<token count="1">getHead</token>
				<token count="2">head</token>
			</operands>
		</function>
		<function name="LinkedList::getTail()">
			<start_line>173</start_line>
			<vG_b>3</vG_b>
			<vG_e>3</vG_e>
			<params>0</params>
			<LOCphy>16</LOCphy>
			<LOCpro>13</LOCpro>
			<LOCbl>2</LOCbl>
			<LOCcom alarmed="1">0</LOCcom>
			<N>49</N>
			<N1>29</N1>
			<N2>20</N2>
			<n>23</n>
			<n1>15</n1>
			<n2>8</n2>
			<V>221.655</V>
			<B>0.086</B>
			<D>18.750</D>
			<E>4156.022</E>
			<L>0.053</L>
			<T>00:03:50</T>
			<MaxND>2</MaxND>
			<MIwoc>97</MIwoc>
			<MIcwc>0</MIcwc>
			<MI>97</MI>
			<operators>
				<token count="1">!=</token>
				<token count="1">()</token>
				<token count="2">*</token>
				<token count="2">-&gt;</token>
				<token count="1">::</token>
				<token count="4">;</token>
				<token count="3">&lt;</token>
				<token count="2">=</token>
				<token count="1">==</token>
				<token count="4">&gt;</token>
				<token count="1">class</token>
				<token count="1">if()</token>
				<token count="2">return</token>
				<token count="1">while()</token>
				<token count="3">{}</token>
			</operators>
			<operands>
				<token count="1">LinkedList</token>
				<token count="2">ListItem</token>
				<token count="3">NULL</token>
				<token count="4">T</token>
				<token count="1">getTail</token>
				<token count="2">head</token>
				<token count="2">next</token>
				<token count="5">temp</token>
			</operands>
		</function>
		<function name="LinkedList::searchFor()">
			<start_line>190</start_line>
			<vG_b>4</vG_b>
			<vG_e>4</vG_e>
			<params>1</params>
			<LOCphy>21</LOCphy>
			<LOCpro>17</LOCpro>
			<LOCbl>3</LOCbl>
			<LOCcom alarmed="1">0</LOCcom>
			<N>59</N>
			<N1>34</N1>
			<N2>25</N2>
			<n>25</n>
			<n1>15</n1>
			<n2>10</n2>
			<V>273.988</V>
			<B>0.099</B>
			<D>18.750</D>
			<E>5137.266</E>
			<L>0.053</L>
			<T>00:04:45</T>
			<MaxND>3</MaxND>
			<MIwoc>92</MIwoc>
			<MIcwc>0</MIcwc>
			<MI>92</MI>
			<operators>
				<token count="1">!=</token>
				<token count="1">()</token>
				<token count="2">*</token>
				<token count="2">-&gt;</token>
				<token count="1">::</token>
				<token count="5">;</token>
				<token count="3">&lt;</token>
				<token count="2">=</token>
				<token count="2">==</token>
				<token count="4">&gt;</token>
				<token count="1">class</token>
				<token count="2">if()</token>
				<token count="3">return</token>
				<token count="1">while()</token>
				<token count="4">{}</token>
			</operators>
			<operands>
				<token count="1">LinkedList</token>
				<token count="2">ListItem</token>
				<token count="4">NULL</token>
				<token count="5">T</token>
				<token count="2">head</token>
				<token count="2">item</token>
				<token count="1">next</token>
				<token count="1">searchFor</token>
				<token count="6">temp</token>
				<token count="1">value</token>
			</operands>
		</function>
		<function name="LinkedList::deleteElement()">
			<start_line>212</start_line>
			<vG_b>7</vG_b>
			<vG_e>7</vG_e>
			<params>1</params>
			<LOCphy>53</LOCphy>
			<LOCpro alarmed="1">42</LOCpro>
			<LOCbl>7</LOCbl>
			<LOCcom alarmed="1">3</LOCcom>
			<N>157</N>
			<N1>90</N1>
			<N2>67</N2>
			<n>30</n>
			<n1>16</n1>
			<n2>14</n2>
			<V>770.382</V>
			<B>0.318</B>
			<D>38.286</D>
			<E>29494.619</E>
			<L>0.026</L>
			<T>00:27:18</T>
			<MaxND>4</MaxND>
			<MIwoc>71</MIwoc>
			<MIcwc>18</MIcwc>
			<MI>89</MI>
			<operators>
				<token count="1">!=</token>
				<token count="1">()</token>
				<token count="4">*</token>
				<token count="13">-&gt;</token>
				<token count="1">::</token>
				<token count="22">;</token>
				<token count="5">&lt;</token>
				<token count="11">=</token>
				<token count="5">==</token>
				<token count="6">&gt;</token>
				<token count="1">class</token>
				<token count="1">delete</token>
				<token count="5">if()</token>
				<token count="6">return</token>
				<token count="1">while()</token>
				<token count="7">{}</token>
			</operators>
			<operands>
				<token count="1">LinkedList</token>
				<token count="4">ListItem</token>
				<token count="6">NULL</token>
				<token count="7">T</token>
				<token count="1">deleteElement</token>
				<token count="9">head</token>
				<token count="3">item</token>
				<token count="7">next</token>
				<token count="4">prev</token>
				<token count="12">temp</token>
				<token count="4">tempnext</token>
				<token count="6">tempprev</token>
				<token count="2">value</token>
				<token count="1">void</token>
			</operands>
		</function>
		<function name="LinkedList::deleteHead()">
			<start_line>266</start_line>
			<vG_b>3</vG_b>
			<vG_e>3</vG_e>
			<params>0</params>
			<LOCphy>19</LOCphy>
			<LOCpro>16</LOCpro>
			<LOCbl>1</LOCbl>
			<LOCcom alarmed="1">1</LOCcom>
			<N>54</N>
			<N1>32</N1>
			<N2>22</N2>
			<n>24</n>
			<n1>14</n1>
			<n2>10</n2>
			<V>247.588</V>
			<B>0.081</B>
			<D>15.400</D>
			<E>3812.855</E>
			<L>0.065</L>
			<T>00:03:31</T>
			<MaxND>2</MaxND>
			<MIwoc>94</MIwoc>
			<MIcwc>17</MIcwc>
			<MI>111</MI>
			<operators>
				<token count="1">()</token>
				<token count="1">*</token>
				<token count="3">-&gt;</token>
				<token count="1">::</token>
				<token count="7">;</token>
				<token count="2">&lt;</token>
				<token count="3">=</token>
				<token count="2">==</token>
				<token count="3">&gt;</token>
				<token count="1">class</token>
				<token count="1">delete</token>
				<token count="2">if()</token>
				<token count="2">return</token>
				<token count="3">{}</token>
			</operators>
			<operands>
				<token count="1">LinkedList</token>
				<token count="1">ListItem</token>
				<token count="3">NULL</token>
				<token count="3">T</token>
				<token count="1">deleteHead</token>
				<token count="7">head</token>
				<token count="2">next</token>
				<token count="1">prev</token>
				<token count="2">temp</token>
				<token count="1">void</token>
			</operands>
		</function>
		<function name="LinkedList::deleteTail()">
			<start_line>286</start_line>
			<vG_b>4</vG_b>
			<vG_e>4</vG_e>
			<params>0</params>
			<LOCphy>25</LOCphy>
			<LOCpro>21</LOCpro>
			<LOCbl>2</LOCbl>
			<LOCcom alarmed="1">1</LOCcom>
			<N>75</N>
			<N1>44</N1>
			<N2>31</N2>
			<n>30</n>
			<n1>16</n1>
			<n2>14</n2>
			<V>368.017</V>
			<B>0.116</B>
			<D>17.714</D>
			<E>6519.155</E>
			<L>0.056</L>
			<T>00:06:02</T>
			<MaxND>2</MaxND>
			<MIwoc>87</MIwoc>
			<MIcwc>15</MIcwc>
			<MI>102</MI>
			<operators>
				<token count="1">!=</token>
				<token count="2">()</token>
				<token count="2">*</token>
				<token count="5">-&gt;</token>
				<token count="1">::</token>
				<token count="9">;</token>
				<token count="3">&lt;</token>
				<token count="4">=</token>
				<token count="2">==</token>
				<token count="4">&gt;</token>
				<token count="1">class</token>
				<token count="1">delete</token>
				<token count="2">if()</token>
				<token count="2">return</token>
				<token count="1">while()</token>
				<token count="4">{}</token>
			</operators>
			<operands>
				<token count="1">1</token>
				<token count="1">LinkedList</token>
				<token count="2">ListItem</token>
				<token count="3">NULL</token>
				<token count="4">T</token>
				<token count="1">deleteTail</token>
				<token count="3">head</token>
				<token count="1">length</token>
				<token count="3">next</token>
				<token count="1">prev</token>
				<token count="6">temp</token>
				<token count="3">tempie</token>
				<token count="1">this</token>
				<token count="1">void</token>
			</operands>
		</function>
		<function name="LinkedList::length()">
			<start_line>312</start_line>
			<vG_b>4</vG_b>
			<vG_e>4</vG_e>
			<params>0</params>
			<LOCphy>20</LOCphy>
			<LOCpro>17</LOCpro>
			<LOCbl>2</LOCbl>
			<LOCcom alarmed="1">0</LOCcom>
			<N>63</N>
			<N1>36</N1>
			<N2>27</N2>
			<n>27</n>
			<n1>16</n1>
			<n2>11</n2>
			<V>299.558</V>
			<B>0.109</B>
			<D>19.636</D>
			<E>5882.228</E>
			<L>0.051</L>
			<T>00:05:26</T>
			<MaxND>3</MaxND>
			<MIwoc>92</MIwoc>
			<MIcwc>0</MIcwc>
			<MI>92</MI>
			<operators>
				<token count="1">!=</token>
				<token count="1">()</token>
				<token count="1">*</token>
				<token count="1">++</token>
				<token count="2">-&gt;</token>
				<token count="1">::</token>
				<token count="8">;</token>
				<token count="2">&lt;</token>
				<token count="3">=</token>
				<token count="2">==</token>
				<token count="3">&gt;</token>
				<token count="1">class</token>
				<token count="2">if()</token>
				<token count="3">return</token>
				<token count="1">while()</token>
				<token count="4">{}</token>
			</operators>
			<operands>
				<token count="2">0</token>
				<token count="1">LinkedList</token>
				<token count="1">ListItem</token>
				<token count="3">NULL</token>
				<token count="3">T</token>
				<token count="4">counter</token>
				<token count="2">head</token>
				<token count="2">int</token>
				<token count="1">length</token>
				<token count="2">next</token>
				<token count="6">temporal</token>
			</operands>
		</function>
		<function name="LinkedList::reverse()">
			<start_line>333</start_line>
			<vG_b>3</vG_b>
			<vG_e>3</vG_e>
			<params>0</params>
			<LOCphy>22</LOCphy>
			<LOCpro>18</LOCpro>
			<LOCbl>3</LOCbl>
			<LOCcom alarmed="1">0</LOCcom>
			<N>77</N>
			<N1>43</N1>
			<N2>34</N2>
			<n>27</n>
			<n1>15</n1>
			<n2>12</n2>
			<V>366.126</V>
			<B>0.131</B>
			<D>21.250</D>
			<E>7780.185</E>
			<L>0.047</L>
			<T>00:07:12</T>
			<MaxND>2</MaxND>
			<MIwoc>90</MIwoc>
			<MIcwc>0</MIcwc>
			<MI>90</MI>
			<operators>
				<token count="1">!=</token>
				<token count="1">()</token>
				<token count="3">*</token>
				<token count="4">-&gt;</token>
				<token count="1">::</token>
				<token count="9">;</token>
				<token count="4">&lt;</token>
				<token count="7">=</token>
				<token count="1">==</token>
				<token count="5">&gt;</token>
				<token count="1">class</token>
				<token count="1">if()</token>
				<token count="1">return</token>
				<token count="1">while()</token>
				<token count="3">{}</token>
			</operators>
			<operands>
				<token count="1">LinkedList</token>
				<token count="3">ListItem</token>
				<token count="2">NULL</token>
				<token count="5">T</token>
				<token count="3">head</token>
				<token count="2">next</token>
				<token count="2">prev</token>
				<token count="3">previous</token>
				<token count="1">reverse</token>
				<token count="3">temp</token>
				<token count="8">traverse</token>
				<token count="1">void</token>
			</operands>
		</function>
		<function name="LinkedList::parityArrangement()">
			<start_line>356</start_line>
			<vG_b>1</vG_b>
			<vG_e>1</vG_e>
			<params>0</params>
			<LOCphy>5</LOCphy>
			<LOCpro alarmed="1">3</LOCpro>
			<LOCbl>1</LOCbl>
			<LOCcom>0</LOCcom>
			<N>12</N>
			<N1>7</N1>
			<N2>5</N2>
			<n>10</n>
			<n1>6</n1>
			<n2>4</n2>
			<V>39.863</V>
			<B>0.009</B>
			<D>3.750</D>
			<E>149.487</E>
			<L>0.267</L>
			<T>00:00:08</T>
			<MaxND>1</MaxND>
			<MIwoc>126</MIwoc>
			<MIcwc>0</MIcwc>
			<MI>126</MI>
			<operators>
				<token count="1">()</token>
				<token count="1">::</token>
				<token count="1">&lt;</token>
				<token count="2">&gt;</token>
				<token count="1">class</token>
				<token count="1">{}</token>
			</operators>
			<operands>
				<token count="1">LinkedList</token>
				<token count="2">T</token>
				<token count="1">parityArrangement</token>
				<token count="1">void</token>
			</operands>
		</function>
		<file_total>
			<vG_b>36</vG_b>
			<vG_e>37</vG_e>
			<vG_b_max>7</vG_b_max>
			<vG_b_avg>3</vG_b_avg>
			<vG_e_max>7</vG_e_max>
			<vG_e_avg>3</vG_e_avg>
			<params>8</params>
			<LOCphy>363</LOCphy>
			<LOCpro>283</LOCpro>
			<LOCbl>75</LOCbl>
			<LOCcom alarmed="1">6</LOCcom>
			<N>1149</N>
			<N1>670</N1>
			<N2>479</N2>
			<n>77</n>
			<n1>32</n1>
			<n2>45</n2>
			<V>7200.538</V>
			<B alarmed="1">3.819</B>
			<D>170.311</D>
			<E>1226331.625</E>
			<L>0.006</L>
			<T>18:55:29</T>
			<MaxND>4</MaxND>
			<MIwoc>88</MIwoc>
			<MIcwc>10</MIcwc>
			<MI>98</MI>
			<operators>
				<token count="12">!=</token>
				<token count="6">#</token>
				<token count="1">&amp;</token>
				<token count="1">&amp;&amp;</token>
				<token count="27">()</token>
				<token count="27">*</token>
				<token count="1">++</token>
				<token count="1">,</token>
				<token count="66">-&gt;</token>
				<token count="3">.</token>
				<token count="16">::</token>
				<token count="118">;</token>
				<token count="68">&lt;</token>
				<token count="1">&lt;=</token>
				<token count="71">=</token>
				<token count="21">==</token>
				<token count="68">&gt;</token>
				<token count="16">class</token>
				<token count="1">const</token>
				<token count="4">delete</token>
				<token count="1">else</token>
				<token count="1">endif</token>
				<token count="23">if()</token>
				<token count="1">ifndef</token>
				<token count="1">namespace</token>
				<token count="8">new</token>
				<token count="27">return</token>
				<token count="16">template</token>
				<token count="1">using</token>
				<token count="11">while()</token>
				<token count="50">{}</token>
				<token count="1">~</token>
			</operators>
			<operands>
				<token count="2">0</token>
				<token count="1">1</token>
				<token count="20">LinkedList</token>
				<token count="35">ListItem</token>
				<token count="38">NULL</token>
				<token count="75">T</token>
				<token count="2">__LIST_CPP</token>
				<token count="2">afterWhat</token>
				<token count="4">counter</token>
				<token count="20">current</token>
				<token count="1">define</token>
				<token count="1">deleteElement</token>
				<token count="1">deleteHead</token>
				<token count="1">deleteTail</token>
				<token count="1">getHead</token>
				<token count="1">getTail</token>
				<token count="50">head</token>
				<token count="3">include</token>
				<token count="1">insertAfter</token>
				<token count="2">insertAtHead</token>
				<token count="1">insertAtTail</token>
				<token count="1">insertSorted</token>
				<token count="2">int</token>
				<token count="17">item</token>
				<token count="2">length</token>
				<token count="4">newnode</token>
				<token count="42">next</token>
				<token count="4">otherLinkedList</token>
				<token count="6">otherpoint</token>
				<token count="1">parityArrangement</token>
				<token count="14">prev</token>
				<token count="3">previous</token>
				<token count="1">reverse</token>
				<token count="1">searchFor</token>
				<token count="1">std</token>
				<token count="54">temp</token>
				<token count="3">tempie</token>
				<token count="4">tempnext</token>
				<token count="6">temporal</token>
				<token count="6">tempprev</token>
				<token count="1">this</token>
				<token count="2">toInsert</token>
				<token count="24">traverse</token>
				<token count="9">value</token>
				<token count="9">void</token>
			</operands>
		</file_total>
	</file>
	<system>
		<files>1</files>
		<functions>16</functions>
		<LOCphy>363</LOCphy>
		<LOCbl>75</LOCbl>
		<LOCpro>283</LOCpro>
		<LOCcom>6</LOCcom>
		<semicolons>118</semicolons>
		<vG_b>36</vG_b>
		<vG_e>37</vG_e>
		<params>8</params>
		<MIwoc>91</MIwoc>
		<MIcw>10</MIcw>
		<MI>101</MI>
		<alarms>
			<file_vG>
				<measured>1</measured>
				<alarmed>0</alarmed>
				<percent>0</percent>
				<lowlimit>1</lowlimit>
				<highlimit>100</highlimit>
			</file_vG>
			<file_LOCpro>
				<measured>1</measured>
				<alarmed>0</alarmed>
				<percent>0</percent>
				<lowlimit>4</lowlimit>
				<highlimit>400</highlimit>
			</file_LOCpro>
			<file_comment_percent>
				<measured>1</measured>
				<alarmed>1</alarmed>
				<percent>100</percent>
				<lowlimit>30</lowlimit>
				<highlimit>75</highlimit>
			</file_comment_percent>
			<file_V>
				<measured>1</measured>
				<alarmed>0</alarmed>
				<percent>0</percent>
				<lowlimit>100</lowlimit>
				<highlimit>8000</highlimit>
			</file_V>
			<file_B>
				<measured>1</measured>
				<alarmed>1</alarmed>
				<percent>100</percent>
				<lowlimit>0</lowlimit>
				<highlimit>2</highlimit>
			</file_B>
			<file_MI>
				<measured>1</measured>
				<alarmed>0</alarmed>
				<percent>0</percent>
				<lowlimit>65</lowlimit>
			</file_MI>
			<function_vG>
				<measured>16</measured>
				<alarmed>0</alarmed>
				<percent>0</percent>
				<lowlimit>1</lowlimit>
				<highlimit>10</highlimit>
			</function_vG>
			<function_LOCpro>
				<measured>16</measured>
				<alarmed>2</alarmed>
				<percent>12</percent>
				<lowlimit>4</lowlimit>
				<highlimit>40</highlimit>
			</function_LOCpro>
			<function_comment_percent>
				<measured>16</measured>
				<alarmed>13</alarmed>
				<percent>81</percent>
				<lowlimit>30</lowlimit>
				<highlimit>75</highlimit>
			</function_comment_percent>
			<function_V>
				<measured>16</measured>
				<alarmed>0</alarmed>
				<percent>0</percent>
				<lowlimit>20</lowlimit>
				<highlimit>1000</highlimit>
			</function_V>
			<function_MI>
				<measured>16</measured>
				<alarmed>0</alarmed>
				<percent>0</percent>
				<lowlimit>65</lowlimit>
			</function_MI>
		</alarms>
		<error_messages count="0">
		</error_messages>
	</system>
</cmt_long_report>
