<?xml version="1.0" ?>
<cmt_long_report>
	<header_info>
		<cmt_version>7.0</cmt_version>
		<copyright>Copyright (c) 1993-2013 Testwell Oy</copyright>
		<copyright>Copyright (c) 2013-2018 Verifysoft Technology GmbH</copyright>
		<license_notes>
		</license_notes>
		<date>Tue Apr  4 22:35:38 2023</date>
		<cmt_options> -o C:\Users\muawi\cmt\A1_T1_S142.xml -lf -f C:\Users\muawi\cmt\files.txt</cmt_options>
		<run_directory>C:\Testwell\CMT</run_directory>
		<mccabe_preference>extended</mccabe_preference>
	</header_info>
	<file name="C:\Users\muawi\OneDrive\Documents\Study\Junior Year\Topics in Internet Research\Project\PA1_ANON_DATA\PA1_ANON_DATA\folder_142\LinkedList.cpp" stamp="1680056158">
		<function name="LinkedList::LinkedList()">
			<start_line>9</start_line>
			<vG_b>1</vG_b>
			<vG_e>1</vG_e>
			<params>0</params>
			<LOCphy>8</LOCphy>
			<LOCpro>4</LOCpro>
			<LOCbl>3</LOCbl>
			<LOCcom>0</LOCcom>
			<N>15</N>
			<N1>9</N1>
			<N2>6</N2>
			<n>12</n>
			<n1>8</n1>
			<n2>4</n2>
			<V>53.774</V>
			<B>0.016</B>
			<D>6.000</D>
			<E>322.647</E>
			<L>0.167</L>
			<T>00:00:17</T>
			<MaxND>1</MaxND>
			<MIwoc>116</MIwoc>
			<MIcwc>0</MIcwc>
			<MI>116</MI>
			<operators>
				<token count="1">()</token>
				<token count="1">::</token>
				<token count="1">;</token>
				<token count="1">&lt;</token>
				<token count="1">=</token>
				<token count="2">&gt;</token>
				<token count="1">class</token>
				<token count="1">{}</token>
			</operators>
			<operands>
				<token count="2">LinkedList</token>
				<token count="1">NULL</token>
				<token count="2">T</token>
				<token count="1">head</token>
			</operands>
		</function>
		<function name="LinkedList::LinkedList()">
			<start_line>18</start_line>
			<vG_b>3</vG_b>
			<vG_e>3</vG_e>
			<params>1</params>
			<LOCphy>18</LOCphy>
			<LOCpro>17</LOCpro>
			<LOCbl>0</LOCbl>
			<LOCcom alarmed="1">0</LOCcom>
			<N>61</N>
			<N1>36</N1>
			<N2>25</N2>
			<n>28</n>
			<n1>18</n1>
			<n2>10</n2>
			<V>293.249</V>
			<B>0.117</B>
			<D>22.500</D>
			<E>6598.095</E>
			<L>0.044</L>
			<T>00:06:06</T>
			<MaxND>3</MaxND>
			<MIwoc>94</MIwoc>
			<MIcwc>0</MIcwc>
			<MI>94</MI>
			<operators>
				<token count="2">!=</token>
				<token count="1">&amp;</token>
				<token count="2">()</token>
				<token count="1">*</token>
				<token count="2">-&gt;</token>
				<token count="2">.</token>
				<token count="1">::</token>
				<token count="5">;</token>
				<token count="3">&lt;</token>
				<token count="3">=</token>
				<token count="4">&gt;</token>
				<token count="1">class</token>
				<token count="1">const</token>
				<token count="1">else</token>
				<token count="1">if()</token>
				<token count="1">return</token>
				<token count="1">while()</token>
				<token count="4">{}</token>
			</operators>
			<operands>
				<token count="3">LinkedList</token>
				<token count="1">ListItem</token>
				<token count="3">NULL</token>
				<token count="4">T</token>
				<token count="5">curr</token>
				<token count="3">head</token>
				<token count="1">insertAtTail</token>
				<token count="1">next</token>
				<token count="3">otherLinkedList</token>
				<token count="1">value</token>
			</operands>
		</function>
		<function name="LinkedList::~LinkedList()">
			<start_line>37</start_line>
			<vG_b>3</vG_b>
			<vG_e>3</vG_e>
			<params>0</params>
			<LOCphy>21</LOCphy>
			<LOCpro>15</LOCpro>
			<LOCbl>5</LOCbl>
			<LOCcom alarmed="1">0</LOCcom>
			<N>55</N>
			<N1>33</N1>
			<N2>22</N2>
			<n>25</n>
			<n1>17</n1>
			<n2>8</n2>
			<V>255.412</V>
			<B>0.110</B>
			<D>23.375</D>
			<E>5970.258</E>
			<L>0.043</L>
			<T>00:05:31</T>
			<MaxND>2</MaxND>
			<MIwoc>92</MIwoc>
			<MIcwc>0</MIcwc>
			<MI>92</MI>
			<operators>
				<token count="1">!=</token>
				<token count="1">()</token>
				<token count="2">*</token>
				<token count="1">-&gt;</token>
				<token count="1">::</token>
				<token count="6">;</token>
				<token count="3">&lt;</token>
				<token count="4">=</token>
				<token count="1">==</token>
				<token count="4">&gt;</token>
				<token count="1">class</token>
				<token count="1">delete</token>
				<token count="1">if()</token>
				<token count="1">return</token>
				<token count="1">while()</token>
				<token count="3">{}</token>
				<token count="1">~</token>
			</operators>
			<operands>
				<token count="2">LinkedList</token>
				<token count="2">ListItem</token>
				<token count="2">NULL</token>
				<token count="4">T</token>
				<token count="6">curr</token>
				<token count="2">head</token>
				<token count="1">next</token>
				<token count="3">todel</token>
			</operands>
		</function>
		<function name="LinkedList::insertAtHead()">
			<start_line>59</start_line>
			<vG_b>1</vG_b>
			<vG_e>1</vG_e>
			<params>1</params>
			<LOCphy>12</LOCphy>
			<LOCpro>8</LOCpro>
			<LOCbl>3</LOCbl>
			<LOCcom>0</LOCcom>
			<N>51</N>
			<N1>27</N1>
			<N2>24</N2>
			<n>23</n>
			<n1>11</n1>
			<n2>12</n2>
			<V>230.702</V>
			<B>0.062</B>
			<D>11.000</D>
			<E>2537.718</E>
			<L>0.091</L>
			<T>00:02:20</T>
			<MaxND>1</MaxND>
			<MIwoc>102</MIwoc>
			<MIcwc>0</MIcwc>
			<MI>102</MI>
			<operators>
				<token count="2">()</token>
				<token count="1">*</token>
				<token count="3">-&gt;</token>
				<token count="1">::</token>
				<token count="5">;</token>
				<token count="3">&lt;</token>
				<token count="5">=</token>
				<token count="4">&gt;</token>
				<token count="1">class</token>
				<token count="1">new</token>
				<token count="1">{}</token>
			</operators>
			<operands>
				<token count="1">LinkedList</token>
				<token count="2">ListItem</token>
				<token count="1">NULL</token>
				<token count="5">T</token>
				<token count="2">head</token>
				<token count="1">insertAtHead</token>
				<token count="3">item</token>
				<token count="1">next</token>
				<token count="1">prev</token>
				<token count="5">t</token>
				<token count="1">value</token>
				<token count="1">void</token>
			</operands>
		</function>
		<function name="LinkedList::insertAtTail()">
			<start_line>72</start_line>
			<vG_b>3</vG_b>
			<vG_e>3</vG_e>
			<params>1</params>
			<LOCphy>29</LOCphy>
			<LOCpro>24</LOCpro>
			<LOCbl>4</LOCbl>
			<LOCcom alarmed="1">0</LOCcom>
			<N>119</N>
			<N1>65</N1>
			<N2>54</N2>
			<n>29</n>
			<n1>16</n1>
			<n2>13</n2>
			<V>578.100</V>
			<B>0.239</B>
			<D>33.231</D>
			<E>19210.699</E>
			<L>0.030</L>
			<T>00:17:47</T>
			<MaxND>3</MaxND>
			<MIwoc>83</MIwoc>
			<MIcwc>0</MIcwc>
			<MI>83</MI>
			<operators>
				<token count="1">!=</token>
				<token count="3">()</token>
				<token count="3">*</token>
				<token count="9">-&gt;</token>
				<token count="1">::</token>
				<token count="12">;</token>
				<token count="6">&lt;</token>
				<token count="12">=</token>
				<token count="1">==</token>
				<token count="7">&gt;</token>
				<token count="1">class</token>
				<token count="1">else</token>
				<token count="1">if()</token>
				<token count="2">new</token>
				<token count="1">while()</token>
				<token count="4">{}</token>
			</operators>
			<operands>
				<token count="1">LinkedList</token>
				<token count="5">ListItem</token>
				<token count="4">NULL</token>
				<token count="8">T</token>
				<token count="4">head</token>
				<token count="1">insertAtTail</token>
				<token count="5">item</token>
				<token count="5">next</token>
				<token count="2">prev</token>
				<token count="10">t</token>
				<token count="6">trav</token>
				<token count="2">value</token>
				<token count="1">void</token>
			</operands>
		</function>
		<function name="LinkedList::insertAfter()">
			<start_line>102</start_line>
			<vG_b>3</vG_b>
			<vG_e>3</vG_e>
			<params>2</params>
			<LOCphy>26</LOCphy>
			<LOCpro>19</LOCpro>
			<LOCbl>6</LOCbl>
			<LOCcom alarmed="1">0</LOCcom>
			<N>103</N>
			<N1>58</N1>
			<N2>45</N2>
			<n>32</n>
			<n1>17</n1>
			<n2>15</n2>
			<V>515.000</V>
			<B>0.186</B>
			<D>25.500</D>
			<E>13132.500</E>
			<L>0.039</L>
			<T>00:12:09</T>
			<MaxND>3</MaxND>
			<MIwoc>85</MIwoc>
			<MIcwc>0</MIcwc>
			<MI>85</MI>
			<operators>
				<token count="1">!=</token>
				<token count="3">()</token>
				<token count="4">*</token>
				<token count="1">,</token>
				<token count="5">-&gt;</token>
				<token count="1">::</token>
				<token count="9">;</token>
				<token count="6">&lt;</token>
				<token count="8">=</token>
				<token count="1">==</token>
				<token count="7">&gt;</token>
				<token count="1">class</token>
				<token count="2">else</token>
				<token count="2">if()</token>
				<token count="1">new</token>
				<token count="1">return</token>
				<token count="5">{}</token>
			</operators>
			<operands>
				<token count="1">LinkedList</token>
				<token count="5">ListItem</token>
				<token count="2">NULL</token>
				<token count="9">T</token>
				<token count="2">afterWhat</token>
				<token count="5">found</token>
				<token count="1">insertAfter</token>
				<token count="3">next</token>
				<token count="2">prev</token>
				<token count="1">searchFor</token>
				<token count="5">temp2</token>
				<token count="4">tempkanext</token>
				<token count="2">temporary</token>
				<token count="2">toInsert</token>
				<token count="1">void</token>
			</operands>
		</function>
		<function name="LinkedList::insertSorted()">
			<start_line>129</start_line>
			<vG_b>4</vG_b>
			<vG_e>5</vG_e>
			<params>1</params>
			<LOCphy>30</LOCphy>
			<LOCpro>23</LOCpro>
			<LOCbl>6</LOCbl>
			<LOCcom alarmed="1">0</LOCcom>
			<N>111</N>
			<N1>61</N1>
			<N2>50</N2>
			<n>32</n>
			<n1>18</n1>
			<n2>14</n2>
			<V>555.000</V>
			<B>0.228</B>
			<D>32.143</D>
			<E>17839.285</E>
			<L>0.031</L>
			<T>00:16:31</T>
			<MaxND>2</MaxND>
			<MIwoc>82</MIwoc>
			<MIcwc>0</MIcwc>
			<MI>82</MI>
			<operators>
				<token count="1">!=</token>
				<token count="1">&amp;&amp;</token>
				<token count="4">()</token>
				<token count="2">*</token>
				<token count="11">-&gt;</token>
				<token count="1">::</token>
				<token count="11">;</token>
				<token count="4">&lt;</token>
				<token count="1">&lt;=</token>
				<token count="7">=</token>
				<token count="1">==</token>
				<token count="6">&gt;</token>
				<token count="1">class</token>
				<token count="2">if()</token>
				<token count="1">new</token>
				<token count="2">return</token>
				<token count="1">while()</token>
				<token count="4">{}</token>
			</operators>
			<operands>
				<token count="1">LinkedList</token>
				<token count="3">ListItem</token>
				<token count="2">NULL</token>
				<token count="6">T</token>
				<token count="9">curr</token>
				<token count="3">head</token>
				<token count="2">insertAtHead</token>
				<token count="1">insertSorted</token>
				<token count="6">item</token>
				<token count="7">next</token>
				<token count="2">prev</token>
				<token count="5">t</token>
				<token count="2">value</token>
				<token count="1">void</token>
			</operands>
		</function>
		<function name="LinkedList::getHead()">
			<start_line>160</start_line>
			<vG_b>1</vG_b>
			<vG_e>1</vG_e>
			<params>0</params>
			<LOCphy>7</LOCphy>
			<LOCpro>4</LOCpro>
			<LOCbl>2</LOCbl>
			<LOCcom>0</LOCcom>
			<N>19</N>
			<N1>12</N1>
			<N2>7</N2>
			<n>14</n>
			<n1>9</n1>
			<n2>5</n2>
			<V>72.340</V>
			<B>0.020</B>
			<D>6.300</D>
			<E>455.740</E>
			<L>0.159</L>
			<T>00:00:25</T>
			<MaxND>1</MaxND>
			<MIwoc>117</MIwoc>
			<MIcwc>0</MIcwc>
			<MI>117</MI>
			<operators>
				<token count="1">()</token>
				<token count="1">*</token>
				<token count="1">::</token>
				<token count="1">;</token>
				<token count="2">&lt;</token>
				<token count="3">&gt;</token>
				<token count="1">class</token>
				<token count="1">return</token>
				<token count="1">{}</token>
			</operators>
			<operands>
				<token count="1">LinkedList</token>
				<token count="1">ListItem</token>
				<token count="3">T</token>
				<token count="1">getHead</token>
				<token count="1">head</token>
			</operands>
		</function>
		<function name="LinkedList::getTail()">
			<start_line>168</start_line>
			<vG_b>4</vG_b>
			<vG_e>4</vG_e>
			<params>0</params>
			<LOCphy>26</LOCphy>
			<LOCpro>19</LOCpro>
			<LOCbl>6</LOCbl>
			<LOCcom alarmed="1">0</LOCcom>
			<N>72</N>
			<N1>42</N1>
			<N2>30</N2>
			<n>24</n>
			<n1>15</n1>
			<n2>9</n2>
			<V>330.117</V>
			<B>0.136</B>
			<D>25.000</D>
			<E>8252.933</E>
			<L>0.040</L>
			<T>00:07:38</T>
			<MaxND>2</MaxND>
			<MIwoc>87</MIwoc>
			<MIcwc>0</MIcwc>
			<MI>87</MI>
			<operators>
				<token count="1">!=</token>
				<token count="1">()</token>
				<token count="3">*</token>
				<token count="3">-&gt;</token>
				<token count="1">::</token>
				<token count="7">;</token>
				<token count="4">&lt;</token>
				<token count="4">=</token>
				<token count="2">==</token>
				<token count="5">&gt;</token>
				<token count="1">class</token>
				<token count="2">if()</token>
				<token count="3">return</token>
				<token count="1">while()</token>
				<token count="4">{}</token>
			</operators>
			<operands>
				<token count="1">LinkedList</token>
				<token count="3">ListItem</token>
				<token count="5">NULL</token>
				<token count="5">T</token>
				<token count="5">curr</token>
				<token count="1">getTail</token>
				<token count="4">head</token>
				<token count="3">next</token>
				<token count="3">tailnode</token>
			</operands>
		</function>
		<function name="LinkedList::searchFor()">
			<start_line>195</start_line>
			<vG_b>4</vG_b>
			<vG_e>4</vG_e>
			<params>1</params>
			<LOCphy>24</LOCphy>
			<LOCpro>15</LOCpro>
			<LOCbl>8</LOCbl>
			<LOCcom alarmed="1">0</LOCcom>
			<N>60</N>
			<N1>35</N1>
			<N2>25</N2>
			<n>26</n>
			<n1>16</n1>
			<n2>10</n2>
			<V>282.026</V>
			<B>0.106</B>
			<D>20.000</D>
			<E>5640.528</E>
			<L>0.050</L>
			<T>00:05:13</T>
			<MaxND>3</MaxND>
			<MIwoc>89</MIwoc>
			<MIcwc>0</MIcwc>
			<MI>89</MI>
			<operators>
				<token count="2">!=</token>
				<token count="1">()</token>
				<token count="2">*</token>
				<token count="2">-&gt;</token>
				<token count="1">::</token>
				<token count="5">;</token>
				<token count="3">&lt;</token>
				<token count="2">=</token>
				<token count="1">==</token>
				<token count="4">&gt;</token>
				<token count="1">class</token>
				<token count="1">else</token>
				<token count="2">if()</token>
				<token count="3">return</token>
				<token count="1">while()</token>
				<token count="4">{}</token>
			</operators>
			<operands>
				<token count="1">LinkedList</token>
				<token count="2">ListItem</token>
				<token count="3">NULL</token>
				<token count="5">T</token>
				<token count="6">curr</token>
				<token count="3">head</token>
				<token count="2">item</token>
				<token count="1">next</token>
				<token count="1">searchFor</token>
				<token count="1">value</token>
			</operands>
		</function>
		<function name="LinkedList::deleteElement()">
			<start_line>220</start_line>
			<vG_b>5</vG_b>
			<vG_e>5</vG_e>
			<params>1</params>
			<LOCphy>38</LOCphy>
			<LOCpro>27</LOCpro>
			<LOCbl>10</LOCbl>
			<LOCcom alarmed="1">0</LOCcom>
			<N>100</N>
			<N1>59</N1>
			<N2>41</N2>
			<n>30</n>
			<n1>14</n1>
			<n2>16</n2>
			<V>490.689</V>
			<B>0.142</B>
			<D>17.938</D>
			<E>8801.735</E>
			<L>0.056</L>
			<T>00:08:08</T>
			<MaxND>2</MaxND>
			<MIwoc>79</MIwoc>
			<MIcwc>0</MIcwc>
			<MI>79</MI>
			<operators>
				<token count="4">()</token>
				<token count="3">*</token>
				<token count="6">-&gt;</token>
				<token count="1">::</token>
				<token count="12">;</token>
				<token count="4">&lt;</token>
				<token count="5">=</token>
				<token count="4">==</token>
				<token count="5">&gt;</token>
				<token count="1">class</token>
				<token count="1">delete</token>
				<token count="4">if()</token>
				<token count="4">return</token>
				<token count="5">{}</token>
			</operators>
			<operands>
				<token count="1">LinkedList</token>
				<token count="3">ListItem</token>
				<token count="4">NULL</token>
				<token count="6">T</token>
				<token count="1">deleteElement</token>
				<token count="1">deleteHead</token>
				<token count="1">deleteTail</token>
				<token count="7">delitem</token>
				<token count="1">head</token>
				<token count="2">item</token>
				<token count="3">next</token>
				<token count="3">nextdel</token>
				<token count="3">prev</token>
				<token count="3">previousdel</token>
				<token count="1">searchFor</token>
				<token count="1">void</token>
			</operands>
		</function>
		<function name="LinkedList::deleteHead()">
			<start_line>259</start_line>
			<vG_b>3</vG_b>
			<vG_e>3</vG_e>
			<params>0</params>
			<LOCphy>22</LOCphy>
			<LOCpro>17</LOCpro>
			<LOCbl>4</LOCbl>
			<LOCcom alarmed="1">0</LOCcom>
			<N>59</N>
			<N1>35</N1>
			<N2>24</N2>
			<n>24</n>
			<n1>14</n1>
			<n2>10</n2>
			<V>270.513</V>
			<B>0.091</B>
			<D>16.800</D>
			<E>4544.615</E>
			<L>0.060</L>
			<T>00:04:12</T>
			<MaxND>2</MaxND>
			<MIwoc>91</MIwoc>
			<MIcwc>0</MIcwc>
			<MI>91</MI>
			<operators>
				<token count="1">()</token>
				<token count="1">*</token>
				<token count="3">-&gt;</token>
				<token count="1">::</token>
				<token count="8">;</token>
				<token count="2">&lt;</token>
				<token count="4">=</token>
				<token count="2">==</token>
				<token count="3">&gt;</token>
				<token count="1">class</token>
				<token count="2">delete</token>
				<token count="2">if()</token>
				<token count="2">return</token>
				<token count="3">{}</token>
			</operators>
			<operands>
				<token count="1">LinkedList</token>
				<token count="1">ListItem</token>
				<token count="4">NULL</token>
				<token count="3">T</token>
				<token count="1">deleteHead</token>
				<token count="7">head</token>
				<token count="2">next</token>
				<token count="1">prev</token>
				<token count="3">t</token>
				<token count="1">void</token>
			</operands>
		</function>
		<function name="LinkedList::deleteTail()">
			<start_line>282</start_line>
			<vG_b>4</vG_b>
			<vG_e>4</vG_e>
			<params>0</params>
			<LOCphy>21</LOCphy>
			<LOCpro>16</LOCpro>
			<LOCbl>4</LOCbl>
			<LOCcom alarmed="1">0</LOCcom>
			<N>61</N>
			<N1>37</N1>
			<N2>24</N2>
			<n>27</n>
			<n1>15</n1>
			<n2>12</n2>
			<V>290.048</V>
			<B>0.089</B>
			<D>15.000</D>
			<E>4350.722</E>
			<L>0.067</L>
			<T>00:04:01</T>
			<MaxND>2</MaxND>
			<MIwoc>91</MIwoc>
			<MIcwc>0</MIcwc>
			<MI>91</MI>
			<operators>
				<token count="1">!=</token>
				<token count="2">()</token>
				<token count="2">*</token>
				<token count="2">-&gt;</token>
				<token count="1">::</token>
				<token count="6">;</token>
				<token count="3">&lt;</token>
				<token count="3">=</token>
				<token count="2">==</token>
				<token count="4">&gt;</token>
				<token count="1">class</token>
				<token count="1">delete</token>
				<token count="3">if()</token>
				<token count="2">return</token>
				<token count="4">{}</token>
			</operators>
			<operands>
				<token count="1">LinkedList</token>
				<token count="2">ListItem</token>
				<token count="4">NULL</token>
				<token count="4">T</token>
				<token count="1">deleteTail</token>
				<token count="1">getTail</token>
				<token count="1">head</token>
				<token count="1">next</token>
				<token count="1">prev</token>
				<token count="3">t</token>
				<token count="4">tailnode</token>
				<token count="1">void</token>
			</operands>
		</function>
		<function name="LinkedList::length()">
			<start_line>304</start_line>
			<vG_b>2</vG_b>
			<vG_e>2</vG_e>
			<params>0</params>
			<LOCphy>17</LOCphy>
			<LOCpro>11</LOCpro>
			<LOCbl>5</LOCbl>
			<LOCcom alarmed="1">0</LOCcom>
			<N>43</N>
			<N1>24</N1>
			<N2>19</N2>
			<n>25</n>
			<n1>14</n1>
			<n2>11</n2>
			<V>199.686</V>
			<B>0.060</B>
			<D>12.091</D>
			<E>2414.383</E>
			<L>0.083</L>
			<T>00:02:14</T>
			<MaxND>2</MaxND>
			<MIwoc>97</MIwoc>
			<MIcwc>0</MIcwc>
			<MI>97</MI>
			<operators>
				<token count="1">!=</token>
				<token count="1">()</token>
				<token count="1">*</token>
				<token count="1">++</token>
				<token count="1">-&gt;</token>
				<token count="1">::</token>
				<token count="5">;</token>
				<token count="2">&lt;</token>
				<token count="3">=</token>
				<token count="3">&gt;</token>
				<token count="1">class</token>
				<token count="1">return</token>
				<token count="1">while()</token>
				<token count="2">{}</token>
			</operators>
			<operands>
				<token count="1">0</token>
				<token count="1">LinkedList</token>
				<token count="1">ListItem</token>
				<token count="1">NULL</token>
				<token count="3">T</token>
				<token count="3">counter</token>
				<token count="4">curr</token>
				<token count="1">head</token>
				<token count="2">int</token>
				<token count="1">length</token>
				<token count="1">next</token>
			</operands>
		</function>
		<function name="LinkedList::reverse()">
			<start_line>322</start_line>
			<vG_b>3</vG_b>
			<vG_e>3</vG_e>
			<params>0</params>
			<LOCphy>26</LOCphy>
			<LOCpro>17</LOCpro>
			<LOCbl>8</LOCbl>
			<LOCcom alarmed="1">0</LOCcom>
			<N>72</N>
			<N1>40</N1>
			<N2>32</N2>
			<n>26</n>
			<n1>15</n1>
			<n2>11</n2>
			<V>338.432</V>
			<B>0.126</B>
			<D>21.818</D>
			<E>7383.963</E>
			<L>0.046</L>
			<T>00:06:50</T>
			<MaxND>2</MaxND>
			<MIwoc>87</MIwoc>
			<MIcwc>0</MIcwc>
			<MI>87</MI>
			<operators>
				<token count="1">!=</token>
				<token count="1">()</token>
				<token count="2">*</token>
				<token count="5">-&gt;</token>
				<token count="1">::</token>
				<token count="8">;</token>
				<token count="3">&lt;</token>
				<token count="7">=</token>
				<token count="1">==</token>
				<token count="4">&gt;</token>
				<token count="1">class</token>
				<token count="1">if()</token>
				<token count="1">return</token>
				<token count="1">while()</token>
				<token count="3">{}</token>
			</operators>
			<operands>
				<token count="1">LinkedList</token>
				<token count="2">ListItem</token>
				<token count="3">NULL</token>
				<token count="4">T</token>
				<token count="9">curr</token>
				<token count="3">head</token>
				<token count="2">next</token>
				<token count="3">prev</token>
				<token count="3">previ</token>
				<token count="1">reverse</token>
				<token count="1">void</token>
			</operands>
		</function>
		<function name="LinkedList::parityArrangement()">
			<start_line>349</start_line>
			<vG_b>7</vG_b>
			<vG_e>9</vG_e>
			<params>0</params>
			<LOCphy>54</LOCphy>
			<LOCpro alarmed="1">43</LOCpro>
			<LOCbl>10</LOCbl>
			<LOCcom alarmed="1">0</LOCcom>
			<N>173</N>
			<N1>98</N1>
			<N2>75</N2>
			<n>44</n>
			<n1>21</n1>
			<n2>23</n2>
			<V>944.482</V>
			<B>0.338</B>
			<D>34.239</D>
			<E>32338.230</E>
			<L>0.029</L>
			<T>00:29:56</T>
			<MaxND>4</MaxND>
			<MIwoc>69</MIwoc>
			<MIcwc>0</MIcwc>
			<MI>69</MI>
			<operators>
				<token count="4">!=</token>
				<token count="1">%</token>
				<token count="2">&amp;&amp;</token>
				<token count="4">()</token>
				<token count="4">*</token>
				<token count="1">++</token>
				<token count="9">-&gt;</token>
				<token count="1">::</token>
				<token count="20">;</token>
				<token count="6">&lt;</token>
				<token count="1">&lt;=</token>
				<token count="14">=</token>
				<token count="3">==</token>
				<token count="7">&gt;</token>
				<token count="1">class</token>
				<token count="1">else</token>
				<token count="4">if()</token>
				<token count="1">new</token>
				<token count="4">return</token>
				<token count="2">while()</token>
				<token count="8">{}</token>
			</operators>
			<operands>
				<token count="2">0</token>
				<token count="1">1</token>
				<token count="1">2</token>
				<token count="1">LinkedList</token>
				<token count="5">ListItem</token>
				<token count="7">NULL</token>
				<token count="7">T</token>
				<token count="4">added</token>
				<token count="5">counter</token>
				<token count="5">curr</token>
				<token count="1">deleteElement</token>
				<token count="4">head</token>
				<token count="3">int</token>
				<token count="1">length</token>
				<token count="2">lengthlist</token>
				<token count="6">next</token>
				<token count="1">parityArrangement</token>
				<token count="1">prev</token>
				<token count="4">t</token>
				<token count="5">t1</token>
				<token count="6">trav</token>
				<token count="2">value</token>
				<token count="1">void</token>
			</operands>
		</function>
		<function name="LinkedList::isPalindrome()">
			<start_line>407</start_line>
			<vG_b>3</vG_b>
			<vG_e>3</vG_e>
			<params>0</params>
			<LOCphy>25</LOCphy>
			<LOCpro>17</LOCpro>
			<LOCbl>7</LOCbl>
			<LOCcom alarmed="1">0</LOCcom>
			<N>80</N>
			<N1>48</N1>
			<N2>32</N2>
			<n>32</n>
			<n1>18</n1>
			<n2>14</n2>
			<V>400.000</V>
			<B>0.136</B>
			<D>20.571</D>
			<E>8228.571</E>
			<L>0.049</L>
			<T>00:07:37</T>
			<MaxND>3</MaxND>
			<MIwoc>87</MIwoc>
			<MIcwc>0</MIcwc>
			<MI>87</MI>
			<operators>
				<token count="2">!=</token>
				<token count="4">()</token>
				<token count="2">*</token>
				<token count="4">-&gt;</token>
				<token count="2">.</token>
				<token count="1">::</token>
				<token count="8">;</token>
				<token count="4">&lt;</token>
				<token count="5">=</token>
				<token count="5">&gt;</token>
				<token count="1">class</token>
				<token count="1">false</token>
				<token count="1">if()</token>
				<token count="1">new</token>
				<token count="2">return</token>
				<token count="1">true</token>
				<token count="1">while()</token>
				<token count="3">{}</token>
			</operators>
			<operands>
				<token count="4">LinkedList</token>
				<token count="1">ListItem</token>
				<token count="1">NULL</token>
				<token count="5">T</token>
				<token count="1">bool</token>
				<token count="5">curr</token>
				<token count="1">gethead</token>
				<token count="1">head</token>
				<token count="1">isPalindrome</token>
				<token count="2">next</token>
				<token count="4">revcurr</token>
				<token count="1">reverse</token>
				<token count="3">reverse1</token>
				<token count="2">value</token>
			</operands>
		</function>
		<file_total>
			<vG_b>39</vG_b>
			<vG_e>42</vG_e>
			<vG_b_max>7</vG_b_max>
			<vG_b_avg>3</vG_b_avg>
			<vG_e_max>9</vG_e_max>
			<vG_e_avg>3</vG_e_avg>
			<params>8</params>
			<LOCphy>434</LOCphy>
			<LOCpro>319</LOCpro>
			<LOCbl>115</LOCbl>
			<LOCcom alarmed="1">0</LOCcom>
			<N>1304</N>
			<N1>763</N1>
			<N2>541</N2>
			<n>91</n>
			<n1>35</n1>
			<n2>56</n2>
			<V alarmed="1">8486.164</V>
			<B alarmed="1">4.240</B>
			<D>169.063</D>
			<E>1434692.125</E>
			<L>0.006</L>
			<T>22:08:25</T>
			<MaxND>4</MaxND>
			<MIwoc>86</MIwoc>
			<MIcwc>0</MIcwc>
			<MI>86</MI>
			<operators>
				<token count="18">!=</token>
				<token count="5">#</token>
				<token count="1">%</token>
				<token count="1">&amp;</token>
				<token count="3">&amp;&amp;</token>
				<token count="36">()</token>
				<token count="34">*</token>
				<token count="2">++</token>
				<token count="1">,</token>
				<token count="66">-&gt;</token>
				<token count="4">.</token>
				<token count="17">::</token>
				<token count="130">;</token>
				<token count="76">&lt;</token>
				<token count="2">&lt;=</token>
				<token count="87">=</token>
				<token count="19">==</token>
				<token count="77">&gt;</token>
				<token count="17">class</token>
				<token count="1">const</token>
				<token count="5">delete</token>
				<token count="6">else</token>
				<token count="1">endif</token>
				<token count="1">false</token>
				<token count="26">if()</token>
				<token count="1">ifndef</token>
				<token count="1">namespace</token>
				<token count="7">new</token>
				<token count="28">return</token>
				<token count="17">template</token>
				<token count="1">true</token>
				<token count="1">using</token>
				<token count="11">while()</token>
				<token count="59">{}</token>
				<token count="1">~</token>
			</operators>
			<operands>
				<token count="3">0</token>
				<token count="1">1</token>
				<token count="1">2</token>
				<token count="24">LinkedList</token>
				<token count="39">ListItem</token>
				<token count="47">NULL</token>
				<token count="83">T</token>
				<token count="2">__LIST_CPP</token>
				<token count="4">added</token>
				<token count="2">afterWhat</token>
				<token count="1">bool</token>
				<token count="8">counter</token>
				<token count="54">curr</token>
				<token count="1">define</token>
				<token count="2">deleteElement</token>
				<token count="2">deleteHead</token>
				<token count="2">deleteTail</token>
				<token count="7">delitem</token>
				<token count="5">found</token>
				<token count="1">getHead</token>
				<token count="2">getTail</token>
				<token count="1">gethead</token>
				<token count="41">head</token>
				<token count="2">include</token>
				<token count="1">insertAfter</token>
				<token count="3">insertAtHead</token>
				<token count="2">insertAtTail</token>
				<token count="1">insertSorted</token>
				<token count="5">int</token>
				<token count="1">isPalindrome</token>
				<token count="18">item</token>
				<token count="2">length</token>
				<token count="2">lengthlist</token>
				<token count="39">next</token>
				<token count="3">nextdel</token>
				<token count="3">otherLinkedList</token>
				<token count="1">parityArrangement</token>
				<token count="16">prev</token>
				<token count="3">previ</token>
				<token count="3">previousdel</token>
				<token count="4">revcurr</token>
				<token count="2">reverse</token>
				<token count="3">reverse1</token>
				<token count="3">searchFor</token>
				<token count="1">std</token>
				<token count="30">t</token>
				<token count="5">t1</token>
				<token count="7">tailnode</token>
				<token count="5">temp2</token>
				<token count="4">tempkanext</token>
				<token count="2">temporary</token>
				<token count="2">toInsert</token>
				<token count="3">todel</token>
				<token count="12">trav</token>
				<token count="11">value</token>
				<token count="9">void</token>
			</operands>
		</file_total>
	</file>
	<system>
		<files>1</files>
		<functions>17</functions>
		<LOCphy>434</LOCphy>
		<LOCbl>115</LOCbl>
		<LOCpro>319</LOCpro>
		<LOCcom>0</LOCcom>
		<semicolons>130</semicolons>
		<vG_b>39</vG_b>
		<vG_e>42</vG_e>
		<params>8</params>
		<MIwoc>88</MIwoc>
		<MIcw>0</MIcw>
		<MI>88</MI>
		<alarms>
			<file_vG>
				<measured>1</measured>
				<alarmed>0</alarmed>
				<percent>0</percent>
				<lowlimit>1</lowlimit>
				<highlimit>100</highlimit>
			</file_vG>
			<file_LOCpro>
				<measured>1</measured>
				<alarmed>0</alarmed>
				<percent>0</percent>
				<lowlimit>4</lowlimit>
				<highlimit>400</highlimit>
			</file_LOCpro>
			<file_comment_percent>
				<measured>1</measured>
				<alarmed>1</alarmed>
				<percent>100</percent>
				<lowlimit>30</lowlimit>
				<highlimit>75</highlimit>
			</file_comment_percent>
			<file_V>
				<measured>1</measured>
				<alarmed>1</alarmed>
				<percent>100</percent>
				<lowlimit>100</lowlimit>
				<highlimit>8000</highlimit>
			</file_V>
			<file_B>
				<measured>1</measured>
				<alarmed>1</alarmed>
				<percent>100</percent>
				<lowlimit>0</lowlimit>
				<highlimit>2</highlimit>
			</file_B>
			<file_MI>
				<measured>1</measured>
				<alarmed>0</alarmed>
				<percent>0</percent>
				<lowlimit>65</lowlimit>
			</file_MI>
			<function_vG>
				<measured>17</measured>
				<alarmed>0</alarmed>
				<percent>0</percent>
				<lowlimit>1</lowlimit>
				<highlimit>10</highlimit>
			</function_vG>
			<function_LOCpro>
				<measured>17</measured>
				<alarmed>1</alarmed>
				<percent>5</percent>
				<lowlimit>4</lowlimit>
				<highlimit>40</highlimit>
			</function_LOCpro>
			<function_comment_percent>
				<measured>17</measured>
				<alarmed>14</alarmed>
				<percent>82</percent>
				<lowlimit>30</lowlimit>
				<highlimit>75</highlimit>
			</function_comment_percent>
			<function_V>
				<measured>17</measured>
				<alarmed>0</alarmed>
				<percent>0</percent>
				<lowlimit>20</lowlimit>
				<highlimit>1000</highlimit>
			</function_V>
			<function_MI>
				<measured>17</measured>
				<alarmed>0</alarmed>
				<percent>0</percent>
				<lowlimit>65</lowlimit>
			</function_MI>
		</alarms>
		<error_messages count="0">
		</error_messages>
	</system>
</cmt_long_report>
