<?xml version="1.0" ?>
<cmt_long_report>
	<header_info>
		<cmt_version>7.0</cmt_version>
		<copyright>Copyright (c) 1993-2013 Testwell Oy</copyright>
		<copyright>Copyright (c) 2013-2018 Verifysoft Technology GmbH</copyright>
		<license_notes>
		</license_notes>
		<date>Tue Apr  4 22:25:41 2023</date>
		<cmt_options> -o C:\Users\muawi\cmt\A1_T1_S121.xml -lf -f C:\Users\muawi\cmt\files.txt</cmt_options>
		<run_directory>C:\Testwell\CMT</run_directory>
		<mccabe_preference>extended</mccabe_preference>
	</header_info>
	<file name="C:\Users\muawi\OneDrive\Documents\Study\Junior Year\Topics in Internet Research\Project\PA1_ANON_DATA\PA1_ANON_DATA\folder_121\LinkedList.cpp" stamp="1680056097">
		<function name="LinkedList::LinkedList()">
			<start_line>12</start_line>
			<vG_b>1</vG_b>
			<vG_e>1</vG_e>
			<params>0</params>
			<LOCphy>5</LOCphy>
			<LOCpro>4</LOCpro>
			<LOCbl>0</LOCbl>
			<LOCcom>0</LOCcom>
			<N>15</N>
			<N1>9</N1>
			<N2>6</N2>
			<n>12</n>
			<n1>8</n1>
			<n2>4</n2>
			<V>53.774</V>
			<B>0.016</B>
			<D>6.000</D>
			<E>322.647</E>
			<L>0.167</L>
			<T>00:00:17</T>
			<MaxND>1</MaxND>
			<MIwoc>124</MIwoc>
			<MIcwc>0</MIcwc>
			<MI>124</MI>
			<operators>
				<token count="1">()</token>
				<token count="1">::</token>
				<token count="1">;</token>
				<token count="1">&lt;</token>
				<token count="1">=</token>
				<token count="2">&gt;</token>
				<token count="1">class</token>
				<token count="1">{}</token>
			</operators>
			<operands>
				<token count="2">LinkedList</token>
				<token count="1">NULL</token>
				<token count="2">T</token>
				<token count="1">head</token>
			</operands>
		</function>
		<function name="LinkedList::LinkedList()">
			<start_line>17</start_line>
			<vG_b>3</vG_b>
			<vG_e>3</vG_e>
			<params>1</params>
			<LOCphy>19</LOCphy>
			<LOCpro>17</LOCpro>
			<LOCbl>1</LOCbl>
			<LOCcom alarmed="1">0</LOCcom>
			<N>67</N>
			<N1>38</N1>
			<N2>29</N2>
			<n>28</n>
			<n1>18</n1>
			<n2>10</n2>
			<V>322.093</V>
			<B>0.138</B>
			<D>26.100</D>
			<E>8406.621</E>
			<L>0.038</L>
			<T>00:07:47</T>
			<MaxND>3</MaxND>
			<MIwoc>93</MIwoc>
			<MIcwc>0</MIcwc>
			<MI>93</MI>
			<operators>
				<token count="1">!=</token>
				<token count="1">&amp;</token>
				<token count="3">()</token>
				<token count="1">*</token>
				<token count="4">-&gt;</token>
				<token count="2">.</token>
				<token count="1">::</token>
				<token count="5">;</token>
				<token count="3">&lt;</token>
				<token count="2">=</token>
				<token count="2">==</token>
				<token count="4">&gt;</token>
				<token count="1">class</token>
				<token count="1">const</token>
				<token count="1">else</token>
				<token count="1">if()</token>
				<token count="1">while()</token>
				<token count="4">{}</token>
			</operators>
			<operands>
				<token count="3">LinkedList</token>
				<token count="1">ListItem</token>
				<token count="3">NULL</token>
				<token count="4">T</token>
				<token count="3">head</token>
				<token count="2">insertAtTail</token>
				<token count="2">next</token>
				<token count="3">otherLinkedList</token>
				<token count="6">temp</token>
				<token count="2">value</token>
			</operands>
		</function>
		<function name="LinkedList::~LinkedList()">
			<start_line>36</start_line>
			<vG_b>2</vG_b>
			<vG_e>2</vG_e>
			<params>0</params>
			<LOCphy>13</LOCphy>
			<LOCpro>12</LOCpro>
			<LOCbl>0</LOCbl>
			<LOCcom alarmed="1">0</LOCcom>
			<N>51</N>
			<N1>30</N1>
			<N2>21</N2>
			<n>22</n>
			<n1>14</n1>
			<n2>8</n2>
			<V>227.431</V>
			<B>0.086</B>
			<D>18.375</D>
			<E>4179.045</E>
			<L>0.054</L>
			<T>00:03:52</T>
			<MaxND>2</MaxND>
			<MIwoc>101</MIwoc>
			<MIcwc>0</MIcwc>
			<MI>101</MI>
			<operators>
				<token count="1">!=</token>
				<token count="1">()</token>
				<token count="2">*</token>
				<token count="2">-&gt;</token>
				<token count="1">::</token>
				<token count="6">;</token>
				<token count="3">&lt;</token>
				<token count="3">=</token>
				<token count="4">&gt;</token>
				<token count="1">class</token>
				<token count="2">delete</token>
				<token count="1">while()</token>
				<token count="2">{}</token>
				<token count="1">~</token>
			</operators>
			<operands>
				<token count="2">LinkedList</token>
				<token count="2">ListItem</token>
				<token count="1">NULL</token>
				<token count="4">T</token>
				<token count="1">head</token>
				<token count="2">next</token>
				<token count="6">temp</token>
				<token count="3">temp2</token>
			</operands>
		</function>
		<function name="LinkedList::insertAtHead()">
			<start_line>49</start_line>
			<vG_b>2</vG_b>
			<vG_e>2</vG_e>
			<params>1</params>
			<LOCphy>17</LOCphy>
			<LOCpro>16</LOCpro>
			<LOCbl>0</LOCbl>
			<LOCcom alarmed="1">0</LOCcom>
			<N>77</N>
			<N1>43</N1>
			<N2>34</N2>
			<n>25</n>
			<n1>14</n1>
			<n2>11</n2>
			<V>357.577</V>
			<B>0.130</B>
			<D>21.636</D>
			<E>7736.665</E>
			<L>0.046</L>
			<T>00:07:09</T>
			<MaxND>2</MaxND>
			<MIwoc>94</MIwoc>
			<MIcwc>0</MIcwc>
			<MI>94</MI>
			<operators>
				<token count="3">()</token>
				<token count="2">*</token>
				<token count="3">-&gt;</token>
				<token count="1">::</token>
				<token count="7">;</token>
				<token count="5">&lt;</token>
				<token count="7">=</token>
				<token count="1">==</token>
				<token count="6">&gt;</token>
				<token count="1">class</token>
				<token count="1">else</token>
				<token count="1">if()</token>
				<token count="2">new</token>
				<token count="3">{}</token>
			</operators>
			<operands>
				<token count="1">LinkedList</token>
				<token count="4">ListItem</token>
				<token count="2">NULL</token>
				<token count="7">T</token>
				<token count="5">head</token>
				<token count="1">insertAtHead</token>
				<token count="3">item</token>
				<token count="1">next</token>
				<token count="2">prev</token>
				<token count="7">temp</token>
				<token count="1">void</token>
			</operands>
		</function>
		<function name="LinkedList::insertAtTail()">
			<start_line>66</start_line>
			<vG_b>3</vG_b>
			<vG_e>3</vG_e>
			<params>1</params>
			<LOCphy>19</LOCphy>
			<LOCpro>18</LOCpro>
			<LOCbl>0</LOCbl>
			<LOCcom alarmed="1">0</LOCcom>
			<N>74</N>
			<N1>41</N1>
			<N2>33</N2>
			<n>28</n>
			<n1>16</n1>
			<n2>12</n2>
			<V>355.744</V>
			<B>0.131</B>
			<D>22.000</D>
			<E>7826.374</E>
			<L>0.045</L>
			<T>00:07:14</T>
			<MaxND>3</MaxND>
			<MIwoc>92</MIwoc>
			<MIcwc>0</MIcwc>
			<MI>92</MI>
			<operators>
				<token count="1">!=</token>
				<token count="2">()</token>
				<token count="2">*</token>
				<token count="4">-&gt;</token>
				<token count="1">::</token>
				<token count="6">;</token>
				<token count="4">&lt;</token>
				<token count="6">=</token>
				<token count="1">==</token>
				<token count="5">&gt;</token>
				<token count="1">class</token>
				<token count="1">else</token>
				<token count="1">if()</token>
				<token count="1">new</token>
				<token count="1">while()</token>
				<token count="4">{}</token>
			</operators>
			<operands>
				<token count="1">LinkedList</token>
				<token count="3">ListItem</token>
				<token count="2">NULL</token>
				<token count="6">T</token>
				<token count="3">head</token>
				<token count="1">insertAtTail</token>
				<token count="2">item</token>
				<token count="3">next</token>
				<token count="1">prev</token>
				<token count="4">temp</token>
				<token count="6">temp2</token>
				<token count="1">void</token>
			</operands>
		</function>
		<function name="LinkedList::insertAfter()">
			<start_line>85</start_line>
			<vG_b>5</vG_b>
			<vG_e>5</vG_e>
			<params>2</params>
			<LOCphy>34</LOCphy>
			<LOCpro>33</LOCpro>
			<LOCbl>0</LOCbl>
			<LOCcom alarmed="1">0</LOCcom>
			<N>161</N>
			<N1>87</N1>
			<N2>74</N2>
			<n>32</n>
			<n1>17</n1>
			<n2>15</n2>
			<V>805.000</V>
			<B>0.348</B>
			<D>41.933</D>
			<E>33756.332</E>
			<L>0.024</L>
			<T>00:31:15</T>
			<MaxND>4</MaxND>
			<MIwoc>78</MIwoc>
			<MIcwc>0</MIcwc>
			<MI>78</MI>
			<operators>
				<token count="1">!=</token>
				<token count="3">()</token>
				<token count="4">*</token>
				<token count="1">,</token>
				<token count="16">-&gt;</token>
				<token count="1">::</token>
				<token count="15">;</token>
				<token count="7">&lt;</token>
				<token count="14">=</token>
				<token count="3">==</token>
				<token count="8">&gt;</token>
				<token count="1">class</token>
				<token count="1">else</token>
				<token count="3">if()</token>
				<token count="2">new</token>
				<token count="1">while()</token>
				<token count="6">{}</token>
			</operators>
			<operands>
				<token count="1">LinkedList</token>
				<token count="6">ListItem</token>
				<token count="1">NULL</token>
				<token count="10">T</token>
				<token count="4">afterWhat</token>
				<token count="1">head</token>
				<token count="1">insertAfter</token>
				<token count="9">next</token>
				<token count="4">prev</token>
				<token count="15">temp</token>
				<token count="11">temp1</token>
				<token count="4">temp2</token>
				<token count="3">toInsert</token>
				<token count="3">value</token>
				<token count="1">void</token>
			</operands>
		</function>
		<function name="LinkedList::insertSorted()">
			<start_line>119</start_line>
			<vG_b>4</vG_b>
			<vG_e>6</vG_e>
			<params>1</params>
			<LOCphy>26</LOCphy>
			<LOCpro>24</LOCpro>
			<LOCbl>1</LOCbl>
			<LOCcom alarmed="1">0</LOCcom>
			<N>139</N>
			<N1>74</N1>
			<N2>65</N2>
			<n>35</n>
			<n1>18</n1>
			<n2>17</n2>
			<V>712.970</V>
			<B>0.281</B>
			<D>34.412</D>
			<E>24534.568</E>
			<L>0.029</L>
			<T>00:22:43</T>
			<MaxND>3</MaxND>
			<MIwoc>83</MIwoc>
			<MIcwc>0</MIcwc>
			<MI>83</MI>
			<operators>
				<token count="1">!=</token>
				<token count="2">&amp;&amp;</token>
				<token count="3">()</token>
				<token count="3">*</token>
				<token count="1">+</token>
				<token count="12">-&gt;</token>
				<token count="1">::</token>
				<token count="12">;</token>
				<token count="7">&lt;</token>
				<token count="1">&lt;&lt;</token>
				<token count="12">=</token>
				<token count="2">==</token>
				<token count="7">&gt;</token>
				<token count="1">class</token>
				<token count="2">if()</token>
				<token count="2">new</token>
				<token count="1">while()</token>
				<token count="4">{}</token>
			</operators>
			<operands>
				<token count="3">0</token>
				<token count="1">1</token>
				<token count="1">LinkedList</token>
				<token count="5">ListItem</token>
				<token count="1">NULL</token>
				<token count="8">T</token>
				<token count="5">counter</token>
				<token count="1">head</token>
				<token count="1">insertSorted</token>
				<token count="1">int</token>
				<token count="5">item</token>
				<token count="4">next</token>
				<token count="6">prev</token>
				<token count="12">temp</token>
				<token count="8">temp2</token>
				<token count="2">value</token>
				<token count="1">void</token>
			</operands>
		</function>
		<function name="LinkedList::getHead()">
			<start_line>145</start_line>
			<vG_b>1</vG_b>
			<vG_e>1</vG_e>
			<params>0</params>
			<LOCphy>6</LOCphy>
			<LOCpro>4</LOCpro>
			<LOCbl>1</LOCbl>
			<LOCcom>0</LOCcom>
			<N>19</N>
			<N1>12</N1>
			<N2>7</N2>
			<n>14</n>
			<n1>9</n1>
			<n2>5</n2>
			<V>72.340</V>
			<B>0.020</B>
			<D>6.300</D>
			<E>455.740</E>
			<L>0.159</L>
			<T>00:00:25</T>
			<MaxND>1</MaxND>
			<MIwoc>119</MIwoc>
			<MIcwc>0</MIcwc>
			<MI>119</MI>
			<operators>
				<token count="1">()</token>
				<token count="1">*</token>
				<token count="1">::</token>
				<token count="1">;</token>
				<token count="2">&lt;</token>
				<token count="3">&gt;</token>
				<token count="1">class</token>
				<token count="1">return</token>
				<token count="1">{}</token>
			</operators>
			<operands>
				<token count="1">LinkedList</token>
				<token count="1">ListItem</token>
				<token count="3">T</token>
				<token count="1">getHead</token>
				<token count="1">head</token>
			</operands>
		</function>
		<function name="LinkedList::getTail()">
			<start_line>151</start_line>
			<vG_b>2</vG_b>
			<vG_e>2</vG_e>
			<params>0</params>
			<LOCphy>11</LOCphy>
			<LOCpro>9</LOCpro>
			<LOCbl>1</LOCbl>
			<LOCcom>0</LOCcom>
			<N>41</N>
			<N1>24</N1>
			<N2>17</N2>
			<n>21</n>
			<n1>13</n1>
			<n2>8</n2>
			<V>180.085</V>
			<B>0.061</B>
			<D>13.813</D>
			<E>2487.424</E>
			<L>0.072</L>
			<T>00:02:18</T>
			<MaxND>2</MaxND>
			<MIwoc>105</MIwoc>
			<MIcwc>0</MIcwc>
			<MI>105</MI>
			<operators>
				<token count="1">!=</token>
				<token count="1">()</token>
				<token count="2">*</token>
				<token count="2">-&gt;</token>
				<token count="1">::</token>
				<token count="3">;</token>
				<token count="3">&lt;</token>
				<token count="2">=</token>
				<token count="4">&gt;</token>
				<token count="1">class</token>
				<token count="1">return</token>
				<token count="1">while()</token>
				<token count="2">{}</token>
			</operators>
			<operands>
				<token count="1">LinkedList</token>
				<token count="2">ListItem</token>
				<token count="1">NULL</token>
				<token count="4">T</token>
				<token count="1">getTail</token>
				<token count="1">head</token>
				<token count="2">next</token>
				<token count="5">temp</token>
			</operands>
		</function>
		<function name="LinkedList::searchFor()">
			<start_line>162</start_line>
			<vG_b>4</vG_b>
			<vG_e>4</vG_e>
			<params>1</params>
			<LOCphy>21</LOCphy>
			<LOCpro>19</LOCpro>
			<LOCbl>1</LOCbl>
			<LOCcom alarmed="1">0</LOCcom>
			<N>62</N>
			<N1>36</N1>
			<N2>26</N2>
			<n>26</n>
			<n1>16</n1>
			<n2>10</n2>
			<V>291.427</V>
			<B>0.111</B>
			<D>20.800</D>
			<E>6061.687</E>
			<L>0.048</L>
			<T>00:05:36</T>
			<MaxND>3</MaxND>
			<MIwoc>91</MIwoc>
			<MIcwc>0</MIcwc>
			<MI>91</MI>
			<operators>
				<token count="1">!=</token>
				<token count="1">()</token>
				<token count="2">*</token>
				<token count="4">-&gt;</token>
				<token count="1">::</token>
				<token count="4">;</token>
				<token count="3">&lt;</token>
				<token count="2">=</token>
				<token count="2">==</token>
				<token count="4">&gt;</token>
				<token count="1">class</token>
				<token count="1">else</token>
				<token count="2">if()</token>
				<token count="2">return</token>
				<token count="1">while()</token>
				<token count="5">{}</token>
			</operators>
			<operands>
				<token count="1">LinkedList</token>
				<token count="2">ListItem</token>
				<token count="1">NULL</token>
				<token count="5">T</token>
				<token count="1">head</token>
				<token count="3">item</token>
				<token count="2">next</token>
				<token count="1">searchFor</token>
				<token count="8">temp</token>
				<token count="2">value</token>
			</operands>
		</function>
		<function name="LinkedList::deleteElement()">
			<start_line>183</start_line>
			<vG_b>5</vG_b>
			<vG_e>5</vG_e>
			<params>1</params>
			<LOCphy>38</LOCphy>
			<LOCpro>34</LOCpro>
			<LOCbl>3</LOCbl>
			<LOCcom alarmed="1">0</LOCcom>
			<N>141</N>
			<N1>79</N1>
			<N2>62</N2>
			<n>29</n>
			<n1>16</n1>
			<n2>13</n2>
			<V>684.975</V>
			<B>0.294</B>
			<D>38.154</D>
			<E>26134.443</E>
			<L>0.026</L>
			<T>00:24:11</T>
			<MaxND>3</MaxND>
			<MIwoc>77</MIwoc>
			<MIcwc>0</MIcwc>
			<MI>77</MI>
			<operators>
				<token count="1">!=</token>
				<token count="5">()</token>
				<token count="2">*</token>
				<token count="20">-&gt;</token>
				<token count="1">::</token>
				<token count="13">;</token>
				<token count="3">&lt;</token>
				<token count="10">=</token>
				<token count="3">==</token>
				<token count="4">&gt;</token>
				<token count="1">class</token>
				<token count="3">delete</token>
				<token count="2">else</token>
				<token count="3">if()</token>
				<token count="1">while()</token>
				<token count="7">{}</token>
			</operators>
			<operands>
				<token count="1">LinkedList</token>
				<token count="2">ListItem</token>
				<token count="2">NULL</token>
				<token count="5">T</token>
				<token count="1">deleteElement</token>
				<token count="4">head</token>
				<token count="4">item</token>
				<token count="10">next</token>
				<token count="7">prev</token>
				<token count="21">temp</token>
				<token count="1">temp2</token>
				<token count="3">value</token>
				<token count="1">void</token>
			</operands>
		</function>
		<function name="LinkedList::deleteHead()">
			<start_line>221</start_line>
			<vG_b>1</vG_b>
			<vG_e>1</vG_e>
			<params>0</params>
			<LOCphy>9</LOCphy>
			<LOCpro>7</LOCpro>
			<LOCbl>1</LOCbl>
			<LOCcom>0</LOCcom>
			<N>36</N>
			<N1>20</N1>
			<N2>16</N2>
			<n>21</n>
			<n1>11</n1>
			<n2>10</n2>
			<V>158.123</V>
			<B>0.042</B>
			<D>8.800</D>
			<E>1391.486</E>
			<L>0.114</L>
			<T>00:01:17</T>
			<MaxND>1</MaxND>
			<MIwoc>109</MIwoc>
			<MIcwc>0</MIcwc>
			<MI>109</MI>
			<operators>
				<token count="1">()</token>
				<token count="1">*</token>
				<token count="2">-&gt;</token>
				<token count="1">::</token>
				<token count="4">;</token>
				<token count="2">&lt;</token>
				<token count="3">=</token>
				<token count="3">&gt;</token>
				<token count="1">class</token>
				<token count="1">delete</token>
				<token count="1">{}</token>
			</operators>
			<operands>
				<token count="1">LinkedList</token>
				<token count="1">ListItem</token>
				<token count="1">NULL</token>
				<token count="3">T</token>
				<token count="1">deleteHead</token>
				<token count="3">head</token>
				<token count="1">next</token>
				<token count="1">prev</token>
				<token count="3">temp</token>
				<token count="1">void</token>
			</operands>
		</function>
		<function name="LinkedList::deleteTail()">
			<start_line>230</start_line>
			<vG_b>2</vG_b>
			<vG_e>2</vG_e>
			<params>0</params>
			<LOCphy>12</LOCphy>
			<LOCpro>10</LOCpro>
			<LOCbl>1</LOCbl>
			<LOCcom alarmed="1">0</LOCcom>
			<N>46</N>
			<N1>26</N1>
			<N2>20</N2>
			<n>23</n>
			<n1>13</n1>
			<n2>10</n2>
			<V>208.084</V>
			<B>0.065</B>
			<D>13.000</D>
			<E>2705.090</E>
			<L>0.077</L>
			<T>00:02:30</T>
			<MaxND>2</MaxND>
			<MIwoc>103</MIwoc>
			<MIcwc>0</MIcwc>
			<MI>103</MI>
			<operators>
				<token count="1">!=</token>
				<token count="2">()</token>
				<token count="1">*</token>
				<token count="4">-&gt;</token>
				<token count="1">::</token>
				<token count="4">;</token>
				<token count="2">&lt;</token>
				<token count="3">=</token>
				<token count="3">&gt;</token>
				<token count="1">class</token>
				<token count="1">delete</token>
				<token count="1">while()</token>
				<token count="2">{}</token>
			</operators>
			<operands>
				<token count="1">LinkedList</token>
				<token count="1">ListItem</token>
				<token count="2">NULL</token>
				<token count="3">T</token>
				<token count="1">deleteTail</token>
				<token count="1">head</token>
				<token count="3">next</token>
				<token count="1">prev</token>
				<token count="6">temp</token>
				<token count="1">void</token>
			</operands>
		</function>
		<function name="LinkedList::length()">
			<start_line>242</start_line>
			<vG_b>3</vG_b>
			<vG_e>3</vG_e>
			<params>0</params>
			<LOCphy>20</LOCphy>
			<LOCpro>18</LOCpro>
			<LOCbl>1</LOCbl>
			<LOCcom alarmed="1">0</LOCcom>
			<N>52</N>
			<N1>31</N1>
			<N2>21</N2>
			<n>28</n>
			<n1>17</n1>
			<n2>11</n2>
			<V>249.982</V>
			<B>0.085</B>
			<D>16.227</D>
			<E>4056.533</E>
			<L>0.062</L>
			<T>00:03:45</T>
			<MaxND>3</MaxND>
			<MIwoc>93</MIwoc>
			<MIcwc>0</MIcwc>
			<MI>93</MI>
			<operators>
				<token count="1">!=</token>
				<token count="1">()</token>
				<token count="1">*</token>
				<token count="2">++</token>
				<token count="1">-&gt;</token>
				<token count="1">::</token>
				<token count="6">;</token>
				<token count="2">&lt;</token>
				<token count="2">=</token>
				<token count="1">==</token>
				<token count="3">&gt;</token>
				<token count="1">class</token>
				<token count="1">else</token>
				<token count="1">if()</token>
				<token count="2">return</token>
				<token count="1">while()</token>
				<token count="4">{}</token>
			</operators>
			<operands>
				<token count="1">0</token>
				<token count="1">LinkedList</token>
				<token count="1">ListItem</token>
				<token count="2">NULL</token>
				<token count="3">T</token>
				<token count="5">counter</token>
				<token count="2">head</token>
				<token count="2">int</token>
				<token count="1">length</token>
				<token count="1">next</token>
				<token count="2">temp</token>
			</operands>
		</function>
		<function name="LinkedList::reverse()">
			<start_line>262</start_line>
			<vG_b>1</vG_b>
			<vG_e>1</vG_e>
			<params>0</params>
			<LOCphy>5</LOCphy>
			<LOCpro alarmed="1">3</LOCpro>
			<LOCbl>1</LOCbl>
			<LOCcom>0</LOCcom>
			<N>12</N>
			<N1>7</N1>
			<N2>5</N2>
			<n>10</n>
			<n1>6</n1>
			<n2>4</n2>
			<V>39.863</V>
			<B>0.009</B>
			<D>3.750</D>
			<E>149.487</E>
			<L>0.267</L>
			<T>00:00:08</T>
			<MaxND>1</MaxND>
			<MIwoc>126</MIwoc>
			<MIcwc>0</MIcwc>
			<MI>126</MI>
			<operators>
				<token count="1">()</token>
				<token count="1">::</token>
				<token count="1">&lt;</token>
				<token count="2">&gt;</token>
				<token count="1">class</token>
				<token count="1">{}</token>
			</operators>
			<operands>
				<token count="1">LinkedList</token>
				<token count="2">T</token>
				<token count="1">reverse</token>
				<token count="1">void</token>
			</operands>
		</function>
		<function name="LinkedList::parityArrangement()">
			<start_line>268</start_line>
			<vG_b>1</vG_b>
			<vG_e>1</vG_e>
			<params>0</params>
			<LOCphy>4</LOCphy>
			<LOCpro alarmed="1">3</LOCpro>
			<LOCbl>0</LOCbl>
			<LOCcom>0</LOCcom>
			<N>12</N>
			<N1>7</N1>
			<N2>5</N2>
			<n>10</n>
			<n1>6</n1>
			<n2>4</n2>
			<V>39.863</V>
			<B>0.009</B>
			<D>3.750</D>
			<E>149.487</E>
			<L>0.267</L>
			<T>00:00:08</T>
			<MaxND>1</MaxND>
			<MIwoc>129</MIwoc>
			<MIcwc>0</MIcwc>
			<MI>129</MI>
			<operators>
				<token count="1">()</token>
				<token count="1">::</token>
				<token count="1">&lt;</token>
				<token count="2">&gt;</token>
				<token count="1">class</token>
				<token count="1">{}</token>
			</operators>
			<operands>
				<token count="1">LinkedList</token>
				<token count="2">T</token>
				<token count="1">parityArrangement</token>
				<token count="1">void</token>
			</operands>
		</function>
		<file_total>
			<vG_b>26</vG_b>
			<vG_e>28</vG_e>
			<vG_b_max>5</vG_b_max>
			<vG_b_avg>2</vG_b_avg>
			<vG_e_max>6</vG_e_max>
			<vG_e_avg>2</vG_e_avg>
			<params>8</params>
			<LOCphy>272</LOCphy>
			<LOCpro>254</LOCpro>
			<LOCbl>18</LOCbl>
			<LOCcom alarmed="1">0</LOCcom>
			<N>1055</N>
			<N1>607</N1>
			<N2>448</N2>
			<n>70</n>
			<n1>33</n1>
			<n2>37</n2>
			<V>6466.394</V>
			<B alarmed="1">3.954</B>
			<D>199.784</D>
			<E>1291880.625</E>
			<L>0.005</L>
			<T>19:56:11</T>
			<MaxND>4</MaxND>
			<MIwoc>93</MIwoc>
			<MIcwc>0</MIcwc>
			<MI>93</MI>
			<operators>
				<token count="10">!=</token>
				<token count="6">#</token>
				<token count="1">&amp;</token>
				<token count="2">&amp;&amp;</token>
				<token count="30">()</token>
				<token count="24">*</token>
				<token count="1">+</token>
				<token count="2">++</token>
				<token count="1">,</token>
				<token count="74">-&gt;</token>
				<token count="2">.</token>
				<token count="16">::</token>
				<token count="88">;</token>
				<token count="65">&lt;</token>
				<token count="1">&lt;&lt;</token>
				<token count="67">=</token>
				<token count="15">==</token>
				<token count="64">&gt;</token>
				<token count="16">class</token>
				<token count="1">const</token>
				<token count="7">delete</token>
				<token count="8">else</token>
				<token count="1">endif</token>
				<token count="14">if()</token>
				<token count="1">ifndef</token>
				<token count="1">namespace</token>
				<token count="7">new</token>
				<token count="6">return</token>
				<token count="16">template</token>
				<token count="1">using</token>
				<token count="10">while()</token>
				<token count="48">{}</token>
				<token count="1">~</token>
			</operators>
			<operands>
				<token count="4">0</token>
				<token count="1">1</token>
				<token count="20">LinkedList</token>
				<token count="31">ListItem</token>
				<token count="20">NULL</token>
				<token count="71">T</token>
				<token count="2">__LIST_CPP</token>
				<token count="4">afterWhat</token>
				<token count="10">counter</token>
				<token count="1">define</token>
				<token count="1">deleteElement</token>
				<token count="1">deleteHead</token>
				<token count="1">deleteTail</token>
				<token count="1">getHead</token>
				<token count="1">getTail</token>
				<token count="28">head</token>
				<token count="3">include</token>
				<token count="1">insertAfter</token>
				<token count="1">insertAtHead</token>
				<token count="3">insertAtTail</token>
				<token count="1">insertSorted</token>
				<token count="3">int</token>
				<token count="17">item</token>
				<token count="1">length</token>
				<token count="40">next</token>
				<token count="3">otherLinkedList</token>
				<token count="1">parityArrangement</token>
				<token count="22">prev</token>
				<token count="1">reverse</token>
				<token count="1">searchFor</token>
				<token count="1">std</token>
				<token count="95">temp</token>
				<token count="11">temp1</token>
				<token count="22">temp2</token>
				<token count="3">toInsert</token>
				<token count="12">value</token>
				<token count="9">void</token>
			</operands>
		</file_total>
	</file>
	<system>
		<files>1</files>
		<functions>16</functions>
		<LOCphy>272</LOCphy>
		<LOCbl>18</LOCbl>
		<LOCpro>254</LOCpro>
		<LOCcom>0</LOCcom>
		<semicolons>88</semicolons>
		<vG_b>26</vG_b>
		<vG_e>28</vG_e>
		<params>8</params>
		<MIwoc>96</MIwoc>
		<MIcw>0</MIcw>
		<MI>96</MI>
		<alarms>
			<file_vG>
				<measured>1</measured>
				<alarmed>0</alarmed>
				<percent>0</percent>
				<lowlimit>1</lowlimit>
				<highlimit>100</highlimit>
			</file_vG>
			<file_LOCpro>
				<measured>1</measured>
				<alarmed>0</alarmed>
				<percent>0</percent>
				<lowlimit>4</lowlimit>
				<highlimit>400</highlimit>
			</file_LOCpro>
			<file_comment_percent>
				<measured>1</measured>
				<alarmed>1</alarmed>
				<percent>100</percent>
				<lowlimit>30</lowlimit>
				<highlimit>75</highlimit>
			</file_comment_percent>
			<file_V>
				<measured>1</measured>
				<alarmed>0</alarmed>
				<percent>0</percent>
				<lowlimit>100</lowlimit>
				<highlimit>8000</highlimit>
			</file_V>
			<file_B>
				<measured>1</measured>
				<alarmed>1</alarmed>
				<percent>100</percent>
				<lowlimit>0</lowlimit>
				<highlimit>2</highlimit>
			</file_B>
			<file_MI>
				<measured>1</measured>
				<alarmed>0</alarmed>
				<percent>0</percent>
				<lowlimit>65</lowlimit>
			</file_MI>
			<function_vG>
				<measured>16</measured>
				<alarmed>0</alarmed>
				<percent>0</percent>
				<lowlimit>1</lowlimit>
				<highlimit>10</highlimit>
			</function_vG>
			<function_LOCpro>
				<measured>16</measured>
				<alarmed>2</alarmed>
				<percent>12</percent>
				<lowlimit>4</lowlimit>
				<highlimit>40</highlimit>
			</function_LOCpro>
			<function_comment_percent>
				<measured>16</measured>
				<alarmed>10</alarmed>
				<percent>62</percent>
				<lowlimit>30</lowlimit>
				<highlimit>75</highlimit>
			</function_comment_percent>
			<function_V>
				<measured>16</measured>
				<alarmed>0</alarmed>
				<percent>0</percent>
				<lowlimit>20</lowlimit>
				<highlimit>1000</highlimit>
			</function_V>
			<function_MI>
				<measured>16</measured>
				<alarmed>0</alarmed>
				<percent>0</percent>
				<lowlimit>65</lowlimit>
			</function_MI>
		</alarms>
		<error_messages count="0">
		</error_messages>
	</system>
</cmt_long_report>
