<?xml version="1.0" ?>
<cmt_long_report>
	<header_info>
		<cmt_version>7.0</cmt_version>
		<copyright>Copyright (c) 1993-2013 Testwell Oy</copyright>
		<copyright>Copyright (c) 2013-2018 Verifysoft Technology GmbH</copyright>
		<license_notes>
		</license_notes>
		<date>Tue Apr  4 22:13:19 2023</date>
		<cmt_options> -o C:\Users\muawi\cmt\A1_T1_S97.xml -lf -f C:\Users\muawi\cmt\files.txt</cmt_options>
		<run_directory>C:\Testwell\CMT</run_directory>
		<mccabe_preference>extended</mccabe_preference>
	</header_info>
	<file name="C:\Users\muawi\OneDrive\Documents\Study\Junior Year\Topics in Internet Research\Project\PA1_ANON_DATA\PA1_ANON_DATA\folder_97\LinkedList.cpp" stamp="1680056175">
		<function name="LinkedList::LinkedList()">
			<start_line>8</start_line>
			<vG_b>1</vG_b>
			<vG_e>1</vG_e>
			<params>0</params>
			<LOCphy>5</LOCphy>
			<LOCpro>4</LOCpro>
			<LOCbl>0</LOCbl>
			<LOCcom>0</LOCcom>
			<N>15</N>
			<N1>9</N1>
			<N2>6</N2>
			<n>12</n>
			<n1>8</n1>
			<n2>4</n2>
			<V>53.774</V>
			<B>0.016</B>
			<D>6.000</D>
			<E>322.647</E>
			<L>0.167</L>
			<T>00:00:17</T>
			<MaxND>1</MaxND>
			<MIwoc>124</MIwoc>
			<MIcwc>0</MIcwc>
			<MI>124</MI>
			<operators>
				<token count="1">()</token>
				<token count="1">::</token>
				<token count="1">;</token>
				<token count="1">&lt;</token>
				<token count="1">=</token>
				<token count="2">&gt;</token>
				<token count="1">class</token>
				<token count="1">{}</token>
			</operators>
			<operands>
				<token count="2">LinkedList</token>
				<token count="1">NULL</token>
				<token count="2">T</token>
				<token count="1">head</token>
			</operands>
		</function>
		<function name="LinkedList::LinkedList()">
			<start_line>15</start_line>
			<vG_b>4</vG_b>
			<vG_e>4</vG_e>
			<params>1</params>
			<LOCphy>20</LOCphy>
			<LOCpro>18</LOCpro>
			<LOCbl>1</LOCbl>
			<LOCcom alarmed="1">0</LOCcom>
			<N>76</N>
			<N1>42</N1>
			<N2>34</N2>
			<n>27</n>
			<n1>16</n1>
			<n2>11</n2>
			<V>361.371</V>
			<B>0.144</B>
			<D>24.727</D>
			<E>8935.730</E>
			<L>0.040</L>
			<T>00:08:16</T>
			<MaxND>4</MaxND>
			<MIwoc>91</MIwoc>
			<MIcwc>0</MIcwc>
			<MI>91</MI>
			<operators>
				<token count="3">!=</token>
				<token count="1">&amp;</token>
				<token count="3">()</token>
				<token count="1">*</token>
				<token count="5">-&gt;</token>
				<token count="2">.</token>
				<token count="1">::</token>
				<token count="6">;</token>
				<token count="3">&lt;</token>
				<token count="4">=</token>
				<token count="4">&gt;</token>
				<token count="1">class</token>
				<token count="1">const</token>
				<token count="2">if()</token>
				<token count="1">while()</token>
				<token count="4">{}</token>
			</operators>
			<operands>
				<token count="3">LinkedList</token>
				<token count="1">ListItem</token>
				<token count="4">NULL</token>
				<token count="4">T</token>
				<token count="3">head</token>
				<token count="1">insertAtHead</token>
				<token count="1">insertAtTail</token>
				<token count="3">next</token>
				<token count="3">otherLinkedList</token>
				<token count="9">temp</token>
				<token count="2">value</token>
			</operands>
		</function>
		<function name="LinkedList::~LinkedList()">
			<start_line>37</start_line>
			<vG_b>2</vG_b>
			<vG_e>2</vG_e>
			<params>0</params>
			<LOCphy>8</LOCphy>
			<LOCpro>7</LOCpro>
			<LOCbl>0</LOCbl>
			<LOCcom>0</LOCcom>
			<N>20</N>
			<N1>13</N1>
			<N2>7</N2>
			<n>15</n>
			<n1>10</n1>
			<n2>5</n2>
			<V>78.138</V>
			<B>0.022</B>
			<D>7.000</D>
			<E>546.965</E>
			<L>0.143</L>
			<T>00:00:30</T>
			<MaxND>2</MaxND>
			<MIwoc>114</MIwoc>
			<MIcwc>0</MIcwc>
			<MI>114</MI>
			<operators>
				<token count="1">!=</token>
				<token count="2">()</token>
				<token count="1">::</token>
				<token count="1">;</token>
				<token count="1">&lt;</token>
				<token count="2">&gt;</token>
				<token count="1">class</token>
				<token count="1">while()</token>
				<token count="2">{}</token>
				<token count="1">~</token>
			</operators>
			<operands>
				<token count="2">LinkedList</token>
				<token count="1">NULL</token>
				<token count="2">T</token>
				<token count="1">deleteTail</token>
				<token count="1">head</token>
			</operands>
		</function>
		<function name="LinkedList::insertAtHead()">
			<start_line>47</start_line>
			<vG_b>3</vG_b>
			<vG_e>3</vG_e>
			<params>1</params>
			<LOCphy>18</LOCphy>
			<LOCpro>17</LOCpro>
			<LOCbl>0</LOCbl>
			<LOCcom alarmed="1">0</LOCcom>
			<N>79</N>
			<N1>44</N1>
			<N2>35</N2>
			<n>26</n>
			<n1>15</n1>
			<n2>11</n2>
			<V>371.335</V>
			<B>0.143</B>
			<D>23.864</D>
			<E>8861.397</E>
			<L>0.042</L>
			<T>00:08:12</T>
			<MaxND>2</MaxND>
			<MIwoc>93</MIwoc>
			<MIcwc>0</MIcwc>
			<MI>93</MI>
			<operators>
				<token count="1">!=</token>
				<token count="3">()</token>
				<token count="2">*</token>
				<token count="2">-&gt;</token>
				<token count="1">::</token>
				<token count="8">;</token>
				<token count="5">&lt;</token>
				<token count="6">=</token>
				<token count="1">==</token>
				<token count="6">&gt;</token>
				<token count="1">class</token>
				<token count="1">else</token>
				<token count="2">if()</token>
				<token count="2">new</token>
				<token count="3">{}</token>
			</operators>
			<operands>
				<token count="1">LinkedList</token>
				<token count="4">ListItem</token>
				<token count="2">NULL</token>
				<token count="7">T</token>
				<token count="6">head</token>
				<token count="1">insertAtHead</token>
				<token count="3">item</token>
				<token count="1">next</token>
				<token count="1">prev</token>
				<token count="8">temp</token>
				<token count="1">void</token>
			</operands>
		</function>
		<function name="LinkedList::insertAtTail()">
			<start_line>67</start_line>
			<vG_b>2</vG_b>
			<vG_e>2</vG_e>
			<params>1</params>
			<LOCphy>17</LOCphy>
			<LOCpro>16</LOCpro>
			<LOCbl>0</LOCbl>
			<LOCcom alarmed="1">0</LOCcom>
			<N>68</N>
			<N1>38</N1>
			<N2>30</N2>
			<n>27</n>
			<n1>14</n1>
			<n2>13</n2>
			<V>323.332</V>
			<B>0.100</B>
			<D>16.154</D>
			<E>5223.061</E>
			<L>0.062</L>
			<T>00:04:50</T>
			<MaxND>2</MaxND>
			<MIwoc>95</MIwoc>
			<MIcwc>0</MIcwc>
			<MI>95</MI>
			<operators>
				<token count="1">!=</token>
				<token count="4">()</token>
				<token count="2">*</token>
				<token count="2">-&gt;</token>
				<token count="1">::</token>
				<token count="7">;</token>
				<token count="4">&lt;</token>
				<token count="5">=</token>
				<token count="5">&gt;</token>
				<token count="1">class</token>
				<token count="1">else</token>
				<token count="1">if()</token>
				<token count="1">new</token>
				<token count="3">{}</token>
			</operators>
			<operands>
				<token count="1">LinkedList</token>
				<token count="3">ListItem</token>
				<token count="1">NULL</token>
				<token count="6">T</token>
				<token count="1">getTail</token>
				<token count="1">insertAtHead</token>
				<token count="1">insertAtTail</token>
				<token count="3">item</token>
				<token count="1">next</token>
				<token count="1">prev</token>
				<token count="5">tail</token>
				<token count="5">temp</token>
				<token count="1">void</token>
			</operands>
		</function>
		<function name="LinkedList::insertAfter()">
			<start_line>86</start_line>
			<vG_b>3</vG_b>
			<vG_e>4</vG_e>
			<params>2</params>
			<LOCphy>21</LOCphy>
			<LOCpro>19</LOCpro>
			<LOCbl>1</LOCbl>
			<LOCcom alarmed="1">0</LOCcom>
			<N>108</N>
			<N1>57</N1>
			<N2>51</N2>
			<n>30</n>
			<n1>17</n1>
			<n2>13</n2>
			<V>529.944</V>
			<B>0.226</B>
			<D>33.346</D>
			<E>17671.600</E>
			<L>0.030</L>
			<T>00:16:21</T>
			<MaxND>2</MaxND>
			<MIwoc>88</MIwoc>
			<MIcwc>0</MIcwc>
			<MI>88</MI>
			<operators>
				<token count="2">!=</token>
				<token count="1">&amp;&amp;</token>
				<token count="3">()</token>
				<token count="2">*</token>
				<token count="1">,</token>
				<token count="10">-&gt;</token>
				<token count="1">::</token>
				<token count="10">;</token>
				<token count="4">&lt;</token>
				<token count="9">=</token>
				<token count="1">==</token>
				<token count="5">&gt;</token>
				<token count="1">class</token>
				<token count="1">else</token>
				<token count="2">if()</token>
				<token count="1">new</token>
				<token count="3">{}</token>
			</operators>
			<operands>
				<token count="10">Afterthis</token>
				<token count="1">LinkedList</token>
				<token count="3">ListItem</token>
				<token count="4">NULL</token>
				<token count="7">T</token>
				<token count="2">afterWhat</token>
				<token count="1">insertAfter</token>
				<token count="7">next</token>
				<token count="3">prev</token>
				<token count="1">searchFor</token>
				<token count="9">temp</token>
				<token count="2">toInsert</token>
				<token count="1">void</token>
			</operands>
		</function>
		<function name="LinkedList::insertSorted()">
			<start_line>109</start_line>
			<vG_b>6</vG_b>
			<vG_e>6</vG_e>
			<params>1</params>
			<LOCphy>33</LOCphy>
			<LOCpro>30</LOCpro>
			<LOCbl>2</LOCbl>
			<LOCcom alarmed="1">0</LOCcom>
			<N>122</N>
			<N1>69</N1>
			<N2>53</N2>
			<n>35</n>
			<n1>19</n1>
			<n2>16</n2>
			<V>625.773</V>
			<B>0.243</B>
			<D>31.469</D>
			<E>19692.279</E>
			<L>0.032</L>
			<T>00:18:14</T>
			<MaxND>3</MaxND>
			<MIwoc>79</MIwoc>
			<MIcwc>0</MIcwc>
			<MI>79</MI>
			<operators>
				<token count="1">!=</token>
				<token count="7">()</token>
				<token count="2">*</token>
				<token count="10">-&gt;</token>
				<token count="1">::</token>
				<token count="12">;</token>
				<token count="4">&lt;</token>
				<token count="1">&lt;=</token>
				<token count="7">=</token>
				<token count="1">==</token>
				<token count="6">&gt;</token>
				<token count="1">&gt;=</token>
				<token count="1">class</token>
				<token count="1">else</token>
				<token count="4">if()</token>
				<token count="1">new</token>
				<token count="2">return</token>
				<token count="1">while()</token>
				<token count="6">{}</token>
			</operators>
			<operands>
				<token count="1">LinkedList</token>
				<token count="3">ListItem</token>
				<token count="2">NULL</token>
				<token count="6">T</token>
				<token count="1">getTail</token>
				<token count="3">head</token>
				<token count="2">insertAtHead</token>
				<token count="1">insertAtTail</token>
				<token count="1">insertSorted</token>
				<token count="8">item</token>
				<token count="5">newnode</token>
				<token count="3">next</token>
				<token count="4">prev</token>
				<token count="9">temp</token>
				<token count="3">value</token>
				<token count="1">void</token>
			</operands>
		</function>
		<function name="LinkedList::getHead()">
			<start_line>143</start_line>
			<vG_b>2</vG_b>
			<vG_e>2</vG_e>
			<params>0</params>
			<LOCphy>11</LOCphy>
			<LOCpro>10</LOCpro>
			<LOCbl>0</LOCbl>
			<LOCcom alarmed="1">0</LOCcom>
			<N>29</N>
			<N1>19</N1>
			<N2>10</N2>
			<n>18</n>
			<n1>12</n1>
			<n2>6</n2>
			<V>120.928</V>
			<B>0.038</B>
			<D>10.000</D>
			<E>1209.278</E>
			<L>0.100</L>
			<T>00:01:07</T>
			<MaxND>2</MaxND>
			<MIwoc>107</MIwoc>
			<MIcwc>0</MIcwc>
			<MI>107</MI>
			<operators>
				<token count="1">()</token>
				<token count="1">*</token>
				<token count="1">::</token>
				<token count="2">;</token>
				<token count="2">&lt;</token>
				<token count="1">==</token>
				<token count="3">&gt;</token>
				<token count="1">class</token>
				<token count="1">else</token>
				<token count="1">if()</token>
				<token count="2">return</token>
				<token count="3">{}</token>
			</operators>
			<operands>
				<token count="1">LinkedList</token>
				<token count="1">ListItem</token>
				<token count="2">NULL</token>
				<token count="3">T</token>
				<token count="1">getHead</token>
				<token count="2">head</token>
			</operands>
		</function>
		<function name="LinkedList::getTail()">
			<start_line>155</start_line>
			<vG_b>4</vG_b>
			<vG_e>4</vG_e>
			<params>0</params>
			<LOCphy>18</LOCphy>
			<LOCpro>16</LOCpro>
			<LOCbl>1</LOCbl>
			<LOCcom alarmed="1">0</LOCcom>
			<N>55</N>
			<N1>33</N1>
			<N2>22</N2>
			<n>24</n>
			<n1>16</n1>
			<n2>8</n2>
			<V>252.173</V>
			<B>0.104</B>
			<D>22.000</D>
			<E>5547.805</E>
			<L>0.045</L>
			<T>00:05:08</T>
			<MaxND>3</MaxND>
			<MIwoc>94</MIwoc>
			<MIcwc>0</MIcwc>
			<MI>94</MI>
			<operators>
				<token count="2">!=</token>
				<token count="1">()</token>
				<token count="2">*</token>
				<token count="2">-&gt;</token>
				<token count="1">::</token>
				<token count="4">;</token>
				<token count="3">&lt;</token>
				<token count="2">=</token>
				<token count="1">==</token>
				<token count="4">&gt;</token>
				<token count="1">class</token>
				<token count="1">else</token>
				<token count="2">if()</token>
				<token count="2">return</token>
				<token count="1">while()</token>
				<token count="4">{}</token>
			</operators>
			<operands>
				<token count="1">LinkedList</token>
				<token count="2">ListItem</token>
				<token count="4">NULL</token>
				<token count="4">T</token>
				<token count="1">getTail</token>
				<token count="1">head</token>
				<token count="2">next</token>
				<token count="7">temp</token>
			</operands>
		</function>
		<function name="LinkedList::searchFor()">
			<start_line>175</start_line>
			<vG_b>5</vG_b>
			<vG_e>5</vG_e>
			<params>1</params>
			<LOCphy>22</LOCphy>
			<LOCpro>20</LOCpro>
			<LOCbl>1</LOCbl>
			<LOCcom alarmed="1">0</LOCcom>
			<N>66</N>
			<N1>38</N1>
			<N2>28</N2>
			<n>25</n>
			<n1>15</n1>
			<n2>10</n2>
			<V>306.495</V>
			<B>0.115</B>
			<D>21.000</D>
			<E>6436.385</E>
			<L>0.048</L>
			<T>00:05:57</T>
			<MaxND>4</MaxND>
			<MIwoc>90</MIwoc>
			<MIcwc>0</MIcwc>
			<MI>90</MI>
			<operators>
				<token count="2">!=</token>
				<token count="1">()</token>
				<token count="2">*</token>
				<token count="3">-&gt;</token>
				<token count="1">::</token>
				<token count="5">;</token>
				<token count="3">&lt;</token>
				<token count="2">=</token>
				<token count="2">==</token>
				<token count="4">&gt;</token>
				<token count="1">class</token>
				<token count="3">if()</token>
				<token count="3">return</token>
				<token count="1">while()</token>
				<token count="5">{}</token>
			</operators>
			<operands>
				<token count="1">LinkedList</token>
				<token count="2">ListItem</token>
				<token count="3">NULL</token>
				<token count="5">T</token>
				<token count="1">head</token>
				<token count="3">item</token>
				<token count="1">next</token>
				<token count="1">searchFor</token>
				<token count="9">temp</token>
				<token count="2">value</token>
			</operands>
		</function>
		<function name="LinkedList::deleteElement()">
			<start_line>198</start_line>
			<vG_b>4</vG_b>
			<vG_e>4</vG_e>
			<params>1</params>
			<LOCphy>22</LOCphy>
			<LOCpro>20</LOCpro>
			<LOCbl>1</LOCbl>
			<LOCcom alarmed="1">0</LOCcom>
			<N>77</N>
			<N1>44</N1>
			<N2>33</N2>
			<n>28</n>
			<n1>15</n1>
			<n2>13</n2>
			<V>370.166</V>
			<B>0.123</B>
			<D>19.038</D>
			<E>7047.397</E>
			<L>0.053</L>
			<T>00:06:31</T>
			<MaxND>3</MaxND>
			<MIwoc>89</MIwoc>
			<MIcwc>0</MIcwc>
			<MI>89</MI>
			<operators>
				<token count="1">!=</token>
				<token count="4">()</token>
				<token count="1">*</token>
				<token count="8">-&gt;</token>
				<token count="1">::</token>
				<token count="8">;</token>
				<token count="2">&lt;</token>
				<token count="3">=</token>
				<token count="2">==</token>
				<token count="3">&gt;</token>
				<token count="1">class</token>
				<token count="1">delete</token>
				<token count="3">if()</token>
				<token count="2">return</token>
				<token count="4">{}</token>
			</operators>
			<operands>
				<token count="1">LinkedList</token>
				<token count="1">ListItem</token>
				<token count="3">NULL</token>
				<token count="4">T</token>
				<token count="1">deleteElement</token>
				<token count="1">deleteHead</token>
				<token count="1">deleteTail</token>
				<token count="2">item</token>
				<token count="4">next</token>
				<token count="4">prev</token>
				<token count="1">searchFor</token>
				<token count="9">temp</token>
				<token count="1">void</token>
			</operands>
		</function>
		<function name="LinkedList::deleteHead()">
			<start_line>221</start_line>
			<vG_b>3</vG_b>
			<vG_e>3</vG_e>
			<params>0</params>
			<LOCphy>19</LOCphy>
			<LOCpro>18</LOCpro>
			<LOCbl>0</LOCbl>
			<LOCcom alarmed="1">0</LOCcom>
			<N>59</N>
			<N1>34</N1>
			<N2>25</N2>
			<n>24</n>
			<n1>14</n1>
			<n2>10</n2>
			<V>270.513</V>
			<B>0.094</B>
			<D>17.500</D>
			<E>4733.974</E>
			<L>0.057</L>
			<T>00:04:22</T>
			<MaxND>3</MaxND>
			<MIwoc>93</MIwoc>
			<MIcwc>0</MIcwc>
			<MI>93</MI>
			<operators>
				<token count="2">!=</token>
				<token count="1">()</token>
				<token count="1">*</token>
				<token count="3">-&gt;</token>
				<token count="1">::</token>
				<token count="7">;</token>
				<token count="2">&lt;</token>
				<token count="4">=</token>
				<token count="3">&gt;</token>
				<token count="1">class</token>
				<token count="2">delete</token>
				<token count="1">else</token>
				<token count="2">if()</token>
				<token count="4">{}</token>
			</operators>
			<operands>
				<token count="1">LinkedList</token>
				<token count="1">ListItem</token>
				<token count="4">NULL</token>
				<token count="3">T</token>
				<token count="1">deleteHead</token>
				<token count="7">head</token>
				<token count="4">newHead</token>
				<token count="2">next</token>
				<token count="1">prev</token>
				<token count="1">void</token>
			</operands>
		</function>
		<function name="LinkedList::deleteTail()">
			<start_line>241</start_line>
			<vG_b>3</vG_b>
			<vG_e>3</vG_e>
			<params>0</params>
			<LOCphy>17</LOCphy>
			<LOCpro>16</LOCpro>
			<LOCbl>0</LOCbl>
			<LOCcom alarmed="1">0</LOCcom>
			<N>54</N>
			<N1>32</N1>
			<N2>22</N2>
			<n>25</n>
			<n1>14</n1>
			<n2>11</n2>
			<V>250.768</V>
			<B>0.077</B>
			<D>14.000</D>
			<E>3510.755</E>
			<L>0.071</L>
			<T>00:03:15</T>
			<MaxND>3</MaxND>
			<MIwoc>96</MIwoc>
			<MIcwc>0</MIcwc>
			<MI>96</MI>
			<operators>
				<token count="2">!=</token>
				<token count="2">()</token>
				<token count="1">*</token>
				<token count="3">-&gt;</token>
				<token count="1">::</token>
				<token count="5">;</token>
				<token count="2">&lt;</token>
				<token count="3">=</token>
				<token count="3">&gt;</token>
				<token count="1">class</token>
				<token count="2">delete</token>
				<token count="1">else</token>
				<token count="2">if()</token>
				<token count="4">{}</token>
			</operators>
			<operands>
				<token count="1">LinkedList</token>
				<token count="1">ListItem</token>
				<token count="4">NULL</token>
				<token count="3">T</token>
				<token count="1">deleteTail</token>
				<token count="1">getTail</token>
				<token count="1">head</token>
				<token count="1">next</token>
				<token count="2">prev</token>
				<token count="6">temp</token>
				<token count="1">void</token>
			</operands>
		</function>
		<function name="LinkedList::length()">
			<start_line>259</start_line>
			<vG_b>2</vG_b>
			<vG_e>2</vG_e>
			<params>0</params>
			<LOCphy>13</LOCphy>
			<LOCpro>11</LOCpro>
			<LOCbl>1</LOCbl>
			<LOCcom alarmed="1">0</LOCcom>
			<N>43</N>
			<N1>24</N1>
			<N2>19</N2>
			<n>25</n>
			<n1>14</n1>
			<n2>11</n2>
			<V>199.686</V>
			<B>0.060</B>
			<D>12.091</D>
			<E>2414.383</E>
			<L>0.083</L>
			<T>00:02:14</T>
			<MaxND>2</MaxND>
			<MIwoc>101</MIwoc>
			<MIcwc>0</MIcwc>
			<MI>101</MI>
			<operators>
				<token count="1">!=</token>
				<token count="1">()</token>
				<token count="1">*</token>
				<token count="1">++</token>
				<token count="1">-&gt;</token>
				<token count="1">::</token>
				<token count="5">;</token>
				<token count="2">&lt;</token>
				<token count="3">=</token>
				<token count="3">&gt;</token>
				<token count="1">class</token>
				<token count="1">return</token>
				<token count="1">while()</token>
				<token count="2">{}</token>
			</operators>
			<operands>
				<token count="1">0</token>
				<token count="1">LinkedList</token>
				<token count="1">ListItem</token>
				<token count="1">NULL</token>
				<token count="3">T</token>
				<token count="3">counter</token>
				<token count="1">head</token>
				<token count="2">int</token>
				<token count="1">length</token>
				<token count="1">next</token>
				<token count="4">temp</token>
			</operands>
		</function>
		<function name="LinkedList::reverse()">
			<start_line>274</start_line>
			<vG_b>5</vG_b>
			<vG_e>5</vG_e>
			<params>0</params>
			<LOCphy>31</LOCphy>
			<LOCpro>28</LOCpro>
			<LOCbl>2</LOCbl>
			<LOCcom alarmed="1">0</LOCcom>
			<N>114</N>
			<N1>63</N1>
			<N2>51</N2>
			<n>38</n>
			<n1>18</n1>
			<n2>20</n2>
			<V>598.264</V>
			<B>0.191</B>
			<D>22.950</D>
			<E>13730.152</E>
			<L>0.044</L>
			<T>00:12:42</T>
			<MaxND>4</MaxND>
			<MIwoc>81</MIwoc>
			<MIcwc>0</MIcwc>
			<MI>81</MI>
			<operators>
				<token count="1">!=</token>
				<token count="6">()</token>
				<token count="2">*</token>
				<token count="2">++</token>
				<token count="2">-&gt;</token>
				<token count="1">::</token>
				<token count="14">;</token>
				<token count="5">&lt;</token>
				<token count="8">=</token>
				<token count="1">==</token>
				<token count="4">&gt;</token>
				<token count="4">[]</token>
				<token count="1">class</token>
				<token count="1">delete</token>
				<token count="1">else</token>
				<token count="2">for()</token>
				<token count="2">if()</token>
				<token count="6">{}</token>
			</operators>
			<operands>
				<token count="4">0</token>
				<token count="1">LinkedList</token>
				<token count="2">ListItem</token>
				<token count="2">NULL</token>
				<token count="5">T</token>
				<token count="4">arr</token>
				<token count="2">current</token>
				<token count="1">getTail</token>
				<token count="2">head</token>
				<token count="9">i</token>
				<token count="1">insertAtHead</token>
				<token count="1">insertAtTail</token>
				<token count="3">int</token>
				<token count="2">length</token>
				<token count="3">originalLength</token>
				<token count="1">prev</token>
				<token count="5">rev</token>
				<token count="1">reverse</token>
				<token count="1">value</token>
				<token count="1">void</token>
			</operands>
		</function>
		<function name="LinkedList::parityArrangement()">
			<start_line>306</start_line>
			<vG_b>6</vG_b>
			<vG_e>6</vG_e>
			<params>0</params>
			<LOCphy>39</LOCphy>
			<LOCpro>37</LOCpro>
			<LOCbl>1</LOCbl>
			<LOCcom alarmed="1">0</LOCcom>
			<N>159</N>
			<N1>86</N1>
			<N2>73</N2>
			<n>31</n>
			<n1>15</n1>
			<n2>16</n2>
			<V>787.717</V>
			<B>0.300</B>
			<D>34.219</D>
			<E>26954.699</E>
			<L>0.029</L>
			<T>00:24:57</T>
			<MaxND>4</MaxND>
			<MIwoc>76</MIwoc>
			<MIcwc>0</MIcwc>
			<MI>76</MI>
			<operators>
				<token count="5">!=</token>
				<token count="5">()</token>
				<token count="4">*</token>
				<token count="9">-&gt;</token>
				<token count="4">.</token>
				<token count="1">::</token>
				<token count="19">;</token>
				<token count="7">&lt;</token>
				<token count="10">=</token>
				<token count="8">&gt;</token>
				<token count="1">class</token>
				<token count="2">delete</token>
				<token count="2">if()</token>
				<token count="3">while()</token>
				<token count="6">{}</token>
			</operators>
			<operands>
				<token count="3">LinkedList</token>
				<token count="4">ListItem</token>
				<token count="6">NULL</token>
				<token count="8">T</token>
				<token count="5">current</token>
				<token count="3">even</token>
				<token count="5">evenptr</token>
				<token count="5">head</token>
				<token count="4">insertAtTail</token>
				<token count="5">next</token>
				<token count="3">odd</token>
				<token count="5">oddptr</token>
				<token count="1">parityArrangement</token>
				<token count="11">temp</token>
				<token count="4">value</token>
				<token count="1">void</token>
			</operands>
		</function>
		<function name="LinkedList::isPalindrome()">
			<start_line>346</start_line>
			<vG_b>4</vG_b>
			<vG_e>4</vG_e>
			<params>0</params>
			<LOCphy>24</LOCphy>
			<LOCpro>23</LOCpro>
			<LOCbl>0</LOCbl>
			<LOCcom alarmed="1">0</LOCcom>
			<N>75</N>
			<N1>45</N1>
			<N2>30</N2>
			<n>30</n>
			<n1>15</n1>
			<n2>15</n2>
			<V>368.017</V>
			<B>0.104</B>
			<D>15.000</D>
			<E>5520.252</E>
			<L>0.067</L>
			<T>00:05:06</T>
			<MaxND>4</MaxND>
			<MIwoc>88</MIwoc>
			<MIcwc>0</MIcwc>
			<MI>88</MI>
			<operators>
				<token count="3">!=</token>
				<token count="2">()</token>
				<token count="2">*</token>
				<token count="4">-&gt;</token>
				<token count="1">::</token>
				<token count="7">;</token>
				<token count="3">&lt;</token>
				<token count="4">=</token>
				<token count="4">&gt;</token>
				<token count="1">class</token>
				<token count="2">else</token>
				<token count="2">if()</token>
				<token count="3">return</token>
				<token count="1">while()</token>
				<token count="6">{}</token>
			</operators>
			<operands>
				<token count="2">0</token>
				<token count="1">1</token>
				<token count="1">LinkedList</token>
				<token count="2">ListItem</token>
				<token count="1">NULL</token>
				<token count="4">T</token>
				<token count="1">bool</token>
				<token count="1">getTail</token>
				<token count="1">head</token>
				<token count="1">isPalindrome</token>
				<token count="5">last</token>
				<token count="1">next</token>
				<token count="1">prev</token>
				<token count="6">temp</token>
				<token count="2">value</token>
			</operands>
		</function>
		<file_total>
			<vG_b>44</vG_b>
			<vG_e>45</vG_e>
			<vG_b_max>6</vG_b_max>
			<vG_b_avg>3</vG_b_avg>
			<vG_e_max>6</vG_e_max>
			<vG_e_avg>3</vG_e_avg>
			<params>8</params>
			<LOCphy>369</LOCphy>
			<LOCpro>332</LOCpro>
			<LOCbl>30</LOCbl>
			<LOCcom alarmed="1">7</LOCcom>
			<N>1265</N>
			<N1>731</N1>
			<N2>534</N2>
			<n>83</n>
			<n1>33</n1>
			<n2>50</n2>
			<V alarmed="1">8064.425</V>
			<B alarmed="1">4.213</B>
			<D>176.220</D>
			<E>1421113.000</E>
			<L>0.006</L>
			<T>21:55:50</T>
			<MaxND>4</MaxND>
			<MIwoc>88</MIwoc>
			<MIcwc>11</MIcwc>
			<MI>99</MI>
			<operators>
				<token count="28">!=</token>
				<token count="5">#</token>
				<token count="1">&amp;</token>
				<token count="1">&amp;&amp;</token>
				<token count="47">()</token>
				<token count="26">*</token>
				<token count="3">++</token>
				<token count="1">,</token>
				<token count="64">-&gt;</token>
				<token count="6">.</token>
				<token count="17">::</token>
				<token count="121">;</token>
				<token count="70">&lt;</token>
				<token count="1">&lt;=</token>
				<token count="71">=</token>
				<token count="10">==</token>
				<token count="69">&gt;</token>
				<token count="1">&gt;=</token>
				<token count="4">[]</token>
				<token count="17">class</token>
				<token count="1">const</token>
				<token count="8">delete</token>
				<token count="11">else</token>
				<token count="1">endif</token>
				<token count="2">for()</token>
				<token count="30">if()</token>
				<token count="1">ifndef</token>
				<token count="5">new</token>
				<token count="15">return</token>
				<token count="17">template</token>
				<token count="10">while()</token>
				<token count="66">{}</token>
				<token count="1">~</token>
			</operators>
			<operands>
				<token count="7">0</token>
				<token count="1">1</token>
				<token count="10">Afterthis</token>
				<token count="23">LinkedList</token>
				<token count="31">ListItem</token>
				<token count="45">NULL</token>
				<token count="76">T</token>
				<token count="2">__LIST_CPP</token>
				<token count="2">afterWhat</token>
				<token count="4">arr</token>
				<token count="1">bool</token>
				<token count="3">counter</token>
				<token count="7">current</token>
				<token count="1">define</token>
				<token count="1">deleteElement</token>
				<token count="2">deleteHead</token>
				<token count="3">deleteTail</token>
				<token count="3">even</token>
				<token count="5">evenptr</token>
				<token count="1">getHead</token>
				<token count="6">getTail</token>
				<token count="35">head</token>
				<token count="9">i</token>
				<token count="2">include</token>
				<token count="1">insertAfter</token>
				<token count="6">insertAtHead</token>
				<token count="8">insertAtTail</token>
				<token count="1">insertSorted</token>
				<token count="5">int</token>
				<token count="1">isPalindrome</token>
				<token count="19">item</token>
				<token count="5">last</token>
				<token count="3">length</token>
				<token count="4">newHead</token>
				<token count="5">newnode</token>
				<token count="32">next</token>
				<token count="3">odd</token>
				<token count="5">oddptr</token>
				<token count="3">originalLength</token>
				<token count="3">otherLinkedList</token>
				<token count="1">parityArrangement</token>
				<token count="18">prev</token>
				<token count="5">rev</token>
				<token count="1">reverse</token>
				<token count="3">searchFor</token>
				<token count="5">tail</token>
				<token count="92">temp</token>
				<token count="2">toInsert</token>
				<token count="14">value</token>
				<token count="9">void</token>
			</operands>
		</file_total>
	</file>
	<system>
		<files>1</files>
		<functions>17</functions>
		<LOCphy>369</LOCphy>
		<LOCbl>30</LOCbl>
		<LOCpro>332</LOCpro>
		<LOCcom>7</LOCcom>
		<semicolons>121</semicolons>
		<vG_b>44</vG_b>
		<vG_e>45</vG_e>
		<params>8</params>
		<MIwoc>91</MIwoc>
		<MIcw>0</MIcw>
		<MI>91</MI>
		<alarms>
			<file_vG>
				<measured>1</measured>
				<alarmed>0</alarmed>
				<percent>0</percent>
				<lowlimit>1</lowlimit>
				<highlimit>100</highlimit>
			</file_vG>
			<file_LOCpro>
				<measured>1</measured>
				<alarmed>0</alarmed>
				<percent>0</percent>
				<lowlimit>4</lowlimit>
				<highlimit>400</highlimit>
			</file_LOCpro>
			<file_comment_percent>
				<measured>1</measured>
				<alarmed>1</alarmed>
				<percent>100</percent>
				<lowlimit>30</lowlimit>
				<highlimit>75</highlimit>
			</file_comment_percent>
			<file_V>
				<measured>1</measured>
				<alarmed>1</alarmed>
				<percent>100</percent>
				<lowlimit>100</lowlimit>
				<highlimit>8000</highlimit>
			</file_V>
			<file_B>
				<measured>1</measured>
				<alarmed>1</alarmed>
				<percent>100</percent>
				<lowlimit>0</lowlimit>
				<highlimit>2</highlimit>
			</file_B>
			<file_MI>
				<measured>1</measured>
				<alarmed>0</alarmed>
				<percent>0</percent>
				<lowlimit>65</lowlimit>
			</file_MI>
			<function_vG>
				<measured>17</measured>
				<alarmed>0</alarmed>
				<percent>0</percent>
				<lowlimit>1</lowlimit>
				<highlimit>10</highlimit>
			</function_vG>
			<function_LOCpro>
				<measured>17</measured>
				<alarmed>0</alarmed>
				<percent>0</percent>
				<lowlimit>4</lowlimit>
				<highlimit>40</highlimit>
			</function_LOCpro>
			<function_comment_percent>
				<measured>17</measured>
				<alarmed>15</alarmed>
				<percent>88</percent>
				<lowlimit>30</lowlimit>
				<highlimit>75</highlimit>
			</function_comment_percent>
			<function_V>
				<measured>17</measured>
				<alarmed>0</alarmed>
				<percent>0</percent>
				<lowlimit>20</lowlimit>
				<highlimit>1000</highlimit>
			</function_V>
			<function_MI>
				<measured>17</measured>
				<alarmed>0</alarmed>
				<percent>0</percent>
				<lowlimit>65</lowlimit>
			</function_MI>
		</alarms>
		<error_messages count="0">
		</error_messages>
	</system>
</cmt_long_report>
