<?xml version="1.0" ?>
<cmt_long_report>
	<header_info>
		<cmt_version>7.0</cmt_version>
		<copyright>Copyright (c) 1993-2013 Testwell Oy</copyright>
		<copyright>Copyright (c) 2013-2018 Verifysoft Technology GmbH</copyright>
		<license_notes>
		</license_notes>
		<date>Tue Apr  4 21:30:39 2023</date>
		<cmt_options> -o C:\Users\muawi\cmt\A1_T1_S71.xml -lf -f C:\Users\muawi\cmt\files.txt</cmt_options>
		<run_directory>C:\Testwell\CMT</run_directory>
		<mccabe_preference>extended</mccabe_preference>
	</header_info>
	<file name="C:\Users\muawi\OneDrive\Documents\Study\Junior Year\Topics in Internet Research\Project\PA1_ANON_DATA\PA1_ANON_DATA\folder_71\LinkedList.cpp" stamp="1680056146">
		<function name="LinkedList::LinkedList()">
			<start_line>12</start_line>
			<vG_b>1</vG_b>
			<vG_e>1</vG_e>
			<params>0</params>
			<LOCphy>5</LOCphy>
			<LOCpro>4</LOCpro>
			<LOCbl>0</LOCbl>
			<LOCcom>0</LOCcom>
			<N>15</N>
			<N1>9</N1>
			<N2>6</N2>
			<n>12</n>
			<n1>8</n1>
			<n2>4</n2>
			<V>53.774</V>
			<B>0.016</B>
			<D>6.000</D>
			<E>322.647</E>
			<L>0.167</L>
			<T>00:00:17</T>
			<MaxND>1</MaxND>
			<MIwoc>124</MIwoc>
			<MIcwc>0</MIcwc>
			<MI>124</MI>
			<operators>
				<token count="1">()</token>
				<token count="1">::</token>
				<token count="1">;</token>
				<token count="1">&lt;</token>
				<token count="1">=</token>
				<token count="2">&gt;</token>
				<token count="1">class</token>
				<token count="1">{}</token>
			</operators>
			<operands>
				<token count="2">LinkedList</token>
				<token count="1">NULL</token>
				<token count="2">T</token>
				<token count="1">head</token>
			</operands>
		</function>
		<function name="LinkedList::LinkedList()">
			<start_line>18</start_line>
			<vG_b>3</vG_b>
			<vG_e>3</vG_e>
			<params>1</params>
			<LOCphy>27</LOCphy>
			<LOCpro>26</LOCpro>
			<LOCbl>0</LOCbl>
			<LOCcom alarmed="1">0</LOCcom>
			<N>142</N>
			<N1>79</N1>
			<N2>63</N2>
			<n>32</n>
			<n1>19</n1>
			<n2>13</n2>
			<V>710.000</V>
			<B>0.341</B>
			<D>46.038</D>
			<E>32687.309</E>
			<L>0.022</L>
			<T>00:30:15</T>
			<MaxND>3</MaxND>
			<MIwoc>83</MIwoc>
			<MIcwc>0</MIcwc>
			<MI>83</MI>
			<operators>
				<token count="1">!=</token>
				<token count="1">&amp;</token>
				<token count="4">()</token>
				<token count="3">*</token>
				<token count="13">-&gt;</token>
				<token count="1">.</token>
				<token count="1">::</token>
				<token count="14">;</token>
				<token count="7">&lt;</token>
				<token count="14">=</token>
				<token count="1">==</token>
				<token count="8">&gt;</token>
				<token count="1">class</token>
				<token count="1">const</token>
				<token count="1">else</token>
				<token count="1">if()</token>
				<token count="2">new</token>
				<token count="1">while()</token>
				<token count="4">{}</token>
			</operators>
			<operands>
				<token count="3">LinkedList</token>
				<token count="5">ListItem</token>
				<token count="6">NULL</token>
				<token count="8">T</token>
				<token count="1">getHead</token>
				<token count="6">head</token>
				<token count="5">next</token>
				<token count="2">otherList</token>
				<token count="2">prev</token>
				<token count="6">temp</token>
				<token count="9">traverseOtherList</token>
				<token count="4">traverseThisList</token>
				<token count="6">value</token>
			</operands>
		</function>
		<function name="LinkedList::~LinkedList()">
			<start_line>46</start_line>
			<vG_b>3</vG_b>
			<vG_e>3</vG_e>
			<params>0</params>
			<LOCphy>14</LOCphy>
			<LOCpro>13</LOCpro>
			<LOCbl>0</LOCbl>
			<LOCcom alarmed="1">0</LOCcom>
			<N>42</N>
			<N1>25</N1>
			<N2>17</N2>
			<n>20</n>
			<n1>14</n1>
			<n2>6</n2>
			<V>181.521</V>
			<B>0.078</B>
			<D>19.833</D>
			<E>3600.166</E>
			<L>0.050</L>
			<T>00:03:20</T>
			<MaxND>3</MaxND>
			<MIwoc>101</MIwoc>
			<MIcwc>0</MIcwc>
			<MI>101</MI>
			<operators>
				<token count="2">!=</token>
				<token count="1">()</token>
				<token count="3">-&gt;</token>
				<token count="1">::</token>
				<token count="4">;</token>
				<token count="1">&lt;</token>
				<token count="2">=</token>
				<token count="2">&gt;</token>
				<token count="1">class</token>
				<token count="2">delete</token>
				<token count="1">if()</token>
				<token count="1">while()</token>
				<token count="3">{}</token>
				<token count="1">~</token>
			</operators>
			<operands>
				<token count="2">LinkedList</token>
				<token count="3">NULL</token>
				<token count="2">T</token>
				<token count="7">head</token>
				<token count="2">next</token>
				<token count="1">prev</token>
			</operands>
		</function>
		<function name="LinkedList::insertAtHead()">
			<start_line>61</start_line>
			<vG_b>2</vG_b>
			<vG_e>2</vG_e>
			<params>1</params>
			<LOCphy>21</LOCphy>
			<LOCpro>20</LOCpro>
			<LOCbl>0</LOCbl>
			<LOCcom alarmed="1">0</LOCcom>
			<N>96</N>
			<N1>52</N1>
			<N2>44</N2>
			<n>26</n>
			<n1>14</n1>
			<n2>12</n2>
			<V>451.242</V>
			<B>0.171</B>
			<D>25.667</D>
			<E>11581.884</E>
			<L>0.039</L>
			<T>00:10:43</T>
			<MaxND>2</MaxND>
			<MIwoc>89</MIwoc>
			<MIcwc>0</MIcwc>
			<MI>89</MI>
			<operators>
				<token count="3">()</token>
				<token count="1">*</token>
				<token count="7">-&gt;</token>
				<token count="1">::</token>
				<token count="11">;</token>
				<token count="4">&lt;</token>
				<token count="11">=</token>
				<token count="1">==</token>
				<token count="5">&gt;</token>
				<token count="1">class</token>
				<token count="1">else</token>
				<token count="1">if()</token>
				<token count="2">new</token>
				<token count="3">{}</token>
			</operators>
			<operands>
				<token count="1">LinkedList</token>
				<token count="3">ListItem</token>
				<token count="5">NULL</token>
				<token count="6">T</token>
				<token count="8">head</token>
				<token count="1">insertAtHead</token>
				<token count="5">item</token>
				<token count="2">next</token>
				<token count="3">prev</token>
				<token count="7">temp</token>
				<token count="2">value</token>
				<token count="1">void</token>
			</operands>
		</function>
		<function name="LinkedList::insertAtTail()">
			<start_line>83</start_line>
			<vG_b>3</vG_b>
			<vG_e>3</vG_e>
			<params>1</params>
			<LOCphy>26</LOCphy>
			<LOCpro>25</LOCpro>
			<LOCbl>0</LOCbl>
			<LOCcom alarmed="1">0</LOCcom>
			<N>118</N>
			<N1>64</N1>
			<N2>54</N2>
			<n>29</n>
			<n1>16</n1>
			<n2>13</n2>
			<V>573.242</V>
			<B>0.238</B>
			<D>33.231</D>
			<E>19049.264</E>
			<L>0.030</L>
			<T>00:17:38</T>
			<MaxND>3</MaxND>
			<MIwoc>85</MIwoc>
			<MIcwc>0</MIcwc>
			<MI>85</MI>
			<operators>
				<token count="1">!=</token>
				<token count="3">()</token>
				<token count="2">*</token>
				<token count="9">-&gt;</token>
				<token count="1">::</token>
				<token count="13">;</token>
				<token count="5">&lt;</token>
				<token count="13">=</token>
				<token count="1">==</token>
				<token count="6">&gt;</token>
				<token count="1">class</token>
				<token count="1">else</token>
				<token count="1">if()</token>
				<token count="2">new</token>
				<token count="1">while()</token>
				<token count="4">{}</token>
			</operators>
			<operands>
				<token count="1">LinkedList</token>
				<token count="4">ListItem</token>
				<token count="7">NULL</token>
				<token count="7">T</token>
				<token count="6">head</token>
				<token count="1">insertAtTail</token>
				<token count="5">item</token>
				<token count="5">next</token>
				<token count="2">prev</token>
				<token count="6">temp</token>
				<token count="7">traverse</token>
				<token count="2">value</token>
				<token count="1">void</token>
			</operands>
		</function>
		<function name="LinkedList::insertAfter()">
			<start_line>110</start_line>
			<vG_b>3</vG_b>
			<vG_e>3</vG_e>
			<params>2</params>
			<LOCphy>28</LOCphy>
			<LOCpro>27</LOCpro>
			<LOCbl>0</LOCbl>
			<LOCcom alarmed="1">0</LOCcom>
			<N>117</N>
			<N1>64</N1>
			<N2>53</N2>
			<n>36</n>
			<n1>17</n1>
			<n2>19</n2>
			<V>604.881</V>
			<B>0.197</B>
			<D>23.711</D>
			<E>14342.052</E>
			<L>0.042</L>
			<T>00:13:16</T>
			<MaxND>3</MaxND>
			<MIwoc>83</MIwoc>
			<MIcwc>0</MIcwc>
			<MI>83</MI>
			<operators>
				<token count="4">()</token>
				<token count="2">*</token>
				<token count="1">,</token>
				<token count="8">-&gt;</token>
				<token count="3">::</token>
				<token count="12">;</token>
				<token count="4">&lt;</token>
				<token count="2">&lt;&lt;</token>
				<token count="9">=</token>
				<token count="2">==</token>
				<token count="5">&gt;</token>
				<token count="1">class</token>
				<token count="2">else</token>
				<token count="2">if()</token>
				<token count="1">new</token>
				<token count="1">return</token>
				<token count="5">{}</token>
			</operators>
			<operands>
				<token count="1">&quot;After What element not found!&quot;</token>
				<token count="1">LinkedList</token>
				<token count="3">ListItem</token>
				<token count="4">NULL</token>
				<token count="7">T</token>
				<token count="2">afterWhat</token>
				<token count="1">cout</token>
				<token count="1">endl</token>
				<token count="1">insertAfter</token>
				<token count="1">insertAtTail</token>
				<token count="5">next</token>
				<token count="2">prev</token>
				<token count="1">searchFor</token>
				<token count="2">std</token>
				<token count="7">temp</token>
				<token count="8">theNode</token>
				<token count="4">toInsert</token>
				<token count="1">value</token>
				<token count="1">void</token>
			</operands>
		</function>
		<function name="LinkedList::insertSorted()">
			<start_line>139</start_line>
			<vG_b>4</vG_b>
			<vG_e>7</vG_e>
			<params>1</params>
			<LOCphy>32</LOCphy>
			<LOCpro>31</LOCpro>
			<LOCbl>0</LOCbl>
			<LOCcom alarmed="1">0</LOCcom>
			<N>147</N>
			<N1>82</N1>
			<N2>65</N2>
			<n>34</n>
			<n1>19</n1>
			<n2>15</n2>
			<V>747.857</V>
			<B>0.327</B>
			<D>41.167</D>
			<E>30786.781</E>
			<L>0.024</L>
			<T>00:28:30</T>
			<MaxND>3</MaxND>
			<MIwoc>79</MIwoc>
			<MIcwc>0</MIcwc>
			<MI>79</MI>
			<operators>
				<token count="1">!=</token>
				<token count="2">&amp;&amp;</token>
				<token count="10">()</token>
				<token count="2">*</token>
				<token count="14">-&gt;</token>
				<token count="1">::</token>
				<token count="13">;</token>
				<token count="4">&lt;</token>
				<token count="1">&lt;=</token>
				<token count="11">=</token>
				<token count="2">==</token>
				<token count="7">&gt;</token>
				<token count="1">class</token>
				<token count="2">else</token>
				<token count="2">if()</token>
				<token count="1">new</token>
				<token count="1">while()</token>
				<token count="6">{}</token>
				<token count="1">||</token>
			</operators>
			<operands>
				<token count="1">LinkedList</token>
				<token count="3">ListItem</token>
				<token count="5">NULL</token>
				<token count="6">T</token>
				<token count="3">head</token>
				<token count="1">insertAtHead</token>
				<token count="1">insertAtTail</token>
				<token count="1">insertSorted</token>
				<token count="8">item</token>
				<token count="7">next</token>
				<token count="3">prev</token>
				<token count="7">temp</token>
				<token count="14">traverse</token>
				<token count="4">value</token>
				<token count="1">void</token>
			</operands>
		</function>
		<function name="LinkedList::getHead()">
			<start_line>172</start_line>
			<vG_b>1</vG_b>
			<vG_e>1</vG_e>
			<params>0</params>
			<LOCphy>5</LOCphy>
			<LOCpro>4</LOCpro>
			<LOCbl>0</LOCbl>
			<LOCcom>0</LOCcom>
			<N>20</N>
			<N1>13</N1>
			<N2>7</N2>
			<n>15</n>
			<n1>10</n1>
			<n2>5</n2>
			<V>78.138</V>
			<B>0.022</B>
			<D>7.000</D>
			<E>546.965</E>
			<L>0.143</L>
			<T>00:00:30</T>
			<MaxND>1</MaxND>
			<MIwoc>122</MIwoc>
			<MIcwc>0</MIcwc>
			<MI>122</MI>
			<operators>
				<token count="1">()</token>
				<token count="1">*</token>
				<token count="1">::</token>
				<token count="1">;</token>
				<token count="2">&lt;</token>
				<token count="3">&gt;</token>
				<token count="1">class</token>
				<token count="1">const</token>
				<token count="1">return</token>
				<token count="1">{}</token>
			</operators>
			<operands>
				<token count="1">LinkedList</token>
				<token count="1">ListItem</token>
				<token count="3">T</token>
				<token count="1">getHead</token>
				<token count="1">head</token>
			</operands>
		</function>
		<function name="LinkedList::getTail()">
			<start_line>178</start_line>
			<vG_b>3</vG_b>
			<vG_e>3</vG_e>
			<params>0</params>
			<LOCphy>15</LOCphy>
			<LOCpro>14</LOCpro>
			<LOCbl>0</LOCbl>
			<LOCcom alarmed="1">0</LOCcom>
			<N>51</N>
			<N1>31</N1>
			<N2>20</N2>
			<n>25</n>
			<n1>17</n1>
			<n2>8</n2>
			<V>236.837</V>
			<B>0.098</B>
			<D>21.250</D>
			<E>5032.779</E>
			<L>0.047</L>
			<T>00:04:39</T>
			<MaxND>3</MaxND>
			<MIwoc>98</MIwoc>
			<MIcwc>0</MIcwc>
			<MI>98</MI>
			<operators>
				<token count="1">!=</token>
				<token count="1">()</token>
				<token count="2">*</token>
				<token count="2">-&gt;</token>
				<token count="1">::</token>
				<token count="4">;</token>
				<token count="3">&lt;</token>
				<token count="2">=</token>
				<token count="1">==</token>
				<token count="4">&gt;</token>
				<token count="1">class</token>
				<token count="1">const</token>
				<token count="1">else</token>
				<token count="1">if()</token>
				<token count="2">return</token>
				<token count="1">while()</token>
				<token count="3">{}</token>
			</operators>
			<operands>
				<token count="1">LinkedList</token>
				<token count="2">ListItem</token>
				<token count="3">NULL</token>
				<token count="4">T</token>
				<token count="1">getTail</token>
				<token count="2">head</token>
				<token count="2">next</token>
				<token count="5">traverse</token>
			</operands>
		</function>
		<function name="LinkedList::searchFor()">
			<start_line>194</start_line>
			<vG_b>4</vG_b>
			<vG_e>4</vG_e>
			<params>1</params>
			<LOCphy>19</LOCphy>
			<LOCpro>18</LOCpro>
			<LOCbl>0</LOCbl>
			<LOCcom alarmed="1">0</LOCcom>
			<N>60</N>
			<N1>35</N1>
			<N2>25</N2>
			<n>26</n>
			<n1>16</n1>
			<n2>10</n2>
			<V>282.026</V>
			<B>0.106</B>
			<D>20.000</D>
			<E>5640.528</E>
			<L>0.050</L>
			<T>00:05:13</T>
			<MaxND>4</MaxND>
			<MIwoc>93</MIwoc>
			<MIcwc>0</MIcwc>
			<MI>93</MI>
			<operators>
				<token count="1">!=</token>
				<token count="1">()</token>
				<token count="2">*</token>
				<token count="2">-&gt;</token>
				<token count="1">::</token>
				<token count="5">;</token>
				<token count="3">&lt;</token>
				<token count="2">=</token>
				<token count="2">==</token>
				<token count="4">&gt;</token>
				<token count="1">class</token>
				<token count="1">else</token>
				<token count="2">if()</token>
				<token count="3">return</token>
				<token count="1">while()</token>
				<token count="4">{}</token>
			</operators>
			<operands>
				<token count="1">LinkedList</token>
				<token count="2">ListItem</token>
				<token count="4">NULL</token>
				<token count="5">T</token>
				<token count="2">head</token>
				<token count="2">item</token>
				<token count="1">next</token>
				<token count="1">searchFor</token>
				<token count="6">traverse</token>
				<token count="1">value</token>
			</operands>
		</function>
		<function name="LinkedList::deleteElement()">
			<start_line>214</start_line>
			<vG_b>4</vG_b>
			<vG_e>4</vG_e>
			<params>1</params>
			<LOCphy>30</LOCphy>
			<LOCpro>28</LOCpro>
			<LOCbl>1</LOCbl>
			<LOCcom alarmed="1">0</LOCcom>
			<N>90</N>
			<N1>54</N1>
			<N2>36</N2>
			<n>32</n>
			<n1>16</n1>
			<n2>16</n2>
			<V>450.000</V>
			<B>0.134</B>
			<D>18.000</D>
			<E>8100.000</E>
			<L>0.056</L>
			<T>00:07:30</T>
			<MaxND>3</MaxND>
			<MIwoc>83</MIwoc>
			<MIcwc>0</MIcwc>
			<MI>83</MI>
			<operators>
				<token count="4">()</token>
				<token count="1">*</token>
				<token count="8">-&gt;</token>
				<token count="1">::</token>
				<token count="10">;</token>
				<token count="2">&lt;</token>
				<token count="2">&lt;&lt;</token>
				<token count="3">=</token>
				<token count="3">==</token>
				<token count="3">&gt;</token>
				<token count="1">class</token>
				<token count="1">delete</token>
				<token count="3">else</token>
				<token count="3">if()</token>
				<token count="3">return</token>
				<token count="6">{}</token>
			</operators>
			<operands>
				<token count="1">&quot;Element not present&quot;</token>
				<token count="1">LinkedList</token>
				<token count="1">ListItem</token>
				<token count="3">NULL</token>
				<token count="4">T</token>
				<token count="1">cout</token>
				<token count="1">deleteElement</token>
				<token count="1">deleteHead</token>
				<token count="1">deleteTail</token>
				<token count="9">elePtr</token>
				<token count="1">endl</token>
				<token count="2">item</token>
				<token count="4">next</token>
				<token count="4">prev</token>
				<token count="1">searchFor</token>
				<token count="1">void</token>
			</operands>
		</function>
		<function name="LinkedList::deleteHead()">
			<start_line>245</start_line>
			<vG_b>3</vG_b>
			<vG_e>3</vG_e>
			<params>0</params>
			<LOCphy>22</LOCphy>
			<LOCpro>21</LOCpro>
			<LOCbl>0</LOCbl>
			<LOCcom alarmed="1">0</LOCcom>
			<N>63</N>
			<N1>39</N1>
			<N2>24</N2>
			<n>26</n>
			<n1>15</n1>
			<n2>11</n2>
			<V>296.128</V>
			<B>0.095</B>
			<D>16.364</D>
			<E>4845.726</E>
			<L>0.061</L>
			<T>00:04:29</T>
			<MaxND>2</MaxND>
			<MIwoc>91</MIwoc>
			<MIcwc>0</MIcwc>
			<MI>91</MI>
			<operators>
				<token count="1">()</token>
				<token count="4">-&gt;</token>
				<token count="1">::</token>
				<token count="9">;</token>
				<token count="1">&lt;</token>
				<token count="2">&lt;&lt;</token>
				<token count="3">=</token>
				<token count="2">==</token>
				<token count="2">&gt;</token>
				<token count="1">class</token>
				<token count="2">delete</token>
				<token count="2">else</token>
				<token count="2">if()</token>
				<token count="3">return</token>
				<token count="4">{}</token>
			</operators>
			<operands>
				<token count="1">&quot;EMPTY LIST&quot;</token>
				<token count="1">LinkedList</token>
				<token count="4">NULL</token>
				<token count="2">T</token>
				<token count="1">cout</token>
				<token count="1">deleteHead</token>
				<token count="1">endl</token>
				<token count="8">head</token>
				<token count="2">next</token>
				<token count="2">prev</token>
				<token count="1">void</token>
			</operands>
		</function>
		<function name="LinkedList::deleteTail()">
			<start_line>268</start_line>
			<vG_b>4</vG_b>
			<vG_e>4</vG_e>
			<params>0</params>
			<LOCphy>26</LOCphy>
			<LOCpro>25</LOCpro>
			<LOCbl>0</LOCbl>
			<LOCcom alarmed="1">0</LOCcom>
			<N>79</N>
			<N1>48</N1>
			<N2>31</N2>
			<n>31</n>
			<n1>18</n1>
			<n2>13</n2>
			<V>391.382</V>
			<B>0.138</B>
			<D>21.462</D>
			<E>8399.649</E>
			<L>0.047</L>
			<T>00:07:46</T>
			<MaxND>3</MaxND>
			<MIwoc>86</MIwoc>
			<MIcwc>0</MIcwc>
			<MI>86</MI>
			<operators>
				<token count="1">!=</token>
				<token count="1">()</token>
				<token count="1">*</token>
				<token count="5">-&gt;</token>
				<token count="1">::</token>
				<token count="10">;</token>
				<token count="2">&lt;</token>
				<token count="2">&lt;&lt;</token>
				<token count="4">=</token>
				<token count="2">==</token>
				<token count="3">&gt;</token>
				<token count="1">class</token>
				<token count="2">delete</token>
				<token count="2">else</token>
				<token count="2">if()</token>
				<token count="3">return</token>
				<token count="1">while()</token>
				<token count="5">{}</token>
			</operators>
			<operands>
				<token count="1">&quot;EMPTY LIST&quot;</token>
				<token count="1">LinkedList</token>
				<token count="1">ListItem</token>
				<token count="5">NULL</token>
				<token count="3">T</token>
				<token count="1">cout</token>
				<token count="1">deleteTail</token>
				<token count="1">endl</token>
				<token count="5">head</token>
				<token count="4">next</token>
				<token count="1">prev</token>
				<token count="6">traverse</token>
				<token count="1">void</token>
			</operands>
		</function>
		<function name="LinkedList::length()">
			<start_line>295</start_line>
			<vG_b>3</vG_b>
			<vG_e>3</vG_e>
			<params>0</params>
			<LOCphy>20</LOCphy>
			<LOCpro>19</LOCpro>
			<LOCbl>0</LOCbl>
			<LOCcom alarmed="1">0</LOCcom>
			<N>58</N>
			<N1>34</N1>
			<N2>24</N2>
			<n>28</n>
			<n1>17</n1>
			<n2>11</n2>
			<V>278.827</V>
			<B>0.100</B>
			<D>18.545</D>
			<E>5170.966</E>
			<L>0.054</L>
			<T>00:04:47</T>
			<MaxND>3</MaxND>
			<MIwoc>93</MIwoc>
			<MIcwc>0</MIcwc>
			<MI>93</MI>
			<operators>
				<token count="1">!=</token>
				<token count="1">()</token>
				<token count="1">*</token>
				<token count="2">++</token>
				<token count="2">-&gt;</token>
				<token count="1">::</token>
				<token count="7">;</token>
				<token count="2">&lt;</token>
				<token count="3">=</token>
				<token count="1">==</token>
				<token count="3">&gt;</token>
				<token count="1">class</token>
				<token count="1">else</token>
				<token count="1">if()</token>
				<token count="2">return</token>
				<token count="1">while()</token>
				<token count="4">{}</token>
			</operators>
			<operands>
				<token count="1">0</token>
				<token count="1">LinkedList</token>
				<token count="1">ListItem</token>
				<token count="2">NULL</token>
				<token count="3">T</token>
				<token count="5">count</token>
				<token count="1">head</token>
				<token count="2">int</token>
				<token count="1">length</token>
				<token count="2">next</token>
				<token count="5">traverse</token>
			</operands>
		</function>
		<function name="LinkedList::reverse()">
			<start_line>316</start_line>
			<vG_b>3</vG_b>
			<vG_e>4</vG_e>
			<params>0</params>
			<LOCphy>21</LOCphy>
			<LOCpro>20</LOCpro>
			<LOCbl>0</LOCbl>
			<LOCcom alarmed="1">0</LOCcom>
			<N>84</N>
			<N1>48</N1>
			<N2>36</N2>
			<n>28</n>
			<n1>17</n1>
			<n2>11</n2>
			<V>403.818</V>
			<B>0.167</B>
			<D>27.818</D>
			<E>11233.478</E>
			<L>0.036</L>
			<T>00:10:24</T>
			<MaxND>3</MaxND>
			<MIwoc>90</MIwoc>
			<MIcwc>0</MIcwc>
			<MI>90</MI>
			<operators>
				<token count="1">!=</token>
				<token count="3">()</token>
				<token count="2">*</token>
				<token count="7">-&gt;</token>
				<token count="1">::</token>
				<token count="8">;</token>
				<token count="3">&lt;</token>
				<token count="7">=</token>
				<token count="2">==</token>
				<token count="4">&gt;</token>
				<token count="1">class</token>
				<token count="1">else</token>
				<token count="1">if()</token>
				<token count="1">return</token>
				<token count="1">while()</token>
				<token count="4">{}</token>
				<token count="1">||</token>
			</operators>
			<operands>
				<token count="1">LinkedList</token>
				<token count="2">ListItem</token>
				<token count="4">NULL</token>
				<token count="4">T</token>
				<token count="4">head</token>
				<token count="3">next</token>
				<token count="4">prev</token>
				<token count="1">reverse</token>
				<token count="4">temp</token>
				<token count="8">traverse</token>
				<token count="1">void</token>
			</operands>
		</function>
		<function name="LinkedList::parityArrangement()">
			<start_line>338</start_line>
			<vG_b>5</vG_b>
			<vG_e>7</vG_e>
			<params>0</params>
			<LOCphy>35</LOCphy>
			<LOCpro>33</LOCpro>
			<LOCbl>1</LOCbl>
			<LOCcom alarmed="1">0</LOCcom>
			<N>166</N>
			<N1>95</N1>
			<N2>71</N2>
			<n>30</n>
			<n1>18</n1>
			<n2>12</n2>
			<V>814.544</V>
			<B>0.411</B>
			<D>53.250</D>
			<E>43374.461</E>
			<L>0.019</L>
			<T>00:40:09</T>
			<MaxND>4</MaxND>
			<MIwoc>77</MIwoc>
			<MIcwc>0</MIcwc>
			<MI>77</MI>
			<operators>
				<token count="6">()</token>
				<token count="3">*</token>
				<token count="22">-&gt;</token>
				<token count="1">::</token>
				<token count="17">;</token>
				<token count="4">&lt;</token>
				<token count="14">=</token>
				<token count="5">==</token>
				<token count="5">&gt;</token>
				<token count="2">break</token>
				<token count="1">class</token>
				<token count="1">else</token>
				<token count="3">if()</token>
				<token count="1">return</token>
				<token count="1">true</token>
				<token count="1">while()</token>
				<token count="6">{}</token>
				<token count="2">||</token>
			</operators>
			<operands>
				<token count="1">LinkedList</token>
				<token count="3">ListItem</token>
				<token count="6">NULL</token>
				<token count="5">T</token>
				<token count="9">evenNode</token>
				<token count="6">head</token>
				<token count="5">headEven</token>
				<token count="18">next</token>
				<token count="12">oddNode</token>
				<token count="1">parityArrangement</token>
				<token count="4">prev</token>
				<token count="1">void</token>
			</operands>
		</function>
		<function name="LinkedList::isPalindrome()">
			<start_line>374</start_line>
			<vG_b>5</vG_b>
			<vG_e>7</vG_e>
			<params>0</params>
			<LOCphy>24</LOCphy>
			<LOCpro>23</LOCpro>
			<LOCbl>0</LOCbl>
			<LOCcom alarmed="1">0</LOCcom>
			<N>101</N>
			<N1>60</N1>
			<N2>41</N2>
			<n>33</n>
			<n1>17</n1>
			<n2>16</n2>
			<V>509.484</V>
			<B>0.166</B>
			<D>21.781</D>
			<E>11097.194</E>
			<L>0.046</L>
			<T>00:10:16</T>
			<MaxND>3</MaxND>
			<MIwoc>85</MIwoc>
			<MIcwc>0</MIcwc>
			<MI>85</MI>
			<operators>
				<token count="4">!=</token>
				<token count="2">&amp;&amp;</token>
				<token count="7">()</token>
				<token count="2">*</token>
				<token count="8">-&gt;</token>
				<token count="1">::</token>
				<token count="8">;</token>
				<token count="3">&lt;</token>
				<token count="4">=</token>
				<token count="2">==</token>
				<token count="4">&gt;</token>
				<token count="1">class</token>
				<token count="2">else</token>
				<token count="3">if()</token>
				<token count="4">return</token>
				<token count="1">while()</token>
				<token count="4">{}</token>
			</operators>
			<operands>
				<token count="3">0</token>
				<token count="1">1</token>
				<token count="1">LinkedList</token>
				<token count="2">ListItem</token>
				<token count="1">NULL</token>
				<token count="4">T</token>
				<token count="1">bool</token>
				<token count="1">getHead</token>
				<token count="1">getTail</token>
				<token count="1">head</token>
				<token count="8">headPtr</token>
				<token count="1">isPalindrome</token>
				<token count="3">next</token>
				<token count="1">prev</token>
				<token count="8">tailPtr</token>
				<token count="4">value</token>
			</operands>
		</function>
		<file_total>
			<vG_b>39</vG_b>
			<vG_e>47</vG_e>
			<vG_b_max>5</vG_b_max>
			<vG_b_avg>3</vG_b_avg>
			<vG_e_max>7</vG_e_max>
			<vG_e_avg>3</vG_e_avg>
			<params>8</params>
			<LOCphy>398</LOCphy>
			<LOCpro>375</LOCpro>
			<LOCbl>23</LOCbl>
			<LOCcom alarmed="1">0</LOCcom>
			<N>1501</N>
			<N1>877</N1>
			<N2>624</N2>
			<n>88</n>
			<n1>36</n1>
			<n2>52</n2>
			<V alarmed="1">9695.606</V>
			<B alarmed="1">5.456</B>
			<D>216.000</D>
			<E>2094251.125</E>
			<L>0.005</L>
			<T>32:19:07</T>
			<MaxND>4</MaxND>
			<MIwoc>86</MIwoc>
			<MIcwc>0</MIcwc>
			<MI>86</MI>
			<operators>
				<token count="14">!=</token>
				<token count="6">#</token>
				<token count="1">&amp;</token>
				<token count="4">&amp;&amp;</token>
				<token count="52">()</token>
				<token count="25">*</token>
				<token count="2">++</token>
				<token count="1">,</token>
				<token count="114">-&gt;</token>
				<token count="1">.</token>
				<token count="19">::</token>
				<token count="148">;</token>
				<token count="68">&lt;</token>
				<token count="8">&lt;&lt;</token>
				<token count="1">&lt;=</token>
				<token count="103">=</token>
				<token count="27">==</token>
				<token count="70">&gt;</token>
				<token count="2">break</token>
				<token count="17">class</token>
				<token count="3">const</token>
				<token count="7">delete</token>
				<token count="21">else</token>
				<token count="1">endif</token>
				<token count="26">if()</token>
				<token count="1">ifndef</token>
				<token count="1">namespace</token>
				<token count="8">new</token>
				<token count="24">return</token>
				<token count="17">template</token>
				<token count="1">true</token>
				<token count="1">using</token>
				<token count="11">while()</token>
				<token count="67">{}</token>
				<token count="4">||</token>
				<token count="1">~</token>
			</operators>
			<operands>
				<token count="1">&quot;After What element not found!&quot;</token>
				<token count="2">&quot;EMPTY LIST&quot;</token>
				<token count="1">&quot;Element not present&quot;</token>
				<token count="4">0</token>
				<token count="1">1</token>
				<token count="21">LinkedList</token>
				<token count="33">ListItem</token>
				<token count="63">NULL</token>
				<token count="75">T</token>
				<token count="2">__LIST_CPP</token>
				<token count="2">afterWhat</token>
				<token count="1">bool</token>
				<token count="5">count</token>
				<token count="4">cout</token>
				<token count="1">define</token>
				<token count="1">deleteElement</token>
				<token count="2">deleteHead</token>
				<token count="2">deleteTail</token>
				<token count="9">elePtr</token>
				<token count="4">endl</token>
				<token count="9">evenNode</token>
				<token count="3">getHead</token>
				<token count="2">getTail</token>
				<token count="61">head</token>
				<token count="5">headEven</token>
				<token count="8">headPtr</token>
				<token count="3">include</token>
				<token count="1">insertAfter</token>
				<token count="2">insertAtHead</token>
				<token count="3">insertAtTail</token>
				<token count="1">insertSorted</token>
				<token count="2">int</token>
				<token count="1">isPalindrome</token>
				<token count="22">item</token>
				<token count="1">length</token>
				<token count="65">next</token>
				<token count="12">oddNode</token>
				<token count="2">otherList</token>
				<token count="1">parityArrangement</token>
				<token count="29">prev</token>
				<token count="1">reverse</token>
				<token count="3">searchFor</token>
				<token count="3">std</token>
				<token count="8">tailPtr</token>
				<token count="37">temp</token>
				<token count="8">theNode</token>
				<token count="4">toInsert</token>
				<token count="51">traverse</token>
				<token count="9">traverseOtherList</token>
				<token count="4">traverseThisList</token>
				<token count="20">value</token>
				<token count="9">void</token>
			</operands>
		</file_total>
	</file>
	<system>
		<files>1</files>
		<functions>17</functions>
		<LOCphy>398</LOCphy>
		<LOCbl>23</LOCbl>
		<LOCpro>375</LOCpro>
		<LOCcom>0</LOCcom>
		<semicolons>148</semicolons>
		<vG_b>39</vG_b>
		<vG_e>47</vG_e>
		<params>8</params>
		<MIwoc>89</MIwoc>
		<MIcw>0</MIcw>
		<MI>89</MI>
		<alarms>
			<file_vG>
				<measured>1</measured>
				<alarmed>0</alarmed>
				<percent>0</percent>
				<lowlimit>1</lowlimit>
				<highlimit>100</highlimit>
			</file_vG>
			<file_LOCpro>
				<measured>1</measured>
				<alarmed>0</alarmed>
				<percent>0</percent>
				<lowlimit>4</lowlimit>
				<highlimit>400</highlimit>
			</file_LOCpro>
			<file_comment_percent>
				<measured>1</measured>
				<alarmed>1</alarmed>
				<percent>100</percent>
				<lowlimit>30</lowlimit>
				<highlimit>75</highlimit>
			</file_comment_percent>
			<file_V>
				<measured>1</measured>
				<alarmed>1</alarmed>
				<percent>100</percent>
				<lowlimit>100</lowlimit>
				<highlimit>8000</highlimit>
			</file_V>
			<file_B>
				<measured>1</measured>
				<alarmed>1</alarmed>
				<percent>100</percent>
				<lowlimit>0</lowlimit>
				<highlimit>2</highlimit>
			</file_B>
			<file_MI>
				<measured>1</measured>
				<alarmed>0</alarmed>
				<percent>0</percent>
				<lowlimit>65</lowlimit>
			</file_MI>
			<function_vG>
				<measured>17</measured>
				<alarmed>0</alarmed>
				<percent>0</percent>
				<lowlimit>1</lowlimit>
				<highlimit>10</highlimit>
			</function_vG>
			<function_LOCpro>
				<measured>17</measured>
				<alarmed>0</alarmed>
				<percent>0</percent>
				<lowlimit>4</lowlimit>
				<highlimit>40</highlimit>
			</function_LOCpro>
			<function_comment_percent>
				<measured>17</measured>
				<alarmed>15</alarmed>
				<percent>88</percent>
				<lowlimit>30</lowlimit>
				<highlimit>75</highlimit>
			</function_comment_percent>
			<function_V>
				<measured>17</measured>
				<alarmed>0</alarmed>
				<percent>0</percent>
				<lowlimit>20</lowlimit>
				<highlimit>1000</highlimit>
			</function_V>
			<function_MI>
				<measured>17</measured>
				<alarmed>0</alarmed>
				<percent>0</percent>
				<lowlimit>65</lowlimit>
			</function_MI>
		</alarms>
		<error_messages count="0">
		</error_messages>
	</system>
</cmt_long_report>
