<?xml version="1.0" ?>
<cmt_long_report>
	<header_info>
		<cmt_version>7.0</cmt_version>
		<copyright>Copyright (c) 1993-2013 Testwell Oy</copyright>
		<copyright>Copyright (c) 2013-2018 Verifysoft Technology GmbH</copyright>
		<license_notes>
		</license_notes>
		<date>Tue Apr  4 20:58:51 2023</date>
		<cmt_options> -o C:\Users\muawi\cmt\A1_T1_S10.xml -lf -f C:\Users\muawi\cmt\files.txt</cmt_options>
		<run_directory>C:\Testwell\CMT</run_directory>
		<mccabe_preference>extended</mccabe_preference>
	</header_info>
	<file name="C:\Users\muawi\OneDrive\Documents\Study\Junior Year\Topics in Internet Research\Project\PA1_ANON_DATA\PA1_ANON_DATA\folder_10\LinkedList.cpp" stamp="1680056173">
		<function name="LinkedList::LinkedList()">
			<start_line>11</start_line>
			<vG_b>1</vG_b>
			<vG_e>1</vG_e>
			<params>0</params>
			<LOCphy>5</LOCphy>
			<LOCpro>4</LOCpro>
			<LOCbl>0</LOCbl>
			<LOCcom>0</LOCcom>
			<N>15</N>
			<N1>9</N1>
			<N2>6</N2>
			<n>12</n>
			<n1>8</n1>
			<n2>4</n2>
			<V>53.774</V>
			<B>0.016</B>
			<D>6.000</D>
			<E>322.647</E>
			<L>0.167</L>
			<T>00:00:17</T>
			<MaxND>1</MaxND>
			<MIwoc>124</MIwoc>
			<MIcwc>0</MIcwc>
			<MI>124</MI>
			<operators>
				<token count="1">()</token>
				<token count="1">::</token>
				<token count="1">;</token>
				<token count="1">&lt;</token>
				<token count="1">=</token>
				<token count="2">&gt;</token>
				<token count="1">class</token>
				<token count="1">{}</token>
			</operators>
			<operands>
				<token count="2">LinkedList</token>
				<token count="1">NULL</token>
				<token count="2">T</token>
				<token count="1">head</token>
			</operands>
		</function>
		<function name="LinkedList::LinkedList()">
			<start_line>17</start_line>
			<vG_b>2</vG_b>
			<vG_e>2</vG_e>
			<params>1</params>
			<LOCphy>13</LOCphy>
			<LOCpro>10</LOCpro>
			<LOCbl>2</LOCbl>
			<LOCcom alarmed="1">0</LOCcom>
			<N>52</N>
			<N1>29</N1>
			<N2>23</N2>
			<n>26</n>
			<n1>15</n1>
			<n2>11</n2>
			<V>244.423</V>
			<B>0.082</B>
			<D>15.682</D>
			<E>3832.995</E>
			<L>0.064</L>
			<T>00:03:32</T>
			<MaxND>2</MaxND>
			<MIwoc>100</MIwoc>
			<MIcwc>0</MIcwc>
			<MI>100</MI>
			<operators>
				<token count="1">!=</token>
				<token count="1">&amp;</token>
				<token count="2">()</token>
				<token count="1">*</token>
				<token count="3">-&gt;</token>
				<token count="1">.</token>
				<token count="1">::</token>
				<token count="4">;</token>
				<token count="3">&lt;</token>
				<token count="3">=</token>
				<token count="4">&gt;</token>
				<token count="1">class</token>
				<token count="1">const</token>
				<token count="1">while()</token>
				<token count="2">{}</token>
			</operators>
			<operands>
				<token count="3">LinkedList</token>
				<token count="1">ListItem</token>
				<token count="2">NULL</token>
				<token count="4">T</token>
				<token count="2">head</token>
				<token count="1">insertAtTail</token>
				<token count="1">next</token>
				<token count="2">otherLinkedList</token>
				<token count="5">thelist</token>
				<token count="1">this</token>
				<token count="1">value</token>
			</operands>
		</function>
		<function name="LinkedList::~LinkedList()">
			<start_line>31</start_line>
			<vG_b>2</vG_b>
			<vG_e>2</vG_e>
			<params>0</params>
			<LOCphy>10</LOCphy>
			<LOCpro>7</LOCpro>
			<LOCbl>2</LOCbl>
			<LOCcom>0</LOCcom>
			<N>20</N>
			<N1>13</N1>
			<N2>7</N2>
			<n>15</n>
			<n1>10</n1>
			<n2>5</n2>
			<V>78.138</V>
			<B>0.022</B>
			<D>7.000</D>
			<E>546.965</E>
			<L>0.143</L>
			<T>00:00:30</T>
			<MaxND>2</MaxND>
			<MIwoc>111</MIwoc>
			<MIcwc>0</MIcwc>
			<MI>111</MI>
			<operators>
				<token count="1">!=</token>
				<token count="2">()</token>
				<token count="1">::</token>
				<token count="1">;</token>
				<token count="1">&lt;</token>
				<token count="2">&gt;</token>
				<token count="1">class</token>
				<token count="1">while()</token>
				<token count="2">{}</token>
				<token count="1">~</token>
			</operators>
			<operands>
				<token count="2">LinkedList</token>
				<token count="1">NULL</token>
				<token count="2">T</token>
				<token count="1">deleteHead</token>
				<token count="1">head</token>
			</operands>
		</function>
		<function name="LinkedList::insertAtHead()">
			<start_line>42</start_line>
			<vG_b>2</vG_b>
			<vG_e>2</vG_e>
			<params>1</params>
			<LOCphy>25</LOCphy>
			<LOCpro>20</LOCpro>
			<LOCbl>4</LOCbl>
			<LOCcom alarmed="1">0</LOCcom>
			<N>101</N>
			<N1>55</N1>
			<N2>46</N2>
			<n>26</n>
			<n1>14</n1>
			<n2>12</n2>
			<V>474.744</V>
			<B>0.182</B>
			<D>26.833</D>
			<E>12738.975</E>
			<L>0.037</L>
			<T>00:11:47</T>
			<MaxND>2</MaxND>
			<MIwoc>86</MIwoc>
			<MIcwc>0</MIcwc>
			<MI>86</MI>
			<operators>
				<token count="3">()</token>
				<token count="2">*</token>
				<token count="7">-&gt;</token>
				<token count="1">::</token>
				<token count="11">;</token>
				<token count="5">&lt;</token>
				<token count="11">=</token>
				<token count="1">==</token>
				<token count="6">&gt;</token>
				<token count="1">class</token>
				<token count="1">else</token>
				<token count="1">if()</token>
				<token count="2">new</token>
				<token count="3">{}</token>
			</operators>
			<operands>
				<token count="1">LinkedList</token>
				<token count="4">ListItem</token>
				<token count="4">NULL</token>
				<token count="7">T</token>
				<token count="5">head</token>
				<token count="1">insertAtHead</token>
				<token count="5">item</token>
				<token count="11">newone</token>
				<token count="2">next</token>
				<token count="3">prev</token>
				<token count="2">value</token>
				<token count="1">void</token>
			</operands>
		</function>
		<function name="LinkedList::insertAtTail()">
			<start_line>68</start_line>
			<vG_b>3</vG_b>
			<vG_e>3</vG_e>
			<params>1</params>
			<LOCphy>26</LOCphy>
			<LOCpro>20</LOCpro>
			<LOCbl>5</LOCbl>
			<LOCcom alarmed="1">0</LOCcom>
			<N>86</N>
			<N1>47</N1>
			<N2>39</N2>
			<n>30</n>
			<n1>16</n1>
			<n2>14</n2>
			<V>421.993</V>
			<B>0.149</B>
			<D>22.286</D>
			<E>9404.406</E>
			<L>0.045</L>
			<T>00:08:42</T>
			<MaxND>3</MaxND>
			<MIwoc>86</MIwoc>
			<MIcwc>0</MIcwc>
			<MI>86</MI>
			<operators>
				<token count="1">!=</token>
				<token count="3">()</token>
				<token count="2">*</token>
				<token count="6">-&gt;</token>
				<token count="1">::</token>
				<token count="8">;</token>
				<token count="4">&lt;</token>
				<token count="7">=</token>
				<token count="1">==</token>
				<token count="5">&gt;</token>
				<token count="1">class</token>
				<token count="1">else</token>
				<token count="1">if()</token>
				<token count="1">new</token>
				<token count="1">while()</token>
				<token count="4">{}</token>
			</operators>
			<operands>
				<token count="1">LinkedList</token>
				<token count="3">ListItem</token>
				<token count="3">NULL</token>
				<token count="6">T</token>
				<token count="2">head</token>
				<token count="6">here</token>
				<token count="1">insertAtHead</token>
				<token count="1">insertAtTail</token>
				<token count="4">item</token>
				<token count="5">newone</token>
				<token count="4">next</token>
				<token count="1">prev</token>
				<token count="1">value</token>
				<token count="1">void</token>
			</operands>
		</function>
		<function name="LinkedList::insertAfter()">
			<start_line>95</start_line>
			<vG_b>4</vG_b>
			<vG_e>5</vG_e>
			<params>2</params>
			<LOCphy>33</LOCphy>
			<LOCpro>27</LOCpro>
			<LOCbl>5</LOCbl>
			<LOCcom alarmed="1">0</LOCcom>
			<N>106</N>
			<N1>60</N1>
			<N2>46</N2>
			<n>33</n>
			<n1>19</n1>
			<n2>14</n2>
			<V>534.706</V>
			<B>0.218</B>
			<D>31.214</D>
			<E>16690.459</E>
			<L>0.032</L>
			<T>00:15:27</T>
			<MaxND>3</MaxND>
			<MIwoc>81</MIwoc>
			<MIcwc>0</MIcwc>
			<MI>81</MI>
			<operators>
				<token count="2">!=</token>
				<token count="1">&amp;&amp;</token>
				<token count="2">()</token>
				<token count="2">*</token>
				<token count="1">,</token>
				<token count="9">-&gt;</token>
				<token count="1">::</token>
				<token count="9">;</token>
				<token count="4">&lt;</token>
				<token count="7">=</token>
				<token count="2">==</token>
				<token count="5">&gt;</token>
				<token count="1">class</token>
				<token count="2">else</token>
				<token count="2">if()</token>
				<token count="1">new</token>
				<token count="2">return</token>
				<token count="1">while()</token>
				<token count="6">{}</token>
			</operators>
			<operands>
				<token count="1">LinkedList</token>
				<token count="3">ListItem</token>
				<token count="2">NULL</token>
				<token count="7">T</token>
				<token count="3">afterWhat</token>
				<token count="1">head</token>
				<token count="10">here</token>
				<token count="1">insertAfter</token>
				<token count="5">newone</token>
				<token count="5">next</token>
				<token count="1">prev</token>
				<token count="3">toInsert</token>
				<token count="3">value</token>
				<token count="1">void</token>
			</operands>
		</function>
		<function name="LinkedList::insertSorted()">
			<start_line>129</start_line>
			<vG_b>4</vG_b>
			<vG_e>5</vG_e>
			<params>1</params>
			<LOCphy>34</LOCphy>
			<LOCpro>28</LOCpro>
			<LOCbl>5</LOCbl>
			<LOCcom alarmed="1">0</LOCcom>
			<N>121</N>
			<N1>68</N1>
			<N2>53</N2>
			<n>33</n>
			<n1>18</n1>
			<n2>15</n2>
			<V>610.372</V>
			<B>0.241</B>
			<D>31.800</D>
			<E>19409.820</E>
			<L>0.031</L>
			<T>00:17:58</T>
			<MaxND>4</MaxND>
			<MIwoc>79</MIwoc>
			<MIcwc>0</MIcwc>
			<MI>79</MI>
			<operators>
				<token count="1">!=</token>
				<token count="4">()</token>
				<token count="2">*</token>
				<token count="12">-&gt;</token>
				<token count="1">::</token>
				<token count="13">;</token>
				<token count="6">&lt;</token>
				<token count="8">=</token>
				<token count="1">==</token>
				<token count="5">&gt;</token>
				<token count="1">class</token>
				<token count="1">else</token>
				<token count="2">if()</token>
				<token count="1">new</token>
				<token count="3">return</token>
				<token count="1">while()</token>
				<token count="5">{}</token>
				<token count="1">||</token>
			</operators>
			<operands>
				<token count="1">LinkedList</token>
				<token count="3">ListItem</token>
				<token count="2">NULL</token>
				<token count="6">T</token>
				<token count="6">adder</token>
				<token count="3">head</token>
				<token count="9">here</token>
				<token count="1">insertAtHead</token>
				<token count="1">insertAtTail</token>
				<token count="1">insertSorted</token>
				<token count="7">item</token>
				<token count="7">next</token>
				<token count="2">prev</token>
				<token count="3">value</token>
				<token count="1">void</token>
			</operands>
		</function>
		<function name="LinkedList::getHead()">
			<start_line>164</start_line>
			<vG_b>1</vG_b>
			<vG_e>1</vG_e>
			<params>0</params>
			<LOCphy>5</LOCphy>
			<LOCpro>4</LOCpro>
			<LOCbl>0</LOCbl>
			<LOCcom>0</LOCcom>
			<N>19</N>
			<N1>12</N1>
			<N2>7</N2>
			<n>14</n>
			<n1>9</n1>
			<n2>5</n2>
			<V>72.340</V>
			<B>0.020</B>
			<D>6.300</D>
			<E>455.740</E>
			<L>0.159</L>
			<T>00:00:25</T>
			<MaxND>1</MaxND>
			<MIwoc>122</MIwoc>
			<MIcwc>0</MIcwc>
			<MI>122</MI>
			<operators>
				<token count="1">()</token>
				<token count="1">*</token>
				<token count="1">::</token>
				<token count="1">;</token>
				<token count="2">&lt;</token>
				<token count="3">&gt;</token>
				<token count="1">class</token>
				<token count="1">return</token>
				<token count="1">{}</token>
			</operators>
			<operands>
				<token count="1">LinkedList</token>
				<token count="1">ListItem</token>
				<token count="3">T</token>
				<token count="1">getHead</token>
				<token count="1">head</token>
			</operands>
		</function>
		<function name="LinkedList::getTail()">
			<start_line>170</start_line>
			<vG_b>2</vG_b>
			<vG_e>2</vG_e>
			<params>0</params>
			<LOCphy>11</LOCphy>
			<LOCpro>9</LOCpro>
			<LOCbl>1</LOCbl>
			<LOCcom>0</LOCcom>
			<N>41</N>
			<N1>24</N1>
			<N2>17</N2>
			<n>21</n>
			<n1>13</n1>
			<n2>8</n2>
			<V>180.085</V>
			<B>0.061</B>
			<D>13.813</D>
			<E>2487.424</E>
			<L>0.072</L>
			<T>00:02:18</T>
			<MaxND>2</MaxND>
			<MIwoc>105</MIwoc>
			<MIcwc>0</MIcwc>
			<MI>105</MI>
			<operators>
				<token count="1">!=</token>
				<token count="1">()</token>
				<token count="2">*</token>
				<token count="2">-&gt;</token>
				<token count="1">::</token>
				<token count="3">;</token>
				<token count="3">&lt;</token>
				<token count="2">=</token>
				<token count="4">&gt;</token>
				<token count="1">class</token>
				<token count="1">return</token>
				<token count="1">while()</token>
				<token count="2">{}</token>
			</operators>
			<operands>
				<token count="1">LinkedList</token>
				<token count="2">ListItem</token>
				<token count="1">NULL</token>
				<token count="4">T</token>
				<token count="1">getTail</token>
				<token count="1">head</token>
				<token count="5">here</token>
				<token count="2">next</token>
			</operands>
		</function>
		<function name="LinkedList::searchFor()">
			<start_line>182</start_line>
			<vG_b>4</vG_b>
			<vG_e>5</vG_e>
			<params>1</params>
			<LOCphy>28</LOCphy>
			<LOCpro>23</LOCpro>
			<LOCbl>4</LOCbl>
			<LOCcom alarmed="1">0</LOCcom>
			<N>71</N>
			<N1>42</N1>
			<N2>29</N2>
			<n>27</n>
			<n1>17</n1>
			<n2>10</n2>
			<V>337.597</V>
			<B>0.137</B>
			<D>24.650</D>
			<E>8321.767</E>
			<L>0.041</L>
			<T>00:07:42</T>
			<MaxND>3</MaxND>
			<MIwoc>86</MIwoc>
			<MIcwc>0</MIcwc>
			<MI>86</MI>
			<operators>
				<token count="2">!=</token>
				<token count="1">&amp;&amp;</token>
				<token count="1">()</token>
				<token count="2">*</token>
				<token count="4">-&gt;</token>
				<token count="1">::</token>
				<token count="5">;</token>
				<token count="3">&lt;</token>
				<token count="2">=</token>
				<token count="2">==</token>
				<token count="4">&gt;</token>
				<token count="1">class</token>
				<token count="2">else</token>
				<token count="2">if()</token>
				<token count="3">return</token>
				<token count="1">while()</token>
				<token count="6">{}</token>
			</operators>
			<operands>
				<token count="1">LinkedList</token>
				<token count="2">ListItem</token>
				<token count="4">NULL</token>
				<token count="5">T</token>
				<token count="1">head</token>
				<token count="8">here</token>
				<token count="3">item</token>
				<token count="2">next</token>
				<token count="1">searchFor</token>
				<token count="2">value</token>
			</operands>
		</function>
		<function name="LinkedList::deleteElement()">
			<start_line>211</start_line>
			<vG_b>6</vG_b>
			<vG_e>6</vG_e>
			<params>1</params>
			<LOCphy>26</LOCphy>
			<LOCpro>21</LOCpro>
			<LOCbl>4</LOCbl>
			<LOCcom alarmed="1">0</LOCcom>
			<N>97</N>
			<N1>54</N1>
			<N2>43</N2>
			<n>31</n>
			<n1>16</n1>
			<n2>15</n2>
			<V>480.557</V>
			<B>0.165</B>
			<D>22.933</D>
			<E>11020.774</E>
			<L>0.044</L>
			<T>00:10:12</T>
			<MaxND>3</MaxND>
			<MIwoc>85</MIwoc>
			<MIcwc>0</MIcwc>
			<MI>85</MI>
			<operators>
				<token count="3">!=</token>
				<token count="3">()</token>
				<token count="2">*</token>
				<token count="9">-&gt;</token>
				<token count="1">::</token>
				<token count="8">;</token>
				<token count="3">&lt;</token>
				<token count="5">=</token>
				<token count="2">==</token>
				<token count="4">&gt;</token>
				<token count="1">class</token>
				<token count="1">delete</token>
				<token count="1">else</token>
				<token count="5">if()</token>
				<token count="1">return</token>
				<token count="5">{}</token>
			</operators>
			<operands>
				<token count="1">LinkedList</token>
				<token count="2">ListItem</token>
				<token count="5">NULL</token>
				<token count="5">T</token>
				<token count="1">deleteElement</token>
				<token count="1">deleteHead</token>
				<token count="1">head</token>
				<token count="3">here</token>
				<token count="3">item</token>
				<token count="4">next</token>
				<token count="4">prev</token>
				<token count="1">searchFor</token>
				<token count="10">temp</token>
				<token count="1">value</token>
				<token count="1">void</token>
			</operands>
		</function>
		<function name="LinkedList::deleteHead()">
			<start_line>238</start_line>
			<vG_b>3</vG_b>
			<vG_e>3</vG_e>
			<params>0</params>
			<LOCphy>21</LOCphy>
			<LOCpro>19</LOCpro>
			<LOCbl>1</LOCbl>
			<LOCcom alarmed="1">0</LOCcom>
			<N>66</N>
			<N1>38</N1>
			<N2>28</N2>
			<n>25</n>
			<n1>15</n1>
			<n2>10</n2>
			<V>306.495</V>
			<B>0.115</B>
			<D>21.000</D>
			<E>6436.385</E>
			<L>0.048</L>
			<T>00:05:57</T>
			<MaxND>3</MaxND>
			<MIwoc>91</MIwoc>
			<MIcwc>0</MIcwc>
			<MI>91</MI>
			<operators>
				<token count="2">!=</token>
				<token count="1">()</token>
				<token count="1">*</token>
				<token count="4">-&gt;</token>
				<token count="1">::</token>
				<token count="8">;</token>
				<token count="2">&lt;</token>
				<token count="6">=</token>
				<token count="3">&gt;</token>
				<token count="1">class</token>
				<token count="1">delete</token>
				<token count="1">else</token>
				<token count="2">if()</token>
				<token count="1">return</token>
				<token count="4">{}</token>
			</operators>
			<operands>
				<token count="1">LinkedList</token>
				<token count="1">ListItem</token>
				<token count="6">NULL</token>
				<token count="3">T</token>
				<token count="1">deleteHead</token>
				<token count="6">head</token>
				<token count="2">next</token>
				<token count="2">prev</token>
				<token count="5">temp</token>
				<token count="1">void</token>
			</operands>
		</function>
		<function name="LinkedList::deleteTail()">
			<start_line>260</start_line>
			<vG_b>4</vG_b>
			<vG_e>4</vG_e>
			<params>0</params>
			<LOCphy>29</LOCphy>
			<LOCpro>23</LOCpro>
			<LOCbl>5</LOCbl>
			<LOCcom alarmed="1">0</LOCcom>
			<N>77</N>
			<N1>46</N1>
			<N2>31</N2>
			<n>28</n>
			<n1>17</n1>
			<n2>11</n2>
			<V>370.166</V>
			<B>0.143</B>
			<D>23.955</D>
			<E>8867.166</E>
			<L>0.042</L>
			<T>00:08:12</T>
			<MaxND>3</MaxND>
			<MIwoc>85</MIwoc>
			<MIcwc>0</MIcwc>
			<MI>85</MI>
			<operators>
				<token count="2">!=</token>
				<token count="2">()</token>
				<token count="2">*</token>
				<token count="4">-&gt;</token>
				<token count="1">::</token>
				<token count="9">;</token>
				<token count="3">&lt;</token>
				<token count="5">=</token>
				<token count="1">==</token>
				<token count="4">&gt;</token>
				<token count="1">class</token>
				<token count="1">delete</token>
				<token count="1">else</token>
				<token count="2">if()</token>
				<token count="2">return</token>
				<token count="1">while()</token>
				<token count="5">{}</token>
			</operators>
			<operands>
				<token count="1">LinkedList</token>
				<token count="2">ListItem</token>
				<token count="4">NULL</token>
				<token count="4">T</token>
				<token count="1">deleteHead</token>
				<token count="1">deleteTail</token>
				<token count="4">head</token>
				<token count="6">here</token>
				<token count="4">next</token>
				<token count="3">temp</token>
				<token count="1">void</token>
			</operands>
		</function>
		<function name="LinkedList::length()">
			<start_line>290</start_line>
			<vG_b>3</vG_b>
			<vG_e>3</vG_e>
			<params>0</params>
			<LOCphy>19</LOCphy>
			<LOCpro>15</LOCpro>
			<LOCbl>3</LOCbl>
			<LOCcom alarmed="1">0</LOCcom>
			<N>53</N>
			<N1>30</N1>
			<N2>23</N2>
			<n>28</n>
			<n1>16</n1>
			<n2>12</n2>
			<V>254.790</V>
			<B>0.083</B>
			<D>15.333</D>
			<E>3906.777</E>
			<L>0.065</L>
			<T>00:03:37</T>
			<MaxND>2</MaxND>
			<MIwoc>94</MIwoc>
			<MIcwc>0</MIcwc>
			<MI>94</MI>
			<operators>
				<token count="1">!=</token>
				<token count="1">()</token>
				<token count="1">*</token>
				<token count="1">++</token>
				<token count="2">-&gt;</token>
				<token count="1">::</token>
				<token count="6">;</token>
				<token count="2">&lt;</token>
				<token count="3">=</token>
				<token count="1">==</token>
				<token count="3">&gt;</token>
				<token count="1">class</token>
				<token count="1">if()</token>
				<token count="2">return</token>
				<token count="1">while()</token>
				<token count="3">{}</token>
			</operators>
			<operands>
				<token count="1">0</token>
				<token count="1">1</token>
				<token count="1">LinkedList</token>
				<token count="1">ListItem</token>
				<token count="2">NULL</token>
				<token count="3">T</token>
				<token count="3">counter</token>
				<token count="2">head</token>
				<token count="4">here</token>
				<token count="2">int</token>
				<token count="1">length</token>
				<token count="2">next</token>
			</operands>
		</function>
		<function name="LinkedList::reverse()">
			<start_line>310</start_line>
			<vG_b>4</vG_b>
			<vG_e>4</vG_e>
			<params>0</params>
			<LOCphy>29</LOCphy>
			<LOCpro>23</LOCpro>
			<LOCbl>5</LOCbl>
			<LOCcom alarmed="1">0</LOCcom>
			<N>81</N>
			<N1>46</N1>
			<N2>35</N2>
			<n>27</n>
			<n1>16</n1>
			<n2>11</n2>
			<V>385.146</V>
			<B>0.153</B>
			<D>25.455</D>
			<E>9803.714</E>
			<L>0.039</L>
			<T>00:09:04</T>
			<MaxND>3</MaxND>
			<MIwoc>85</MIwoc>
			<MIcwc>0</MIcwc>
			<MI>85</MI>
			<operators>
				<token count="2">!=</token>
				<token count="1">()</token>
				<token count="2">*</token>
				<token count="6">-&gt;</token>
				<token count="1">::</token>
				<token count="8">;</token>
				<token count="3">&lt;</token>
				<token count="7">=</token>
				<token count="1">==</token>
				<token count="4">&gt;</token>
				<token count="1">class</token>
				<token count="1">else</token>
				<token count="2">if()</token>
				<token count="1">return</token>
				<token count="1">while()</token>
				<token count="5">{}</token>
			</operators>
			<operands>
				<token count="1">LinkedList</token>
				<token count="2">ListItem</token>
				<token count="4">NULL</token>
				<token count="4">T</token>
				<token count="3">head</token>
				<token count="8">here</token>
				<token count="2">next</token>
				<token count="4">prev</token>
				<token count="1">reverse</token>
				<token count="5">temp</token>
				<token count="1">void</token>
			</operands>
		</function>
		<function name="LinkedList::parityArrangement()">
			<start_line>340</start_line>
			<vG_b>6</vG_b>
			<vG_e>6</vG_e>
			<params>0</params>
			<LOCphy>51</LOCphy>
			<LOCpro>40</LOCpro>
			<LOCbl>10</LOCbl>
			<LOCcom alarmed="1">0</LOCcom>
			<N>161</N>
			<N1>92</N1>
			<N2>69</N2>
			<n>33</n>
			<n1>18</n1>
			<n2>15</n2>
			<V>812.147</V>
			<B>0.347</B>
			<D>41.400</D>
			<E>33622.906</E>
			<L>0.024</L>
			<T>00:31:07</T>
			<MaxND>4</MaxND>
			<MIwoc>71</MIwoc>
			<MIcwc>0</MIcwc>
			<MI>71</MI>
			<operators>
				<token count="1">()</token>
				<token count="3">*</token>
				<token count="19">-&gt;</token>
				<token count="1">::</token>
				<token count="19">;</token>
				<token count="4">&lt;</token>
				<token count="2">&lt;&lt;</token>
				<token count="14">=</token>
				<token count="4">==</token>
				<token count="5">&gt;</token>
				<token count="2">break</token>
				<token count="1">class</token>
				<token count="2">else</token>
				<token count="4">if()</token>
				<token count="2">return</token>
				<token count="1">true</token>
				<token count="1">while()</token>
				<token count="7">{}</token>
			</operators>
			<operands>
				<token count="1">&quot;hello1&quot;</token>
				<token count="1">LinkedList</token>
				<token count="3">ListItem</token>
				<token count="5">NULL</token>
				<token count="5">T</token>
				<token count="1">cout</token>
				<token count="1">endl</token>
				<token count="10">even</token>
				<token count="5">firste</token>
				<token count="4">head</token>
				<token count="15">next</token>
				<token count="12">odd</token>
				<token count="1">parityArrangement</token>
				<token count="4">prev</token>
				<token count="1">void</token>
			</operands>
		</function>
		<function name="LinkedList::isPalindrome()">
			<start_line>393</start_line>
			<vG_b>5</vG_b>
			<vG_e>5</vG_e>
			<params>0</params>
			<LOCphy>33</LOCphy>
			<LOCpro>29</LOCpro>
			<LOCbl>3</LOCbl>
			<LOCcom alarmed="1">0</LOCcom>
			<N>89</N>
			<N1>52</N1>
			<N2>37</N2>
			<n>30</n>
			<n1>16</n1>
			<n2>14</n2>
			<V>436.713</V>
			<B>0.147</B>
			<D>21.143</D>
			<E>9233.366</E>
			<L>0.047</L>
			<T>00:08:32</T>
			<MaxND>4</MaxND>
			<MIwoc>82</MIwoc>
			<MIcwc>0</MIcwc>
			<MI>82</MI>
			<operators>
				<token count="2">!=</token>
				<token count="1">()</token>
				<token count="2">*</token>
				<token count="7">-&gt;</token>
				<token count="1">::</token>
				<token count="8">;</token>
				<token count="3">&lt;</token>
				<token count="5">=</token>
				<token count="2">==</token>
				<token count="4">&gt;</token>
				<token count="1">class</token>
				<token count="2">else</token>
				<token count="2">if()</token>
				<token count="3">return</token>
				<token count="2">while()</token>
				<token count="7">{}</token>
			</operators>
			<operands>
				<token count="2">0</token>
				<token count="1">1</token>
				<token count="1">LinkedList</token>
				<token count="2">ListItem</token>
				<token count="3">NULL</token>
				<token count="4">T</token>
				<token count="1">bool</token>
				<token count="3">head</token>
				<token count="5">here</token>
				<token count="1">isPalindrome</token>
				<token count="4">next</token>
				<token count="1">prev</token>
				<token count="7">rev</token>
				<token count="2">value</token>
			</operands>
		</function>
		<file_total>
			<vG_b>41</vG_b>
			<vG_e>44</vG_e>
			<vG_b_max>6</vG_b_max>
			<vG_b_avg>3</vG_b_avg>
			<vG_e_max>6</vG_e_max>
			<vG_e_avg>3</vG_e_avg>
			<params>8</params>
			<LOCphy>427</LOCphy>
			<LOCpro>346</LOCpro>
			<LOCbl>81</LOCbl>
			<LOCcom alarmed="1">0</LOCcom>
			<N>1308</N>
			<N1>762</N1>
			<N2>546</N2>
			<n>84</n>
			<n1>35</n1>
			<n2>49</n2>
			<V alarmed="1">8361.151</V>
			<B alarmed="1">4.618</B>
			<D>195.000</D>
			<E>1630424.500</E>
			<L>0.005</L>
			<T>25:09:39</T>
			<MaxND>4</MaxND>
			<MIwoc>86</MIwoc>
			<MIcwc>0</MIcwc>
			<MI>86</MI>
			<operators>
				<token count="21">!=</token>
				<token count="6">#</token>
				<token count="1">&amp;</token>
				<token count="2">&amp;&amp;</token>
				<token count="30">()</token>
				<token count="27">*</token>
				<token count="1">++</token>
				<token count="1">,</token>
				<token count="94">-&gt;</token>
				<token count="1">.</token>
				<token count="17">::</token>
				<token count="123">;</token>
				<token count="69">&lt;</token>
				<token count="2">&lt;&lt;</token>
				<token count="86">=</token>
				<token count="18">==</token>
				<token count="67">&gt;</token>
				<token count="2">break</token>
				<token count="17">class</token>
				<token count="1">const</token>
				<token count="3">delete</token>
				<token count="15">else</token>
				<token count="1">endif</token>
				<token count="26">if()</token>
				<token count="1">ifndef</token>
				<token count="1">namespace</token>
				<token count="5">new</token>
				<token count="22">return</token>
				<token count="17">template</token>
				<token count="1">true</token>
				<token count="1">using</token>
				<token count="13">while()</token>
				<token count="68">{}</token>
				<token count="1">||</token>
				<token count="1">~</token>
			</operators>
			<operands>
				<token count="1">&quot;hello1&quot;</token>
				<token count="3">0</token>
				<token count="2">1</token>
				<token count="21">LinkedList</token>
				<token count="32">ListItem</token>
				<token count="49">NULL</token>
				<token count="74">T</token>
				<token count="2">__LIST_CPP</token>
				<token count="6">adder</token>
				<token count="3">afterWhat</token>
				<token count="1">bool</token>
				<token count="3">counter</token>
				<token count="1">cout</token>
				<token count="1">define</token>
				<token count="1">deleteElement</token>
				<token count="4">deleteHead</token>
				<token count="1">deleteTail</token>
				<token count="1">endl</token>
				<token count="10">even</token>
				<token count="5">firste</token>
				<token count="1">getHead</token>
				<token count="1">getTail</token>
				<token count="41">head</token>
				<token count="64">here</token>
				<token count="3">include</token>
				<token count="1">insertAfter</token>
				<token count="3">insertAtHead</token>
				<token count="3">insertAtTail</token>
				<token count="1">insertSorted</token>
				<token count="2">int</token>
				<token count="1">isPalindrome</token>
				<token count="22">item</token>
				<token count="1">length</token>
				<token count="21">newone</token>
				<token count="56">next</token>
				<token count="12">odd</token>
				<token count="2">otherLinkedList</token>
				<token count="1">parityArrangement</token>
				<token count="22">prev</token>
				<token count="7">rev</token>
				<token count="1">reverse</token>
				<token count="2">searchFor</token>
				<token count="1">std</token>
				<token count="23">temp</token>
				<token count="5">thelist</token>
				<token count="1">this</token>
				<token count="3">toInsert</token>
				<token count="15">value</token>
				<token count="9">void</token>
			</operands>
		</file_total>
	</file>
	<system>
		<files>1</files>
		<functions>17</functions>
		<LOCphy>427</LOCphy>
		<LOCbl>81</LOCbl>
		<LOCpro>346</LOCpro>
		<LOCcom>0</LOCcom>
		<semicolons>123</semicolons>
		<vG_b>41</vG_b>
		<vG_e>44</vG_e>
		<params>8</params>
		<MIwoc>89</MIwoc>
		<MIcw>0</MIcw>
		<MI>89</MI>
		<alarms>
			<file_vG>
				<measured>1</measured>
				<alarmed>0</alarmed>
				<percent>0</percent>
				<lowlimit>1</lowlimit>
				<highlimit>100</highlimit>
			</file_vG>
			<file_LOCpro>
				<measured>1</measured>
				<alarmed>0</alarmed>
				<percent>0</percent>
				<lowlimit>4</lowlimit>
				<highlimit>400</highlimit>
			</file_LOCpro>
			<file_comment_percent>
				<measured>1</measured>
				<alarmed>1</alarmed>
				<percent>100</percent>
				<lowlimit>30</lowlimit>
				<highlimit>75</highlimit>
			</file_comment_percent>
			<file_V>
				<measured>1</measured>
				<alarmed>1</alarmed>
				<percent>100</percent>
				<lowlimit>100</lowlimit>
				<highlimit>8000</highlimit>
			</file_V>
			<file_B>
				<measured>1</measured>
				<alarmed>1</alarmed>
				<percent>100</percent>
				<lowlimit>0</lowlimit>
				<highlimit>2</highlimit>
			</file_B>
			<file_MI>
				<measured>1</measured>
				<alarmed>0</alarmed>
				<percent>0</percent>
				<lowlimit>65</lowlimit>
			</file_MI>
			<function_vG>
				<measured>17</measured>
				<alarmed>0</alarmed>
				<percent>0</percent>
				<lowlimit>1</lowlimit>
				<highlimit>10</highlimit>
			</function_vG>
			<function_LOCpro>
				<measured>17</measured>
				<alarmed>0</alarmed>
				<percent>0</percent>
				<lowlimit>4</lowlimit>
				<highlimit>40</highlimit>
			</function_LOCpro>
			<function_comment_percent>
				<measured>17</measured>
				<alarmed>13</alarmed>
				<percent>76</percent>
				<lowlimit>30</lowlimit>
				<highlimit>75</highlimit>
			</function_comment_percent>
			<function_V>
				<measured>17</measured>
				<alarmed>0</alarmed>
				<percent>0</percent>
				<lowlimit>20</lowlimit>
				<highlimit>1000</highlimit>
			</function_V>
			<function_MI>
				<measured>17</measured>
				<alarmed>0</alarmed>
				<percent>0</percent>
				<lowlimit>65</lowlimit>
			</function_MI>
		</alarms>
		<error_messages count="0">
		</error_messages>
	</system>
</cmt_long_report>
