<?xml version="1.0" ?>
<cmt_long_report>
	<header_info>
		<cmt_version>7.0</cmt_version>
		<copyright>Copyright (c) 1993-2013 Testwell Oy</copyright>
		<copyright>Copyright (c) 2013-2018 Verifysoft Technology GmbH</copyright>
		<license_notes>
		</license_notes>
		<date>Tue Apr  4 21:16:56 2023</date>
		<cmt_options> -o C:\Users\muawi\cmt\A1_T1_S44.xml -lf -f C:\Users\muawi\cmt\files.txt</cmt_options>
		<run_directory>C:\Testwell\CMT</run_directory>
		<mccabe_preference>extended</mccabe_preference>
	</header_info>
	<file name="C:\Users\muawi\OneDrive\Documents\Study\Junior Year\Topics in Internet Research\Project\PA1_ANON_DATA\PA1_ANON_DATA\folder_44\LinkedList.cpp" stamp="1680056136">
		<function name="LinkedList::LinkedList()">
			<start_line>9</start_line>
			<vG_b>1</vG_b>
			<vG_e>1</vG_e>
			<params>0</params>
			<LOCphy>5</LOCphy>
			<LOCpro>4</LOCpro>
			<LOCbl>0</LOCbl>
			<LOCcom>0</LOCcom>
			<N>15</N>
			<N1>9</N1>
			<N2>6</N2>
			<n>12</n>
			<n1>8</n1>
			<n2>4</n2>
			<V>53.774</V>
			<B>0.016</B>
			<D>6.000</D>
			<E>322.647</E>
			<L>0.167</L>
			<T>00:00:17</T>
			<MaxND>1</MaxND>
			<MIwoc>124</MIwoc>
			<MIcwc>0</MIcwc>
			<MI>124</MI>
			<operators>
				<token count="1">()</token>
				<token count="1">::</token>
				<token count="1">;</token>
				<token count="1">&lt;</token>
				<token count="1">=</token>
				<token count="2">&gt;</token>
				<token count="1">class</token>
				<token count="1">{}</token>
			</operators>
			<operands>
				<token count="2">LinkedList</token>
				<token count="1">NULL</token>
				<token count="2">T</token>
				<token count="1">head</token>
			</operands>
		</function>
		<function name="LinkedList::LinkedList()">
			<start_line>15</start_line>
			<vG_b>2</vG_b>
			<vG_e>2</vG_e>
			<params>1</params>
			<LOCphy>14</LOCphy>
			<LOCpro>12</LOCpro>
			<LOCbl>1</LOCbl>
			<LOCcom alarmed="1">0</LOCcom>
			<N>62</N>
			<N1>34</N1>
			<N2>28</N2>
			<n>26</n>
			<n1>15</n1>
			<n2>11</n2>
			<V>291.427</V>
			<B>0.105</B>
			<D>19.091</D>
			<E>5563.611</E>
			<L>0.052</L>
			<T>00:05:09</T>
			<MaxND>2</MaxND>
			<MIwoc>98</MIwoc>
			<MIcwc>0</MIcwc>
			<MI>98</MI>
			<operators>
				<token count="1">!=</token>
				<token count="1">&amp;</token>
				<token count="3">()</token>
				<token count="1">*</token>
				<token count="4">-&gt;</token>
				<token count="1">.</token>
				<token count="1">::</token>
				<token count="6">;</token>
				<token count="3">&lt;</token>
				<token count="4">=</token>
				<token count="4">&gt;</token>
				<token count="1">class</token>
				<token count="1">const</token>
				<token count="1">while()</token>
				<token count="2">{}</token>
			</operators>
			<operands>
				<token count="3">LinkedList</token>
				<token count="1">ListItem</token>
				<token count="2">NULL</token>
				<token count="4">T</token>
				<token count="2">head</token>
				<token count="1">insertAtHead</token>
				<token count="1">insertAtTail</token>
				<token count="2">next</token>
				<token count="2">otherLinkedList</token>
				<token count="8">temp</token>
				<token count="2">value</token>
			</operands>
		</function>
		<function name="LinkedList::~LinkedList()">
			<start_line>30</start_line>
			<vG_b>2</vG_b>
			<vG_e>2</vG_e>
			<params>0</params>
			<LOCphy>9</LOCphy>
			<LOCpro>7</LOCpro>
			<LOCbl>1</LOCbl>
			<LOCcom>0</LOCcom>
			<N>20</N>
			<N1>13</N1>
			<N2>7</N2>
			<n>15</n>
			<n1>10</n1>
			<n2>5</n2>
			<V>78.138</V>
			<B>0.022</B>
			<D>7.000</D>
			<E>546.965</E>
			<L>0.143</L>
			<T>00:00:30</T>
			<MaxND>2</MaxND>
			<MIwoc>112</MIwoc>
			<MIcwc>0</MIcwc>
			<MI>112</MI>
			<operators>
				<token count="1">!=</token>
				<token count="2">()</token>
				<token count="1">::</token>
				<token count="1">;</token>
				<token count="1">&lt;</token>
				<token count="2">&gt;</token>
				<token count="1">class</token>
				<token count="1">while()</token>
				<token count="2">{}</token>
				<token count="1">~</token>
			</operators>
			<operands>
				<token count="2">LinkedList</token>
				<token count="1">NULL</token>
				<token count="2">T</token>
				<token count="1">deleteHead</token>
				<token count="1">head</token>
			</operands>
		</function>
		<function name="LinkedList::insertAtHead()">
			<start_line>40</start_line>
			<vG_b>2</vG_b>
			<vG_e>2</vG_e>
			<params>1</params>
			<LOCphy>17</LOCphy>
			<LOCpro>15</LOCpro>
			<LOCbl>1</LOCbl>
			<LOCcom alarmed="1">0</LOCcom>
			<N>62</N>
			<N1>34</N1>
			<N2>28</N2>
			<n>25</n>
			<n1>14</n1>
			<n2>11</n2>
			<V>287.919</V>
			<B>0.099</B>
			<D>17.818</D>
			<E>5130.195</E>
			<L>0.056</L>
			<T>00:04:45</T>
			<MaxND>2</MaxND>
			<MIwoc>95</MIwoc>
			<MIcwc>0</MIcwc>
			<MI>95</MI>
			<operators>
				<token count="2">()</token>
				<token count="1">*</token>
				<token count="3">-&gt;</token>
				<token count="1">::</token>
				<token count="6">;</token>
				<token count="3">&lt;</token>
				<token count="6">=</token>
				<token count="1">==</token>
				<token count="4">&gt;</token>
				<token count="1">class</token>
				<token count="1">else</token>
				<token count="1">if()</token>
				<token count="1">new</token>
				<token count="3">{}</token>
			</operators>
			<operands>
				<token count="1">LinkedList</token>
				<token count="2">ListItem</token>
				<token count="2">NULL</token>
				<token count="5">T</token>
				<token count="5">head</token>
				<token count="1">insertAtHead</token>
				<token count="2">item</token>
				<token count="1">next</token>
				<token count="2">prev</token>
				<token count="6">temp</token>
				<token count="1">void</token>
			</operands>
		</function>
		<function name="LinkedList::isPalindrome()">
			<start_line>58</start_line>
			<vG_b>4</vG_b>
			<vG_e>4</vG_e>
			<params>0</params>
			<LOCphy>24</LOCphy>
			<LOCpro>22</LOCpro>
			<LOCbl>1</LOCbl>
			<LOCcom alarmed="1">0</LOCcom>
			<N>74</N>
			<N1>44</N1>
			<N2>30</N2>
			<n>32</n>
			<n1>16</n1>
			<n2>16</n2>
			<V>370.000</V>
			<B>0.104</B>
			<D>15.000</D>
			<E>5550.000</E>
			<L>0.067</L>
			<T>00:05:08</T>
			<MaxND>3</MaxND>
			<MIwoc>88</MIwoc>
			<MIcwc>0</MIcwc>
			<MI>88</MI>
			<operators>
				<token count="2">!=</token>
				<token count="3">()</token>
				<token count="2">*</token>
				<token count="4">-&gt;</token>
				<token count="1">::</token>
				<token count="7">;</token>
				<token count="3">&lt;</token>
				<token count="4">=</token>
				<token count="1">==</token>
				<token count="4">&gt;</token>
				<token count="1">class</token>
				<token count="1">else</token>
				<token count="2">if()</token>
				<token count="3">return</token>
				<token count="1">while()</token>
				<token count="5">{}</token>
			</operators>
			<operands>
				<token count="2">0</token>
				<token count="1">1</token>
				<token count="1">LinkedList</token>
				<token count="2">ListItem</token>
				<token count="1">NULL</token>
				<token count="4">T</token>
				<token count="5">end</token>
				<token count="1">getHead</token>
				<token count="1">getTail</token>
				<token count="1">head</token>
				<token count="1">int</token>
				<token count="1">isPalindrome</token>
				<token count="1">next</token>
				<token count="1">prev</token>
				<token count="5">start</token>
				<token count="2">value</token>
			</operands>
		</function>
		<function name="LinkedList::insertAtTail()">
			<start_line>86</start_line>
			<vG_b>3</vG_b>
			<vG_e>3</vG_e>
			<params>1</params>
			<LOCphy>20</LOCphy>
			<LOCpro>19</LOCpro>
			<LOCbl>0</LOCbl>
			<LOCcom alarmed="1">0</LOCcom>
			<N>80</N>
			<N1>44</N1>
			<N2>36</N2>
			<n>29</n>
			<n1>16</n1>
			<n2>13</n2>
			<V>388.638</V>
			<B>0.140</B>
			<D>22.154</D>
			<E>8609.837</E>
			<L>0.045</L>
			<T>00:07:58</T>
			<MaxND>3</MaxND>
			<MIwoc>91</MIwoc>
			<MIcwc>0</MIcwc>
			<MI>91</MI>
			<operators>
				<token count="1">!=</token>
				<token count="3">()</token>
				<token count="2">*</token>
				<token count="5">-&gt;</token>
				<token count="1">::</token>
				<token count="7">;</token>
				<token count="4">&lt;</token>
				<token count="6">=</token>
				<token count="1">==</token>
				<token count="5">&gt;</token>
				<token count="1">class</token>
				<token count="1">else</token>
				<token count="1">if()</token>
				<token count="1">new</token>
				<token count="1">while()</token>
				<token count="4">{}</token>
			</operators>
			<operands>
				<token count="1">LinkedList</token>
				<token count="3">ListItem</token>
				<token count="3">NULL</token>
				<token count="6">T</token>
				<token count="6">Traverse_var</token>
				<token count="2">head</token>
				<token count="4">insert</token>
				<token count="1">insertAtHead</token>
				<token count="1">insertAtTail</token>
				<token count="3">item</token>
				<token count="4">next</token>
				<token count="1">prev</token>
				<token count="1">void</token>
			</operands>
		</function>
		<function name="LinkedList::insertAfter()">
			<start_line>107</start_line>
			<vG_b>3</vG_b>
			<vG_e>4</vG_e>
			<params>2</params>
			<LOCphy>17</LOCphy>
			<LOCpro>16</LOCpro>
			<LOCbl>0</LOCbl>
			<LOCcom alarmed="1">0</LOCcom>
			<N>95</N>
			<N1>50</N1>
			<N2>45</N2>
			<n>30</n>
			<n1>16</n1>
			<n2>14</n2>
			<V>466.155</V>
			<B>0.175</B>
			<D>25.714</D>
			<E>11986.833</E>
			<L>0.039</L>
			<T>00:11:05</T>
			<MaxND>2</MaxND>
			<MIwoc>92</MIwoc>
			<MIcwc>0</MIcwc>
			<MI>92</MI>
			<operators>
				<token count="3">!=</token>
				<token count="1">&amp;&amp;</token>
				<token count="2">()</token>
				<token count="2">*</token>
				<token count="1">,</token>
				<token count="10">-&gt;</token>
				<token count="1">::</token>
				<token count="7">;</token>
				<token count="4">&lt;</token>
				<token count="7">=</token>
				<token count="5">&gt;</token>
				<token count="1">class</token>
				<token count="1">if()</token>
				<token count="1">new</token>
				<token count="1">while()</token>
				<token count="3">{}</token>
			</operators>
			<operands>
				<token count="1">LinkedList</token>
				<token count="3">ListItem</token>
				<token count="2">NULL</token>
				<token count="7">T</token>
				<token count="2">afterWhat</token>
				<token count="1">head</token>
				<token count="7">insert</token>
				<token count="1">insertAfter</token>
				<token count="7">next</token>
				<token count="2">prev</token>
				<token count="8">temp</token>
				<token count="2">toInsert</token>
				<token count="1">value</token>
				<token count="1">void</token>
			</operands>
		</function>
		<function name="LinkedList::insertSorted()">
			<start_line>125</start_line>
			<vG_b>4</vG_b>
			<vG_e>6</vG_e>
			<params>1</params>
			<LOCphy>31</LOCphy>
			<LOCpro>27</LOCpro>
			<LOCbl>3</LOCbl>
			<LOCcom alarmed="1">0</LOCcom>
			<N>111</N>
			<N1>61</N1>
			<N2>50</N2>
			<n>34</n>
			<n1>19</n1>
			<n2>15</n2>
			<V>564.708</V>
			<B>0.228</B>
			<D>31.667</D>
			<E>17882.432</E>
			<L>0.032</L>
			<T>00:16:33</T>
			<MaxND>3</MaxND>
			<MIwoc>81</MIwoc>
			<MIcwc>0</MIcwc>
			<MI>81</MI>
			<operators>
				<token count="1">!=</token>
				<token count="1">&amp;&amp;</token>
				<token count="4">()</token>
				<token count="2">*</token>
				<token count="9">-&gt;</token>
				<token count="1">::</token>
				<token count="9">;</token>
				<token count="5">&lt;</token>
				<token count="7">=</token>
				<token count="2">==</token>
				<token count="5">&gt;</token>
				<token count="1">&gt;=</token>
				<token count="1">class</token>
				<token count="2">else</token>
				<token count="2">if()</token>
				<token count="1">new</token>
				<token count="1">while()</token>
				<token count="6">{}</token>
				<token count="1">||</token>
			</operators>
			<operands>
				<token count="1">LinkedList</token>
				<token count="3">ListItem</token>
				<token count="3">NULL</token>
				<token count="6">T</token>
				<token count="3">head</token>
				<token count="5">insert</token>
				<token count="1">insertAtHead</token>
				<token count="1">insertAtTail</token>
				<token count="1">insertSorted</token>
				<token count="6">item</token>
				<token count="3">next</token>
				<token count="4">prev</token>
				<token count="10">temp</token>
				<token count="2">value</token>
				<token count="1">void</token>
			</operands>
		</function>
		<function name="LinkedList::getHead()">
			<start_line>156</start_line>
			<vG_b>1</vG_b>
			<vG_e>1</vG_e>
			<params>0</params>
			<LOCphy>5</LOCphy>
			<LOCpro>4</LOCpro>
			<LOCbl>0</LOCbl>
			<LOCcom>0</LOCcom>
			<N>19</N>
			<N1>12</N1>
			<N2>7</N2>
			<n>14</n>
			<n1>9</n1>
			<n2>5</n2>
			<V>72.340</V>
			<B>0.020</B>
			<D>6.300</D>
			<E>455.740</E>
			<L>0.159</L>
			<T>00:00:25</T>
			<MaxND>1</MaxND>
			<MIwoc>122</MIwoc>
			<MIcwc>0</MIcwc>
			<MI>122</MI>
			<operators>
				<token count="1">()</token>
				<token count="1">*</token>
				<token count="1">::</token>
				<token count="1">;</token>
				<token count="2">&lt;</token>
				<token count="3">&gt;</token>
				<token count="1">class</token>
				<token count="1">return</token>
				<token count="1">{}</token>
			</operators>
			<operands>
				<token count="1">LinkedList</token>
				<token count="1">ListItem</token>
				<token count="3">T</token>
				<token count="1">getHead</token>
				<token count="1">head</token>
			</operands>
		</function>
		<function name="LinkedList::getTail()">
			<start_line>162</start_line>
			<vG_b>3</vG_b>
			<vG_e>3</vG_e>
			<params>0</params>
			<LOCphy>14</LOCphy>
			<LOCpro>13</LOCpro>
			<LOCbl>0</LOCbl>
			<LOCcom alarmed="1">0</LOCcom>
			<N>49</N>
			<N1>29</N1>
			<N2>20</N2>
			<n>23</n>
			<n1>15</n1>
			<n2>8</n2>
			<V>221.655</V>
			<B>0.086</B>
			<D>18.750</D>
			<E>4156.022</E>
			<L>0.053</L>
			<T>00:03:50</T>
			<MaxND>2</MaxND>
			<MIwoc>99</MIwoc>
			<MIcwc>0</MIcwc>
			<MI>99</MI>
			<operators>
				<token count="1">!=</token>
				<token count="1">()</token>
				<token count="2">*</token>
				<token count="2">-&gt;</token>
				<token count="1">::</token>
				<token count="4">;</token>
				<token count="3">&lt;</token>
				<token count="2">=</token>
				<token count="1">==</token>
				<token count="4">&gt;</token>
				<token count="1">class</token>
				<token count="1">if()</token>
				<token count="2">return</token>
				<token count="1">while()</token>
				<token count="3">{}</token>
			</operators>
			<operands>
				<token count="1">LinkedList</token>
				<token count="2">ListItem</token>
				<token count="3">NULL</token>
				<token count="4">T</token>
				<token count="1">getTail</token>
				<token count="2">head</token>
				<token count="2">next</token>
				<token count="5">temp</token>
			</operands>
		</function>
		<function name="LinkedList::searchFor()">
			<start_line>177</start_line>
			<vG_b>4</vG_b>
			<vG_e>4</vG_e>
			<params>1</params>
			<LOCphy>21</LOCphy>
			<LOCpro>20</LOCpro>
			<LOCbl>0</LOCbl>
			<LOCcom alarmed="1">0</LOCcom>
			<N>61</N>
			<N1>36</N1>
			<N2>25</N2>
			<n>26</n>
			<n1>16</n1>
			<n2>10</n2>
			<V>286.727</V>
			<B>0.107</B>
			<D>20.000</D>
			<E>5734.537</E>
			<L>0.050</L>
			<T>00:05:18</T>
			<MaxND>4</MaxND>
			<MIwoc>91</MIwoc>
			<MIcwc>0</MIcwc>
			<MI>91</MI>
			<operators>
				<token count="1">!=</token>
				<token count="1">()</token>
				<token count="2">*</token>
				<token count="2">-&gt;</token>
				<token count="1">::</token>
				<token count="5">;</token>
				<token count="3">&lt;</token>
				<token count="2">=</token>
				<token count="2">==</token>
				<token count="4">&gt;</token>
				<token count="1">class</token>
				<token count="1">else</token>
				<token count="2">if()</token>
				<token count="3">return</token>
				<token count="1">while()</token>
				<token count="5">{}</token>
			</operators>
			<operands>
				<token count="1">LinkedList</token>
				<token count="2">ListItem</token>
				<token count="4">NULL</token>
				<token count="5">T</token>
				<token count="6">Traverse_var</token>
				<token count="2">head</token>
				<token count="2">item</token>
				<token count="1">next</token>
				<token count="1">searchFor</token>
				<token count="1">value</token>
			</operands>
		</function>
		<function name="LinkedList::deleteElement()">
			<start_line>199</start_line>
			<vG_b>6</vG_b>
			<vG_e>8</vG_e>
			<params>1</params>
			<LOCphy>33</LOCphy>
			<LOCpro>31</LOCpro>
			<LOCbl>1</LOCbl>
			<LOCcom alarmed="1">0</LOCcom>
			<N>112</N>
			<N1>66</N1>
			<N2>46</N2>
			<n>31</n>
			<n1>17</n1>
			<n2>14</n2>
			<V>554.870</V>
			<B>0.207</B>
			<D>27.929</D>
			<E>15496.726</E>
			<L>0.036</L>
			<T>00:14:20</T>
			<MaxND>3</MaxND>
			<MIwoc>80</MIwoc>
			<MIcwc>0</MIcwc>
			<MI>80</MI>
			<operators>
				<token count="2">!=</token>
				<token count="2">&amp;&amp;</token>
				<token count="3">()</token>
				<token count="1">*</token>
				<token count="13">-&gt;</token>
				<token count="1">::</token>
				<token count="10">;</token>
				<token count="2">&lt;</token>
				<token count="4">=</token>
				<token count="5">==</token>
				<token count="3">&gt;</token>
				<token count="1">class</token>
				<token count="3">else</token>
				<token count="4">if()</token>
				<token count="4">return</token>
				<token count="1">while()</token>
				<token count="7">{}</token>
			</operators>
			<operands>
				<token count="1">LinkedList</token>
				<token count="1">ListItem</token>
				<token count="3">NULL</token>
				<token count="4">T</token>
				<token count="13">current</token>
				<token count="1">deleteElement</token>
				<token count="1">deleteHead</token>
				<token count="1">deleteTail</token>
				<token count="2">head</token>
				<token count="5">item</token>
				<token count="6">next</token>
				<token count="3">prev</token>
				<token count="4">value</token>
				<token count="1">void</token>
			</operands>
		</function>
		<function name="LinkedList::deleteHead()">
			<start_line>233</start_line>
			<vG_b>2</vG_b>
			<vG_e>3</vG_e>
			<params>0</params>
			<LOCphy>15</LOCphy>
			<LOCpro>14</LOCpro>
			<LOCbl>0</LOCbl>
			<LOCcom alarmed="1">0</LOCcom>
			<N>54</N>
			<N1>30</N1>
			<N2>24</N2>
			<n>25</n>
			<n1>14</n1>
			<n2>11</n2>
			<V>250.768</V>
			<B>0.082</B>
			<D>15.273</D>
			<E>3829.915</E>
			<L>0.065</L>
			<T>00:03:32</T>
			<MaxND>2</MaxND>
			<MIwoc>98</MIwoc>
			<MIcwc>0</MIcwc>
			<MI>98</MI>
			<operators>
				<token count="2">!=</token>
				<token count="1">&amp;&amp;</token>
				<token count="2">()</token>
				<token count="1">*</token>
				<token count="3">-&gt;</token>
				<token count="1">::</token>
				<token count="5">;</token>
				<token count="2">&lt;</token>
				<token count="4">=</token>
				<token count="3">&gt;</token>
				<token count="1">class</token>
				<token count="1">else</token>
				<token count="1">if()</token>
				<token count="3">{}</token>
			</operators>
			<operands>
				<token count="1">LinkedList</token>
				<token count="1">ListItem</token>
				<token count="4">NULL</token>
				<token count="3">T</token>
				<token count="1">deleteHead</token>
				<token count="1">free</token>
				<token count="7">head</token>
				<token count="2">next</token>
				<token count="1">prev</token>
				<token count="2">temp</token>
				<token count="1">void</token>
			</operands>
		</function>
		<function name="LinkedList::deleteTail()">
			<start_line>249</start_line>
			<vG_b>3</vG_b>
			<vG_e>3</vG_e>
			<params>0</params>
			<LOCphy>17</LOCphy>
			<LOCpro>15</LOCpro>
			<LOCbl>1</LOCbl>
			<LOCcom alarmed="1">0</LOCcom>
			<N>61</N>
			<N1>35</N1>
			<N2>26</N2>
			<n>29</n>
			<n1>15</n1>
			<n2>14</n2>
			<V>296.337</V>
			<B>0.086</B>
			<D>13.929</D>
			<E>4127.549</E>
			<L>0.072</L>
			<T>00:03:49</T>
			<MaxND>2</MaxND>
			<MIwoc>95</MIwoc>
			<MIcwc>0</MIcwc>
			<MI>95</MI>
			<operators>
				<token count="1">!=</token>
				<token count="4">()</token>
				<token count="1">*</token>
				<token count="5">-&gt;</token>
				<token count="1">::</token>
				<token count="6">;</token>
				<token count="2">&lt;</token>
				<token count="1">&lt;=</token>
				<token count="4">=</token>
				<token count="3">&gt;</token>
				<token count="1">class</token>
				<token count="1">if()</token>
				<token count="1">return</token>
				<token count="1">while()</token>
				<token count="3">{}</token>
			</operators>
			<operands>
				<token count="1">1</token>
				<token count="1">LinkedList</token>
				<token count="1">ListItem</token>
				<token count="3">NULL</token>
				<token count="3">T</token>
				<token count="1">deleteTail</token>
				<token count="1">free</token>
				<token count="2">head</token>
				<token count="1">length</token>
				<token count="3">next</token>
				<token count="1">prev</token>
				<token count="6">temp</token>
				<token count="1">this</token>
				<token count="1">void</token>
			</operands>
		</function>
		<function name="LinkedList::length()">
			<start_line>268</start_line>
			<vG_b>2</vG_b>
			<vG_e>2</vG_e>
			<params>0</params>
			<LOCphy>12</LOCphy>
			<LOCpro>11</LOCpro>
			<LOCbl>0</LOCbl>
			<LOCcom alarmed="1">0</LOCcom>
			<N>43</N>
			<N1>24</N1>
			<N2>19</N2>
			<n>25</n>
			<n1>14</n1>
			<n2>11</n2>
			<V>199.686</V>
			<B>0.060</B>
			<D>12.091</D>
			<E>2414.383</E>
			<L>0.083</L>
			<T>00:02:14</T>
			<MaxND>2</MaxND>
			<MIwoc>103</MIwoc>
			<MIcwc>0</MIcwc>
			<MI>103</MI>
			<operators>
				<token count="1">!=</token>
				<token count="1">()</token>
				<token count="1">*</token>
				<token count="1">++</token>
				<token count="1">-&gt;</token>
				<token count="1">::</token>
				<token count="5">;</token>
				<token count="2">&lt;</token>
				<token count="3">=</token>
				<token count="3">&gt;</token>
				<token count="1">class</token>
				<token count="1">return</token>
				<token count="1">while()</token>
				<token count="2">{}</token>
			</operators>
			<operands>
				<token count="1">0</token>
				<token count="1">LinkedList</token>
				<token count="1">ListItem</token>
				<token count="1">NULL</token>
				<token count="3">T</token>
				<token count="3">counter</token>
				<token count="4">current</token>
				<token count="1">head</token>
				<token count="2">int</token>
				<token count="1">length</token>
				<token count="1">next</token>
			</operands>
		</function>
		<function name="LinkedList::reverse()">
			<start_line>281</start_line>
			<vG_b>3</vG_b>
			<vG_e>3</vG_e>
			<params>0</params>
			<LOCphy>20</LOCphy>
			<LOCpro>16</LOCpro>
			<LOCbl>3</LOCbl>
			<LOCcom alarmed="1">0</LOCcom>
			<N>70</N>
			<N1>38</N1>
			<N2>32</N2>
			<n>24</n>
			<n1>13</n1>
			<n2>11</n2>
			<V>320.947</V>
			<B>0.111</B>
			<D>18.909</D>
			<E>6068.823</E>
			<L>0.053</L>
			<T>00:05:37</T>
			<MaxND>2</MaxND>
			<MIwoc>92</MIwoc>
			<MIcwc>0</MIcwc>
			<MI>92</MI>
			<operators>
				<token count="2">!=</token>
				<token count="1">()</token>
				<token count="2">*</token>
				<token count="6">-&gt;</token>
				<token count="1">::</token>
				<token count="7">;</token>
				<token count="3">&lt;</token>
				<token count="6">=</token>
				<token count="4">&gt;</token>
				<token count="1">class</token>
				<token count="1">if()</token>
				<token count="1">while()</token>
				<token count="3">{}</token>
			</operators>
			<operands>
				<token count="1">LinkedList</token>
				<token count="2">ListItem</token>
				<token count="2">NULL</token>
				<token count="4">T</token>
				<token count="8">current</token>
				<token count="2">head</token>
				<token count="2">next</token>
				<token count="4">prev</token>
				<token count="1">reverse</token>
				<token count="5">temp</token>
				<token count="1">void</token>
			</operands>
		</function>
		<function name="LinkedList::parityArrangement()">
			<start_line>302</start_line>
			<vG_b>5</vG_b>
			<vG_e>5</vG_e>
			<params>0</params>
			<LOCphy>27</LOCphy>
			<LOCpro>22</LOCpro>
			<LOCbl>4</LOCbl>
			<LOCcom alarmed="1">0</LOCcom>
			<N>95</N>
			<N1>53</N1>
			<N2>42</N2>
			<n>37</n>
			<n1>18</n1>
			<n2>19</n2>
			<V>494.898</V>
			<B>0.153</B>
			<D>19.895</D>
			<E>9845.867</E>
			<L>0.050</L>
			<T>00:09:06</T>
			<MaxND>2</MaxND>
			<MIwoc>84</MIwoc>
			<MIcwc>0</MIcwc>
			<MI>84</MI>
			<operators>
				<token count="1">!=</token>
				<token count="10">()</token>
				<token count="2">+=</token>
				<token count="1">-&gt;</token>
				<token count="3">.</token>
				<token count="1">::</token>
				<token count="11">;</token>
				<token count="4">&lt;</token>
				<token count="1">&lt;=</token>
				<token count="2">=</token>
				<token count="3">&gt;</token>
				<token count="3">[]</token>
				<token count="1">class</token>
				<token count="2">for()</token>
				<token count="1">if()</token>
				<token count="1">return</token>
				<token count="1">while()</token>
				<token count="5">{}</token>
			</operators>
			<operands>
				<token count="2">0</token>
				<token count="2">1</token>
				<token count="3">2</token>
				<token count="1">LinkedList</token>
				<token count="3">T</token>
				<token count="1">deleteHead</token>
				<token count="1">head</token>
				<token count="8">i</token>
				<token count="1">insertAtHead</token>
				<token count="2">insertAtTail</token>
				<token count="2">int</token>
				<token count="2">length</token>
				<token count="1">parityArrangement</token>
				<token count="1">push_back</token>
				<token count="2">size</token>
				<token count="7">temp</token>
				<token count="1">value</token>
				<token count="1">vector</token>
				<token count="1">void</token>
			</operands>
		</function>
		<file_total>
			<vG_b>35</vG_b>
			<vG_e>41</vG_e>
			<vG_b_max>6</vG_b_max>
			<vG_b_avg>3</vG_b_avg>
			<vG_e_max>8</vG_e_max>
			<vG_e_avg>3</vG_e_avg>
			<params>8</params>
			<LOCphy>330</LOCphy>
			<LOCpro>292</LOCpro>
			<LOCbl>38</LOCbl>
			<LOCcom alarmed="1">0</LOCcom>
			<N>1135</N>
			<N1>657</N1>
			<N2>478</N2>
			<n>84</n>
			<n1>36</n1>
			<n2>48</n2>
			<V>7255.280</V>
			<B alarmed="1">3.971</B>
			<D>179.250</D>
			<E>1300509.000</E>
			<L>0.006</L>
			<T>20:04:10</T>
			<MaxND>4</MaxND>
			<MIwoc>91</MIwoc>
			<MIcwc>0</MIcwc>
			<MI>91</MI>
			<operators>
				<token count="20">!=</token>
				<token count="6">#</token>
				<token count="1">&amp;</token>
				<token count="5">&amp;&amp;</token>
				<token count="44">()</token>
				<token count="21">*</token>
				<token count="1">++</token>
				<token count="2">+=</token>
				<token count="1">,</token>
				<token count="68">-&gt;</token>
				<token count="4">.</token>
				<token count="17">::</token>
				<token count="99">;</token>
				<token count="64">&lt;</token>
				<token count="2">&lt;=</token>
				<token count="62">=</token>
				<token count="13">==</token>
				<token count="61">&gt;</token>
				<token count="1">&gt;=</token>
				<token count="3">[]</token>
				<token count="17">class</token>
				<token count="1">const</token>
				<token count="10">else</token>
				<token count="1">endif</token>
				<token count="2">for()</token>
				<token count="18">if()</token>
				<token count="1">ifndef</token>
				<token count="1">namespace</token>
				<token count="4">new</token>
				<token count="16">return</token>
				<token count="17">template</token>
				<token count="1">using</token>
				<token count="13">while()</token>
				<token count="58">{}</token>
				<token count="1">||</token>
				<token count="1">~</token>
			</operators>
			<operands>
				<token count="5">0</token>
				<token count="4">1</token>
				<token count="3">2</token>
				<token count="21">LinkedList</token>
				<token count="25">ListItem</token>
				<token count="35">NULL</token>
				<token count="68">T</token>
				<token count="12">Traverse_var</token>
				<token count="2">__LIST_CPP</token>
				<token count="2">afterWhat</token>
				<token count="3">counter</token>
				<token count="25">current</token>
				<token count="1">define</token>
				<token count="1">deleteElement</token>
				<token count="4">deleteHead</token>
				<token count="2">deleteTail</token>
				<token count="5">end</token>
				<token count="2">free</token>
				<token count="2">getHead</token>
				<token count="2">getTail</token>
				<token count="36">head</token>
				<token count="8">i</token>
				<token count="3">include</token>
				<token count="16">insert</token>
				<token count="1">insertAfter</token>
				<token count="5">insertAtHead</token>
				<token count="5">insertAtTail</token>
				<token count="1">insertSorted</token>
				<token count="5">int</token>
				<token count="1">isPalindrome</token>
				<token count="18">item</token>
				<token count="4">length</token>
				<token count="35">next</token>
				<token count="2">otherLinkedList</token>
				<token count="1">parityArrangement</token>
				<token count="19">prev</token>
				<token count="1">push_back</token>
				<token count="1">reverse</token>
				<token count="1">searchFor</token>
				<token count="2">size</token>
				<token count="5">start</token>
				<token count="1">std</token>
				<token count="57">temp</token>
				<token count="1">this</token>
				<token count="2">toInsert</token>
				<token count="13">value</token>
				<token count="1">vector</token>
				<token count="9">void</token>
			</operands>
		</file_total>
	</file>
	<system>
		<files>1</files>
		<functions>17</functions>
		<LOCphy>330</LOCphy>
		<LOCbl>38</LOCbl>
		<LOCpro>292</LOCpro>
		<LOCcom>0</LOCcom>
		<semicolons>99</semicolons>
		<vG_b>35</vG_b>
		<vG_e>41</vG_e>
		<params>8</params>
		<MIwoc>94</MIwoc>
		<MIcw>0</MIcw>
		<MI>94</MI>
		<alarms>
			<file_vG>
				<measured>1</measured>
				<alarmed>0</alarmed>
				<percent>0</percent>
				<lowlimit>1</lowlimit>
				<highlimit>100</highlimit>
			</file_vG>
			<file_LOCpro>
				<measured>1</measured>
				<alarmed>0</alarmed>
				<percent>0</percent>
				<lowlimit>4</lowlimit>
				<highlimit>400</highlimit>
			</file_LOCpro>
			<file_comment_percent>
				<measured>1</measured>
				<alarmed>1</alarmed>
				<percent>100</percent>
				<lowlimit>30</lowlimit>
				<highlimit>75</highlimit>
			</file_comment_percent>
			<file_V>
				<measured>1</measured>
				<alarmed>0</alarmed>
				<percent>0</percent>
				<lowlimit>100</lowlimit>
				<highlimit>8000</highlimit>
			</file_V>
			<file_B>
				<measured>1</measured>
				<alarmed>1</alarmed>
				<percent>100</percent>
				<lowlimit>0</lowlimit>
				<highlimit>2</highlimit>
			</file_B>
			<file_MI>
				<measured>1</measured>
				<alarmed>0</alarmed>
				<percent>0</percent>
				<lowlimit>65</lowlimit>
			</file_MI>
			<function_vG>
				<measured>17</measured>
				<alarmed>0</alarmed>
				<percent>0</percent>
				<lowlimit>1</lowlimit>
				<highlimit>10</highlimit>
			</function_vG>
			<function_LOCpro>
				<measured>17</measured>
				<alarmed>0</alarmed>
				<percent>0</percent>
				<lowlimit>4</lowlimit>
				<highlimit>40</highlimit>
			</function_LOCpro>
			<function_comment_percent>
				<measured>17</measured>
				<alarmed>14</alarmed>
				<percent>82</percent>
				<lowlimit>30</lowlimit>
				<highlimit>75</highlimit>
			</function_comment_percent>
			<function_V>
				<measured>17</measured>
				<alarmed>0</alarmed>
				<percent>0</percent>
				<lowlimit>20</lowlimit>
				<highlimit>1000</highlimit>
			</function_V>
			<function_MI>
				<measured>17</measured>
				<alarmed>0</alarmed>
				<percent>0</percent>
				<lowlimit>65</lowlimit>
			</function_MI>
		</alarms>
		<error_messages count="0">
		</error_messages>
	</system>
</cmt_long_report>
