<?xml version="1.0" ?>
<cmt_long_report>
	<header_info>
		<cmt_version>7.0</cmt_version>
		<copyright>Copyright (c) 1993-2013 Testwell Oy</copyright>
		<copyright>Copyright (c) 2013-2018 Verifysoft Technology GmbH</copyright>
		<license_notes>
		</license_notes>
		<date>Tue Apr  4 21:33:35 2023</date>
		<cmt_options> -o C:\Users\muawi\cmt\A1_T1_S77.xml -lf -f C:\Users\muawi\cmt\files.txt</cmt_options>
		<run_directory>C:\Testwell\CMT</run_directory>
		<mccabe_preference>extended</mccabe_preference>
	</header_info>
	<file name="C:\Users\muawi\OneDrive\Documents\Study\Junior Year\Topics in Internet Research\Project\PA1_ANON_DATA\PA1_ANON_DATA\folder_77\LinkedList.cpp" stamp="1680056075">
		<function name="LinkedList::LinkedList()">
			<start_line>8</start_line>
			<vG_b>1</vG_b>
			<vG_e>1</vG_e>
			<params>0</params>
			<LOCphy>6</LOCphy>
			<LOCpro>5</LOCpro>
			<LOCbl>0</LOCbl>
			<LOCcom>0</LOCcom>
			<N>19</N>
			<N1>11</N1>
			<N2>8</N2>
			<n>13</n>
			<n1>8</n1>
			<n2>5</n2>
			<V>70.308</V>
			<B>0.020</B>
			<D>6.400</D>
			<E>449.973</E>
			<L>0.156</L>
			<T>00:00:24</T>
			<MaxND>1</MaxND>
			<MIwoc>120</MIwoc>
			<MIcwc>0</MIcwc>
			<MI>120</MI>
			<operators>
				<token count="1">()</token>
				<token count="1">::</token>
				<token count="2">;</token>
				<token count="1">&lt;</token>
				<token count="2">=</token>
				<token count="2">&gt;</token>
				<token count="1">class</token>
				<token count="1">{}</token>
			</operators>
			<operands>
				<token count="2">LinkedList</token>
				<token count="2">NULL</token>
				<token count="2">T</token>
				<token count="1">head</token>
				<token count="1">tail</token>
			</operands>
		</function>
		<function name="LinkedList::LinkedList()">
			<start_line>15</start_line>
			<vG_b>2</vG_b>
			<vG_e>2</vG_e>
			<params>1</params>
			<LOCphy>18</LOCphy>
			<LOCpro>15</LOCpro>
			<LOCbl>2</LOCbl>
			<LOCcom alarmed="1">0</LOCcom>
			<N>99</N>
			<N1>55</N1>
			<N2>44</N2>
			<n>29</n>
			<n1>16</n1>
			<n2>13</n2>
			<V>480.940</V>
			<B>0.185</B>
			<D>27.077</D>
			<E>13022.379</E>
			<L>0.037</L>
			<T>00:12:03</T>
			<MaxND>2</MaxND>
			<MIwoc>92</MIwoc>
			<MIcwc>0</MIcwc>
			<MI>92</MI>
			<operators>
				<token count="1">!=</token>
				<token count="1">&amp;</token>
				<token count="3">()</token>
				<token count="3">*</token>
				<token count="6">-&gt;</token>
				<token count="2">.</token>
				<token count="1">::</token>
				<token count="9">;</token>
				<token count="6">&lt;</token>
				<token count="9">=</token>
				<token count="7">&gt;</token>
				<token count="1">class</token>
				<token count="1">const</token>
				<token count="2">new</token>
				<token count="1">while()</token>
				<token count="2">{}</token>
			</operators>
			<operands>
				<token count="3">LinkedList</token>
				<token count="5">ListItem</token>
				<token count="1">NULL</token>
				<token count="7">T</token>
				<token count="4">head</token>
				<token count="4">marker_curr</token>
				<token count="5">marker_next</token>
				<token count="3">next</token>
				<token count="3">otherLinkedList</token>
				<token count="1">prev</token>
				<token count="1">tail</token>
				<token count="5">temp</token>
				<token count="2">value</token>
			</operands>
		</function>
		<function name="LinkedList::~LinkedList()">
			<start_line>34</start_line>
			<vG_b>2</vG_b>
			<vG_e>2</vG_e>
			<params>0</params>
			<LOCphy>11</LOCphy>
			<LOCpro>10</LOCpro>
			<LOCbl>0</LOCbl>
			<LOCcom alarmed="1">0</LOCcom>
			<N>44</N>
			<N1>26</N1>
			<N2>18</N2>
			<n>21</n>
			<n1>14</n1>
			<n2>7</n2>
			<V>193.262</V>
			<B>0.077</B>
			<D>18.000</D>
			<E>3478.715</E>
			<L>0.056</L>
			<T>00:03:13</T>
			<MaxND>2</MaxND>
			<MIwoc>104</MIwoc>
			<MIcwc>0</MIcwc>
			<MI>104</MI>
			<operators>
				<token count="1">!=</token>
				<token count="1">()</token>
				<token count="2">*</token>
				<token count="1">-&gt;</token>
				<token count="1">::</token>
				<token count="4">;</token>
				<token count="3">&lt;</token>
				<token count="3">=</token>
				<token count="4">&gt;</token>
				<token count="1">class</token>
				<token count="1">delete</token>
				<token count="1">while()</token>
				<token count="2">{}</token>
				<token count="1">~</token>
			</operators>
			<operands>
				<token count="3">LinkedList</token>
				<token count="1">ListItem</token>
				<token count="1">NULL</token>
				<token count="4">T</token>
				<token count="5">current</token>
				<token count="1">head</token>
				<token count="3">next</token>
			</operands>
		</function>
		<function name="LinkedList::insertAtHead()">
			<start_line>47</start_line>
			<vG_b>2</vG_b>
			<vG_e>2</vG_e>
			<params>1</params>
			<LOCphy>16</LOCphy>
			<LOCpro>15</LOCpro>
			<LOCbl>0</LOCbl>
			<LOCcom alarmed="1">0</LOCcom>
			<N>60</N>
			<N1>33</N1>
			<N2>27</N2>
			<n>26</n>
			<n1>14</n1>
			<n2>12</n2>
			<V>282.026</V>
			<B>0.090</B>
			<D>15.750</D>
			<E>4441.916</E>
			<L>0.063</L>
			<T>00:04:06</T>
			<MaxND>2</MaxND>
			<MIwoc>96</MIwoc>
			<MIcwc>0</MIcwc>
			<MI>96</MI>
			<operators>
				<token count="2">()</token>
				<token count="1">*</token>
				<token count="2">-&gt;</token>
				<token count="1">::</token>
				<token count="6">;</token>
				<token count="3">&lt;</token>
				<token count="6">=</token>
				<token count="1">==</token>
				<token count="4">&gt;</token>
				<token count="1">class</token>
				<token count="1">else</token>
				<token count="1">if()</token>
				<token count="1">new</token>
				<token count="3">{}</token>
			</operators>
			<operands>
				<token count="1">LinkedList</token>
				<token count="2">ListItem</token>
				<token count="1">NULL</token>
				<token count="5">T</token>
				<token count="5">head</token>
				<token count="1">insertAtHead</token>
				<token count="2">item</token>
				<token count="6">n_ptr</token>
				<token count="1">next</token>
				<token count="1">prev</token>
				<token count="1">tail</token>
				<token count="1">void</token>
			</operands>
		</function>
		<function name="LinkedList::insertAtTail()">
			<start_line>64</start_line>
			<vG_b>2</vG_b>
			<vG_e>2</vG_e>
			<params>1</params>
			<LOCphy>16</LOCphy>
			<LOCpro>15</LOCpro>
			<LOCbl>0</LOCbl>
			<LOCcom alarmed="1">0</LOCcom>
			<N>60</N>
			<N1>33</N1>
			<N2>27</N2>
			<n>26</n>
			<n1>14</n1>
			<n2>12</n2>
			<V>282.026</V>
			<B>0.090</B>
			<D>15.750</D>
			<E>4441.916</E>
			<L>0.063</L>
			<T>00:04:06</T>
			<MaxND>2</MaxND>
			<MIwoc>96</MIwoc>
			<MIcwc>0</MIcwc>
			<MI>96</MI>
			<operators>
				<token count="2">()</token>
				<token count="1">*</token>
				<token count="2">-&gt;</token>
				<token count="1">::</token>
				<token count="6">;</token>
				<token count="3">&lt;</token>
				<token count="6">=</token>
				<token count="1">==</token>
				<token count="4">&gt;</token>
				<token count="1">class</token>
				<token count="1">else</token>
				<token count="1">if()</token>
				<token count="1">new</token>
				<token count="3">{}</token>
			</operators>
			<operands>
				<token count="1">LinkedList</token>
				<token count="2">ListItem</token>
				<token count="1">NULL</token>
				<token count="5">T</token>
				<token count="2">head</token>
				<token count="1">insertAtTail</token>
				<token count="2">item</token>
				<token count="6">n_ptr</token>
				<token count="1">next</token>
				<token count="1">prev</token>
				<token count="4">tail</token>
				<token count="1">void</token>
			</operands>
		</function>
		<function name="LinkedList::insertAfter()">
			<start_line>81</start_line>
			<vG_b>5</vG_b>
			<vG_e>5</vG_e>
			<params>2</params>
			<LOCphy>39</LOCphy>
			<LOCpro>35</LOCpro>
			<LOCbl>2</LOCbl>
			<LOCcom alarmed="1">1</LOCcom>
			<N>118</N>
			<N1>68</N1>
			<N2>50</N2>
			<n>37</n>
			<n1>20</n1>
			<n2>17</n2>
			<V>614.716</V>
			<B>0.230</B>
			<D>29.412</D>
			<E>18079.867</E>
			<L>0.034</L>
			<T>00:16:44</T>
			<MaxND>3</MaxND>
			<MIwoc>77</MIwoc>
			<MIcwc>12</MIcwc>
			<MI>89</MI>
			<operators>
				<token count="2">!=</token>
				<token count="2">()</token>
				<token count="2">*</token>
				<token count="1">,</token>
				<token count="8">-&gt;</token>
				<token count="1">::</token>
				<token count="11">;</token>
				<token count="4">&lt;</token>
				<token count="10">=</token>
				<token count="2">==</token>
				<token count="5">&gt;</token>
				<token count="1">break</token>
				<token count="1">class</token>
				<token count="3">else</token>
				<token count="1">false</token>
				<token count="3">if()</token>
				<token count="1">new</token>
				<token count="1">true</token>
				<token count="1">while()</token>
				<token count="8">{}</token>
			</operators>
			<operands>
				<token count="1">LinkedList</token>
				<token count="3">ListItem</token>
				<token count="3">NULL</token>
				<token count="7">T</token>
				<token count="3">a</token>
				<token count="2">afterWhat</token>
				<token count="1">bool</token>
				<token count="1">head</token>
				<token count="1">insertAfter</token>
				<token count="2">is_found</token>
				<token count="9">n_ptr</token>
				<token count="6">new_node_ptr</token>
				<token count="5">next</token>
				<token count="2">prev</token>
				<token count="2">toInsert</token>
				<token count="1">value</token>
				<token count="1">void</token>
			</operands>
		</function>
		<function name="LinkedList::insertSorted()">
			<start_line>122</start_line>
			<vG_b>4</vG_b>
			<vG_e>4</vG_e>
			<params>1</params>
			<LOCphy>30</LOCphy>
			<LOCpro>26</LOCpro>
			<LOCbl>3</LOCbl>
			<LOCcom alarmed="1">0</LOCcom>
			<N>108</N>
			<N1>60</N1>
			<N2>48</N2>
			<n>32</n>
			<n1>16</n1>
			<n2>16</n2>
			<V>540.000</V>
			<B>0.184</B>
			<D>24.000</D>
			<E>12960.000</E>
			<L>0.042</L>
			<T>00:12:00</T>
			<MaxND>3</MaxND>
			<MIwoc>82</MIwoc>
			<MIcwc>0</MIcwc>
			<MI>82</MI>
			<operators>
				<token count="1">!=</token>
				<token count="5">()</token>
				<token count="2">*</token>
				<token count="9">-&gt;</token>
				<token count="1">::</token>
				<token count="11">;</token>
				<token count="4">&lt;</token>
				<token count="8">=</token>
				<token count="7">&gt;</token>
				<token count="1">class</token>
				<token count="1">else</token>
				<token count="2">if()</token>
				<token count="1">new</token>
				<token count="1">return</token>
				<token count="1">while()</token>
				<token count="5">{}</token>
			</operators>
			<operands>
				<token count="1">LinkedList</token>
				<token count="3">ListItem</token>
				<token count="1">NULL</token>
				<token count="7">T</token>
				<token count="1">head</token>
				<token count="1">insertAtTail</token>
				<token count="1">insertSorted</token>
				<token count="5">item</token>
				<token count="9">n_ptr</token>
				<token count="3">next</token>
				<token count="5">pos_ptr</token>
				<token count="4">prev</token>
				<token count="1">tail</token>
				<token count="3">temp</token>
				<token count="2">value</token>
				<token count="1">void</token>
			</operands>
		</function>
		<function name="LinkedList::getHead()">
			<start_line>153</start_line>
			<vG_b>1</vG_b>
			<vG_e>1</vG_e>
			<params>0</params>
			<LOCphy>5</LOCphy>
			<LOCpro>4</LOCpro>
			<LOCbl>0</LOCbl>
			<LOCcom>0</LOCcom>
			<N>19</N>
			<N1>12</N1>
			<N2>7</N2>
			<n>14</n>
			<n1>9</n1>
			<n2>5</n2>
			<V>72.340</V>
			<B>0.020</B>
			<D>6.300</D>
			<E>455.740</E>
			<L>0.159</L>
			<T>00:00:25</T>
			<MaxND>1</MaxND>
			<MIwoc>122</MIwoc>
			<MIcwc>0</MIcwc>
			<MI>122</MI>
			<operators>
				<token count="1">()</token>
				<token count="1">*</token>
				<token count="1">::</token>
				<token count="1">;</token>
				<token count="2">&lt;</token>
				<token count="3">&gt;</token>
				<token count="1">class</token>
				<token count="1">return</token>
				<token count="1">{}</token>
			</operators>
			<operands>
				<token count="1">LinkedList</token>
				<token count="1">ListItem</token>
				<token count="3">T</token>
				<token count="1">getHead</token>
				<token count="1">head</token>
			</operands>
		</function>
		<function name="LinkedList::getTail()">
			<start_line>159</start_line>
			<vG_b>1</vG_b>
			<vG_e>1</vG_e>
			<params>0</params>
			<LOCphy>5</LOCphy>
			<LOCpro>4</LOCpro>
			<LOCbl>0</LOCbl>
			<LOCcom>0</LOCcom>
			<N>19</N>
			<N1>12</N1>
			<N2>7</N2>
			<n>14</n>
			<n1>9</n1>
			<n2>5</n2>
			<V>72.340</V>
			<B>0.020</B>
			<D>6.300</D>
			<E>455.740</E>
			<L>0.159</L>
			<T>00:00:25</T>
			<MaxND>1</MaxND>
			<MIwoc>122</MIwoc>
			<MIcwc>0</MIcwc>
			<MI>122</MI>
			<operators>
				<token count="1">()</token>
				<token count="1">*</token>
				<token count="1">::</token>
				<token count="1">;</token>
				<token count="2">&lt;</token>
				<token count="3">&gt;</token>
				<token count="1">class</token>
				<token count="1">return</token>
				<token count="1">{}</token>
			</operators>
			<operands>
				<token count="1">LinkedList</token>
				<token count="1">ListItem</token>
				<token count="3">T</token>
				<token count="1">getTail</token>
				<token count="1">tail</token>
			</operands>
		</function>
		<function name="LinkedList::searchFor()">
			<start_line>165</start_line>
			<vG_b>3</vG_b>
			<vG_e>3</vG_e>
			<params>1</params>
			<LOCphy>19</LOCphy>
			<LOCpro>16</LOCpro>
			<LOCbl>1</LOCbl>
			<LOCcom alarmed="1">1</LOCcom>
			<N>54</N>
			<N1>32</N1>
			<N2>22</N2>
			<n>26</n>
			<n1>16</n1>
			<n2>10</n2>
			<V>253.824</V>
			<B>0.090</B>
			<D>17.600</D>
			<E>4467.298</E>
			<L>0.057</L>
			<T>00:04:08</T>
			<MaxND>3</MaxND>
			<MIwoc>94</MIwoc>
			<MIcwc>17</MIcwc>
			<MI>111</MI>
			<operators>
				<token count="1">!=</token>
				<token count="2">()</token>
				<token count="2">*</token>
				<token count="2">-&gt;</token>
				<token count="1">::</token>
				<token count="4">;</token>
				<token count="3">&lt;</token>
				<token count="2">=</token>
				<token count="1">==</token>
				<token count="4">&gt;</token>
				<token count="1">class</token>
				<token count="1">else</token>
				<token count="1">if()</token>
				<token count="2">return</token>
				<token count="1">while()</token>
				<token count="4">{}</token>
			</operators>
			<operands>
				<token count="1">LinkedList</token>
				<token count="2">ListItem</token>
				<token count="2">NULL</token>
				<token count="5">T</token>
				<token count="1">head</token>
				<token count="2">item</token>
				<token count="6">n_ptr</token>
				<token count="1">next</token>
				<token count="1">searchFor</token>
				<token count="1">value</token>
			</operands>
		</function>
		<function name="LinkedList::deleteElement()">
			<start_line>185</start_line>
			<vG_b>5</vG_b>
			<vG_e>7</vG_e>
			<params>1</params>
			<LOCphy>33</LOCphy>
			<LOCpro>28</LOCpro>
			<LOCbl>4</LOCbl>
			<LOCcom alarmed="1">0</LOCcom>
			<N>109</N>
			<N1>65</N1>
			<N2>44</N2>
			<n>32</n>
			<n1>18</n1>
			<n2>14</n2>
			<V>545.000</V>
			<B>0.206</B>
			<D>28.286</D>
			<E>15415.714</E>
			<L>0.035</L>
			<T>00:14:16</T>
			<MaxND>4</MaxND>
			<MIwoc>80</MIwoc>
			<MIcwc>0</MIcwc>
			<MI>80</MI>
			<operators>
				<token count="4">!=</token>
				<token count="2">&amp;&amp;</token>
				<token count="7">()</token>
				<token count="1">*</token>
				<token count="12">-&gt;</token>
				<token count="1">::</token>
				<token count="10">;</token>
				<token count="2">&lt;</token>
				<token count="4">=</token>
				<token count="2">==</token>
				<token count="3">&gt;</token>
				<token count="3">break</token>
				<token count="1">class</token>
				<token count="1">delete</token>
				<token count="2">else</token>
				<token count="3">if()</token>
				<token count="1">while()</token>
				<token count="6">{}</token>
			</operators>
			<operands>
				<token count="1">LinkedList</token>
				<token count="1">ListItem</token>
				<token count="5">NULL</token>
				<token count="4">T</token>
				<token count="1">deleteElement</token>
				<token count="1">deleteHead</token>
				<token count="1">deleteTail</token>
				<token count="1">head</token>
				<token count="2">item</token>
				<token count="14">n_ptr</token>
				<token count="6">next</token>
				<token count="5">prev</token>
				<token count="1">value</token>
				<token count="1">void</token>
			</operands>
		</function>
		<function name="LinkedList::deleteHead()">
			<start_line>219</start_line>
			<vG_b>2</vG_b>
			<vG_e>2</vG_e>
			<params>0</params>
			<LOCphy>16</LOCphy>
			<LOCpro>15</LOCpro>
			<LOCbl>0</LOCbl>
			<LOCcom alarmed="1">0</LOCcom>
			<N>54</N>
			<N1>31</N1>
			<N2>23</N2>
			<n>25</n>
			<n1>14</n1>
			<n2>11</n2>
			<V>250.768</V>
			<B>0.079</B>
			<D>14.636</D>
			<E>3670.335</E>
			<L>0.068</L>
			<T>00:03:23</T>
			<MaxND>2</MaxND>
			<MIwoc>97</MIwoc>
			<MIcwc>0</MIcwc>
			<MI>97</MI>
			<operators>
				<token count="1">!=</token>
				<token count="2">()</token>
				<token count="1">*</token>
				<token count="3">-&gt;</token>
				<token count="1">::</token>
				<token count="6">;</token>
				<token count="2">&lt;</token>
				<token count="5">=</token>
				<token count="3">&gt;</token>
				<token count="1">class</token>
				<token count="1">delete</token>
				<token count="1">else</token>
				<token count="1">if()</token>
				<token count="3">{}</token>
			</operators>
			<operands>
				<token count="1">LinkedList</token>
				<token count="1">ListItem</token>
				<token count="4">NULL</token>
				<token count="3">T</token>
				<token count="1">deleteHead</token>
				<token count="6">head</token>
				<token count="2">next</token>
				<token count="1">prev</token>
				<token count="1">tail</token>
				<token count="2">temp</token>
				<token count="1">void</token>
			</operands>
		</function>
		<function name="LinkedList::deleteTail()">
			<start_line>236</start_line>
			<vG_b>2</vG_b>
			<vG_e>2</vG_e>
			<params>0</params>
			<LOCphy>17</LOCphy>
			<LOCpro>15</LOCpro>
			<LOCbl>1</LOCbl>
			<LOCcom alarmed="1">0</LOCcom>
			<N>54</N>
			<N1>31</N1>
			<N2>23</N2>
			<n>25</n>
			<n1>14</n1>
			<n2>11</n2>
			<V>250.768</V>
			<B>0.079</B>
			<D>14.636</D>
			<E>3670.335</E>
			<L>0.068</L>
			<T>00:03:23</T>
			<MaxND>2</MaxND>
			<MIwoc>96</MIwoc>
			<MIcwc>0</MIcwc>
			<MI>96</MI>
			<operators>
				<token count="1">!=</token>
				<token count="2">()</token>
				<token count="1">*</token>
				<token count="3">-&gt;</token>
				<token count="1">::</token>
				<token count="6">;</token>
				<token count="2">&lt;</token>
				<token count="5">=</token>
				<token count="3">&gt;</token>
				<token count="1">class</token>
				<token count="1">delete</token>
				<token count="1">else</token>
				<token count="1">if()</token>
				<token count="3">{}</token>
			</operators>
			<operands>
				<token count="1">LinkedList</token>
				<token count="1">ListItem</token>
				<token count="4">NULL</token>
				<token count="3">T</token>
				<token count="1">deleteTail</token>
				<token count="1">head</token>
				<token count="1">next</token>
				<token count="2">prev</token>
				<token count="6">tail</token>
				<token count="2">temp</token>
				<token count="1">void</token>
			</operands>
		</function>
		<function name="LinkedList::length()">
			<start_line>254</start_line>
			<vG_b>2</vG_b>
			<vG_e>2</vG_e>
			<params>0</params>
			<LOCphy>14</LOCphy>
			<LOCpro>11</LOCpro>
			<LOCbl>1</LOCbl>
			<LOCcom alarmed="1">1</LOCcom>
			<N>43</N>
			<N1>24</N1>
			<N2>19</N2>
			<n>25</n>
			<n1>14</n1>
			<n2>11</n2>
			<V>199.686</V>
			<B>0.060</B>
			<D>12.091</D>
			<E>2414.383</E>
			<L>0.083</L>
			<T>00:02:14</T>
			<MaxND>2</MaxND>
			<MIwoc>100</MIwoc>
			<MIcwc>20</MIcwc>
			<MI>120</MI>
			<operators>
				<token count="1">!=</token>
				<token count="1">()</token>
				<token count="1">*</token>
				<token count="1">++</token>
				<token count="1">-&gt;</token>
				<token count="1">::</token>
				<token count="5">;</token>
				<token count="2">&lt;</token>
				<token count="3">=</token>
				<token count="3">&gt;</token>
				<token count="1">class</token>
				<token count="1">return</token>
				<token count="1">while()</token>
				<token count="2">{}</token>
			</operators>
			<operands>
				<token count="1">0</token>
				<token count="1">LinkedList</token>
				<token count="1">ListItem</token>
				<token count="1">NULL</token>
				<token count="3">T</token>
				<token count="3">count</token>
				<token count="1">head</token>
				<token count="2">int</token>
				<token count="1">length</token>
				<token count="4">n_ptr</token>
				<token count="1">next</token>
			</operands>
		</function>
		<function name="LinkedList::reverse()">
			<start_line>269</start_line>
			<vG_b>2</vG_b>
			<vG_e>2</vG_e>
			<params>0</params>
			<LOCphy>18</LOCphy>
			<LOCpro>15</LOCpro>
			<LOCbl>2</LOCbl>
			<LOCcom alarmed="1">0</LOCcom>
			<N>71</N>
			<N1>38</N1>
			<N2>33</N2>
			<n>24</n>
			<n1>12</n1>
			<n2>12</n2>
			<V>325.532</V>
			<B>0.102</B>
			<D>16.500</D>
			<E>5371.284</E>
			<L>0.061</L>
			<T>00:04:58</T>
			<MaxND>2</MaxND>
			<MIwoc>94</MIwoc>
			<MIcwc>0</MIcwc>
			<MI>94</MI>
			<operators>
				<token count="1">!=</token>
				<token count="1">()</token>
				<token count="2">*</token>
				<token count="4">-&gt;</token>
				<token count="1">::</token>
				<token count="9">;</token>
				<token count="3">&lt;</token>
				<token count="9">=</token>
				<token count="4">&gt;</token>
				<token count="1">class</token>
				<token count="1">while()</token>
				<token count="2">{}</token>
			</operators>
			<operands>
				<token count="1">LinkedList</token>
				<token count="2">ListItem</token>
				<token count="1">NULL</token>
				<token count="4">T</token>
				<token count="4">head</token>
				<token count="5">n_ptr</token>
				<token count="2">next</token>
				<token count="2">prev</token>
				<token count="1">reverse</token>
				<token count="2">tail</token>
				<token count="8">temp</token>
				<token count="1">void</token>
			</operands>
		</function>
		<function name="LinkedList::parityArrangement()">
			<start_line>288</start_line>
			<vG_b>6</vG_b>
			<vG_e>6</vG_e>
			<params>0</params>
			<LOCphy>53</LOCphy>
			<LOCpro alarmed="1">42</LOCpro>
			<LOCbl>9</LOCbl>
			<LOCcom alarmed="1">1</LOCcom>
			<N>168</N>
			<N1>89</N1>
			<N2>79</N2>
			<n>39</n>
			<n1>18</n1>
			<n2>21</n2>
			<V>887.948</V>
			<B>0.322</B>
			<D>33.857</D>
			<E>30063.367</E>
			<L>0.030</L>
			<T>00:27:50</T>
			<MaxND>3</MaxND>
			<MIwoc>70</MIwoc>
			<MIcwc>11</MIcwc>
			<MI>81</MI>
			<operators>
				<token count="1">!=</token>
				<token count="1">%</token>
				<token count="3">()</token>
				<token count="1">*</token>
				<token count="5">++</token>
				<token count="7">-&gt;</token>
				<token count="1">::</token>
				<token count="24">;</token>
				<token count="5">&lt;</token>
				<token count="15">=</token>
				<token count="1">==</token>
				<token count="3">&gt;</token>
				<token count="6">[]</token>
				<token count="1">class</token>
				<token count="2">else</token>
				<token count="3">for()</token>
				<token count="2">if()</token>
				<token count="8">{}</token>
			</operators>
			<operands>
				<token count="6">0</token>
				<token count="1">2</token>
				<token count="1">LinkedList</token>
				<token count="1">ListItem</token>
				<token count="1">NULL</token>
				<token count="5">T</token>
				<token count="3">check_even</token>
				<token count="3">even_arr</token>
				<token count="4">even_index</token>
				<token count="2">head</token>
				<token count="11">i</token>
				<token count="7">int</token>
				<token count="1">length</token>
				<token count="5">length_list</token>
				<token count="12">n_ptr</token>
				<token count="2">next</token>
				<token count="3">odd_arr</token>
				<token count="4">odd_index</token>
				<token count="1">parityArrangement</token>
				<token count="5">value</token>
				<token count="1">void</token>
			</operands>
		</function>
		<file_total>
			<vG_b>28</vG_b>
			<vG_e>30</vG_e>
			<vG_b_max>6</vG_b_max>
			<vG_b_avg>2</vG_b_avg>
			<vG_e_max>7</vG_e_max>
			<vG_e_avg>2</vG_e_avg>
			<params>8</params>
			<LOCphy>342</LOCphy>
			<LOCpro>292</LOCpro>
			<LOCbl>46</LOCbl>
			<LOCcom alarmed="1">4</LOCcom>
			<N>1143</N>
			<N1>659</N1>
			<N2>484</N2>
			<n>86</n>
			<n1>35</n1>
			<n2>51</n2>
			<V>7345.221</V>
			<B alarmed="1">3.806</B>
			<D>166.078</D>
			<E>1219882.750</E>
			<L>0.006</L>
			<T>18:49:31</T>
			<MaxND>4</MaxND>
			<MIwoc>89</MIwoc>
			<MIcwc>8</MIcwc>
			<MI>97</MI>
			<operators>
				<token count="15">!=</token>
				<token count="5">#</token>
				<token count="1">%</token>
				<token count="1">&amp;</token>
				<token count="2">&amp;&amp;</token>
				<token count="36">()</token>
				<token count="22">*</token>
				<token count="6">++</token>
				<token count="1">,</token>
				<token count="60">-&gt;</token>
				<token count="2">.</token>
				<token count="16">::</token>
				<token count="115">;</token>
				<token count="63">&lt;</token>
				<token count="87">=</token>
				<token count="8">==</token>
				<token count="62">&gt;</token>
				<token count="6">[]</token>
				<token count="4">break</token>
				<token count="16">class</token>
				<token count="1">const</token>
				<token count="4">delete</token>
				<token count="13">else</token>
				<token count="1">endif</token>
				<token count="1">false</token>
				<token count="3">for()</token>
				<token count="15">if()</token>
				<token count="1">ifndef</token>
				<token count="6">new</token>
				<token count="6">return</token>
				<token count="16">template</token>
				<token count="1">true</token>
				<token count="8">while()</token>
				<token count="54">{}</token>
				<token count="1">~</token>
			</operators>
			<operands>
				<token count="7">0</token>
				<token count="1">2</token>
				<token count="21">LinkedList</token>
				<token count="27">ListItem</token>
				<token count="28">NULL</token>
				<token count="70">T</token>
				<token count="2">__LIST_CPP</token>
				<token count="3">a</token>
				<token count="2">afterWhat</token>
				<token count="1">bool</token>
				<token count="3">check_even</token>
				<token count="3">count</token>
				<token count="5">current</token>
				<token count="1">define</token>
				<token count="1">deleteElement</token>
				<token count="2">deleteHead</token>
				<token count="2">deleteTail</token>
				<token count="3">even_arr</token>
				<token count="4">even_index</token>
				<token count="1">getHead</token>
				<token count="1">getTail</token>
				<token count="32">head</token>
				<token count="11">i</token>
				<token count="2">include</token>
				<token count="1">insertAfter</token>
				<token count="1">insertAtHead</token>
				<token count="2">insertAtTail</token>
				<token count="1">insertSorted</token>
				<token count="9">int</token>
				<token count="2">is_found</token>
				<token count="13">item</token>
				<token count="2">length</token>
				<token count="5">length_list</token>
				<token count="4">marker_curr</token>
				<token count="5">marker_next</token>
				<token count="71">n_ptr</token>
				<token count="6">new_node_ptr</token>
				<token count="31">next</token>
				<token count="3">odd_arr</token>
				<token count="4">odd_index</token>
				<token count="3">otherLinkedList</token>
				<token count="1">parityArrangement</token>
				<token count="5">pos_ptr</token>
				<token count="19">prev</token>
				<token count="1">reverse</token>
				<token count="1">searchFor</token>
				<token count="18">tail</token>
				<token count="20">temp</token>
				<token count="2">toInsert</token>
				<token count="12">value</token>
				<token count="9">void</token>
			</operands>
		</file_total>
	</file>
	<system>
		<files>1</files>
		<functions>16</functions>
		<LOCphy>342</LOCphy>
		<LOCbl>46</LOCbl>
		<LOCpro>292</LOCpro>
		<LOCcom>4</LOCcom>
		<semicolons>115</semicolons>
		<vG_b>28</vG_b>
		<vG_e>30</vG_e>
		<params>8</params>
		<MIwoc>92</MIwoc>
		<MIcw>9</MIcw>
		<MI>101</MI>
		<alarms>
			<file_vG>
				<measured>1</measured>
				<alarmed>0</alarmed>
				<percent>0</percent>
				<lowlimit>1</lowlimit>
				<highlimit>100</highlimit>
			</file_vG>
			<file_LOCpro>
				<measured>1</measured>
				<alarmed>0</alarmed>
				<percent>0</percent>
				<lowlimit>4</lowlimit>
				<highlimit>400</highlimit>
			</file_LOCpro>
			<file_comment_percent>
				<measured>1</measured>
				<alarmed>1</alarmed>
				<percent>100</percent>
				<lowlimit>30</lowlimit>
				<highlimit>75</highlimit>
			</file_comment_percent>
			<file_V>
				<measured>1</measured>
				<alarmed>0</alarmed>
				<percent>0</percent>
				<lowlimit>100</lowlimit>
				<highlimit>8000</highlimit>
			</file_V>
			<file_B>
				<measured>1</measured>
				<alarmed>1</alarmed>
				<percent>100</percent>
				<lowlimit>0</lowlimit>
				<highlimit>2</highlimit>
			</file_B>
			<file_MI>
				<measured>1</measured>
				<alarmed>0</alarmed>
				<percent>0</percent>
				<lowlimit>65</lowlimit>
			</file_MI>
			<function_vG>
				<measured>16</measured>
				<alarmed>0</alarmed>
				<percent>0</percent>
				<lowlimit>1</lowlimit>
				<highlimit>10</highlimit>
			</function_vG>
			<function_LOCpro>
				<measured>16</measured>
				<alarmed>1</alarmed>
				<percent>6</percent>
				<lowlimit>4</lowlimit>
				<highlimit>40</highlimit>
			</function_LOCpro>
			<function_comment_percent>
				<measured>16</measured>
				<alarmed>13</alarmed>
				<percent>81</percent>
				<lowlimit>30</lowlimit>
				<highlimit>75</highlimit>
			</function_comment_percent>
			<function_V>
				<measured>16</measured>
				<alarmed>0</alarmed>
				<percent>0</percent>
				<lowlimit>20</lowlimit>
				<highlimit>1000</highlimit>
			</function_V>
			<function_MI>
				<measured>16</measured>
				<alarmed>0</alarmed>
				<percent>0</percent>
				<lowlimit>65</lowlimit>
			</function_MI>
		</alarms>
		<error_messages count="0">
		</error_messages>
	</system>
</cmt_long_report>
