<?xml version="1.0" ?>
<cmt_long_report>
	<header_info>
		<cmt_version>7.0</cmt_version>
		<copyright>Copyright (c) 1993-2013 Testwell Oy</copyright>
		<copyright>Copyright (c) 2013-2018 Verifysoft Technology GmbH</copyright>
		<license_notes>
		</license_notes>
		<date>Tue Apr  4 21:19:39 2023</date>
		<cmt_options> -o C:\Users\muawi\cmt\A1_T1_S50.xml -lf -f C:\Users\muawi\cmt\files.txt</cmt_options>
		<run_directory>C:\Testwell\CMT</run_directory>
		<mccabe_preference>extended</mccabe_preference>
	</header_info>
	<file name="C:\Users\muawi\OneDrive\Documents\Study\Junior Year\Topics in Internet Research\Project\PA1_ANON_DATA\PA1_ANON_DATA\folder_50\LinkedList.cpp" stamp="1680056127">
		<function name="LinkedList::LinkedList()">
			<start_line>11</start_line>
			<vG_b>1</vG_b>
			<vG_e>1</vG_e>
			<params>0</params>
			<LOCphy>6</LOCphy>
			<LOCpro>5</LOCpro>
			<LOCbl>0</LOCbl>
			<LOCcom>0</LOCcom>
			<N>19</N>
			<N1>11</N1>
			<N2>8</N2>
			<n>13</n>
			<n1>8</n1>
			<n2>5</n2>
			<V>70.308</V>
			<B>0.020</B>
			<D>6.400</D>
			<E>449.973</E>
			<L>0.156</L>
			<T>00:00:24</T>
			<MaxND>1</MaxND>
			<MIwoc>120</MIwoc>
			<MIcwc>0</MIcwc>
			<MI>120</MI>
			<operators>
				<token count="1">()</token>
				<token count="1">::</token>
				<token count="2">;</token>
				<token count="1">&lt;</token>
				<token count="2">=</token>
				<token count="2">&gt;</token>
				<token count="1">class</token>
				<token count="1">{}</token>
			</operators>
			<operands>
				<token count="2">LinkedList</token>
				<token count="2">NULL</token>
				<token count="2">T</token>
				<token count="1">head</token>
				<token count="1">tail</token>
			</operands>
		</function>
		<function name="LinkedList::LinkedList()">
			<start_line>18</start_line>
			<vG_b>3</vG_b>
			<vG_e>3</vG_e>
			<params>1</params>
			<LOCphy>25</LOCphy>
			<LOCpro>18</LOCpro>
			<LOCbl>6</LOCbl>
			<LOCcom alarmed="1">0</LOCcom>
			<N>61</N>
			<N1>36</N1>
			<N2>25</N2>
			<n>29</n>
			<n1>19</n1>
			<n2>10</n2>
			<V>296.337</V>
			<B>0.122</B>
			<D>23.750</D>
			<E>7038.000</E>
			<L>0.042</L>
			<T>00:06:30</T>
			<MaxND>2</MaxND>
			<MIwoc>89</MIwoc>
			<MIcwc>0</MIcwc>
			<MI>89</MI>
			<operators>
				<token count="1">!=</token>
				<token count="1">&amp;</token>
				<token count="2">()</token>
				<token count="1">*</token>
				<token count="2">-&gt;</token>
				<token count="1">.</token>
				<token count="1">::</token>
				<token count="6">;</token>
				<token count="3">&lt;</token>
				<token count="3">=</token>
				<token count="1">==</token>
				<token count="4">&gt;</token>
				<token count="1">class</token>
				<token count="1">const</token>
				<token count="1">else</token>
				<token count="1">if()</token>
				<token count="1">return</token>
				<token count="1">while()</token>
				<token count="4">{}</token>
			</operators>
			<operands>
				<token count="3">LinkedList</token>
				<token count="1">ListItem</token>
				<token count="3">NULL</token>
				<token count="4">T</token>
				<token count="2">head</token>
				<token count="1">insertAtTail</token>
				<token count="1">next</token>
				<token count="7">other</token>
				<token count="2">otherLinkedList</token>
				<token count="1">value</token>
			</operands>
		</function>
		<function name="LinkedList::~LinkedList()">
			<start_line>44</start_line>
			<vG_b>2</vG_b>
			<vG_e>2</vG_e>
			<params>0</params>
			<LOCphy>12</LOCphy>
			<LOCpro>10</LOCpro>
			<LOCbl>1</LOCbl>
			<LOCcom alarmed="1">0</LOCcom>
			<N>35</N>
			<N1>21</N1>
			<N2>14</N2>
			<n>19</n>
			<n1>13</n1>
			<n2>6</n2>
			<V>148.677</V>
			<B>0.057</B>
			<D>15.167</D>
			<E>2254.941</E>
			<L>0.066</L>
			<T>00:02:05</T>
			<MaxND>2</MaxND>
			<MIwoc>104</MIwoc>
			<MIcwc>0</MIcwc>
			<MI>104</MI>
			<operators>
				<token count="1">()</token>
				<token count="1">*</token>
				<token count="1">-&gt;</token>
				<token count="1">::</token>
				<token count="4">;</token>
				<token count="2">&lt;</token>
				<token count="2">=</token>
				<token count="3">&gt;</token>
				<token count="1">class</token>
				<token count="1">delete</token>
				<token count="1">while()</token>
				<token count="2">{}</token>
				<token count="1">~</token>
			</operators>
			<operands>
				<token count="2">LinkedList</token>
				<token count="1">ListItem</token>
				<token count="3">T</token>
				<token count="4">head</token>
				<token count="1">next</token>
				<token count="3">temp</token>
			</operands>
		</function>
		<function name="LinkedList::insertAtHead()">
			<start_line>57</start_line>
			<vG_b>2</vG_b>
			<vG_e>2</vG_e>
			<params>1</params>
			<LOCphy>18</LOCphy>
			<LOCpro>16</LOCpro>
			<LOCbl>1</LOCbl>
			<LOCcom alarmed="1">0</LOCcom>
			<N>62</N>
			<N1>34</N1>
			<N2>28</N2>
			<n>26</n>
			<n1>14</n1>
			<n2>12</n2>
			<V>291.427</V>
			<B>0.094</B>
			<D>16.333</D>
			<E>4759.979</E>
			<L>0.061</L>
			<T>00:04:24</T>
			<MaxND>2</MaxND>
			<MIwoc>94</MIwoc>
			<MIcwc>0</MIcwc>
			<MI>94</MI>
			<operators>
				<token count="2">()</token>
				<token count="1">*</token>
				<token count="2">-&gt;</token>
				<token count="1">::</token>
				<token count="7">;</token>
				<token count="3">&lt;</token>
				<token count="6">=</token>
				<token count="1">==</token>
				<token count="4">&gt;</token>
				<token count="1">class</token>
				<token count="1">else</token>
				<token count="1">if()</token>
				<token count="1">new</token>
				<token count="3">{}</token>
			</operators>
			<operands>
				<token count="1">LinkedList</token>
				<token count="2">ListItem</token>
				<token count="2">NULL</token>
				<token count="5">T</token>
				<token count="5">head</token>
				<token count="1">insertAtHead</token>
				<token count="2">item</token>
				<token count="1">next</token>
				<token count="1">prev</token>
				<token count="1">tail</token>
				<token count="6">temp</token>
				<token count="1">void</token>
			</operands>
		</function>
		<function name="LinkedList::insertAtTail()">
			<start_line>76</start_line>
			<vG_b>2</vG_b>
			<vG_e>2</vG_e>
			<params>1</params>
			<LOCphy>22</LOCphy>
			<LOCpro>18</LOCpro>
			<LOCbl>3</LOCbl>
			<LOCcom alarmed="1">0</LOCcom>
			<N>74</N>
			<N1>41</N1>
			<N2>33</N2>
			<n>28</n>
			<n1>14</n1>
			<n2>14</n2>
			<V>355.744</V>
			<B>0.108</B>
			<D>16.500</D>
			<E>5869.780</E>
			<L>0.061</L>
			<T>00:05:26</T>
			<MaxND>2</MaxND>
			<MIwoc>90</MIwoc>
			<MIcwc>0</MIcwc>
			<MI>90</MI>
			<operators>
				<token count="3">()</token>
				<token count="2">*</token>
				<token count="2">-&gt;</token>
				<token count="1">::</token>
				<token count="9">;</token>
				<token count="4">&lt;</token>
				<token count="7">=</token>
				<token count="1">==</token>
				<token count="5">&gt;</token>
				<token count="1">class</token>
				<token count="1">else</token>
				<token count="1">if()</token>
				<token count="1">new</token>
				<token count="3">{}</token>
			</operators>
			<operands>
				<token count="1">LinkedList</token>
				<token count="3">ListItem</token>
				<token count="1">NULL</token>
				<token count="6">T</token>
				<token count="1">getTail</token>
				<token count="3">head</token>
				<token count="1">insertAtTail</token>
				<token count="2">item</token>
				<token count="1">next</token>
				<token count="1">prev</token>
				<token count="2">tail</token>
				<token count="4">tailz</token>
				<token count="6">temp</token>
				<token count="1">void</token>
			</operands>
		</function>
		<function name="LinkedList::insertAfter()">
			<start_line>99</start_line>
			<vG_b>2</vG_b>
			<vG_e>2</vG_e>
			<params>2</params>
			<LOCphy>26</LOCphy>
			<LOCpro>20</LOCpro>
			<LOCbl>5</LOCbl>
			<LOCcom alarmed="1">0</LOCcom>
			<N>97</N>
			<N1>52</N1>
			<N2>45</N2>
			<n>30</n>
			<n1>15</n1>
			<n2>15</n2>
			<V>475.968</V>
			<B>0.162</B>
			<D>22.500</D>
			<E>10709.289</E>
			<L>0.044</L>
			<T>00:09:54</T>
			<MaxND>2</MaxND>
			<MIwoc>86</MIwoc>
			<MIcwc>0</MIcwc>
			<MI>86</MI>
			<operators>
				<token count="4">()</token>
				<token count="3">*</token>
				<token count="1">,</token>
				<token count="6">-&gt;</token>
				<token count="1">::</token>
				<token count="11">;</token>
				<token count="5">&lt;</token>
				<token count="7">=</token>
				<token count="1">==</token>
				<token count="6">&gt;</token>
				<token count="1">class</token>
				<token count="1">else</token>
				<token count="1">if()</token>
				<token count="1">new</token>
				<token count="3">{}</token>
			</operators>
			<operands>
				<token count="1">LinkedList</token>
				<token count="4">ListItem</token>
				<token count="1">NULL</token>
				<token count="8">T</token>
				<token count="2">afterWhat</token>
				<token count="6">afterWhatz</token>
				<token count="4">afterthat</token>
				<token count="6">insert</token>
				<token count="1">insertAfter</token>
				<token count="1">insertAtTail</token>
				<token count="4">next</token>
				<token count="2">prev</token>
				<token count="1">searchFor</token>
				<token count="3">toInsert</token>
				<token count="1">void</token>
			</operands>
		</function>
		<function name="LinkedList::insertSorted()">
			<start_line>126</start_line>
			<vG_b>5</vG_b>
			<vG_e>5</vG_e>
			<params>1</params>
			<LOCphy>43</LOCphy>
			<LOCpro>34</LOCpro>
			<LOCbl>8</LOCbl>
			<LOCcom alarmed="1">0</LOCcom>
			<N>116</N>
			<N1>63</N1>
			<N2>53</N2>
			<n>30</n>
			<n1>15</n1>
			<n2>15</n2>
			<V>569.199</V>
			<B>0.203</B>
			<D>26.500</D>
			<E>15083.781</E>
			<L>0.038</L>
			<T>00:13:57</T>
			<MaxND>4</MaxND>
			<MIwoc>76</MIwoc>
			<MIcwc>0</MIcwc>
			<MI>76</MI>
			<operators>
				<token count="2">!=</token>
				<token count="3">()</token>
				<token count="3">*</token>
				<token count="9">-&gt;</token>
				<token count="1">::</token>
				<token count="13">;</token>
				<token count="4">&lt;</token>
				<token count="7">=</token>
				<token count="1">==</token>
				<token count="6">&gt;</token>
				<token count="1">class</token>
				<token count="2">else</token>
				<token count="3">if()</token>
				<token count="1">while()</token>
				<token count="7">{}</token>
			</operators>
			<operands>
				<token count="1">LinkedList</token>
				<token count="3">ListItem</token>
				<token count="3">NULL</token>
				<token count="7">T</token>
				<token count="2">before</token>
				<token count="10">current</token>
				<token count="3">head</token>
				<token count="3">holder</token>
				<token count="2">insertAtHead</token>
				<token count="1">insertSorted</token>
				<token count="3">item</token>
				<token count="3">next</token>
				<token count="5">temp</token>
				<token count="6">value</token>
				<token count="1">void</token>
			</operands>
		</function>
		<function name="LinkedList::getHead()">
			<start_line>170</start_line>
			<vG_b>1</vG_b>
			<vG_e>1</vG_e>
			<params>0</params>
			<LOCphy>5</LOCphy>
			<LOCpro>4</LOCpro>
			<LOCbl>0</LOCbl>
			<LOCcom>0</LOCcom>
			<N>19</N>
			<N1>12</N1>
			<N2>7</N2>
			<n>14</n>
			<n1>9</n1>
			<n2>5</n2>
			<V>72.340</V>
			<B>0.020</B>
			<D>6.300</D>
			<E>455.740</E>
			<L>0.159</L>
			<T>00:00:25</T>
			<MaxND>1</MaxND>
			<MIwoc>122</MIwoc>
			<MIcwc>0</MIcwc>
			<MI>122</MI>
			<operators>
				<token count="1">()</token>
				<token count="1">*</token>
				<token count="1">::</token>
				<token count="1">;</token>
				<token count="2">&lt;</token>
				<token count="3">&gt;</token>
				<token count="1">class</token>
				<token count="1">return</token>
				<token count="1">{}</token>
			</operators>
			<operands>
				<token count="1">LinkedList</token>
				<token count="1">ListItem</token>
				<token count="3">T</token>
				<token count="1">getHead</token>
				<token count="1">head</token>
			</operands>
		</function>
		<function name="LinkedList::getTail()">
			<start_line>176</start_line>
			<vG_b>3</vG_b>
			<vG_e>3</vG_e>
			<params>0</params>
			<LOCphy>21</LOCphy>
			<LOCpro>17</LOCpro>
			<LOCbl>3</LOCbl>
			<LOCcom alarmed="1">0</LOCcom>
			<N>53</N>
			<N1>32</N1>
			<N2>21</N2>
			<n>24</n>
			<n1>16</n1>
			<n2>8</n2>
			<V>243.003</V>
			<B>0.099</B>
			<D>21.000</D>
			<E>5103.063</E>
			<L>0.048</L>
			<T>00:04:43</T>
			<MaxND>3</MaxND>
			<MIwoc>92</MIwoc>
			<MIcwc>0</MIcwc>
			<MI>92</MI>
			<operators>
				<token count="1">!=</token>
				<token count="1">()</token>
				<token count="2">*</token>
				<token count="2">-&gt;</token>
				<token count="1">::</token>
				<token count="5">;</token>
				<token count="3">&lt;</token>
				<token count="2">=</token>
				<token count="1">==</token>
				<token count="4">&gt;</token>
				<token count="1">class</token>
				<token count="1">else</token>
				<token count="1">if()</token>
				<token count="2">return</token>
				<token count="1">while()</token>
				<token count="4">{}</token>
			</operators>
			<operands>
				<token count="1">LinkedList</token>
				<token count="2">ListItem</token>
				<token count="2">NULL</token>
				<token count="4">T</token>
				<token count="1">getTail</token>
				<token count="1">head</token>
				<token count="2">next</token>
				<token count="8">temp</token>
			</operands>
		</function>
		<function name="LinkedList::searchFor()">
			<start_line>198</start_line>
			<vG_b>3</vG_b>
			<vG_e>3</vG_e>
			<params>1</params>
			<LOCphy>16</LOCphy>
			<LOCpro>14</LOCpro>
			<LOCbl>1</LOCbl>
			<LOCcom alarmed="1">0</LOCcom>
			<N>53</N>
			<N1>30</N1>
			<N2>23</N2>
			<n>25</n>
			<n1>15</n1>
			<n2>10</n2>
			<V>246.124</V>
			<B>0.087</B>
			<D>17.250</D>
			<E>4245.646</E>
			<L>0.058</L>
			<T>00:03:55</T>
			<MaxND>3</MaxND>
			<MIwoc>97</MIwoc>
			<MIcwc>0</MIcwc>
			<MI>97</MI>
			<operators>
				<token count="1">!=</token>
				<token count="1">()</token>
				<token count="2">*</token>
				<token count="2">-&gt;</token>
				<token count="1">::</token>
				<token count="5">;</token>
				<token count="3">&lt;</token>
				<token count="2">=</token>
				<token count="1">==</token>
				<token count="4">&gt;</token>
				<token count="1">class</token>
				<token count="1">if()</token>
				<token count="2">return</token>
				<token count="1">while()</token>
				<token count="3">{}</token>
			</operators>
			<operands>
				<token count="1">LinkedList</token>
				<token count="2">ListItem</token>
				<token count="2">NULL</token>
				<token count="5">T</token>
				<token count="1">head</token>
				<token count="2">item</token>
				<token count="1">next</token>
				<token count="1">searchFor</token>
				<token count="7">temp</token>
				<token count="1">value</token>
			</operands>
		</function>
		<function name="LinkedList::deleteElement()">
			<start_line>215</start_line>
			<vG_b>4</vG_b>
			<vG_e>4</vG_e>
			<params>1</params>
			<LOCphy>23</LOCphy>
			<LOCpro>18</LOCpro>
			<LOCbl>4</LOCbl>
			<LOCcom alarmed="1">0</LOCcom>
			<N>67</N>
			<N1>38</N1>
			<N2>29</N2>
			<n>29</n>
			<n1>15</n1>
			<n2>14</n2>
			<V>325.485</V>
			<B>0.098</B>
			<D>15.536</D>
			<E>5056.638</E>
			<L>0.064</L>
			<T>00:04:40</T>
			<MaxND>2</MaxND>
			<MIwoc>89</MIwoc>
			<MIcwc>0</MIcwc>
			<MI>89</MI>
			<operators>
				<token count="2">!=</token>
				<token count="4">()</token>
				<token count="1">*</token>
				<token count="5">-&gt;</token>
				<token count="1">::</token>
				<token count="6">;</token>
				<token count="2">&lt;</token>
				<token count="2">=</token>
				<token count="1">==</token>
				<token count="3">&gt;</token>
				<token count="1">class</token>
				<token count="1">delete</token>
				<token count="2">else</token>
				<token count="3">if()</token>
				<token count="4">{}</token>
			</operators>
			<operands>
				<token count="1">LinkedList</token>
				<token count="1">ListItem</token>
				<token count="2">NULL</token>
				<token count="4">T</token>
				<token count="1">deleteElement</token>
				<token count="1">deleteHead</token>
				<token count="1">deleteTail</token>
				<token count="1">head</token>
				<token count="2">item</token>
				<token count="2">next</token>
				<token count="3">prev</token>
				<token count="1">searchFor</token>
				<token count="8">to_del</token>
				<token count="1">void</token>
			</operands>
		</function>
		<function name="LinkedList::deleteHead()">
			<start_line>239</start_line>
			<vG_b>2</vG_b>
			<vG_e>2</vG_e>
			<params>0</params>
			<LOCphy>11</LOCphy>
			<LOCpro>10</LOCpro>
			<LOCbl>0</LOCbl>
			<LOCcom alarmed="1">0</LOCcom>
			<N>37</N>
			<N1>21</N1>
			<N2>16</N2>
			<n>22</n>
			<n1>13</n1>
			<n2>9</n2>
			<V>164.999</V>
			<B>0.051</B>
			<D>11.556</D>
			<E>1906.655</E>
			<L>0.087</L>
			<T>00:01:45</T>
			<MaxND>2</MaxND>
			<MIwoc>105</MIwoc>
			<MIcwc>0</MIcwc>
			<MI>105</MI>
			<operators>
				<token count="1">!=</token>
				<token count="1">()</token>
				<token count="1">*</token>
				<token count="1">-&gt;</token>
				<token count="1">::</token>
				<token count="4">;</token>
				<token count="2">&lt;</token>
				<token count="2">=</token>
				<token count="3">&gt;</token>
				<token count="1">class</token>
				<token count="1">delete</token>
				<token count="1">if()</token>
				<token count="2">{}</token>
			</operators>
			<operands>
				<token count="1">LinkedList</token>
				<token count="1">ListItem</token>
				<token count="1">NULL</token>
				<token count="3">T</token>
				<token count="1">deleteHead</token>
				<token count="4">head</token>
				<token count="1">next</token>
				<token count="3">temp</token>
				<token count="1">void</token>
			</operands>
		</function>
		<function name="LinkedList::deleteTail()">
			<start_line>251</start_line>
			<vG_b>2</vG_b>
			<vG_e>2</vG_e>
			<params>0</params>
			<LOCphy>13</LOCphy>
			<LOCpro>10</LOCpro>
			<LOCbl>1</LOCbl>
			<LOCcom alarmed="1">1</LOCcom>
			<N>44</N>
			<N1>25</N1>
			<N2>19</N2>
			<n>24</n>
			<n1>13</n1>
			<n2>11</n2>
			<V>201.738</V>
			<B>0.057</B>
			<D>11.227</D>
			<E>2264.971</E>
			<L>0.089</L>
			<T>00:02:05</T>
			<MaxND>2</MaxND>
			<MIwoc>101</MIwoc>
			<MIcwc>21</MIcwc>
			<MI>122</MI>
			<operators>
				<token count="1">!=</token>
				<token count="2">()</token>
				<token count="1">*</token>
				<token count="4">-&gt;</token>
				<token count="1">::</token>
				<token count="4">;</token>
				<token count="2">&lt;</token>
				<token count="2">=</token>
				<token count="3">&gt;</token>
				<token count="1">class</token>
				<token count="1">delete</token>
				<token count="1">if()</token>
				<token count="2">{}</token>
			</operators>
			<operands>
				<token count="1">LinkedList</token>
				<token count="1">ListItem</token>
				<token count="1">NULL</token>
				<token count="3">T</token>
				<token count="1">deleteTail</token>
				<token count="1">getTail</token>
				<token count="1">head</token>
				<token count="3">next</token>
				<token count="1">prev</token>
				<token count="5">to_del</token>
				<token count="1">void</token>
			</operands>
		</function>
		<function name="LinkedList::length()">
			<start_line>265</start_line>
			<vG_b>3</vG_b>
			<vG_e>4</vG_e>
			<params>0</params>
			<LOCphy>20</LOCphy>
			<LOCpro>16</LOCpro>
			<LOCbl>3</LOCbl>
			<LOCcom alarmed="1">0</LOCcom>
			<N>57</N>
			<N1>32</N1>
			<N2>25</N2>
			<n>29</n>
			<n1>17</n1>
			<n2>12</n2>
			<V>276.905</V>
			<B>0.096</B>
			<D>17.708</D>
			<E>4903.524</E>
			<L>0.056</L>
			<T>00:04:32</T>
			<MaxND>2</MaxND>
			<MIwoc>92</MIwoc>
			<MIcwc>0</MIcwc>
			<MI>92</MI>
			<operators>
				<token count="1">!=</token>
				<token count="1">&amp;&amp;</token>
				<token count="1">()</token>
				<token count="1">*</token>
				<token count="1">++</token>
				<token count="1">-&gt;</token>
				<token count="1">::</token>
				<token count="7">;</token>
				<token count="2">&lt;</token>
				<token count="3">=</token>
				<token count="2">==</token>
				<token count="3">&gt;</token>
				<token count="1">class</token>
				<token count="1">if()</token>
				<token count="2">return</token>
				<token count="1">while()</token>
				<token count="3">{}</token>
			</operators>
			<operands>
				<token count="2">0</token>
				<token count="1">LinkedList</token>
				<token count="1">ListItem</token>
				<token count="3">NULL</token>
				<token count="3">T</token>
				<token count="2">head</token>
				<token count="2">int</token>
				<token count="3">len</token>
				<token count="1">length</token>
				<token count="1">next</token>
				<token count="1">tail</token>
				<token count="5">temp</token>
			</operands>
		</function>
		<function name="LinkedList::reverse()">
			<start_line>286</start_line>
			<vG_b>3</vG_b>
			<vG_e>3</vG_e>
			<params>0</params>
			<LOCphy>21</LOCphy>
			<LOCpro>17</LOCpro>
			<LOCbl>3</LOCbl>
			<LOCcom alarmed="1">0</LOCcom>
			<N>72</N>
			<N1>39</N1>
			<N2>33</N2>
			<n>24</n>
			<n1>13</n1>
			<n2>11</n2>
			<V>330.117</V>
			<B>0.115</B>
			<D>19.500</D>
			<E>6437.287</E>
			<L>0.051</L>
			<T>00:05:57</T>
			<MaxND>2</MaxND>
			<MIwoc>91</MIwoc>
			<MIcwc>0</MIcwc>
			<MI>91</MI>
			<operators>
				<token count="2">!=</token>
				<token count="1">()</token>
				<token count="2">*</token>
				<token count="6">-&gt;</token>
				<token count="1">::</token>
				<token count="8">;</token>
				<token count="3">&lt;</token>
				<token count="6">=</token>
				<token count="4">&gt;</token>
				<token count="1">class</token>
				<token count="1">if()</token>
				<token count="1">while()</token>
				<token count="3">{}</token>
			</operators>
			<operands>
				<token count="1">LinkedList</token>
				<token count="2">ListItem</token>
				<token count="2">NULL</token>
				<token count="4">T</token>
				<token count="9">current</token>
				<token count="2">head</token>
				<token count="2">next</token>
				<token count="4">prev</token>
				<token count="1">reverse</token>
				<token count="5">temp</token>
				<token count="1">void</token>
			</operands>
		</function>
		<function name="LinkedList::parityArrangement()">
			<start_line>308</start_line>
			<vG_b>5</vG_b>
			<vG_e>7</vG_e>
			<params>0</params>
			<LOCphy>43</LOCphy>
			<LOCpro>35</LOCpro>
			<LOCbl>7</LOCbl>
			<LOCcom alarmed="1">0</LOCcom>
			<N>165</N>
			<N1>91</N1>
			<N2>74</N2>
			<n>29</n>
			<n1>17</n1>
			<n2>12</n2>
			<V>801.567</V>
			<B>0.403</B>
			<D>52.417</D>
			<E>42015.465</E>
			<L>0.019</L>
			<T>00:38:54</T>
			<MaxND>3</MaxND>
			<MIwoc>74</MIwoc>
			<MIcwc>0</MIcwc>
			<MI>74</MI>
			<operators>
				<token count="1">()</token>
				<token count="3">*</token>
				<token count="22">-&gt;</token>
				<token count="1">::</token>
				<token count="20">;</token>
				<token count="4">&lt;</token>
				<token count="14">=</token>
				<token count="5">==</token>
				<token count="5">&gt;</token>
				<token count="2">break</token>
				<token count="1">class</token>
				<token count="3">if()</token>
				<token count="1">return</token>
				<token count="1">true</token>
				<token count="1">while()</token>
				<token count="5">{}</token>
				<token count="2">||</token>
			</operators>
			<operands>
				<token count="1">LinkedList</token>
				<token count="3">ListItem</token>
				<token count="6">NULL</token>
				<token count="5">T</token>
				<token count="12">even</token>
				<token count="6">even_header</token>
				<token count="3">head</token>
				<token count="18">next</token>
				<token count="14">odd</token>
				<token count="1">parityArrangement</token>
				<token count="4">prev</token>
				<token count="1">void</token>
			</operands>
		</function>
		<function name="LinkedList::isPalindrome()">
			<start_line>351</start_line>
			<vG_b>3</vG_b>
			<vG_e>3</vG_e>
			<params>0</params>
			<LOCphy>23</LOCphy>
			<LOCpro>18</LOCpro>
			<LOCbl>4</LOCbl>
			<LOCcom alarmed="1">0</LOCcom>
			<N>71</N>
			<N1>41</N1>
			<N2>30</N2>
			<n>29</n>
			<n1>16</n1>
			<n2>13</n2>
			<V>344.917</V>
			<B>0.115</B>
			<D>18.462</D>
			<E>6367.692</E>
			<L>0.054</L>
			<T>00:05:53</T>
			<MaxND>3</MaxND>
			<MIwoc>89</MIwoc>
			<MIcwc>0</MIcwc>
			<MI>89</MI>
			<operators>
				<token count="1">!=</token>
				<token count="2">()</token>
				<token count="2">*</token>
				<token count="4">-&gt;</token>
				<token count="1">::</token>
				<token count="9">;</token>
				<token count="3">&lt;</token>
				<token count="6">=</token>
				<token count="4">&gt;</token>
				<token count="1">class</token>
				<token count="1">false</token>
				<token count="1">if()</token>
				<token count="1">return</token>
				<token count="1">true</token>
				<token count="1">while()</token>
				<token count="3">{}</token>
			</operators>
			<operands>
				<token count="1">LinkedList</token>
				<token count="2">ListItem</token>
				<token count="4">T</token>
				<token count="2">bool</token>
				<token count="1">getTail</token>
				<token count="2">head</token>
				<token count="4">headz</token>
				<token count="1">isPalindrome</token>
				<token count="1">next</token>
				<token count="4">palin</token>
				<token count="1">prev</token>
				<token count="5">tailz</token>
				<token count="2">value</token>
			</operands>
		</function>
		<file_total>
			<vG_b>31</vG_b>
			<vG_e>34</vG_e>
			<vG_b_max>5</vG_b_max>
			<vG_b_avg>2</vG_b_avg>
			<vG_e_max>7</vG_e_max>
			<vG_e_avg>2</vG_e_avg>
			<params>8</params>
			<LOCphy>374</LOCphy>
			<LOCpro>304</LOCpro>
			<LOCbl>69</LOCbl>
			<LOCcom alarmed="1">1</LOCcom>
			<N>1154</N>
			<N1>664</N1>
			<N2>490</N2>
			<n>86</n>
			<n1>35</n1>
			<n2>51</n2>
			<V>7415.910</V>
			<B alarmed="1">3.862</B>
			<D>168.137</D>
			<E>1246890.625</E>
			<L>0.006</L>
			<T>19:14:31</T>
			<MaxND>4</MaxND>
			<MIwoc>89</MIwoc>
			<MIcwc>4</MIcwc>
			<MI>93</MI>
			<operators>
				<token count="13">!=</token>
				<token count="6">#</token>
				<token count="1">&amp;</token>
				<token count="1">&amp;&amp;</token>
				<token count="31">()</token>
				<token count="27">*</token>
				<token count="1">++</token>
				<token count="1">,</token>
				<token count="69">-&gt;</token>
				<token count="1">.</token>
				<token count="17">::</token>
				<token count="122">;</token>
				<token count="65">&lt;</token>
				<token count="73">=</token>
				<token count="15">==</token>
				<token count="66">&gt;</token>
				<token count="2">break</token>
				<token count="17">class</token>
				<token count="1">const</token>
				<token count="4">delete</token>
				<token count="9">else</token>
				<token count="1">endif</token>
				<token count="1">false</token>
				<token count="20">if()</token>
				<token count="1">ifndef</token>
				<token count="1">namespace</token>
				<token count="3">new</token>
				<token count="10">return</token>
				<token count="17">template</token>
				<token count="2">true</token>
				<token count="1">using</token>
				<token count="9">while()</token>
				<token count="53">{}</token>
				<token count="2">||</token>
				<token count="1">~</token>
			</operators>
			<operands>
				<token count="2">0</token>
				<token count="21">LinkedList</token>
				<token count="30">ListItem</token>
				<token count="31">NULL</token>
				<token count="73">T</token>
				<token count="2">__LIST_CPP</token>
				<token count="2">afterWhat</token>
				<token count="6">afterWhatz</token>
				<token count="4">afterthat</token>
				<token count="2">before</token>
				<token count="2">bool</token>
				<token count="19">current</token>
				<token count="1">define</token>
				<token count="1">deleteElement</token>
				<token count="2">deleteHead</token>
				<token count="2">deleteTail</token>
				<token count="12">even</token>
				<token count="6">even_header</token>
				<token count="1">getHead</token>
				<token count="4">getTail</token>
				<token count="36">head</token>
				<token count="4">headz</token>
				<token count="3">holder</token>
				<token count="3">include</token>
				<token count="6">insert</token>
				<token count="1">insertAfter</token>
				<token count="3">insertAtHead</token>
				<token count="3">insertAtTail</token>
				<token count="1">insertSorted</token>
				<token count="2">int</token>
				<token count="1">isPalindrome</token>
				<token count="11">item</token>
				<token count="3">len</token>
				<token count="1">length</token>
				<token count="42">next</token>
				<token count="14">odd</token>
				<token count="7">other</token>
				<token count="2">otherLinkedList</token>
				<token count="4">palin</token>
				<token count="1">parityArrangement</token>
				<token count="17">prev</token>
				<token count="1">reverse</token>
				<token count="3">searchFor</token>
				<token count="1">std</token>
				<token count="5">tail</token>
				<token count="9">tailz</token>
				<token count="48">temp</token>
				<token count="3">toInsert</token>
				<token count="13">to_del</token>
				<token count="10">value</token>
				<token count="9">void</token>
			</operands>
		</file_total>
	</file>
	<system>
		<files>1</files>
		<functions>17</functions>
		<LOCphy>374</LOCphy>
		<LOCbl>69</LOCbl>
		<LOCpro>304</LOCpro>
		<LOCcom>1</LOCcom>
		<semicolons>122</semicolons>
		<vG_b>31</vG_b>
		<vG_e>34</vG_e>
		<params>8</params>
		<MIwoc>92</MIwoc>
		<MIcw>4</MIcw>
		<MI>96</MI>
		<alarms>
			<file_vG>
				<measured>1</measured>
				<alarmed>0</alarmed>
				<percent>0</percent>
				<lowlimit>1</lowlimit>
				<highlimit>100</highlimit>
			</file_vG>
			<file_LOCpro>
				<measured>1</measured>
				<alarmed>0</alarmed>
				<percent>0</percent>
				<lowlimit>4</lowlimit>
				<highlimit>400</highlimit>
			</file_LOCpro>
			<file_comment_percent>
				<measured>1</measured>
				<alarmed>1</alarmed>
				<percent>100</percent>
				<lowlimit>30</lowlimit>
				<highlimit>75</highlimit>
			</file_comment_percent>
			<file_V>
				<measured>1</measured>
				<alarmed>0</alarmed>
				<percent>0</percent>
				<lowlimit>100</lowlimit>
				<highlimit>8000</highlimit>
			</file_V>
			<file_B>
				<measured>1</measured>
				<alarmed>1</alarmed>
				<percent>100</percent>
				<lowlimit>0</lowlimit>
				<highlimit>2</highlimit>
			</file_B>
			<file_MI>
				<measured>1</measured>
				<alarmed>0</alarmed>
				<percent>0</percent>
				<lowlimit>65</lowlimit>
			</file_MI>
			<function_vG>
				<measured>17</measured>
				<alarmed>0</alarmed>
				<percent>0</percent>
				<lowlimit>1</lowlimit>
				<highlimit>10</highlimit>
			</function_vG>
			<function_LOCpro>
				<measured>17</measured>
				<alarmed>0</alarmed>
				<percent>0</percent>
				<lowlimit>4</lowlimit>
				<highlimit>40</highlimit>
			</function_LOCpro>
			<function_comment_percent>
				<measured>17</measured>
				<alarmed>15</alarmed>
				<percent>88</percent>
				<lowlimit>30</lowlimit>
				<highlimit>75</highlimit>
			</function_comment_percent>
			<function_V>
				<measured>17</measured>
				<alarmed>0</alarmed>
				<percent>0</percent>
				<lowlimit>20</lowlimit>
				<highlimit>1000</highlimit>
			</function_V>
			<function_MI>
				<measured>17</measured>
				<alarmed>0</alarmed>
				<percent>0</percent>
				<lowlimit>65</lowlimit>
			</function_MI>
		</alarms>
		<error_messages count="0">
		</error_messages>
	</system>
</cmt_long_report>
