<?xml version="1.0" ?>
<cmt_long_report>
	<header_info>
		<cmt_version>7.0</cmt_version>
		<copyright>Copyright (c) 1993-2013 Testwell Oy</copyright>
		<copyright>Copyright (c) 2013-2018 Verifysoft Technology GmbH</copyright>
		<license_notes>
		</license_notes>
		<date>Tue Apr  4 21:18:42 2023</date>
		<cmt_options> -o C:\Users\muawi\cmt\A1_T1_S48.xml -lf -f C:\Users\muawi\cmt\files.txt</cmt_options>
		<run_directory>C:\Testwell\CMT</run_directory>
		<mccabe_preference>extended</mccabe_preference>
	</header_info>
	<file name="C:\Users\muawi\OneDrive\Documents\Study\Junior Year\Topics in Internet Research\Project\PA1_ANON_DATA\PA1_ANON_DATA\folder_48\LinkedList.cpp" stamp="1680056150">
		<function name="LinkedList::LinkedList()">
			<start_line>9</start_line>
			<vG_b>1</vG_b>
			<vG_e>1</vG_e>
			<params>0</params>
			<LOCphy>5</LOCphy>
			<LOCpro>4</LOCpro>
			<LOCbl>0</LOCbl>
			<LOCcom>0</LOCcom>
			<N>15</N>
			<N1>9</N1>
			<N2>6</N2>
			<n>12</n>
			<n1>8</n1>
			<n2>4</n2>
			<V>53.774</V>
			<B>0.016</B>
			<D>6.000</D>
			<E>322.647</E>
			<L>0.167</L>
			<T>00:00:17</T>
			<MaxND>1</MaxND>
			<MIwoc>124</MIwoc>
			<MIcwc>0</MIcwc>
			<MI>124</MI>
			<operators>
				<token count="1">()</token>
				<token count="1">::</token>
				<token count="1">;</token>
				<token count="1">&lt;</token>
				<token count="1">=</token>
				<token count="2">&gt;</token>
				<token count="1">class</token>
				<token count="1">{}</token>
			</operators>
			<operands>
				<token count="2">LinkedList</token>
				<token count="1">NULL</token>
				<token count="2">T</token>
				<token count="1">head</token>
			</operands>
		</function>
		<function name="LinkedList::LinkedList()">
			<start_line>15</start_line>
			<vG_b>3</vG_b>
			<vG_e>3</vG_e>
			<params>1</params>
			<LOCphy>19</LOCphy>
			<LOCpro>17</LOCpro>
			<LOCbl>1</LOCbl>
			<LOCcom alarmed="1">1</LOCcom>
			<N>63</N>
			<N1>36</N1>
			<N2>27</N2>
			<n>28</n>
			<n1>18</n1>
			<n2>10</n2>
			<V>302.863</V>
			<B>0.126</B>
			<D>24.300</D>
			<E>7359.580</E>
			<L>0.041</L>
			<T>00:06:48</T>
			<MaxND>3</MaxND>
			<MIwoc>93</MIwoc>
			<MIcwc>17</MIcwc>
			<MI>110</MI>
			<operators>
				<token count="1">!=</token>
				<token count="1">&amp;</token>
				<token count="2">()</token>
				<token count="1">*</token>
				<token count="2">-&gt;</token>
				<token count="2">.</token>
				<token count="1">::</token>
				<token count="5">;</token>
				<token count="3">&lt;</token>
				<token count="4">=</token>
				<token count="1">==</token>
				<token count="4">&gt;</token>
				<token count="1">class</token>
				<token count="1">const</token>
				<token count="1">else</token>
				<token count="1">if()</token>
				<token count="1">while()</token>
				<token count="4">{}</token>
			</operators>
			<operands>
				<token count="3">LinkedList</token>
				<token count="1">ListItem</token>
				<token count="4">NULL</token>
				<token count="4">T</token>
				<token count="4">head</token>
				<token count="1">insertAtTail</token>
				<token count="1">next</token>
				<token count="3">otherLinkedList</token>
				<token count="5">temp</token>
				<token count="1">value</token>
			</operands>
		</function>
		<function name="LinkedList::~LinkedList()">
			<start_line>35</start_line>
			<vG_b>2</vG_b>
			<vG_e>2</vG_e>
			<params>0</params>
			<LOCphy>9</LOCphy>
			<LOCpro>8</LOCpro>
			<LOCbl>0</LOCbl>
			<LOCcom>0</LOCcom>
			<N>26</N>
			<N1>16</N1>
			<N2>10</N2>
			<n>18</n>
			<n1>12</n1>
			<n2>6</n2>
			<V>108.418</V>
			<B>0.035</B>
			<D>10.000</D>
			<E>1084.181</E>
			<L>0.100</L>
			<T>00:01:00</T>
			<MaxND>2</MaxND>
			<MIwoc>111</MIwoc>
			<MIcwc>0</MIcwc>
			<MI>111</MI>
			<operators>
				<token count="1">!=</token>
				<token count="2">()</token>
				<token count="1">-&gt;</token>
				<token count="1">::</token>
				<token count="2">;</token>
				<token count="1">&lt;</token>
				<token count="1">=</token>
				<token count="2">&gt;</token>
				<token count="1">class</token>
				<token count="1">while()</token>
				<token count="2">{}</token>
				<token count="1">~</token>
			</operators>
			<operands>
				<token count="2">LinkedList</token>
				<token count="1">NULL</token>
				<token count="2">T</token>
				<token count="1">deleteTail</token>
				<token count="3">head</token>
				<token count="1">next</token>
			</operands>
		</function>
		<function name="LinkedList::insertAtHead()">
			<start_line>45</start_line>
			<vG_b>2</vG_b>
			<vG_e>2</vG_e>
			<params>1</params>
			<LOCphy>22</LOCphy>
			<LOCpro>18</LOCpro>
			<LOCbl>2</LOCbl>
			<LOCcom alarmed="1">1</LOCcom>
			<N>89</N>
			<N1>49</N1>
			<N2>40</N2>
			<n>25</n>
			<n1>14</n1>
			<n2>11</n2>
			<V>413.303</V>
			<B>0.160</B>
			<D>25.455</D>
			<E>10520.445</E>
			<L>0.039</L>
			<T>00:09:44</T>
			<MaxND>2</MaxND>
			<MIwoc>89</MIwoc>
			<MIcwc>16</MIcwc>
			<MI>105</MI>
			<operators>
				<token count="3">()</token>
				<token count="2">*</token>
				<token count="5">-&gt;</token>
				<token count="1">::</token>
				<token count="9">;</token>
				<token count="5">&lt;</token>
				<token count="9">=</token>
				<token count="1">==</token>
				<token count="6">&gt;</token>
				<token count="1">class</token>
				<token count="1">else</token>
				<token count="1">if()</token>
				<token count="2">new</token>
				<token count="3">{}</token>
			</operators>
			<operands>
				<token count="1">LinkedList</token>
				<token count="4">ListItem</token>
				<token count="4">NULL</token>
				<token count="7">T</token>
				<token count="5">head</token>
				<token count="1">insertAtHead</token>
				<token count="3">item</token>
				<token count="2">next</token>
				<token count="3">prev</token>
				<token count="9">temp</token>
				<token count="1">void</token>
			</operands>
		</function>
		<function name="LinkedList::insertAtTail()">
			<start_line>68</start_line>
			<vG_b>2</vG_b>
			<vG_e>2</vG_e>
			<params>1</params>
			<LOCphy>17</LOCphy>
			<LOCpro>15</LOCpro>
			<LOCbl>1</LOCbl>
			<LOCcom alarmed="1">0</LOCcom>
			<N>68</N>
			<N1>38</N1>
			<N2>30</N2>
			<n>27</n>
			<n1>14</n1>
			<n2>13</n2>
			<V>323.332</V>
			<B>0.100</B>
			<D>16.154</D>
			<E>5223.061</E>
			<L>0.062</L>
			<T>00:04:50</T>
			<MaxND>2</MaxND>
			<MIwoc>95</MIwoc>
			<MIcwc>0</MIcwc>
			<MI>95</MI>
			<operators>
				<token count="4">()</token>
				<token count="2">*</token>
				<token count="3">-&gt;</token>
				<token count="1">::</token>
				<token count="6">;</token>
				<token count="4">&lt;</token>
				<token count="5">=</token>
				<token count="1">==</token>
				<token count="5">&gt;</token>
				<token count="1">class</token>
				<token count="1">else</token>
				<token count="1">if()</token>
				<token count="1">new</token>
				<token count="3">{}</token>
			</operators>
			<operands>
				<token count="1">LinkedList</token>
				<token count="3">ListItem</token>
				<token count="2">NULL</token>
				<token count="6">T</token>
				<token count="1">getTail</token>
				<token count="1">insertAtHead</token>
				<token count="1">insertAtTail</token>
				<token count="3">item</token>
				<token count="2">next</token>
				<token count="1">prev</token>
				<token count="4">tail</token>
				<token count="4">temp</token>
				<token count="1">void</token>
			</operands>
		</function>
		<function name="LinkedList::insertAfter()">
			<start_line>86</start_line>
			<vG_b>3</vG_b>
			<vG_e>3</vG_e>
			<params>2</params>
			<LOCphy>25</LOCphy>
			<LOCpro>22</LOCpro>
			<LOCbl>2</LOCbl>
			<LOCcom alarmed="1">6</LOCcom>
			<N>121</N>
			<N1>66</N1>
			<N2>55</N2>
			<n>29</n>
			<n1>16</n1>
			<n2>13</n2>
			<V>587.816</V>
			<B>0.245</B>
			<D>33.846</D>
			<E>19895.301</E>
			<L>0.030</L>
			<T>00:18:25</T>
			<MaxND>3</MaxND>
			<MIwoc>85</MIwoc>
			<MIcwc>34</MIcwc>
			<MI>119</MI>
			<operators>
				<token count="1">!=</token>
				<token count="5">()</token>
				<token count="3">*</token>
				<token count="1">,</token>
				<token count="11">-&gt;</token>
				<token count="1">::</token>
				<token count="10">;</token>
				<token count="6">&lt;</token>
				<token count="10">=</token>
				<token count="1">==</token>
				<token count="7">&gt;</token>
				<token count="1">class</token>
				<token count="1">else</token>
				<token count="2">if()</token>
				<token count="2">new</token>
				<token count="4">{}</token>
			</operators>
			<operands>
				<token count="1">LinkedList</token>
				<token count="5">ListItem</token>
				<token count="2">NULL</token>
				<token count="9">T</token>
				<token count="2">afterWhat</token>
				<token count="10">f</token>
				<token count="1">insertAfter</token>
				<token count="8">next</token>
				<token count="3">prev</token>
				<token count="1">searchFor</token>
				<token count="9">temp</token>
				<token count="3">toInsert</token>
				<token count="1">void</token>
			</operands>
		</function>
		<function name="LinkedList::insertSorted()">
			<start_line>112</start_line>
			<vG_b>6</vG_b>
			<vG_e>6</vG_e>
			<params>1</params>
			<LOCphy>34</LOCphy>
			<LOCpro>32</LOCpro>
			<LOCbl>1</LOCbl>
			<LOCcom alarmed="1">0</LOCcom>
			<N>125</N>
			<N1>72</N1>
			<N2>53</N2>
			<n>35</n>
			<n1>19</n1>
			<n2>16</n2>
			<V>641.160</V>
			<B>0.247</B>
			<D>31.469</D>
			<E>20176.516</E>
			<L>0.032</L>
			<T>00:18:40</T>
			<MaxND>4</MaxND>
			<MIwoc>79</MIwoc>
			<MIcwc>0</MIcwc>
			<MI>79</MI>
			<operators>
				<token count="1">!=</token>
				<token count="9">()</token>
				<token count="2">*</token>
				<token count="10">-&gt;</token>
				<token count="1">::</token>
				<token count="11">;</token>
				<token count="4">&lt;</token>
				<token count="1">&lt;=</token>
				<token count="7">=</token>
				<token count="1">==</token>
				<token count="5">&gt;</token>
				<token count="2">&gt;=</token>
				<token count="1">break</token>
				<token count="1">class</token>
				<token count="3">else</token>
				<token count="4">if()</token>
				<token count="1">new</token>
				<token count="1">while()</token>
				<token count="7">{}</token>
			</operators>
			<operands>
				<token count="1">LinkedList</token>
				<token count="3">ListItem</token>
				<token count="2">NULL</token>
				<token count="6">T</token>
				<token count="1">getTail</token>
				<token count="3">head</token>
				<token count="2">insertAtHead</token>
				<token count="1">insertAtTail</token>
				<token count="1">insertSorted</token>
				<token count="8">item</token>
				<token count="3">next</token>
				<token count="4">prev</token>
				<token count="9">temp</token>
				<token count="5">temp1</token>
				<token count="3">value</token>
				<token count="1">void</token>
			</operands>
		</function>
		<function name="LinkedList::getHead()">
			<start_line>147</start_line>
			<vG_b>1</vG_b>
			<vG_e>1</vG_e>
			<params>0</params>
			<LOCphy>5</LOCphy>
			<LOCpro>4</LOCpro>
			<LOCbl>0</LOCbl>
			<LOCcom>0</LOCcom>
			<N>19</N>
			<N1>12</N1>
			<N2>7</N2>
			<n>14</n>
			<n1>9</n1>
			<n2>5</n2>
			<V>72.340</V>
			<B>0.020</B>
			<D>6.300</D>
			<E>455.740</E>
			<L>0.159</L>
			<T>00:00:25</T>
			<MaxND>1</MaxND>
			<MIwoc>122</MIwoc>
			<MIcwc>0</MIcwc>
			<MI>122</MI>
			<operators>
				<token count="1">()</token>
				<token count="1">*</token>
				<token count="1">::</token>
				<token count="1">;</token>
				<token count="2">&lt;</token>
				<token count="3">&gt;</token>
				<token count="1">class</token>
				<token count="1">return</token>
				<token count="1">{}</token>
			</operators>
			<operands>
				<token count="1">LinkedList</token>
				<token count="1">ListItem</token>
				<token count="3">T</token>
				<token count="1">getHead</token>
				<token count="1">head</token>
			</operands>
		</function>
		<function name="LinkedList::getTail()">
			<start_line>153</start_line>
			<vG_b>3</vG_b>
			<vG_e>3</vG_e>
			<params>0</params>
			<LOCphy>21</LOCphy>
			<LOCpro>17</LOCpro>
			<LOCbl>3</LOCbl>
			<LOCcom alarmed="1">0</LOCcom>
			<N>53</N>
			<N1>32</N1>
			<N2>21</N2>
			<n>24</n>
			<n1>16</n1>
			<n2>8</n2>
			<V>243.003</V>
			<B>0.099</B>
			<D>21.000</D>
			<E>5103.063</E>
			<L>0.048</L>
			<T>00:04:43</T>
			<MaxND>3</MaxND>
			<MIwoc>92</MIwoc>
			<MIcwc>0</MIcwc>
			<MI>92</MI>
			<operators>
				<token count="1">!=</token>
				<token count="1">()</token>
				<token count="2">*</token>
				<token count="2">-&gt;</token>
				<token count="1">::</token>
				<token count="5">;</token>
				<token count="3">&lt;</token>
				<token count="2">=</token>
				<token count="1">==</token>
				<token count="4">&gt;</token>
				<token count="1">class</token>
				<token count="1">else</token>
				<token count="1">if()</token>
				<token count="2">return</token>
				<token count="1">while()</token>
				<token count="4">{}</token>
			</operators>
			<operands>
				<token count="1">LinkedList</token>
				<token count="2">ListItem</token>
				<token count="3">NULL</token>
				<token count="4">T</token>
				<token count="1">getTail</token>
				<token count="2">head</token>
				<token count="2">next</token>
				<token count="6">temp</token>
			</operands>
		</function>
		<function name="LinkedList::searchFor()">
			<start_line>201</start_line>
			<vG_b>4</vG_b>
			<vG_e>4</vG_e>
			<params>1</params>
			<LOCphy>22</LOCphy>
			<LOCpro>19</LOCpro>
			<LOCbl>2</LOCbl>
			<LOCcom alarmed="1">0</LOCcom>
			<N>61</N>
			<N1>36</N1>
			<N2>25</N2>
			<n>26</n>
			<n1>16</n1>
			<n2>10</n2>
			<V>286.727</V>
			<B>0.107</B>
			<D>20.000</D>
			<E>5734.537</E>
			<L>0.050</L>
			<T>00:05:18</T>
			<MaxND>4</MaxND>
			<MIwoc>91</MIwoc>
			<MIcwc>0</MIcwc>
			<MI>91</MI>
			<operators>
				<token count="1">!=</token>
				<token count="1">()</token>
				<token count="2">*</token>
				<token count="2">-&gt;</token>
				<token count="1">::</token>
				<token count="5">;</token>
				<token count="3">&lt;</token>
				<token count="2">=</token>
				<token count="2">==</token>
				<token count="4">&gt;</token>
				<token count="1">class</token>
				<token count="1">else</token>
				<token count="2">if()</token>
				<token count="3">return</token>
				<token count="1">while()</token>
				<token count="5">{}</token>
			</operators>
			<operands>
				<token count="1">LinkedList</token>
				<token count="2">ListItem</token>
				<token count="3">NULL</token>
				<token count="5">T</token>
				<token count="1">head</token>
				<token count="2">item</token>
				<token count="1">next</token>
				<token count="1">searchFor</token>
				<token count="8">temp</token>
				<token count="1">value</token>
			</operands>
		</function>
		<function name="LinkedList::deleteElement()">
			<start_line>224</start_line>
			<vG_b>4</vG_b>
			<vG_e>4</vG_e>
			<params>1</params>
			<LOCphy>23</LOCphy>
			<LOCpro>21</LOCpro>
			<LOCbl>1</LOCbl>
			<LOCcom alarmed="1">0</LOCcom>
			<N>75</N>
			<N1>44</N1>
			<N2>31</N2>
			<n>30</n>
			<n1>15</n1>
			<n2>15</n2>
			<V>368.017</V>
			<B>0.106</B>
			<D>15.500</D>
			<E>5704.260</E>
			<L>0.065</L>
			<T>00:05:16</T>
			<MaxND>3</MaxND>
			<MIwoc>89</MIwoc>
			<MIcwc>0</MIcwc>
			<MI>89</MI>
			<operators>
				<token count="1">!=</token>
				<token count="7">()</token>
				<token count="1">*</token>
				<token count="6">-&gt;</token>
				<token count="1">::</token>
				<token count="6">;</token>
				<token count="2">&lt;</token>
				<token count="3">=</token>
				<token count="2">==</token>
				<token count="3">&gt;</token>
				<token count="1">class</token>
				<token count="1">delete</token>
				<token count="2">else</token>
				<token count="3">if()</token>
				<token count="5">{}</token>
			</operators>
			<operands>
				<token count="1">LinkedList</token>
				<token count="1">ListItem</token>
				<token count="1">NULL</token>
				<token count="4">T</token>
				<token count="1">deleteElement</token>
				<token count="1">deleteHead</token>
				<token count="1">deleteTail</token>
				<token count="1">getTail</token>
				<token count="1">head</token>
				<token count="2">item</token>
				<token count="3">next</token>
				<token count="3">prev</token>
				<token count="1">searchFor</token>
				<token count="9">temp</token>
				<token count="1">void</token>
			</operands>
		</function>
		<function name="LinkedList::deleteHead()">
			<start_line>248</start_line>
			<vG_b>3</vG_b>
			<vG_e>3</vG_e>
			<params>0</params>
			<LOCphy>22</LOCphy>
			<LOCpro>20</LOCpro>
			<LOCbl>1</LOCbl>
			<LOCcom alarmed="1">0</LOCcom>
			<N>69</N>
			<N1>41</N1>
			<N2>28</N2>
			<n>25</n>
			<n1>15</n1>
			<n2>10</n2>
			<V>320.426</V>
			<B>0.119</B>
			<D>21.000</D>
			<E>6728.948</E>
			<L>0.048</L>
			<T>00:06:13</T>
			<MaxND>2</MaxND>
			<MIwoc>90</MIwoc>
			<MIcwc>0</MIcwc>
			<MI>90</MI>
			<operators>
				<token count="1">()</token>
				<token count="2">*</token>
				<token count="3">-&gt;</token>
				<token count="1">::</token>
				<token count="8">;</token>
				<token count="3">&lt;</token>
				<token count="5">=</token>
				<token count="2">==</token>
				<token count="4">&gt;</token>
				<token count="1">class</token>
				<token count="2">delete</token>
				<token count="2">else</token>
				<token count="2">if()</token>
				<token count="1">return</token>
				<token count="4">{}</token>
			</operators>
			<operands>
				<token count="1">LinkedList</token>
				<token count="2">ListItem</token>
				<token count="4">NULL</token>
				<token count="4">T</token>
				<token count="1">deleteHead</token>
				<token count="7">head</token>
				<token count="2">next</token>
				<token count="1">prev</token>
				<token count="5">temp</token>
				<token count="1">void</token>
			</operands>
		</function>
		<function name="LinkedList::deleteTail()">
			<start_line>271</start_line>
			<vG_b>3</vG_b>
			<vG_e>3</vG_e>
			<params>0</params>
			<LOCphy>19</LOCphy>
			<LOCpro>17</LOCpro>
			<LOCbl>1</LOCbl>
			<LOCcom alarmed="1">0</LOCcom>
			<N>54</N>
			<N1>34</N1>
			<N2>20</N2>
			<n>27</n>
			<n1>15</n1>
			<n2>12</n2>
			<V>256.764</V>
			<B>0.073</B>
			<D>12.500</D>
			<E>3209.549</E>
			<L>0.080</L>
			<T>00:02:58</T>
			<MaxND>2</MaxND>
			<MIwoc>94</MIwoc>
			<MIcwc>0</MIcwc>
			<MI>94</MI>
			<operators>
				<token count="4">()</token>
				<token count="1">*</token>
				<token count="3">-&gt;</token>
				<token count="1">::</token>
				<token count="5">;</token>
				<token count="2">&lt;</token>
				<token count="2">=</token>
				<token count="2">==</token>
				<token count="3">&gt;</token>
				<token count="1">class</token>
				<token count="1">delete</token>
				<token count="2">else</token>
				<token count="2">if()</token>
				<token count="1">return</token>
				<token count="4">{}</token>
			</operators>
			<operands>
				<token count="1">LinkedList</token>
				<token count="1">ListItem</token>
				<token count="3">NULL</token>
				<token count="3">T</token>
				<token count="1">deleteHead</token>
				<token count="1">deleteTail</token>
				<token count="1">getTail</token>
				<token count="2">head</token>
				<token count="2">next</token>
				<token count="1">prev</token>
				<token count="3">temp</token>
				<token count="1">void</token>
			</operands>
		</function>
		<function name="LinkedList::length()">
			<start_line>291</start_line>
			<vG_b>3</vG_b>
			<vG_e>3</vG_e>
			<params>0</params>
			<LOCphy>17</LOCphy>
			<LOCpro>16</LOCpro>
			<LOCbl>0</LOCbl>
			<LOCcom alarmed="1">0</LOCcom>
			<N>52</N>
			<N1>30</N1>
			<N2>22</N2>
			<n>28</n>
			<n1>17</n1>
			<n2>11</n2>
			<V>249.982</V>
			<B>0.087</B>
			<D>17.000</D>
			<E>4249.702</E>
			<L>0.059</L>
			<T>00:03:56</T>
			<MaxND>3</MaxND>
			<MIwoc>96</MIwoc>
			<MIcwc>0</MIcwc>
			<MI>96</MI>
			<operators>
				<token count="1">!=</token>
				<token count="1">()</token>
				<token count="1">*</token>
				<token count="1">++</token>
				<token count="1">-&gt;</token>
				<token count="1">::</token>
				<token count="6">;</token>
				<token count="2">&lt;</token>
				<token count="3">=</token>
				<token count="1">==</token>
				<token count="3">&gt;</token>
				<token count="1">class</token>
				<token count="1">else</token>
				<token count="1">if()</token>
				<token count="2">return</token>
				<token count="1">while()</token>
				<token count="3">{}</token>
			</operators>
			<operands>
				<token count="2">0</token>
				<token count="1">LinkedList</token>
				<token count="1">ListItem</token>
				<token count="2">NULL</token>
				<token count="3">T</token>
				<token count="2">head</token>
				<token count="2">int</token>
				<token count="3">len</token>
				<token count="1">length</token>
				<token count="1">next</token>
				<token count="4">temp</token>
			</operands>
		</function>
		<function name="LinkedList::reverse()">
			<start_line>309</start_line>
			<vG_b>3</vG_b>
			<vG_e>4</vG_e>
			<params>0</params>
			<LOCphy>22</LOCphy>
			<LOCpro>20</LOCpro>
			<LOCbl>1</LOCbl>
			<LOCcom alarmed="1">1</LOCcom>
			<N>79</N>
			<N1>45</N1>
			<N2>34</N2>
			<n>29</n>
			<n1>17</n1>
			<n2>12</n2>
			<V>383.780</V>
			<B>0.147</B>
			<D>24.083</D>
			<E>9242.714</E>
			<L>0.042</L>
			<T>00:08:33</T>
			<MaxND>3</MaxND>
			<MIwoc>89</MIwoc>
			<MIcwc>16</MIcwc>
			<MI>105</MI>
			<operators>
				<token count="1">!=</token>
				<token count="2">()</token>
				<token count="2">*</token>
				<token count="6">-&gt;</token>
				<token count="1">::</token>
				<token count="8">;</token>
				<token count="3">&lt;</token>
				<token count="6">=</token>
				<token count="2">==</token>
				<token count="4">&gt;</token>
				<token count="1">class</token>
				<token count="1">else</token>
				<token count="1">if()</token>
				<token count="1">return</token>
				<token count="1">while()</token>
				<token count="4">{}</token>
				<token count="1">||</token>
			</operators>
			<operands>
				<token count="1">LinkedList</token>
				<token count="2">ListItem</token>
				<token count="3">NULL</token>
				<token count="4">T</token>
				<token count="1">getTail</token>
				<token count="4">head</token>
				<token count="3">next</token>
				<token count="3">prev</token>
				<token count="1">reverse</token>
				<token count="8">temp</token>
				<token count="3">temp1</token>
				<token count="1">void</token>
			</operands>
		</function>
		<function name="LinkedList::parityArrangement()">
			<start_line>332</start_line>
			<vG_b>5</vG_b>
			<vG_e>6</vG_e>
			<params>0</params>
			<LOCphy>33</LOCphy>
			<LOCpro>30</LOCpro>
			<LOCbl>1</LOCbl>
			<LOCcom alarmed="1">2</LOCcom>
			<N>142</N>
			<N1>80</N1>
			<N2>62</N2>
			<n>43</n>
			<n1>20</n1>
			<n2>23</n2>
			<V>770.530</V>
			<B>0.252</B>
			<D>26.957</D>
			<E>20770.797</E>
			<L>0.037</L>
			<T>00:19:13</T>
			<MaxND>3</MaxND>
			<MIwoc>78</MIwoc>
			<MIcwc>19</MIcwc>
			<MI>97</MI>
			<operators>
				<token count="11">()</token>
				<token count="1">*</token>
				<token count="1">+</token>
				<token count="1">++</token>
				<token count="9">-&gt;</token>
				<token count="3">.</token>
				<token count="1">::</token>
				<token count="16">;</token>
				<token count="4">&lt;</token>
				<token count="1">&lt;=</token>
				<token count="9">=</token>
				<token count="3">==</token>
				<token count="4">&gt;</token>
				<token count="1">class</token>
				<token count="2">else</token>
				<token count="2">for()</token>
				<token count="2">if()</token>
				<token count="2">return</token>
				<token count="6">{}</token>
				<token count="1">||</token>
			</operators>
			<operands>
				<token count="1">0</token>
				<token count="1">1</token>
				<token count="1">2</token>
				<token count="2">LinkedList</token>
				<token count="1">ListItem</token>
				<token count="3">NULL</token>
				<token count="4">T</token>
				<token count="1">deleteElement</token>
				<token count="1">getHead</token>
				<token count="4">head</token>
				<token count="4">i</token>
				<token count="2">insertAtHead</token>
				<token count="4">int</token>
				<token count="3">j</token>
				<token count="2">l</token>
				<token count="2">l1</token>
				<token count="2">length</token>
				<token count="4">ll</token>
				<token count="6">next</token>
				<token count="1">parityArrangement</token>
				<token count="9">temp</token>
				<token count="3">value</token>
				<token count="1">void</token>
			</operands>
		</function>
		<function name="LinkedList::isPalindrome()">
			<start_line>366</start_line>
			<vG_b>5</vG_b>
			<vG_e>5</vG_e>
			<params>0</params>
			<LOCphy>28</LOCphy>
			<LOCpro>27</LOCpro>
			<LOCbl>0</LOCbl>
			<LOCcom alarmed="1">1</LOCcom>
			<N>100</N>
			<N1>58</N1>
			<N2>42</N2>
			<n>38</n>
			<n1>18</n1>
			<n2>20</n2>
			<V>524.793</V>
			<B>0.154</B>
			<D>18.900</D>
			<E>9918.583</E>
			<L>0.053</L>
			<T>00:09:11</T>
			<MaxND>4</MaxND>
			<MIwoc>83</MIwoc>
			<MIcwc>14</MIcwc>
			<MI>98</MI>
			<operators>
				<token count="1">!=</token>
				<token count="3">()</token>
				<token count="2">*</token>
				<token count="1">++</token>
				<token count="5">-&gt;</token>
				<token count="1">/</token>
				<token count="1">::</token>
				<token count="11">;</token>
				<token count="4">&lt;</token>
				<token count="6">=</token>
				<token count="2">==</token>
				<token count="4">&gt;</token>
				<token count="1">class</token>
				<token count="2">else</token>
				<token count="1">for()</token>
				<token count="3">if()</token>
				<token count="4">return</token>
				<token count="6">{}</token>
			</operators>
			<operands>
				<token count="3">0</token>
				<token count="2">1</token>
				<token count="1">2</token>
				<token count="1">LinkedList</token>
				<token count="2">ListItem</token>
				<token count="2">NULL</token>
				<token count="4">T</token>
				<token count="1">bool</token>
				<token count="1">getTail</token>
				<token count="3">head</token>
				<token count="3">i</token>
				<token count="2">int</token>
				<token count="1">isPalindrome</token>
				<token count="2">l</token>
				<token count="1">length</token>
				<token count="2">next</token>
				<token count="1">prev</token>
				<token count="4">temp1</token>
				<token count="4">temp2</token>
				<token count="2">value</token>
			</operands>
		</function>
		<function name="LinkedList::copy()">
			<start_line>410</start_line>
			<vG_b>3</vG_b>
			<vG_e>3</vG_e>
			<params>1</params>
			<LOCphy>20</LOCphy>
			<LOCpro>16</LOCpro>
			<LOCbl>2</LOCbl>
			<LOCcom alarmed="1">1</LOCcom>
			<N>58</N>
			<N1>34</N1>
			<N2>24</N2>
			<n>31</n>
			<n1>19</n1>
			<n2>12</n2>
			<V>287.343</V>
			<B>0.103</B>
			<D>19.000</D>
			<E>5459.524</E>
			<L>0.053</L>
			<T>00:05:03</T>
			<MaxND>3</MaxND>
			<MIwoc>92</MIwoc>
			<MIcwc>17</MIcwc>
			<MI>109</MI>
			<operators>
				<token count="1">!=</token>
				<token count="1">&amp;</token>
				<token count="2">()</token>
				<token count="1">*</token>
				<token count="2">-&gt;</token>
				<token count="2">.</token>
				<token count="1">::</token>
				<token count="4">;</token>
				<token count="3">&lt;</token>
				<token count="2">=</token>
				<token count="1">==</token>
				<token count="4">&gt;</token>
				<token count="1">class</token>
				<token count="1">const</token>
				<token count="1">else</token>
				<token count="1">if()</token>
				<token count="1">return</token>
				<token count="1">while()</token>
				<token count="4">{}</token>
			</operators>
			<operands>
				<token count="2">LinkedList</token>
				<token count="1">ListItem</token>
				<token count="2">NULL</token>
				<token count="4">T</token>
				<token count="1">copy</token>
				<token count="2">head</token>
				<token count="1">insertAtTail</token>
				<token count="1">next</token>
				<token count="3">otherLinkedList</token>
				<token count="5">temp</token>
				<token count="1">value</token>
				<token count="1">void</token>
			</operands>
		</function>
		<file_total>
			<vG_b>40</vG_b>
			<vG_e>42</vG_e>
			<vG_b_max>6</vG_b_max>
			<vG_b_avg>3</vG_b_avg>
			<vG_e_max>6</vG_e_max>
			<vG_e_avg>3</vG_e_avg>
			<params>9</params>
			<LOCphy>429</LOCphy>
			<LOCpro>346</LOCpro>
			<LOCbl>44</LOCbl>
			<LOCcom alarmed="1">49</LOCcom>
			<N>1317</N>
			<N1>775</N1>
			<N2>542</N2>
			<n>82</n>
			<n1>35</n1>
			<n2>47</n2>
			<V alarmed="1">8372.896</V>
			<B alarmed="1">4.729</B>
			<D>201.809</D>
			<E>1689721.625</E>
			<L>0.005</L>
			<T>26:04:33</T>
			<MaxND>4</MaxND>
			<MIwoc>87</MIwoc>
			<MIcwc>25</MIcwc>
			<MI>112</MI>
			<operators>
				<token count="11">!=</token>
				<token count="5">#</token>
				<token count="2">&amp;</token>
				<token count="60">()</token>
				<token count="26">*</token>
				<token count="1">+</token>
				<token count="3">++</token>
				<token count="1">,</token>
				<token count="71">-&gt;</token>
				<token count="7">.</token>
				<token count="1">/</token>
				<token count="18">::</token>
				<token count="119">;</token>
				<token count="73">&lt;</token>
				<token count="2">&lt;=</token>
				<token count="77">=</token>
				<token count="23">==</token>
				<token count="71">&gt;</token>
				<token count="2">&gt;=</token>
				<token count="1">break</token>
				<token count="18">class</token>
				<token count="2">const</token>
				<token count="4">delete</token>
				<token count="22">else</token>
				<token count="1">endif</token>
				<token count="3">for()</token>
				<token count="27">if()</token>
				<token count="1">ifndef</token>
				<token count="6">new</token>
				<token count="18">return</token>
				<token count="18">template</token>
				<token count="8">while()</token>
				<token count="70">{}</token>
				<token count="2">||</token>
				<token count="1">~</token>
			</operators>
			<operands>
				<token count="6">0</token>
				<token count="3">1</token>
				<token count="2">2</token>
				<token count="24">LinkedList</token>
				<token count="32">ListItem</token>
				<token count="42">NULL</token>
				<token count="78">T</token>
				<token count="2">__LIST_CPP</token>
				<token count="2">afterWhat</token>
				<token count="1">bool</token>
				<token count="1">copy</token>
				<token count="1">define</token>
				<token count="2">deleteElement</token>
				<token count="3">deleteHead</token>
				<token count="3">deleteTail</token>
				<token count="10">f</token>
				<token count="2">getHead</token>
				<token count="7">getTail</token>
				<token count="45">head</token>
				<token count="7">i</token>
				<token count="2">include</token>
				<token count="1">insertAfter</token>
				<token count="6">insertAtHead</token>
				<token count="4">insertAtTail</token>
				<token count="1">insertSorted</token>
				<token count="8">int</token>
				<token count="1">isPalindrome</token>
				<token count="18">item</token>
				<token count="3">j</token>
				<token count="4">l</token>
				<token count="2">l1</token>
				<token count="3">len</token>
				<token count="4">length</token>
				<token count="4">ll</token>
				<token count="40">next</token>
				<token count="6">otherLinkedList</token>
				<token count="1">parityArrangement</token>
				<token count="20">prev</token>
				<token count="1">reverse</token>
				<token count="3">searchFor</token>
				<token count="4">tail</token>
				<token count="93">temp</token>
				<token count="12">temp1</token>
				<token count="4">temp2</token>
				<token count="3">toInsert</token>
				<token count="11">value</token>
				<token count="10">void</token>
			</operands>
		</file_total>
	</file>
	<system>
		<files>1</files>
		<functions>18</functions>
		<LOCphy>429</LOCphy>
		<LOCbl>44</LOCbl>
		<LOCpro>346</LOCpro>
		<LOCcom>49</LOCcom>
		<semicolons>119</semicolons>
		<vG_b>40</vG_b>
		<vG_e>42</vG_e>
		<params>9</params>
		<MIwoc>91</MIwoc>
		<MIcw>14</MIcw>
		<MI>106</MI>
		<alarms>
			<file_vG>
				<measured>1</measured>
				<alarmed>0</alarmed>
				<percent>0</percent>
				<lowlimit>1</lowlimit>
				<highlimit>100</highlimit>
			</file_vG>
			<file_LOCpro>
				<measured>1</measured>
				<alarmed>0</alarmed>
				<percent>0</percent>
				<lowlimit>4</lowlimit>
				<highlimit>400</highlimit>
			</file_LOCpro>
			<file_comment_percent>
				<measured>1</measured>
				<alarmed>1</alarmed>
				<percent>100</percent>
				<lowlimit>30</lowlimit>
				<highlimit>75</highlimit>
			</file_comment_percent>
			<file_V>
				<measured>1</measured>
				<alarmed>1</alarmed>
				<percent>100</percent>
				<lowlimit>100</lowlimit>
				<highlimit>8000</highlimit>
			</file_V>
			<file_B>
				<measured>1</measured>
				<alarmed>1</alarmed>
				<percent>100</percent>
				<lowlimit>0</lowlimit>
				<highlimit>2</highlimit>
			</file_B>
			<file_MI>
				<measured>1</measured>
				<alarmed>0</alarmed>
				<percent>0</percent>
				<lowlimit>65</lowlimit>
			</file_MI>
			<function_vG>
				<measured>18</measured>
				<alarmed>0</alarmed>
				<percent>0</percent>
				<lowlimit>1</lowlimit>
				<highlimit>10</highlimit>
			</function_vG>
			<function_LOCpro>
				<measured>18</measured>
				<alarmed>0</alarmed>
				<percent>0</percent>
				<lowlimit>4</lowlimit>
				<highlimit>40</highlimit>
			</function_LOCpro>
			<function_comment_percent>
				<measured>18</measured>
				<alarmed>15</alarmed>
				<percent>83</percent>
				<lowlimit>30</lowlimit>
				<highlimit>75</highlimit>
			</function_comment_percent>
			<function_V>
				<measured>18</measured>
				<alarmed>0</alarmed>
				<percent>0</percent>
				<lowlimit>20</lowlimit>
				<highlimit>1000</highlimit>
			</function_V>
			<function_MI>
				<measured>18</measured>
				<alarmed>0</alarmed>
				<percent>0</percent>
				<lowlimit>65</lowlimit>
			</function_MI>
		</alarms>
		<error_messages count="0">
		</error_messages>
	</system>
</cmt_long_report>
