<?xml version="1.0" ?>
<cmt_long_report>
	<header_info>
		<cmt_version>7.0</cmt_version>
		<copyright>Copyright (c) 1993-2013 Testwell Oy</copyright>
		<copyright>Copyright (c) 2013-2018 Verifysoft Technology GmbH</copyright>
		<license_notes>
		</license_notes>
		<date>Tue Apr  4 22:11:38 2023</date>
		<cmt_options> -o C:\Users\muawi\cmt\A1_T1_S93.xml -lf -f C:\Users\muawi\cmt\files.txt</cmt_options>
		<run_directory>C:\Testwell\CMT</run_directory>
		<mccabe_preference>extended</mccabe_preference>
	</header_info>
	<file name="C:\Users\muawi\OneDrive\Documents\Study\Junior Year\Topics in Internet Research\Project\PA1_ANON_DATA\PA1_ANON_DATA\folder_93\LinkedList.cpp" stamp="1680056086">
		<function name="LinkedList::LinkedList()">
			<start_line>9</start_line>
			<vG_b>1</vG_b>
			<vG_e>1</vG_e>
			<params>0</params>
			<LOCphy>5</LOCphy>
			<LOCpro>4</LOCpro>
			<LOCbl>0</LOCbl>
			<LOCcom>0</LOCcom>
			<N>15</N>
			<N1>9</N1>
			<N2>6</N2>
			<n>12</n>
			<n1>8</n1>
			<n2>4</n2>
			<V>53.774</V>
			<B>0.016</B>
			<D>6.000</D>
			<E>322.647</E>
			<L>0.167</L>
			<T>00:00:17</T>
			<MaxND>1</MaxND>
			<MIwoc>124</MIwoc>
			<MIcwc>0</MIcwc>
			<MI>124</MI>
			<operators>
				<token count="1">()</token>
				<token count="1">::</token>
				<token count="1">;</token>
				<token count="1">&lt;</token>
				<token count="1">=</token>
				<token count="2">&gt;</token>
				<token count="1">class</token>
				<token count="1">{}</token>
			</operators>
			<operands>
				<token count="2">LinkedList</token>
				<token count="1">NULL</token>
				<token count="2">T</token>
				<token count="1">head</token>
			</operands>
		</function>
		<function name="LinkedList::LinkedList()">
			<start_line>15</start_line>
			<vG_b>3</vG_b>
			<vG_e>3</vG_e>
			<params>1</params>
			<LOCphy>16</LOCphy>
			<LOCpro>15</LOCpro>
			<LOCbl>0</LOCbl>
			<LOCcom alarmed="1">0</LOCcom>
			<N>69</N>
			<N1>46</N1>
			<N2>23</N2>
			<n>28</n>
			<n1>19</n1>
			<n2>9</n2>
			<V>331.707</V>
			<B>0.134</B>
			<D>24.278</D>
			<E>8053.121</E>
			<L>0.041</L>
			<T>00:07:27</T>
			<MaxND>3</MaxND>
			<MIwoc>95</MIwoc>
			<MIcwc>0</MIcwc>
			<MI>95</MI>
			<operators>
				<token count="1">!=</token>
				<token count="1">&amp;</token>
				<token count="3">()</token>
				<token count="1">*</token>
				<token count="4">-&gt;</token>
				<token count="1">.</token>
				<token count="1">::</token>
				<token count="6">;</token>
				<token count="3">&lt;</token>
				<token count="4">=</token>
				<token count="1">==</token>
				<token count="4">&gt;</token>
				<token count="1">class</token>
				<token count="1">const</token>
				<token count="1">else</token>
				<token count="1">if()</token>
				<token count="7">ref</token>
				<token count="1">while()</token>
				<token count="4">{}</token>
			</operators>
			<operands>
				<token count="3">LinkedList</token>
				<token count="1">ListItem</token>
				<token count="4">NULL</token>
				<token count="4">T</token>
				<token count="3">head</token>
				<token count="2">insertAtTail</token>
				<token count="2">next</token>
				<token count="2">otherLinkedList</token>
				<token count="2">value</token>
			</operands>
		</function>
		<function name="LinkedList::~LinkedList()">
			<start_line>32</start_line>
			<vG_b>2</vG_b>
			<vG_e>2</vG_e>
			<params>0</params>
			<LOCphy>7</LOCphy>
			<LOCpro>6</LOCpro>
			<LOCbl>0</LOCbl>
			<LOCcom>0</LOCcom>
			<N>20</N>
			<N1>13</N1>
			<N2>7</N2>
			<n>15</n>
			<n1>10</n1>
			<n2>5</n2>
			<V>78.138</V>
			<B>0.022</B>
			<D>7.000</D>
			<E>546.965</E>
			<L>0.143</L>
			<T>00:00:30</T>
			<MaxND>2</MaxND>
			<MIwoc>116</MIwoc>
			<MIcwc>0</MIcwc>
			<MI>116</MI>
			<operators>
				<token count="1">!=</token>
				<token count="2">()</token>
				<token count="1">::</token>
				<token count="1">;</token>
				<token count="1">&lt;</token>
				<token count="2">&gt;</token>
				<token count="1">class</token>
				<token count="1">while()</token>
				<token count="2">{}</token>
				<token count="1">~</token>
			</operators>
			<operands>
				<token count="2">LinkedList</token>
				<token count="1">NULL</token>
				<token count="2">T</token>
				<token count="1">deleteTail</token>
				<token count="1">head</token>
			</operands>
		</function>
		<function name="LinkedList::insertAtHead()">
			<start_line>40</start_line>
			<vG_b>2</vG_b>
			<vG_e>2</vG_e>
			<params>1</params>
			<LOCphy>14</LOCphy>
			<LOCpro>13</LOCpro>
			<LOCbl>0</LOCbl>
			<LOCcom alarmed="1">0</LOCcom>
			<N>71</N>
			<N1>40</N1>
			<N2>31</N2>
			<n>26</n>
			<n1>14</n1>
			<n2>12</n2>
			<V>333.731</V>
			<B>0.110</B>
			<D>18.083</D>
			<E>6034.973</E>
			<L>0.055</L>
			<T>00:05:35</T>
			<MaxND>2</MaxND>
			<MIwoc>98</MIwoc>
			<MIcwc>0</MIcwc>
			<MI>98</MI>
			<operators>
				<token count="3">()</token>
				<token count="2">*</token>
				<token count="2">-&gt;</token>
				<token count="1">::</token>
				<token count="6">;</token>
				<token count="5">&lt;</token>
				<token count="6">=</token>
				<token count="1">==</token>
				<token count="6">&gt;</token>
				<token count="1">class</token>
				<token count="1">else</token>
				<token count="1">if()</token>
				<token count="2">new</token>
				<token count="3">{}</token>
			</operators>
			<operands>
				<token count="1">LinkedList</token>
				<token count="4">ListItem</token>
				<token count="1">NULL</token>
				<token count="7">T</token>
				<token count="4">head</token>
				<token count="1">insertAtHead</token>
				<token count="3">item</token>
				<token count="4">itmNod</token>
				<token count="1">next</token>
				<token count="1">prev</token>
				<token count="3">temp</token>
				<token count="1">void</token>
			</operands>
		</function>
		<function name="LinkedList::insertAtTail()">
			<start_line>55</start_line>
			<vG_b>2</vG_b>
			<vG_e>2</vG_e>
			<params>1</params>
			<LOCphy>12</LOCphy>
			<LOCpro>11</LOCpro>
			<LOCbl>0</LOCbl>
			<LOCcom alarmed="1">0</LOCcom>
			<N>68</N>
			<N1>39</N1>
			<N2>29</N2>
			<n>27</n>
			<n1>14</n1>
			<n2>13</n2>
			<V>323.332</V>
			<B>0.098</B>
			<D>15.615</D>
			<E>5048.959</E>
			<L>0.064</L>
			<T>00:04:40</T>
			<MaxND>2</MaxND>
			<MIwoc>100</MIwoc>
			<MIcwc>0</MIcwc>
			<MI>100</MI>
			<operators>
				<token count="4">()</token>
				<token count="2">*</token>
				<token count="2">-&gt;</token>
				<token count="1">::</token>
				<token count="5">;</token>
				<token count="5">&lt;</token>
				<token count="5">=</token>
				<token count="1">==</token>
				<token count="6">&gt;</token>
				<token count="1">class</token>
				<token count="1">else</token>
				<token count="1">if()</token>
				<token count="2">new</token>
				<token count="3">{}</token>
			</operators>
			<operands>
				<token count="1">LinkedList</token>
				<token count="4">ListItem</token>
				<token count="1">NULL</token>
				<token count="7">T</token>
				<token count="1">getTail</token>
				<token count="2">head</token>
				<token count="3">ins</token>
				<token count="1">insertAtTail</token>
				<token count="3">item</token>
				<token count="1">next</token>
				<token count="1">prev</token>
				<token count="3">temp</token>
				<token count="1">void</token>
			</operands>
		</function>
		<function name="LinkedList::insertAfter()">
			<start_line>68</start_line>
			<vG_b>4</vG_b>
			<vG_e>5</vG_e>
			<params>2</params>
			<LOCphy>24</LOCphy>
			<LOCpro>23</LOCpro>
			<LOCbl>0</LOCbl>
			<LOCcom alarmed="1">0</LOCcom>
			<N>117</N>
			<N1>65</N1>
			<N2>52</N2>
			<n>34</n>
			<n1>18</n1>
			<n2>16</n2>
			<V>595.233</V>
			<B>0.224</B>
			<D>29.250</D>
			<E>17410.570</E>
			<L>0.034</L>
			<T>00:16:07</T>
			<MaxND>3</MaxND>
			<MIwoc>85</MIwoc>
			<MIcwc>0</MIcwc>
			<MI>85</MI>
			<operators>
				<token count="2">!=</token>
				<token count="1">&amp;&amp;</token>
				<token count="7">()</token>
				<token count="2">*</token>
				<token count="1">,</token>
				<token count="10">-&gt;</token>
				<token count="1">::</token>
				<token count="10">;</token>
				<token count="4">&lt;</token>
				<token count="7">=</token>
				<token count="2">==</token>
				<token count="5">&gt;</token>
				<token count="1">class</token>
				<token count="2">else</token>
				<token count="2">if()</token>
				<token count="1">new</token>
				<token count="1">while()</token>
				<token count="6">{}</token>
			</operators>
			<operands>
				<token count="1">LinkedList</token>
				<token count="3">ListItem</token>
				<token count="3">NULL</token>
				<token count="7">T</token>
				<token count="2">afterWhat</token>
				<token count="2">head</token>
				<token count="1">insertAfter</token>
				<token count="1">insertAtHead</token>
				<token count="1">insertAtTail</token>
				<token count="5">itmNod</token>
				<token count="7">next</token>
				<token count="2">prev</token>
				<token count="11">temp</token>
				<token count="4">toInsert</token>
				<token count="1">value</token>
				<token count="1">void</token>
			</operands>
		</function>
		<function name="LinkedList::insertSorted()">
			<start_line>93</start_line>
			<vG_b>5</vG_b>
			<vG_e>7</vG_e>
			<params>1</params>
			<LOCphy>24</LOCphy>
			<LOCpro>22</LOCpro>
			<LOCbl>1</LOCbl>
			<LOCcom alarmed="1">0</LOCcom>
			<N>107</N>
			<N1>62</N1>
			<N2>45</N2>
			<n>35</n>
			<n1>20</n1>
			<n2>15</n2>
			<V>548.833</V>
			<B>0.216</B>
			<D>30.000</D>
			<E>16464.998</E>
			<L>0.033</L>
			<T>00:15:14</T>
			<MaxND>3</MaxND>
			<MIwoc>85</MIwoc>
			<MIcwc>0</MIcwc>
			<MI>85</MI>
			<operators>
				<token count="1">!=</token>
				<token count="2">&amp;&amp;</token>
				<token count="10">()</token>
				<token count="1">*</token>
				<token count="1">,</token>
				<token count="8">-&gt;</token>
				<token count="1">::</token>
				<token count="7">;</token>
				<token count="3">&lt;</token>
				<token count="2">&lt;=</token>
				<token count="3">=</token>
				<token count="2">==</token>
				<token count="4">&gt;</token>
				<token count="1">&gt;=</token>
				<token count="1">class</token>
				<token count="3">else</token>
				<token count="3">if()</token>
				<token count="1">new</token>
				<token count="1">while()</token>
				<token count="7">{}</token>
			</operators>
			<operands>
				<token count="1">LinkedList</token>
				<token count="2">ListItem</token>
				<token count="3">NULL</token>
				<token count="5">T</token>
				<token count="4">head</token>
				<token count="1">insertAfter</token>
				<token count="1">insertAtHead</token>
				<token count="1">insertAtTail</token>
				<token count="1">insertSorted</token>
				<token count="8">item</token>
				<token count="3">next</token>
				<token count="1">prev</token>
				<token count="9">temp</token>
				<token count="4">value</token>
				<token count="1">void</token>
			</operands>
		</function>
		<function name="LinkedList::getHead()">
			<start_line>118</start_line>
			<vG_b>1</vG_b>
			<vG_e>1</vG_e>
			<params>0</params>
			<LOCphy>5</LOCphy>
			<LOCpro>4</LOCpro>
			<LOCbl>0</LOCbl>
			<LOCcom>0</LOCcom>
			<N>19</N>
			<N1>12</N1>
			<N2>7</N2>
			<n>14</n>
			<n1>9</n1>
			<n2>5</n2>
			<V>72.340</V>
			<B>0.020</B>
			<D>6.300</D>
			<E>455.740</E>
			<L>0.159</L>
			<T>00:00:25</T>
			<MaxND>1</MaxND>
			<MIwoc>122</MIwoc>
			<MIcwc>0</MIcwc>
			<MI>122</MI>
			<operators>
				<token count="1">()</token>
				<token count="1">*</token>
				<token count="1">::</token>
				<token count="1">;</token>
				<token count="2">&lt;</token>
				<token count="3">&gt;</token>
				<token count="1">class</token>
				<token count="1">return</token>
				<token count="1">{}</token>
			</operators>
			<operands>
				<token count="1">LinkedList</token>
				<token count="1">ListItem</token>
				<token count="3">T</token>
				<token count="1">getHead</token>
				<token count="1">head</token>
			</operands>
		</function>
		<function name="LinkedList::getTail()">
			<start_line>124</start_line>
			<vG_b>3</vG_b>
			<vG_e>3</vG_e>
			<params>0</params>
			<LOCphy>13</LOCphy>
			<LOCpro>12</LOCpro>
			<LOCbl>0</LOCbl>
			<LOCcom alarmed="1">0</LOCcom>
			<N>51</N>
			<N1>30</N1>
			<N2>21</N2>
			<n>23</n>
			<n1>15</n1>
			<n2>8</n2>
			<V>230.702</V>
			<B>0.091</B>
			<D>19.688</D>
			<E>4541.939</E>
			<L>0.051</L>
			<T>00:04:12</T>
			<MaxND>2</MaxND>
			<MIwoc>100</MIwoc>
			<MIcwc>0</MIcwc>
			<MI>100</MI>
			<operators>
				<token count="1">!=</token>
				<token count="1">()</token>
				<token count="2">*</token>
				<token count="2">-&gt;</token>
				<token count="1">::</token>
				<token count="5">;</token>
				<token count="3">&lt;</token>
				<token count="2">=</token>
				<token count="1">==</token>
				<token count="4">&gt;</token>
				<token count="1">class</token>
				<token count="1">if()</token>
				<token count="2">return</token>
				<token count="1">while()</token>
				<token count="3">{}</token>
			</operators>
			<operands>
				<token count="1">LinkedList</token>
				<token count="2">ListItem</token>
				<token count="3">NULL</token>
				<token count="4">T</token>
				<token count="1">getTail</token>
				<token count="2">head</token>
				<token count="2">next</token>
				<token count="6">temp</token>
			</operands>
		</function>
		<function name="LinkedList::searchFor()">
			<start_line>138</start_line>
			<vG_b>5</vG_b>
			<vG_e>7</vG_e>
			<params>1</params>
			<LOCphy>26</LOCphy>
			<LOCpro>22</LOCpro>
			<LOCbl>3</LOCbl>
			<LOCcom alarmed="1">0</LOCcom>
			<N>91</N>
			<N1>54</N1>
			<N2>37</N2>
			<n>27</n>
			<n1>17</n1>
			<n2>10</n2>
			<V>432.695</V>
			<B>0.190</B>
			<D>31.450</D>
			<E>13608.250</E>
			<L>0.032</L>
			<T>00:12:36</T>
			<MaxND>3</MaxND>
			<MIwoc>85</MIwoc>
			<MIcwc>0</MIcwc>
			<MI>85</MI>
			<operators>
				<token count="3">!=</token>
				<token count="2">&amp;&amp;</token>
				<token count="3">()</token>
				<token count="2">*</token>
				<token count="6">-&gt;</token>
				<token count="1">::</token>
				<token count="7">;</token>
				<token count="3">&lt;</token>
				<token count="2">=</token>
				<token count="3">==</token>
				<token count="4">&gt;</token>
				<token count="1">class</token>
				<token count="2">else</token>
				<token count="3">if()</token>
				<token count="4">return</token>
				<token count="1">while()</token>
				<token count="7">{}</token>
			</operators>
			<operands>
				<token count="1">LinkedList</token>
				<token count="2">ListItem</token>
				<token count="6">NULL</token>
				<token count="5">T</token>
				<token count="2">head</token>
				<token count="3">item</token>
				<token count="4">next</token>
				<token count="1">searchFor</token>
				<token count="11">temp</token>
				<token count="2">value</token>
			</operands>
		</function>
		<function name="LinkedList::deleteElement()">
			<start_line>165</start_line>
			<vG_b>7</vG_b>
			<vG_e>9</vG_e>
			<params>1</params>
			<LOCphy>31</LOCphy>
			<LOCpro>28</LOCpro>
			<LOCbl>2</LOCbl>
			<LOCcom alarmed="1">0</LOCcom>
			<N>144</N>
			<N1>81</N1>
			<N2>63</N2>
			<n>32</n>
			<n1>16</n1>
			<n2>16</n2>
			<V>720.000</V>
			<B>0.267</B>
			<D>31.500</D>
			<E>22680.000</E>
			<L>0.032</L>
			<T>00:21:00</T>
			<MaxND>4</MaxND>
			<MIwoc>79</MIwoc>
			<MIcwc>0</MIcwc>
			<MI>79</MI>
			<operators>
				<token count="4">!=</token>
				<token count="2">&amp;&amp;</token>
				<token count="7">()</token>
				<token count="3">*</token>
				<token count="17">-&gt;</token>
				<token count="1">::</token>
				<token count="11">;</token>
				<token count="4">&lt;</token>
				<token count="6">=</token>
				<token count="4">==</token>
				<token count="5">&gt;</token>
				<token count="1">class</token>
				<token count="2">else</token>
				<token count="5">if()</token>
				<token count="1">while()</token>
				<token count="8">{}</token>
			</operators>
			<operands>
				<token count="1">LinkedList</token>
				<token count="3">ListItem</token>
				<token count="3">NULL</token>
				<token count="6">T</token>
				<token count="4">back</token>
				<token count="1">deleteElement</token>
				<token count="1">deleteHead</token>
				<token count="1">deleteTail</token>
				<token count="4">front</token>
				<token count="3">head</token>
				<token count="6">item</token>
				<token count="11">next</token>
				<token count="1">prev</token>
				<token count="12">temp</token>
				<token count="5">value</token>
				<token count="1">void</token>
			</operands>
		</function>
		<function name="LinkedList::deleteHead()">
			<start_line>197</start_line>
			<vG_b>3</vG_b>
			<vG_e>3</vG_e>
			<params>0</params>
			<LOCphy>19</LOCphy>
			<LOCpro>16</LOCpro>
			<LOCbl>2</LOCbl>
			<LOCcom alarmed="1">0</LOCcom>
			<N>57</N>
			<N1>33</N1>
			<N2>24</N2>
			<n>23</n>
			<n1>14</n1>
			<n2>9</n2>
			<V>257.843</V>
			<B>0.095</B>
			<D>18.667</D>
			<E>4813.070</E>
			<L>0.054</L>
			<T>00:04:27</T>
			<MaxND>3</MaxND>
			<MIwoc>94</MIwoc>
			<MIcwc>0</MIcwc>
			<MI>94</MI>
			<operators>
				<token count="2">!=</token>
				<token count="1">()</token>
				<token count="1">*</token>
				<token count="3">-&gt;</token>
				<token count="1">::</token>
				<token count="6">;</token>
				<token count="2">&lt;</token>
				<token count="4">=</token>
				<token count="3">&gt;</token>
				<token count="1">class</token>
				<token count="2">delete</token>
				<token count="1">else</token>
				<token count="2">if()</token>
				<token count="4">{}</token>
			</operators>
			<operands>
				<token count="1">LinkedList</token>
				<token count="1">ListItem</token>
				<token count="4">NULL</token>
				<token count="3">T</token>
				<token count="1">deleteHead</token>
				<token count="7">head</token>
				<token count="5">next</token>
				<token count="1">prev</token>
				<token count="1">void</token>
			</operands>
		</function>
		<function name="LinkedList::deleteTail()">
			<start_line>217</start_line>
			<vG_b>3</vG_b>
			<vG_e>3</vG_e>
			<params>0</params>
			<LOCphy>19</LOCphy>
			<LOCpro>16</LOCpro>
			<LOCbl>2</LOCbl>
			<LOCcom alarmed="1">0</LOCcom>
			<N>63</N>
			<N1>37</N1>
			<N2>26</N2>
			<n>27</n>
			<n1>14</n1>
			<n2>13</n2>
			<V>299.558</V>
			<B>0.087</B>
			<D>14.000</D>
			<E>4193.811</E>
			<L>0.071</L>
			<T>00:03:52</T>
			<MaxND>3</MaxND>
			<MIwoc>93</MIwoc>
			<MIcwc>0</MIcwc>
			<MI>93</MI>
			<operators>
				<token count="2">!=</token>
				<token count="3">()</token>
				<token count="2">*</token>
				<token count="3">-&gt;</token>
				<token count="1">::</token>
				<token count="6">;</token>
				<token count="3">&lt;</token>
				<token count="4">=</token>
				<token count="4">&gt;</token>
				<token count="1">class</token>
				<token count="1">delete</token>
				<token count="1">else</token>
				<token count="2">if()</token>
				<token count="4">{}</token>
			</operators>
			<operands>
				<token count="1">LinkedList</token>
				<token count="2">ListItem</token>
				<token count="4">NULL</token>
				<token count="4">T</token>
				<token count="2">back</token>
				<token count="1">deleteHead</token>
				<token count="1">deleteTail</token>
				<token count="1">getTail</token>
				<token count="2">head</token>
				<token count="2">next</token>
				<token count="1">prev</token>
				<token count="4">temp</token>
				<token count="1">void</token>
			</operands>
		</function>
		<function name="LinkedList::length()">
			<start_line>237</start_line>
			<vG_b>3</vG_b>
			<vG_e>3</vG_e>
			<params>0</params>
			<LOCphy>15</LOCphy>
			<LOCpro>13</LOCpro>
			<LOCbl>1</LOCbl>
			<LOCcom alarmed="1">0</LOCcom>
			<N>58</N>
			<N1>33</N1>
			<N2>25</N2>
			<n>27</n>
			<n1>16</n1>
			<n2>11</n2>
			<V>275.783</V>
			<B>0.098</B>
			<D>18.182</D>
			<E>5014.245</E>
			<L>0.055</L>
			<T>00:04:38</T>
			<MaxND>2</MaxND>
			<MIwoc>97</MIwoc>
			<MIcwc>0</MIcwc>
			<MI>97</MI>
			<operators>
				<token count="1">!=</token>
				<token count="1">()</token>
				<token count="1">*</token>
				<token count="2">++</token>
				<token count="2">-&gt;</token>
				<token count="1">::</token>
				<token count="8">;</token>
				<token count="2">&lt;</token>
				<token count="3">=</token>
				<token count="1">==</token>
				<token count="3">&gt;</token>
				<token count="1">class</token>
				<token count="1">if()</token>
				<token count="2">return</token>
				<token count="1">while()</token>
				<token count="3">{}</token>
			</operators>
			<operands>
				<token count="1">0</token>
				<token count="1">LinkedList</token>
				<token count="1">ListItem</token>
				<token count="2">NULL</token>
				<token count="3">T</token>
				<token count="2">head</token>
				<token count="2">int</token>
				<token count="1">length</token>
				<token count="5">n</token>
				<token count="2">next</token>
				<token count="5">temp</token>
			</operands>
		</function>
		<function name="LinkedList::reverse()">
			<start_line>255</start_line>
			<vG_b>3</vG_b>
			<vG_e>3</vG_e>
			<params>0</params>
			<LOCphy>14</LOCphy>
			<LOCpro>13</LOCpro>
			<LOCbl>0</LOCbl>
			<LOCcom alarmed="1">0</LOCcom>
			<N>69</N>
			<N1>37</N1>
			<N2>32</N2>
			<n>23</n>
			<n1>13</n1>
			<n2>10</n2>
			<V>312.126</V>
			<B>0.116</B>
			<D>20.800</D>
			<E>6492.216</E>
			<L>0.048</L>
			<T>00:06:00</T>
			<MaxND>3</MaxND>
			<MIwoc>98</MIwoc>
			<MIcwc>0</MIcwc>
			<MI>98</MI>
			<operators>
				<token count="2">!=</token>
				<token count="1">()</token>
				<token count="1">*</token>
				<token count="9">-&gt;</token>
				<token count="1">::</token>
				<token count="6">;</token>
				<token count="2">&lt;</token>
				<token count="6">=</token>
				<token count="3">&gt;</token>
				<token count="1">class</token>
				<token count="1">if()</token>
				<token count="1">while()</token>
				<token count="3">{}</token>
			</operators>
			<operands>
				<token count="1">LinkedList</token>
				<token count="1">ListItem</token>
				<token count="3">NULL</token>
				<token count="3">T</token>
				<token count="11">head</token>
				<token count="4">next</token>
				<token count="5">prev</token>
				<token count="1">reverse</token>
				<token count="2">temp</token>
				<token count="1">void</token>
			</operands>
		</function>
		<function name="LinkedList::parityArrangement()">
			<start_line>270</start_line>
			<vG_b>7</vG_b>
			<vG_e>7</vG_e>
			<params>0</params>
			<LOCphy>36</LOCphy>
			<LOCpro>34</LOCpro>
			<LOCbl>0</LOCbl>
			<LOCcom alarmed="1">1</LOCcom>
			<N>203</N>
			<N1>113</N1>
			<N2>90</N2>
			<n>40</n>
			<n1>18</n1>
			<n2>22</n2>
			<V alarmed="1">1080.351</V>
			<B>0.388</B>
			<D>36.818</D>
			<E>39776.574</E>
			<L>0.027</L>
			<T>00:36:49</T>
			<MaxND>6</MaxND>
			<MIwoc>75</MIwoc>
			<MIcwc>13</MIcwc>
			<MI>88</MI>
			<operators>
				<token count="5">!=</token>
				<token count="1">%</token>
				<token count="6">()</token>
				<token count="5">*</token>
				<token count="1">++</token>
				<token count="16">-&gt;</token>
				<token count="1">::</token>
				<token count="19">;</token>
				<token count="10">&lt;</token>
				<token count="1">&lt;=</token>
				<token count="17">=</token>
				<token count="11">&gt;</token>
				<token count="1">class</token>
				<token count="1">else</token>
				<token count="1">for()</token>
				<token count="5">if()</token>
				<token count="4">new</token>
				<token count="8">{}</token>
			</operators>
			<operands>
				<token count="1">0</token>
				<token count="1">2</token>
				<token count="1">3</token>
				<token count="6">Even</token>
				<token count="1">LinkedList</token>
				<token count="9">ListItem</token>
				<token count="4">NULL</token>
				<token count="8">Odd</token>
				<token count="11">T</token>
				<token count="3">evenHead</token>
				<token count="4">head</token>
				<token count="4">i</token>
				<token count="2">int</token>
				<token count="1">length</token>
				<token count="2">n</token>
				<token count="10">next</token>
				<token count="2">oddHead</token>
				<token count="1">parityArrangement</token>
				<token count="2">prev</token>
				<token count="12">temp</token>
				<token count="4">value</token>
				<token count="1">void</token>
			</operands>
		</function>
		<function name="LinkedList::isPalindrome()">
			<start_line>307</start_line>
			<vG_b>5</vG_b>
			<vG_e>5</vG_e>
			<params>0</params>
			<LOCphy>24</LOCphy>
			<LOCpro>23</LOCpro>
			<LOCbl>0</LOCbl>
			<LOCcom alarmed="1">0</LOCcom>
			<N>87</N>
			<N1>54</N1>
			<N2>33</N2>
			<n>30</n>
			<n1>18</n1>
			<n2>12</n2>
			<V>426.899</V>
			<B>0.161</B>
			<D>24.750</D>
			<E>10565.762</E>
			<L>0.040</L>
			<T>00:09:46</T>
			<MaxND>4</MaxND>
			<MIwoc>87</MIwoc>
			<MIcwc>0</MIcwc>
			<MI>87</MI>
			<operators>
				<token count="3">!=</token>
				<token count="1">()</token>
				<token count="2">*</token>
				<token count="6">-&gt;</token>
				<token count="1">::</token>
				<token count="8">;</token>
				<token count="3">&lt;</token>
				<token count="5">=</token>
				<token count="1">==</token>
				<token count="4">&gt;</token>
				<token count="1">class</token>
				<token count="2">else</token>
				<token count="2">false</token>
				<token count="2">if()</token>
				<token count="3">return</token>
				<token count="1">true</token>
				<token count="2">while()</token>
				<token count="7">{}</token>
			</operators>
			<operands>
				<token count="1">LinkedList</token>
				<token count="2">ListItem</token>
				<token count="2">NULL</token>
				<token count="4">T</token>
				<token count="1">bool</token>
				<token count="3">head</token>
				<token count="1">isPalindrome</token>
				<token count="3">next</token>
				<token count="1">prev</token>
				<token count="8">tail</token>
				<token count="5">temp</token>
				<token count="2">value</token>
			</operands>
		</function>
		<file_total>
			<vG_b>44</vG_b>
			<vG_e>51</vG_e>
			<vG_b_max>7</vG_b_max>
			<vG_b_avg>3</vG_b_avg>
			<vG_e_max>9</vG_e_max>
			<vG_e_avg>3</vG_e_avg>
			<params>8</params>
			<LOCphy>331</LOCphy>
			<LOCpro>299</LOCpro>
			<LOCbl>30</LOCbl>
			<LOCcom alarmed="1">2</LOCcom>
			<N>1361</N>
			<N1>803</N1>
			<N2>558</N2>
			<n>86</n>
			<n1>38</n1>
			<n2>48</n2>
			<V alarmed="1">8746.146</V>
			<B alarmed="1">5.170</B>
			<D>220.875</D>
			<E>1931805.125</E>
			<L>0.005</L>
			<T>29:48:42</T>
			<MaxND>6</MaxND>
			<MIwoc>90</MIwoc>
			<MIcwc>6</MIcwc>
			<MI>96</MI>
			<operators>
				<token count="28">!=</token>
				<token count="6">#</token>
				<token count="1">%</token>
				<token count="1">&amp;</token>
				<token count="7">&amp;&amp;</token>
				<token count="55">()</token>
				<token count="28">*</token>
				<token count="3">++</token>
				<token count="2">,</token>
				<token count="90">-&gt;</token>
				<token count="1">.</token>
				<token count="17">::</token>
				<token count="114">;</token>
				<token count="73">&lt;</token>
				<token count="3">&lt;=</token>
				<token count="75">=</token>
				<token count="17">==</token>
				<token count="73">&gt;</token>
				<token count="1">&gt;=</token>
				<token count="17">class</token>
				<token count="1">const</token>
				<token count="3">delete</token>
				<token count="17">else</token>
				<token count="1">endif</token>
				<token count="2">false</token>
				<token count="1">for()</token>
				<token count="30">if()</token>
				<token count="1">ifndef</token>
				<token count="1">namespace</token>
				<token count="10">new</token>
				<token count="7">ref</token>
				<token count="12">return</token>
				<token count="17">template</token>
				<token count="1">true</token>
				<token count="1">using</token>
				<token count="11">while()</token>
				<token count="74">{}</token>
				<token count="1">~</token>
			</operators>
			<operands>
				<token count="2">0</token>
				<token count="1">2</token>
				<token count="1">3</token>
				<token count="6">Even</token>
				<token count="21">LinkedList</token>
				<token count="38">ListItem</token>
				<token count="45">NULL</token>
				<token count="8">Odd</token>
				<token count="80">T</token>
				<token count="2">__LIST_CPP</token>
				<token count="2">afterWhat</token>
				<token count="6">back</token>
				<token count="1">bool</token>
				<token count="1">define</token>
				<token count="1">deleteElement</token>
				<token count="3">deleteHead</token>
				<token count="3">deleteTail</token>
				<token count="3">evenHead</token>
				<token count="4">front</token>
				<token count="1">getHead</token>
				<token count="3">getTail</token>
				<token count="54">head</token>
				<token count="4">i</token>
				<token count="3">include</token>
				<token count="3">ins</token>
				<token count="2">insertAfter</token>
				<token count="3">insertAtHead</token>
				<token count="5">insertAtTail</token>
				<token count="1">insertSorted</token>
				<token count="4">int</token>
				<token count="1">isPalindrome</token>
				<token count="23">item</token>
				<token count="9">itmNod</token>
				<token count="2">length</token>
				<token count="7">n</token>
				<token count="57">next</token>
				<token count="2">oddHead</token>
				<token count="2">otherLinkedList</token>
				<token count="1">parityArrangement</token>
				<token count="16">prev</token>
				<token count="1">reverse</token>
				<token count="1">searchFor</token>
				<token count="1">std</token>
				<token count="8">tail</token>
				<token count="83">temp</token>
				<token count="4">toInsert</token>
				<token count="20">value</token>
				<token count="9">void</token>
			</operands>
		</file_total>
	</file>
	<system>
		<files>1</files>
		<functions>17</functions>
		<LOCphy>331</LOCphy>
		<LOCbl>30</LOCbl>
		<LOCpro>299</LOCpro>
		<LOCcom>2</LOCcom>
		<semicolons>114</semicolons>
		<vG_b>44</vG_b>
		<vG_e>51</vG_e>
		<params>8</params>
		<MIwoc>93</MIwoc>
		<MIcw>4</MIcw>
		<MI>97</MI>
		<alarms>
			<file_vG>
				<measured>1</measured>
				<alarmed>0</alarmed>
				<percent>0</percent>
				<lowlimit>1</lowlimit>
				<highlimit>100</highlimit>
			</file_vG>
			<file_LOCpro>
				<measured>1</measured>
				<alarmed>0</alarmed>
				<percent>0</percent>
				<lowlimit>4</lowlimit>
				<highlimit>400</highlimit>
			</file_LOCpro>
			<file_comment_percent>
				<measured>1</measured>
				<alarmed>1</alarmed>
				<percent>100</percent>
				<lowlimit>30</lowlimit>
				<highlimit>75</highlimit>
			</file_comment_percent>
			<file_V>
				<measured>1</measured>
				<alarmed>1</alarmed>
				<percent>100</percent>
				<lowlimit>100</lowlimit>
				<highlimit>8000</highlimit>
			</file_V>
			<file_B>
				<measured>1</measured>
				<alarmed>1</alarmed>
				<percent>100</percent>
				<lowlimit>0</lowlimit>
				<highlimit>2</highlimit>
			</file_B>
			<file_MI>
				<measured>1</measured>
				<alarmed>0</alarmed>
				<percent>0</percent>
				<lowlimit>65</lowlimit>
			</file_MI>
			<function_vG>
				<measured>17</measured>
				<alarmed>0</alarmed>
				<percent>0</percent>
				<lowlimit>1</lowlimit>
				<highlimit>10</highlimit>
			</function_vG>
			<function_LOCpro>
				<measured>17</measured>
				<alarmed>0</alarmed>
				<percent>0</percent>
				<lowlimit>4</lowlimit>
				<highlimit>40</highlimit>
			</function_LOCpro>
			<function_comment_percent>
				<measured>17</measured>
				<alarmed>14</alarmed>
				<percent>82</percent>
				<lowlimit>30</lowlimit>
				<highlimit>75</highlimit>
			</function_comment_percent>
			<function_V>
				<measured>17</measured>
				<alarmed>1</alarmed>
				<percent>5</percent>
				<lowlimit>20</lowlimit>
				<highlimit>1000</highlimit>
			</function_V>
			<function_MI>
				<measured>17</measured>
				<alarmed>0</alarmed>
				<percent>0</percent>
				<lowlimit>65</lowlimit>
			</function_MI>
		</alarms>
		<error_messages count="0">
		</error_messages>
	</system>
</cmt_long_report>
