<?xml version="1.0" ?>
<cmt_long_report>
	<header_info>
		<cmt_version>7.0</cmt_version>
		<copyright>Copyright (c) 1993-2013 Testwell Oy</copyright>
		<copyright>Copyright (c) 2013-2018 Verifysoft Technology GmbH</copyright>
		<license_notes>
		</license_notes>
		<date>Tue Apr  4 22:36:28 2023</date>
		<cmt_options> -o C:\Users\muawi\cmt\A1_T1_S144.xml -lf -f C:\Users\muawi\cmt\files.txt</cmt_options>
		<run_directory>C:\Testwell\CMT</run_directory>
		<mccabe_preference>extended</mccabe_preference>
	</header_info>
	<file name="C:\Users\muawi\OneDrive\Documents\Study\Junior Year\Topics in Internet Research\Project\PA1_ANON_DATA\PA1_ANON_DATA\folder_144\LinkedList.cpp" stamp="1680056082">
		<function name="LinkedList::LinkedList()">
			<start_line>10</start_line>
			<vG_b>1</vG_b>
			<vG_e>1</vG_e>
			<params>0</params>
			<LOCphy>5</LOCphy>
			<LOCpro>4</LOCpro>
			<LOCbl>0</LOCbl>
			<LOCcom>0</LOCcom>
			<N>15</N>
			<N1>9</N1>
			<N2>6</N2>
			<n>12</n>
			<n1>8</n1>
			<n2>4</n2>
			<V>53.774</V>
			<B>0.016</B>
			<D>6.000</D>
			<E>322.647</E>
			<L>0.167</L>
			<T>00:00:17</T>
			<MaxND>1</MaxND>
			<MIwoc>124</MIwoc>
			<MIcwc>0</MIcwc>
			<MI>124</MI>
			<operators>
				<token count="1">()</token>
				<token count="1">::</token>
				<token count="1">;</token>
				<token count="1">&lt;</token>
				<token count="1">=</token>
				<token count="2">&gt;</token>
				<token count="1">class</token>
				<token count="1">{}</token>
			</operators>
			<operands>
				<token count="2">LinkedList</token>
				<token count="1">NULL</token>
				<token count="2">T</token>
				<token count="1">head</token>
			</operands>
		</function>
		<function name="LinkedList::LinkedList()">
			<start_line>16</start_line>
			<vG_b>1</vG_b>
			<vG_e>1</vG_e>
			<params>1</params>
			<LOCphy>5</LOCphy>
			<LOCpro alarmed="1">3</LOCpro>
			<LOCbl>1</LOCbl>
			<LOCcom>0</LOCcom>
			<N>18</N>
			<N1>11</N1>
			<N2>7</N2>
			<n>11</n>
			<n1>8</n1>
			<n2>3</n2>
			<V>62.270</V>
			<B>0.023</B>
			<D>9.333</D>
			<E>581.185</E>
			<L>0.107</L>
			<T>00:00:32</T>
			<MaxND>1</MaxND>
			<MIwoc>123</MIwoc>
			<MIcwc>0</MIcwc>
			<MI>123</MI>
			<operators>
				<token count="1">&amp;</token>
				<token count="1">()</token>
				<token count="1">::</token>
				<token count="2">&lt;</token>
				<token count="3">&gt;</token>
				<token count="1">class</token>
				<token count="1">const</token>
				<token count="1">{}</token>
			</operators>
			<operands>
				<token count="3">LinkedList</token>
				<token count="3">T</token>
				<token count="1">otherLinkedList</token>
			</operands>
		</function>
		<function name="LinkedList::~LinkedList()">
			<start_line>22</start_line>
			<vG_b>1</vG_b>
			<vG_e>1</vG_e>
			<params>0</params>
			<LOCphy>5</LOCphy>
			<LOCpro alarmed="1">3</LOCpro>
			<LOCbl>1</LOCbl>
			<LOCcom>0</LOCcom>
			<N>12</N>
			<N1>8</N1>
			<N2>4</N2>
			<n>9</n>
			<n1>7</n1>
			<n2>2</n2>
			<V>38.039</V>
			<B>0.014</B>
			<D>7.000</D>
			<E>266.274</E>
			<L>0.143</L>
			<T>00:00:14</T>
			<MaxND>1</MaxND>
			<MIwoc>126</MIwoc>
			<MIcwc>0</MIcwc>
			<MI>126</MI>
			<operators>
				<token count="1">()</token>
				<token count="1">::</token>
				<token count="1">&lt;</token>
				<token count="2">&gt;</token>
				<token count="1">class</token>
				<token count="1">{}</token>
				<token count="1">~</token>
			</operators>
			<operands>
				<token count="2">LinkedList</token>
				<token count="2">T</token>
			</operands>
		</function>
		<function name="LinkedList::printer()">
			<start_line>28</start_line>
			<vG_b>2</vG_b>
			<vG_e>2</vG_e>
			<params>0</params>
			<LOCphy>10</LOCphy>
			<LOCpro>9</LOCpro>
			<LOCbl>0</LOCbl>
			<LOCcom>0</LOCcom>
			<N>37</N>
			<N1>21</N1>
			<N2>16</N2>
			<n>22</n>
			<n1>12</n1>
			<n2>10</n2>
			<V>164.999</V>
			<B>0.045</B>
			<D>9.600</D>
			<E>1583.990</E>
			<L>0.104</L>
			<T>00:01:27</T>
			<MaxND>2</MaxND>
			<MIwoc>107</MIwoc>
			<MIcwc>0</MIcwc>
			<MI>107</MI>
			<operators>
				<token count="1">()</token>
				<token count="1">*</token>
				<token count="2">-&gt;</token>
				<token count="1">::</token>
				<token count="3">;</token>
				<token count="2">&lt;</token>
				<token count="2">&lt;&lt;</token>
				<token count="2">=</token>
				<token count="3">&gt;</token>
				<token count="1">class</token>
				<token count="1">while()</token>
				<token count="2">{}</token>
			</operators>
			<operands>
				<token count="1">&quot; &quot;</token>
				<token count="1">LinkedList</token>
				<token count="1">ListItem</token>
				<token count="3">T</token>
				<token count="1">cout</token>
				<token count="1">head</token>
				<token count="1">next</token>
				<token count="1">printer</token>
				<token count="5">temp</token>
				<token count="1">value</token>
			</operands>
		</function>
		<function name="LinkedList::insertAtHead()">
			<start_line>39</start_line>
			<vG_b>2</vG_b>
			<vG_e>2</vG_e>
			<params>1</params>
			<LOCphy>15</LOCphy>
			<LOCpro>14</LOCpro>
			<LOCbl>0</LOCbl>
			<LOCcom alarmed="1">0</LOCcom>
			<N>56</N>
			<N1>31</N1>
			<N2>25</N2>
			<n>25</n>
			<n1>14</n1>
			<n2>11</n2>
			<V>260.056</V>
			<B>0.086</B>
			<D>15.909</D>
			<E>4137.254</E>
			<L>0.063</L>
			<T>00:03:49</T>
			<MaxND>2</MaxND>
			<MIwoc>98</MIwoc>
			<MIcwc>0</MIcwc>
			<MI>98</MI>
			<operators>
				<token count="2">()</token>
				<token count="1">*</token>
				<token count="2">-&gt;</token>
				<token count="1">::</token>
				<token count="5">;</token>
				<token count="3">&lt;</token>
				<token count="5">=</token>
				<token count="1">==</token>
				<token count="4">&gt;</token>
				<token count="1">class</token>
				<token count="1">else</token>
				<token count="1">if()</token>
				<token count="1">new</token>
				<token count="3">{}</token>
			</operators>
			<operands>
				<token count="1">LinkedList</token>
				<token count="2">ListItem</token>
				<token count="1">NULL</token>
				<token count="5">T</token>
				<token count="5">head</token>
				<token count="1">insertAtHead</token>
				<token count="2">item</token>
				<token count="5">newNodePtr</token>
				<token count="1">next</token>
				<token count="1">prev</token>
				<token count="1">void</token>
			</operands>
		</function>
		<function name="LinkedList::insertAtTail()">
			<start_line>55</start_line>
			<vG_b>3</vG_b>
			<vG_e>3</vG_e>
			<params>1</params>
			<LOCphy>18</LOCphy>
			<LOCpro>16</LOCpro>
			<LOCbl>1</LOCbl>
			<LOCcom alarmed="1">0</LOCcom>
			<N>74</N>
			<N1>41</N1>
			<N2>33</N2>
			<n>28</n>
			<n1>16</n1>
			<n2>12</n2>
			<V>355.744</V>
			<B>0.131</B>
			<D>22.000</D>
			<E>7826.374</E>
			<L>0.045</L>
			<T>00:07:14</T>
			<MaxND>3</MaxND>
			<MIwoc>93</MIwoc>
			<MIcwc>0</MIcwc>
			<MI>93</MI>
			<operators>
				<token count="1">!=</token>
				<token count="2">()</token>
				<token count="2">*</token>
				<token count="4">-&gt;</token>
				<token count="1">::</token>
				<token count="6">;</token>
				<token count="4">&lt;</token>
				<token count="6">=</token>
				<token count="1">==</token>
				<token count="5">&gt;</token>
				<token count="1">class</token>
				<token count="1">else</token>
				<token count="1">if()</token>
				<token count="1">new</token>
				<token count="1">while()</token>
				<token count="4">{}</token>
			</operators>
			<operands>
				<token count="2">0</token>
				<token count="1">LinkedList</token>
				<token count="3">ListItem</token>
				<token count="6">T</token>
				<token count="3">head</token>
				<token count="1">insertAtTail</token>
				<token count="2">item</token>
				<token count="4">newNodePtr</token>
				<token count="3">next</token>
				<token count="1">prev</token>
				<token count="6">temp</token>
				<token count="1">void</token>
			</operands>
		</function>
		<function name="LinkedList::insertAfter()">
			<start_line>74</start_line>
			<vG_b>4</vG_b>
			<vG_e>5</vG_e>
			<params>2</params>
			<LOCphy>27</LOCphy>
			<LOCpro>26</LOCpro>
			<LOCbl>0</LOCbl>
			<LOCcom alarmed="1">0</LOCcom>
			<N>98</N>
			<N1>56</N1>
			<N2>42</N2>
			<n>33</n>
			<n1>19</n1>
			<n2>14</n2>
			<V>494.351</V>
			<B>0.194</B>
			<D>28.500</D>
			<E>14088.993</E>
			<L>0.035</L>
			<T>00:13:02</T>
			<MaxND>3</MaxND>
			<MIwoc>84</MIwoc>
			<MIcwc>0</MIcwc>
			<MI>84</MI>
			<operators>
				<token count="1">!=</token>
				<token count="1">&amp;&amp;</token>
				<token count="2">()</token>
				<token count="2">*</token>
				<token count="1">,</token>
				<token count="8">-&gt;</token>
				<token count="1">::</token>
				<token count="8">;</token>
				<token count="4">&lt;</token>
				<token count="6">=</token>
				<token count="2">==</token>
				<token count="5">&gt;</token>
				<token count="1">class</token>
				<token count="2">else</token>
				<token count="2">if()</token>
				<token count="1">new</token>
				<token count="2">return</token>
				<token count="1">while()</token>
				<token count="6">{}</token>
			</operators>
			<operands>
				<token count="1">0</token>
				<token count="1">LinkedList</token>
				<token count="3">ListItem</token>
				<token count="7">T</token>
				<token count="3">afterWhat</token>
				<token count="2">head</token>
				<token count="1">insertAfter</token>
				<token count="4">newNodePtr</token>
				<token count="5">next</token>
				<token count="1">prev</token>
				<token count="9">temp</token>
				<token count="2">toInsert</token>
				<token count="2">value</token>
				<token count="1">void</token>
			</operands>
		</function>
		<function name="LinkedList::insertSorted()">
			<start_line>102</start_line>
			<vG_b>4</vG_b>
			<vG_e>5</vG_e>
			<params>1</params>
			<LOCphy>24</LOCphy>
			<LOCpro>22</LOCpro>
			<LOCbl>1</LOCbl>
			<LOCcom alarmed="1">0</LOCcom>
			<N>96</N>
			<N1>53</N1>
			<N2>43</N2>
			<n>31</n>
			<n1>18</n1>
			<n2>13</n2>
			<V>475.603</V>
			<B>0.195</B>
			<D>29.769</D>
			<E>14158.331</E>
			<L>0.034</L>
			<T>00:13:06</T>
			<MaxND>3</MaxND>
			<MIwoc>86</MIwoc>
			<MIcwc>0</MIcwc>
			<MI>86</MI>
			<operators>
				<token count="1">!=</token>
				<token count="1">&amp;&amp;</token>
				<token count="4">()</token>
				<token count="2">*</token>
				<token count="8">-&gt;</token>
				<token count="1">::</token>
				<token count="7">;</token>
				<token count="5">&lt;</token>
				<token count="1">&lt;=</token>
				<token count="5">=</token>
				<token count="1">==</token>
				<token count="5">&gt;</token>
				<token count="1">class</token>
				<token count="2">else</token>
				<token count="2">if()</token>
				<token count="1">new</token>
				<token count="1">while()</token>
				<token count="5">{}</token>
			</operators>
			<operands>
				<token count="2">0</token>
				<token count="1">LinkedList</token>
				<token count="3">ListItem</token>
				<token count="6">T</token>
				<token count="3">head</token>
				<token count="2">insertAtHead</token>
				<token count="1">insertSorted</token>
				<token count="6">item</token>
				<token count="3">newNodePtr</token>
				<token count="6">next</token>
				<token count="7">temp</token>
				<token count="2">value</token>
				<token count="1">void</token>
			</operands>
		</function>
		<function name="LinkedList::getHead()">
			<start_line>127</start_line>
			<vG_b>1</vG_b>
			<vG_e>1</vG_e>
			<params>0</params>
			<LOCphy>5</LOCphy>
			<LOCpro>4</LOCpro>
			<LOCbl>0</LOCbl>
			<LOCcom>0</LOCcom>
			<N>19</N>
			<N1>12</N1>
			<N2>7</N2>
			<n>14</n>
			<n1>9</n1>
			<n2>5</n2>
			<V>72.340</V>
			<B>0.020</B>
			<D>6.300</D>
			<E>455.740</E>
			<L>0.159</L>
			<T>00:00:25</T>
			<MaxND>1</MaxND>
			<MIwoc>122</MIwoc>
			<MIcwc>0</MIcwc>
			<MI>122</MI>
			<operators>
				<token count="1">()</token>
				<token count="1">*</token>
				<token count="1">::</token>
				<token count="1">;</token>
				<token count="2">&lt;</token>
				<token count="3">&gt;</token>
				<token count="1">class</token>
				<token count="1">return</token>
				<token count="1">{}</token>
			</operators>
			<operands>
				<token count="1">LinkedList</token>
				<token count="1">ListItem</token>
				<token count="3">T</token>
				<token count="1">getHead</token>
				<token count="1">head</token>
			</operands>
		</function>
		<function name="LinkedList::getTail()">
			<start_line>133</start_line>
			<vG_b>2</vG_b>
			<vG_e>2</vG_e>
			<params>0</params>
			<LOCphy>10</LOCphy>
			<LOCpro>9</LOCpro>
			<LOCbl>0</LOCbl>
			<LOCcom>0</LOCcom>
			<N>41</N>
			<N1>24</N1>
			<N2>17</N2>
			<n>21</n>
			<n1>13</n1>
			<n2>8</n2>
			<V>180.085</V>
			<B>0.061</B>
			<D>13.813</D>
			<E>2487.424</E>
			<L>0.072</L>
			<T>00:02:18</T>
			<MaxND>2</MaxND>
			<MIwoc>106</MIwoc>
			<MIcwc>0</MIcwc>
			<MI>106</MI>
			<operators>
				<token count="1">!=</token>
				<token count="1">()</token>
				<token count="2">*</token>
				<token count="2">-&gt;</token>
				<token count="1">::</token>
				<token count="3">;</token>
				<token count="3">&lt;</token>
				<token count="2">=</token>
				<token count="4">&gt;</token>
				<token count="1">class</token>
				<token count="1">return</token>
				<token count="1">while()</token>
				<token count="2">{}</token>
			</operators>
			<operands>
				<token count="1">0</token>
				<token count="1">LinkedList</token>
				<token count="2">ListItem</token>
				<token count="4">T</token>
				<token count="1">getTail</token>
				<token count="1">head</token>
				<token count="2">next</token>
				<token count="5">temp</token>
			</operands>
		</function>
		<function name="LinkedList::searchFor()">
			<start_line>144</start_line>
			<vG_b>3</vG_b>
			<vG_e>4</vG_e>
			<params>1</params>
			<LOCphy>18</LOCphy>
			<LOCpro>16</LOCpro>
			<LOCbl>1</LOCbl>
			<LOCcom alarmed="1">0</LOCcom>
			<N>61</N>
			<N1>35</N1>
			<N2>26</N2>
			<n>28</n>
			<n1>17</n1>
			<n2>11</n2>
			<V>293.249</V>
			<B>0.109</B>
			<D>20.091</D>
			<E>5891.632</E>
			<L>0.050</L>
			<T>00:05:27</T>
			<MaxND>2</MaxND>
			<MIwoc>94</MIwoc>
			<MIcwc>0</MIcwc>
			<MI>94</MI>
			<operators>
				<token count="2">!=</token>
				<token count="1">&amp;&amp;</token>
				<token count="1">()</token>
				<token count="2">*</token>
				<token count="4">-&gt;</token>
				<token count="1">::</token>
				<token count="4">;</token>
				<token count="3">&lt;</token>
				<token count="2">=</token>
				<token count="1">==</token>
				<token count="4">&gt;</token>
				<token count="1">class</token>
				<token count="1">else</token>
				<token count="1">if()</token>
				<token count="2">return</token>
				<token count="1">while()</token>
				<token count="4">{}</token>
			</operators>
			<operands>
				<token count="1">0</token>
				<token count="1">LinkedList</token>
				<token count="2">ListItem</token>
				<token count="1">NULL</token>
				<token count="5">T</token>
				<token count="1">head</token>
				<token count="3">item</token>
				<token count="2">next</token>
				<token count="1">searchFor</token>
				<token count="7">temp</token>
				<token count="2">value</token>
			</operands>
		</function>
		<function name="LinkedList::deleteElement()">
			<start_line>163</start_line>
			<vG_b>3</vG_b>
			<vG_e>4</vG_e>
			<params>1</params>
			<LOCphy>20</LOCphy>
			<LOCpro>18</LOCpro>
			<LOCbl>1</LOCbl>
			<LOCcom alarmed="1">0</LOCcom>
			<N>80</N>
			<N1>43</N1>
			<N2>37</N2>
			<n>33</n>
			<n1>18</n1>
			<n2>15</n2>
			<V>403.552</V>
			<B>0.144</B>
			<D>22.200</D>
			<E>8958.844</E>
			<L>0.045</L>
			<T>00:08:17</T>
			<MaxND>2</MaxND>
			<MIwoc>90</MIwoc>
			<MIcwc>0</MIcwc>
			<MI>90</MI>
			<operators>
				<token count="2">!=</token>
				<token count="1">&amp;&amp;</token>
				<token count="1">()</token>
				<token count="1">*</token>
				<token count="10">-&gt;</token>
				<token count="1">::</token>
				<token count="6">;</token>
				<token count="2">&lt;</token>
				<token count="2">&lt;&lt;</token>
				<token count="4">=</token>
				<token count="1">==</token>
				<token count="3">&gt;</token>
				<token count="1">class</token>
				<token count="1">delete</token>
				<token count="1">else</token>
				<token count="1">if()</token>
				<token count="1">while()</token>
				<token count="4">{}</token>
			</operators>
			<operands>
				<token count="1">&quot;This item does not Exist for deletion!&quot;</token>
				<token count="1">0</token>
				<token count="1">LinkedList</token>
				<token count="1">ListItem</token>
				<token count="4">T</token>
				<token count="1">cout</token>
				<token count="1">deleteElement</token>
				<token count="1">endl</token>
				<token count="1">head</token>
				<token count="3">item</token>
				<token count="5">next</token>
				<token count="3">prev</token>
				<token count="11">temp</token>
				<token count="2">value</token>
				<token count="1">void</token>
			</operands>
		</function>
		<function name="LinkedList::deleteHead()">
			<start_line>184</start_line>
			<vG_b>3</vG_b>
			<vG_e>3</vG_e>
			<params>0</params>
			<LOCphy>20</LOCphy>
			<LOCpro>17</LOCpro>
			<LOCbl>2</LOCbl>
			<LOCcom alarmed="1">0</LOCcom>
			<N>50</N>
			<N1>31</N1>
			<N2>19</N2>
			<n>24</n>
			<n1>15</n1>
			<n2>9</n2>
			<V>229.248</V>
			<B>0.079</B>
			<D>15.833</D>
			<E>3629.762</E>
			<L>0.063</L>
			<T>00:03:21</T>
			<MaxND>2</MaxND>
			<MIwoc>94</MIwoc>
			<MIcwc>0</MIcwc>
			<MI>94</MI>
			<operators>
				<token count="1">()</token>
				<token count="1">*</token>
				<token count="2">-&gt;</token>
				<token count="1">::</token>
				<token count="5">;</token>
				<token count="2">&lt;</token>
				<token count="2">=</token>
				<token count="2">==</token>
				<token count="3">&gt;</token>
				<token count="1">class</token>
				<token count="2">delete</token>
				<token count="2">else</token>
				<token count="2">if()</token>
				<token count="1">return</token>
				<token count="4">{}</token>
			</operators>
			<operands>
				<token count="2">0</token>
				<token count="1">LinkedList</token>
				<token count="1">ListItem</token>
				<token count="3">T</token>
				<token count="1">deleteHead</token>
				<token count="6">head</token>
				<token count="2">next</token>
				<token count="2">temp</token>
				<token count="1">void</token>
			</operands>
		</function>
		<function name="LinkedList::deleteTail()">
			<start_line>205</start_line>
			<vG_b>4</vG_b>
			<vG_e>4</vG_e>
			<params>0</params>
			<LOCphy>24</LOCphy>
			<LOCpro>19</LOCpro>
			<LOCbl>4</LOCbl>
			<LOCcom alarmed="1">0</LOCcom>
			<N>71</N>
			<N1>41</N1>
			<N2>30</N2>
			<n>30</n>
			<n1>16</n1>
			<n2>14</n2>
			<V>348.389</V>
			<B>0.110</B>
			<D>17.143</D>
			<E>5972.387</E>
			<L>0.058</L>
			<T>00:05:31</T>
			<MaxND>3</MaxND>
			<MIwoc>88</MIwoc>
			<MIcwc>0</MIcwc>
			<MI>88</MI>
			<operators>
				<token count="1">()</token>
				<token count="1">*</token>
				<token count="5">-&gt;</token>
				<token count="1">::</token>
				<token count="7">;</token>
				<token count="2">&lt;</token>
				<token count="2">&lt;&lt;</token>
				<token count="4">=</token>
				<token count="2">==</token>
				<token count="3">&gt;</token>
				<token count="1">class</token>
				<token count="2">delete</token>
				<token count="2">else</token>
				<token count="2">if()</token>
				<token count="1">while()</token>
				<token count="5">{}</token>
			</operators>
			<operands>
				<token count="1">&quot;No item present&quot;</token>
				<token count="3">0</token>
				<token count="1">LinkedList</token>
				<token count="1">ListItem</token>
				<token count="1">NULL</token>
				<token count="3">T</token>
				<token count="1">cout</token>
				<token count="1">deleteTail</token>
				<token count="1">endl</token>
				<token count="2">head</token>
				<token count="4">next</token>
				<token count="1">prev</token>
				<token count="9">temp</token>
				<token count="1">void</token>
			</operands>
		</function>
		<function name="LinkedList::length()">
			<start_line>230</start_line>
			<vG_b>4</vG_b>
			<vG_e>4</vG_e>
			<params>0</params>
			<LOCphy>23</LOCphy>
			<LOCpro>22</LOCpro>
			<LOCbl>0</LOCbl>
			<LOCcom alarmed="1">0</LOCcom>
			<N>66</N>
			<N1>39</N1>
			<N2>27</N2>
			<n>29</n>
			<n1>17</n1>
			<n2>12</n2>
			<V>320.627</V>
			<B>0.112</B>
			<D>19.125</D>
			<E>6131.986</E>
			<L>0.052</L>
			<T>00:05:40</T>
			<MaxND>3</MaxND>
			<MIwoc>89</MIwoc>
			<MIcwc>0</MIcwc>
			<MI>89</MI>
			<operators>
				<token count="1">!=</token>
				<token count="1">()</token>
				<token count="1">*</token>
				<token count="1">++</token>
				<token count="3">-&gt;</token>
				<token count="1">::</token>
				<token count="7">;</token>
				<token count="2">&lt;</token>
				<token count="3">=</token>
				<token count="2">==</token>
				<token count="3">&gt;</token>
				<token count="1">class</token>
				<token count="2">else</token>
				<token count="2">if()</token>
				<token count="3">return</token>
				<token count="1">while()</token>
				<token count="5">{}</token>
			</operators>
			<operands>
				<token count="3">0</token>
				<token count="2">1</token>
				<token count="1">LinkedList</token>
				<token count="1">ListItem</token>
				<token count="1">NULL</token>
				<token count="3">T</token>
				<token count="3">count</token>
				<token count="3">head</token>
				<token count="2">int</token>
				<token count="1">length</token>
				<token count="3">next</token>
				<token count="4">temp</token>
			</operands>
		</function>
		<function name="LinkedList::reverse()">
			<start_line>254</start_line>
			<vG_b>2</vG_b>
			<vG_e>2</vG_e>
			<params>0</params>
			<LOCphy>16</LOCphy>
			<LOCpro>13</LOCpro>
			<LOCbl>2</LOCbl>
			<LOCcom alarmed="1">0</LOCcom>
			<N>67</N>
			<N1>36</N1>
			<N2>31</N2>
			<n>27</n>
			<n1>13</n1>
			<n2>14</n2>
			<V>318.577</V>
			<B>0.092</B>
			<D>14.393</D>
			<E>4585.240</E>
			<L>0.069</L>
			<T>00:04:14</T>
			<MaxND>2</MaxND>
			<MIwoc>96</MIwoc>
			<MIcwc>0</MIcwc>
			<MI>96</MI>
			<operators>
				<token count="1">!=</token>
				<token count="1">()</token>
				<token count="2">*</token>
				<token count="5">-&gt;</token>
				<token count="1">::</token>
				<token count="7">;</token>
				<token count="3">&lt;</token>
				<token count="2">&lt;&lt;</token>
				<token count="6">=</token>
				<token count="4">&gt;</token>
				<token count="1">class</token>
				<token count="1">while()</token>
				<token count="2">{}</token>
			</operators>
			<operands>
				<token count="1">&quot;hey&quot;</token>
				<token count="2">0</token>
				<token count="1">LinkedList</token>
				<token count="2">ListItem</token>
				<token count="4">T</token>
				<token count="1">cout</token>
				<token count="8">current</token>
				<token count="1">endl</token>
				<token count="1">head</token>
				<token count="2">next</token>
				<token count="3">prev</token>
				<token count="1">reverse</token>
				<token count="3">temp</token>
				<token count="1">void</token>
			</operands>
		</function>
		<function name="LinkedList::nodeIndex()">
			<start_line>270</start_line>
			<vG_b>2</vG_b>
			<vG_e>2</vG_e>
			<params>1</params>
			<LOCphy>12</LOCphy>
			<LOCpro>11</LOCpro>
			<LOCbl>0</LOCbl>
			<LOCcom alarmed="1">0</LOCcom>
			<N>37</N>
			<N1>22</N1>
			<N2>15</N2>
			<n>24</n>
			<n1>14</n1>
			<n2>10</n2>
			<V>169.644</V>
			<B>0.049</B>
			<D>10.500</D>
			<E>1781.258</E>
			<L>0.095</L>
			<T>00:01:38</T>
			<MaxND>2</MaxND>
			<MIwoc>104</MIwoc>
			<MIcwc>0</MIcwc>
			<MI>104</MI>
			<operators>
				<token count="2">()</token>
				<token count="1">*</token>
				<token count="1">+</token>
				<token count="1">-&gt;</token>
				<token count="1">::</token>
				<token count="2">;</token>
				<token count="2">&lt;</token>
				<token count="1">==</token>
				<token count="3">&gt;</token>
				<token count="1">class</token>
				<token count="1">else</token>
				<token count="1">if()</token>
				<token count="2">return</token>
				<token count="3">{}</token>
			</operators>
			<operands>
				<token count="1">0</token>
				<token count="1">1</token>
				<token count="1">LinkedList</token>
				<token count="1">ListItem</token>
				<token count="3">T</token>
				<token count="1">head</token>
				<token count="1">int</token>
				<token count="2">nodeIndex</token>
				<token count="3">nodePtr</token>
				<token count="1">prev</token>
			</operands>
		</function>
		<function name="LinkedList::parityArrangement()">
			<start_line>283</start_line>
			<vG_b>5</vG_b>
			<vG_e>7</vG_e>
			<params>0</params>
			<LOCphy>35</LOCphy>
			<LOCpro>30</LOCpro>
			<LOCbl>4</LOCbl>
			<LOCcom alarmed="1">0</LOCcom>
			<N>141</N>
			<N1>78</N1>
			<N2>63</N2>
			<n>29</n>
			<n1>16</n1>
			<n2>13</n2>
			<V>684.975</V>
			<B>0.297</B>
			<D>38.769</D>
			<E>26555.967</E>
			<L>0.026</L>
			<T>00:24:35</T>
			<MaxND>3</MaxND>
			<MIwoc>78</MIwoc>
			<MIcwc>0</MIcwc>
			<MI>78</MI>
			<operators>
				<token count="1">()</token>
				<token count="3">*</token>
				<token count="16">-&gt;</token>
				<token count="1">::</token>
				<token count="15">;</token>
				<token count="4">&lt;</token>
				<token count="12">=</token>
				<token count="6">==</token>
				<token count="5">&gt;</token>
				<token count="2">break</token>
				<token count="1">class</token>
				<token count="3">if()</token>
				<token count="1">return</token>
				<token count="1">while()</token>
				<token count="5">{}</token>
				<token count="2">||</token>
			</operators>
			<operands>
				<token count="6">0</token>
				<token count="2">1</token>
				<token count="1">LinkedList</token>
				<token count="3">ListItem</token>
				<token count="5">T</token>
				<token count="10">e</token>
				<token count="3">fe</token>
				<token count="3">head</token>
				<token count="14">next</token>
				<token count="12">o</token>
				<token count="1">parityArrangement</token>
				<token count="2">prev</token>
				<token count="1">void</token>
			</operands>
		</function>
		<function name="LinkedList::isPalindrome()">
			<start_line>319</start_line>
			<vG_b>3</vG_b>
			<vG_e>3</vG_e>
			<params>0</params>
			<LOCphy>15</LOCphy>
			<LOCpro>13</LOCpro>
			<LOCbl>1</LOCbl>
			<LOCcom alarmed="1">0</LOCcom>
			<N>77</N>
			<N1>43</N1>
			<N2>34</N2>
			<n>32</n>
			<n1>15</n1>
			<n2>17</n2>
			<V>385.000</V>
			<B>0.107</B>
			<D>15.000</D>
			<E>5775.000</E>
			<L>0.067</L>
			<T>00:05:20</T>
			<MaxND>3</MaxND>
			<MIwoc>95</MIwoc>
			<MIcwc>0</MIcwc>
			<MI>95</MI>
			<operators>
				<token count="2">!=</token>
				<token count="2">()</token>
				<token count="2">*</token>
				<token count="6">-&gt;</token>
				<token count="1">::</token>
				<token count="7">;</token>
				<token count="3">&lt;</token>
				<token count="4">&lt;&lt;</token>
				<token count="4">=</token>
				<token count="4">&gt;</token>
				<token count="1">class</token>
				<token count="1">if()</token>
				<token count="2">return</token>
				<token count="1">while()</token>
				<token count="3">{}</token>
			</operators>
			<operands>
				<token count="1">&quot; &quot;</token>
				<token count="1">0</token>
				<token count="1">1</token>
				<token count="1">LinkedList</token>
				<token count="2">ListItem</token>
				<token count="4">T</token>
				<token count="1">bool</token>
				<token count="1">cout</token>
				<token count="1">endl</token>
				<token count="1">getTail</token>
				<token count="1">head</token>
				<token count="6">head2</token>
				<token count="1">isPalindrome</token>
				<token count="1">next</token>
				<token count="1">prev</token>
				<token count="6">tail</token>
				<token count="4">value</token>
			</operands>
		</function>
		<file_total>
			<vG_b>33</vG_b>
			<vG_e>39</vG_e>
			<vG_b_max>5</vG_b_max>
			<vG_b_avg>2</vG_b_avg>
			<vG_e_max>7</vG_e_max>
			<vG_e_avg>3</vG_e_avg>
			<params>9</params>
			<LOCphy>335</LOCphy>
			<LOCpro>295</LOCpro>
			<LOCbl>40</LOCbl>
			<LOCcom alarmed="1">0</LOCcom>
			<N>1172</N>
			<N1>683</N1>
			<N2>489</N2>
			<n>88</n>
			<n1>35</n1>
			<n2>53</n2>
			<V>7570.454</V>
			<B alarmed="1">3.811</B>
			<D>161.462</D>
			<E>1222342.625</E>
			<L>0.006</L>
			<T>18:51:47</T>
			<MaxND>3</MaxND>
			<MIwoc>93</MIwoc>
			<MIcwc>0</MIcwc>
			<MI>93</MI>
			<operators>
				<token count="12">!=</token>
				<token count="6">#</token>
				<token count="1">&amp;</token>
				<token count="4">&amp;&amp;</token>
				<token count="27">()</token>
				<token count="25">*</token>
				<token count="1">+</token>
				<token count="1">++</token>
				<token count="1">,</token>
				<token count="78">-&gt;</token>
				<token count="19">::</token>
				<token count="95">;</token>
				<token count="69">&lt;</token>
				<token count="12">&lt;&lt;</token>
				<token count="1">&lt;=</token>
				<token count="64">=</token>
				<token count="20">==</token>
				<token count="68">&gt;</token>
				<token count="2">break</token>
				<token count="19">class</token>
				<token count="1">const</token>
				<token count="5">delete</token>
				<token count="15">else</token>
				<token count="1">endif</token>
				<token count="19">if()</token>
				<token count="1">ifndef</token>
				<token count="1">namespace</token>
				<token count="4">new</token>
				<token count="15">return</token>
				<token count="19">template</token>
				<token count="1">using</token>
				<token count="12">while()</token>
				<token count="61">{}</token>
				<token count="2">||</token>
				<token count="1">~</token>
			</operators>
			<operands>
				<token count="2">&quot; &quot;</token>
				<token count="1">&quot;No item present&quot;</token>
				<token count="1">&quot;This item does not Exist for deletion!&quot;</token>
				<token count="1">&quot;hey&quot;</token>
				<token count="26">0</token>
				<token count="6">1</token>
				<token count="23">LinkedList</token>
				<token count="29">ListItem</token>
				<token count="5">NULL</token>
				<token count="75">T</token>
				<token count="2">__LIST_CPP</token>
				<token count="3">afterWhat</token>
				<token count="1">bool</token>
				<token count="3">count</token>
				<token count="5">cout</token>
				<token count="8">current</token>
				<token count="1">define</token>
				<token count="1">deleteElement</token>
				<token count="1">deleteHead</token>
				<token count="1">deleteTail</token>
				<token count="10">e</token>
				<token count="4">endl</token>
				<token count="3">fe</token>
				<token count="1">getHead</token>
				<token count="2">getTail</token>
				<token count="36">head</token>
				<token count="6">head2</token>
				<token count="3">include</token>
				<token count="1">insertAfter</token>
				<token count="3">insertAtHead</token>
				<token count="1">insertAtTail</token>
				<token count="1">insertSorted</token>
				<token count="3">int</token>
				<token count="1">isPalindrome</token>
				<token count="16">item</token>
				<token count="1">length</token>
				<token count="16">newNodePtr</token>
				<token count="51">next</token>
				<token count="2">nodeIndex</token>
				<token count="3">nodePtr</token>
				<token count="12">o</token>
				<token count="1">otherLinkedList</token>
				<token count="1">parityArrangement</token>
				<token count="14">prev</token>
				<token count="1">printer</token>
				<token count="1">reverse</token>
				<token count="1">searchFor</token>
				<token count="1">std</token>
				<token count="6">tail</token>
				<token count="68">temp</token>
				<token count="2">toInsert</token>
				<token count="13">value</token>
				<token count="9">void</token>
			</operands>
		</file_total>
	</file>
	<system>
		<files>1</files>
		<functions>19</functions>
		<LOCphy>335</LOCphy>
		<LOCbl>40</LOCbl>
		<LOCpro>295</LOCpro>
		<LOCcom>0</LOCcom>
		<semicolons>95</semicolons>
		<vG_b>33</vG_b>
		<vG_e>39</vG_e>
		<params>9</params>
		<MIwoc>96</MIwoc>
		<MIcw>0</MIcw>
		<MI>96</MI>
		<alarms>
			<file_vG>
				<measured>1</measured>
				<alarmed>0</alarmed>
				<percent>0</percent>
				<lowlimit>1</lowlimit>
				<highlimit>100</highlimit>
			</file_vG>
			<file_LOCpro>
				<measured>1</measured>
				<alarmed>0</alarmed>
				<percent>0</percent>
				<lowlimit>4</lowlimit>
				<highlimit>400</highlimit>
			</file_LOCpro>
			<file_comment_percent>
				<measured>1</measured>
				<alarmed>1</alarmed>
				<percent>100</percent>
				<lowlimit>30</lowlimit>
				<highlimit>75</highlimit>
			</file_comment_percent>
			<file_V>
				<measured>1</measured>
				<alarmed>0</alarmed>
				<percent>0</percent>
				<lowlimit>100</lowlimit>
				<highlimit>8000</highlimit>
			</file_V>
			<file_B>
				<measured>1</measured>
				<alarmed>1</alarmed>
				<percent>100</percent>
				<lowlimit>0</lowlimit>
				<highlimit>2</highlimit>
			</file_B>
			<file_MI>
				<measured>1</measured>
				<alarmed>0</alarmed>
				<percent>0</percent>
				<lowlimit>65</lowlimit>
			</file_MI>
			<function_vG>
				<measured>19</measured>
				<alarmed>0</alarmed>
				<percent>0</percent>
				<lowlimit>1</lowlimit>
				<highlimit>10</highlimit>
			</function_vG>
			<function_LOCpro>
				<measured>19</measured>
				<alarmed>2</alarmed>
				<percent>10</percent>
				<lowlimit>4</lowlimit>
				<highlimit>40</highlimit>
			</function_LOCpro>
			<function_comment_percent>
				<measured>19</measured>
				<alarmed>13</alarmed>
				<percent>68</percent>
				<lowlimit>30</lowlimit>
				<highlimit>75</highlimit>
			</function_comment_percent>
			<function_V>
				<measured>19</measured>
				<alarmed>0</alarmed>
				<percent>0</percent>
				<lowlimit>20</lowlimit>
				<highlimit>1000</highlimit>
			</function_V>
			<function_MI>
				<measured>19</measured>
				<alarmed>0</alarmed>
				<percent>0</percent>
				<lowlimit>65</lowlimit>
			</function_MI>
		</alarms>
		<error_messages count="0">
		</error_messages>
	</system>
</cmt_long_report>
