<?xml version="1.0" ?>
<cmt_long_report>
	<header_info>
		<cmt_version>7.0</cmt_version>
		<copyright>Copyright (c) 1993-2013 Testwell Oy</copyright>
		<copyright>Copyright (c) 2013-2018 Verifysoft Technology GmbH</copyright>
		<license_notes>
		</license_notes>
		<date>Tue Apr  4 22:38:29 2023</date>
		<cmt_options> -o C:\Users\muawi\cmt\A1_T1_S149.xml -lf -f C:\Users\muawi\cmt\files.txt</cmt_options>
		<run_directory>C:\Testwell\CMT</run_directory>
		<mccabe_preference>extended</mccabe_preference>
	</header_info>
	<file name="C:\Users\muawi\OneDrive\Documents\Study\Junior Year\Topics in Internet Research\Project\PA1_ANON_DATA\PA1_ANON_DATA\folder_149\LinkedList.cpp" stamp="1680056066">
		<function name="LinkedList::LinkedList()">
			<start_line>11</start_line>
			<vG_b>1</vG_b>
			<vG_e>1</vG_e>
			<params>0</params>
			<LOCphy>5</LOCphy>
			<LOCpro>4</LOCpro>
			<LOCbl>0</LOCbl>
			<LOCcom>0</LOCcom>
			<N>15</N>
			<N1>9</N1>
			<N2>6</N2>
			<n>12</n>
			<n1>8</n1>
			<n2>4</n2>
			<V>53.774</V>
			<B>0.016</B>
			<D>6.000</D>
			<E>322.647</E>
			<L>0.167</L>
			<T>00:00:17</T>
			<MaxND>1</MaxND>
			<MIwoc>124</MIwoc>
			<MIcwc>0</MIcwc>
			<MI>124</MI>
			<operators>
				<token count="1">()</token>
				<token count="1">::</token>
				<token count="1">;</token>
				<token count="1">&lt;</token>
				<token count="1">=</token>
				<token count="2">&gt;</token>
				<token count="1">class</token>
				<token count="1">{}</token>
			</operators>
			<operands>
				<token count="2">LinkedList</token>
				<token count="1">NULL</token>
				<token count="2">T</token>
				<token count="1">head</token>
			</operands>
		</function>
		<function name="LinkedList::LinkedList()">
			<start_line>17</start_line>
			<vG_b>2</vG_b>
			<vG_e>2</vG_e>
			<params>1</params>
			<LOCphy>13</LOCphy>
			<LOCpro>11</LOCpro>
			<LOCbl>1</LOCbl>
			<LOCcom alarmed="1">0</LOCcom>
			<N>52</N>
			<N1>29</N1>
			<N2>23</N2>
			<n>25</n>
			<n1>15</n1>
			<n2>10</n2>
			<V>241.481</V>
			<B>0.086</B>
			<D>17.250</D>
			<E>4165.539</E>
			<L>0.058</L>
			<T>00:03:51</T>
			<MaxND>2</MaxND>
			<MIwoc>100</MIwoc>
			<MIcwc>0</MIcwc>
			<MI>100</MI>
			<operators>
				<token count="1">!=</token>
				<token count="1">&amp;</token>
				<token count="2">()</token>
				<token count="1">*</token>
				<token count="2">-&gt;</token>
				<token count="1">.</token>
				<token count="1">::</token>
				<token count="5">;</token>
				<token count="3">&lt;</token>
				<token count="3">=</token>
				<token count="4">&gt;</token>
				<token count="1">class</token>
				<token count="1">const</token>
				<token count="1">while()</token>
				<token count="2">{}</token>
			</operators>
			<operands>
				<token count="3">LinkedList</token>
				<token count="1">ListItem</token>
				<token count="2">NULL</token>
				<token count="4">T</token>
				<token count="2">head</token>
				<token count="1">insertAtTail</token>
				<token count="1">next</token>
				<token count="2">otherLinkedList</token>
				<token count="6">temp</token>
				<token count="1">value</token>
			</operands>
		</function>
		<function name="LinkedList::~LinkedList()">
			<start_line>31</start_line>
			<vG_b>2</vG_b>
			<vG_e>2</vG_e>
			<params>0</params>
			<LOCphy>15</LOCphy>
			<LOCpro>12</LOCpro>
			<LOCbl>2</LOCbl>
			<LOCcom alarmed="1">0</LOCcom>
			<N>45</N>
			<N1>26</N1>
			<N2>19</N2>
			<n>21</n>
			<n1>14</n1>
			<n2>7</n2>
			<V>197.654</V>
			<B>0.081</B>
			<D>19.000</D>
			<E>3755.431</E>
			<L>0.053</L>
			<T>00:03:28</T>
			<MaxND>2</MaxND>
			<MIwoc>99</MIwoc>
			<MIcwc>0</MIcwc>
			<MI>99</MI>
			<operators>
				<token count="1">!=</token>
				<token count="1">()</token>
				<token count="1">*</token>
				<token count="1">-&gt;</token>
				<token count="1">::</token>
				<token count="6">;</token>
				<token count="2">&lt;</token>
				<token count="4">=</token>
				<token count="3">&gt;</token>
				<token count="1">class</token>
				<token count="1">delete</token>
				<token count="1">while()</token>
				<token count="2">{}</token>
				<token count="1">~</token>
			</operators>
			<operands>
				<token count="2">LinkedList</token>
				<token count="1">ListItem</token>
				<token count="2">NULL</token>
				<token count="3">T</token>
				<token count="6">head</token>
				<token count="1">next</token>
				<token count="4">temp</token>
			</operands>
		</function>
		<function name="LinkedList::insertAtHead()">
			<start_line>47</start_line>
			<vG_b>2</vG_b>
			<vG_e>2</vG_e>
			<params>1</params>
			<LOCphy>13</LOCphy>
			<LOCpro>12</LOCpro>
			<LOCbl>0</LOCbl>
			<LOCcom alarmed="1">0</LOCcom>
			<N>62</N>
			<N1>33</N1>
			<N2>29</N2>
			<n>25</n>
			<n1>13</n1>
			<n2>12</n2>
			<V>287.919</V>
			<B>0.091</B>
			<D>15.708</D>
			<E>4522.729</E>
			<L>0.064</L>
			<T>00:04:11</T>
			<MaxND>2</MaxND>
			<MIwoc>100</MIwoc>
			<MIcwc>0</MIcwc>
			<MI>100</MI>
			<operators>
				<token count="1">!=</token>
				<token count="2">()</token>
				<token count="1">*</token>
				<token count="4">-&gt;</token>
				<token count="1">::</token>
				<token count="6">;</token>
				<token count="3">&lt;</token>
				<token count="6">=</token>
				<token count="4">&gt;</token>
				<token count="1">class</token>
				<token count="1">if()</token>
				<token count="1">new</token>
				<token count="2">{}</token>
			</operators>
			<operands>
				<token count="1">LinkedList</token>
				<token count="2">ListItem</token>
				<token count="2">NULL</token>
				<token count="5">T</token>
				<token count="4">head</token>
				<token count="1">insertAtHead</token>
				<token count="3">item</token>
				<token count="1">next</token>
				<token count="2">prev</token>
				<token count="6">temp</token>
				<token count="1">value</token>
				<token count="1">void</token>
			</operands>
		</function>
		<function name="LinkedList::insertAtTail()">
			<start_line>61</start_line>
			<vG_b>3</vG_b>
			<vG_e>3</vG_e>
			<params>1</params>
			<LOCphy>16</LOCphy>
			<LOCpro>14</LOCpro>
			<LOCbl>1</LOCbl>
			<LOCcom alarmed="1">0</LOCcom>
			<N>64</N>
			<N1>36</N1>
			<N2>28</N2>
			<n>27</n>
			<n1>15</n1>
			<n2>12</n2>
			<V>304.313</V>
			<B>0.102</B>
			<D>17.500</D>
			<E>5325.474</E>
			<L>0.057</L>
			<T>00:04:55</T>
			<MaxND>2</MaxND>
			<MIwoc>96</MIwoc>
			<MIcwc>0</MIcwc>
			<MI>96</MI>
			<operators>
				<token count="1">!=</token>
				<token count="4">()</token>
				<token count="1">*</token>
				<token count="3">-&gt;</token>
				<token count="1">::</token>
				<token count="5">;</token>
				<token count="3">&lt;</token>
				<token count="5">=</token>
				<token count="1">==</token>
				<token count="4">&gt;</token>
				<token count="1">class</token>
				<token count="1">else</token>
				<token count="2">if()</token>
				<token count="1">new</token>
				<token count="3">{}</token>
			</operators>
			<operands>
				<token count="1">LinkedList</token>
				<token count="2">ListItem</token>
				<token count="3">NULL</token>
				<token count="5">T</token>
				<token count="2">getTail</token>
				<token count="3">head</token>
				<token count="1">insertAtTail</token>
				<token count="2">item</token>
				<token count="2">next</token>
				<token count="1">prev</token>
				<token count="5">temp</token>
				<token count="1">void</token>
			</operands>
		</function>
		<function name="LinkedList::insertAfter()">
			<start_line>78</start_line>
			<vG_b>5</vG_b>
			<vG_e>6</vG_e>
			<params>2</params>
			<LOCphy>36</LOCphy>
			<LOCpro>32</LOCpro>
			<LOCbl>3</LOCbl>
			<LOCcom alarmed="1">0</LOCcom>
			<N>133</N>
			<N1>72</N1>
			<N2>61</N2>
			<n>33</n>
			<n1>18</n1>
			<n2>15</n2>
			<V>670.904</V>
			<B>0.282</B>
			<D>36.600</D>
			<E>24555.102</E>
			<L>0.027</L>
			<T>00:22:44</T>
			<MaxND>4</MaxND>
			<MIwoc>78</MIwoc>
			<MIcwc>0</MIcwc>
			<MI>78</MI>
			<operators>
				<token count="2">!=</token>
				<token count="1">&amp;&amp;</token>
				<token count="3">()</token>
				<token count="2">*</token>
				<token count="1">,</token>
				<token count="14">-&gt;</token>
				<token count="1">::</token>
				<token count="11">;</token>
				<token count="4">&lt;</token>
				<token count="10">=</token>
				<token count="3">==</token>
				<token count="5">&gt;</token>
				<token count="1">class</token>
				<token count="2">else</token>
				<token count="3">if()</token>
				<token count="1">new</token>
				<token count="1">while()</token>
				<token count="7">{}</token>
			</operators>
			<operands>
				<token count="1">LinkedList</token>
				<token count="3">ListItem</token>
				<token count="4">NULL</token>
				<token count="7">T</token>
				<token count="3">afterWhat</token>
				<token count="12">aw</token>
				<token count="2">head</token>
				<token count="1">insertAfter</token>
				<token count="1">insertAtHead</token>
				<token count="9">next</token>
				<token count="3">prev</token>
				<token count="9">ti</token>
				<token count="3">toInsert</token>
				<token count="2">value</token>
				<token count="1">void</token>
			</operands>
		</function>
		<function name="LinkedList::insertSorted()">
			<start_line>115</start_line>
			<vG_b>9</vG_b>
			<vG_e>10</vG_e>
			<params>1</params>
			<LOCphy>60</LOCphy>
			<LOCpro alarmed="1">48</LOCpro>
			<LOCbl>10</LOCbl>
			<LOCcom alarmed="1">1</LOCcom>
			<N>182</N>
			<N1>102</N1>
			<N2>80</N2>
			<n>33</n>
			<n1>18</n1>
			<n2>15</n2>
			<V>918.080</V>
			<B>0.416</B>
			<D>48.000</D>
			<E>44067.828</E>
			<L>0.021</L>
			<T>00:40:48</T>
			<MaxND>4</MaxND>
			<MIwoc>67</MIwoc>
			<MIcwc>10</MIcwc>
			<MI>77</MI>
			<operators>
				<token count="2">!=</token>
				<token count="1">&amp;&amp;</token>
				<token count="9">()</token>
				<token count="2">*</token>
				<token count="19">-&gt;</token>
				<token count="1">::</token>
				<token count="15">;</token>
				<token count="6">&lt;</token>
				<token count="11">=</token>
				<token count="4">==</token>
				<token count="5">&gt;</token>
				<token count="1">&gt;=</token>
				<token count="1">class</token>
				<token count="5">else</token>
				<token count="7">if()</token>
				<token count="1">new</token>
				<token count="1">while()</token>
				<token count="11">{}</token>
			</operators>
			<operands>
				<token count="1">LinkedList</token>
				<token count="3">ListItem</token>
				<token count="7">NULL</token>
				<token count="6">T</token>
				<token count="18">after_this</token>
				<token count="2">getHead</token>
				<token count="2">insertAtHead</token>
				<token count="2">insertAtTail</token>
				<token count="1">insertSorted</token>
				<token count="9">item</token>
				<token count="13">next</token>
				<token count="3">prev</token>
				<token count="9">ti</token>
				<token count="3">value</token>
				<token count="1">void</token>
			</operands>
		</function>
		<function name="LinkedList::getHead()">
			<start_line>176</start_line>
			<vG_b>1</vG_b>
			<vG_e>1</vG_e>
			<params>0</params>
			<LOCphy>6</LOCphy>
			<LOCpro>4</LOCpro>
			<LOCbl>1</LOCbl>
			<LOCcom>0</LOCcom>
			<N>19</N>
			<N1>12</N1>
			<N2>7</N2>
			<n>14</n>
			<n1>9</n1>
			<n2>5</n2>
			<V>72.340</V>
			<B>0.020</B>
			<D>6.300</D>
			<E>455.740</E>
			<L>0.159</L>
			<T>00:00:25</T>
			<MaxND>1</MaxND>
			<MIwoc>119</MIwoc>
			<MIcwc>0</MIcwc>
			<MI>119</MI>
			<operators>
				<token count="1">()</token>
				<token count="1">*</token>
				<token count="1">::</token>
				<token count="1">;</token>
				<token count="2">&lt;</token>
				<token count="3">&gt;</token>
				<token count="1">class</token>
				<token count="1">return</token>
				<token count="1">{}</token>
			</operators>
			<operands>
				<token count="1">LinkedList</token>
				<token count="1">ListItem</token>
				<token count="3">T</token>
				<token count="1">getHead</token>
				<token count="1">head</token>
			</operands>
		</function>
		<function name="LinkedList::getTail()">
			<start_line>183</start_line>
			<vG_b>3</vG_b>
			<vG_e>3</vG_e>
			<params>0</params>
			<LOCphy>18</LOCphy>
			<LOCpro>16</LOCpro>
			<LOCbl>1</LOCbl>
			<LOCcom alarmed="1">0</LOCcom>
			<N>51</N>
			<N1>31</N1>
			<N2>20</N2>
			<n>24</n>
			<n1>16</n1>
			<n2>8</n2>
			<V>233.833</V>
			<B>0.093</B>
			<D>20.000</D>
			<E>4676.662</E>
			<L>0.050</L>
			<T>00:04:19</T>
			<MaxND>3</MaxND>
			<MIwoc>95</MIwoc>
			<MIcwc>0</MIcwc>
			<MI>95</MI>
			<operators>
				<token count="1">!=</token>
				<token count="1">()</token>
				<token count="2">*</token>
				<token count="2">-&gt;</token>
				<token count="1">::</token>
				<token count="4">;</token>
				<token count="3">&lt;</token>
				<token count="2">=</token>
				<token count="1">==</token>
				<token count="4">&gt;</token>
				<token count="1">class</token>
				<token count="1">else</token>
				<token count="1">if()</token>
				<token count="2">return</token>
				<token count="1">while()</token>
				<token count="4">{}</token>
			</operators>
			<operands>
				<token count="1">LinkedList</token>
				<token count="2">ListItem</token>
				<token count="3">NULL</token>
				<token count="4">T</token>
				<token count="1">getTail</token>
				<token count="2">head</token>
				<token count="2">next</token>
				<token count="5">tail_pointer</token>
			</operands>
		</function>
		<function name="LinkedList::searchFor()">
			<start_line>202</start_line>
			<vG_b>7</vG_b>
			<vG_e>7</vG_e>
			<params>1</params>
			<LOCphy>37</LOCphy>
			<LOCpro>35</LOCpro>
			<LOCbl>1</LOCbl>
			<LOCcom alarmed="1">0</LOCcom>
			<N>94</N>
			<N1>57</N1>
			<N2>37</N2>
			<n>27</n>
			<n1>17</n1>
			<n2>10</n2>
			<V>446.959</V>
			<B>0.194</B>
			<D>31.450</D>
			<E>14056.874</E>
			<L>0.032</L>
			<T>00:13:00</T>
			<MaxND>4</MaxND>
			<MIwoc>79</MIwoc>
			<MIcwc>0</MIcwc>
			<MI>79</MI>
			<operators>
				<token count="2">!=</token>
				<token count="1">()</token>
				<token count="2">*</token>
				<token count="6">-&gt;</token>
				<token count="1">::</token>
				<token count="8">;</token>
				<token count="3">&lt;</token>
				<token count="2">=</token>
				<token count="4">==</token>
				<token count="4">&gt;</token>
				<token count="1">break</token>
				<token count="1">class</token>
				<token count="3">else</token>
				<token count="5">if()</token>
				<token count="4">return</token>
				<token count="1">while()</token>
				<token count="9">{}</token>
			</operators>
			<operands>
				<token count="1">LinkedList</token>
				<token count="2">ListItem</token>
				<token count="5">NULL</token>
				<token count="5">T</token>
				<token count="1">head</token>
				<token count="4">item</token>
				<token count="3">next</token>
				<token count="1">searchFor</token>
				<token count="12">temp</token>
				<token count="3">value</token>
			</operands>
		</function>
		<function name="LinkedList::deleteElement()">
			<start_line>240</start_line>
			<vG_b>3</vG_b>
			<vG_e>3</vG_e>
			<params>1</params>
			<LOCphy>23</LOCphy>
			<LOCpro>21</LOCpro>
			<LOCbl>1</LOCbl>
			<LOCcom alarmed="1">0</LOCcom>
			<N>81</N>
			<N1>46</N1>
			<N2>35</N2>
			<n>29</n>
			<n1>14</n1>
			<n2>15</n2>
			<V>393.496</V>
			<B>0.115</B>
			<D>16.333</D>
			<E>6427.109</E>
			<L>0.061</L>
			<T>00:05:57</T>
			<MaxND>2</MaxND>
			<MIwoc>88</MIwoc>
			<MIcwc>0</MIcwc>
			<MI>88</MI>
			<operators>
				<token count="5">()</token>
				<token count="2">*</token>
				<token count="6">-&gt;</token>
				<token count="1">::</token>
				<token count="9">;</token>
				<token count="3">&lt;</token>
				<token count="5">=</token>
				<token count="1">==</token>
				<token count="4">&gt;</token>
				<token count="1">class</token>
				<token count="1">delete</token>
				<token count="2">else</token>
				<token count="2">if()</token>
				<token count="4">{}</token>
			</operators>
			<operands>
				<token count="1">LinkedList</token>
				<token count="2">ListItem</token>
				<token count="5">T</token>
				<token count="9">del_this</token>
				<token count="1">deleteElement</token>
				<token count="1">deleteHead</token>
				<token count="1">deleteTail</token>
				<token count="1">getTail</token>
				<token count="1">head</token>
				<token count="2">item</token>
				<token count="3">next</token>
				<token count="3">prev</token>
				<token count="1">searchFor</token>
				<token count="3">temp</token>
				<token count="1">void</token>
			</operands>
		</function>
		<function name="LinkedList::deleteHead()">
			<start_line>264</start_line>
			<vG_b>3</vG_b>
			<vG_e>3</vG_e>
			<params>0</params>
			<LOCphy>21</LOCphy>
			<LOCpro>17</LOCpro>
			<LOCbl>2</LOCbl>
			<LOCcom alarmed="1">1</LOCcom>
			<N>54</N>
			<N1>31</N1>
			<N2>23</N2>
			<n>25</n>
			<n1>15</n1>
			<n2>10</n2>
			<V>250.768</V>
			<B>0.088</B>
			<D>17.250</D>
			<E>4325.752</E>
			<L>0.058</L>
			<T>00:04:00</T>
			<MaxND>3</MaxND>
			<MIwoc>92</MIwoc>
			<MIcwc>17</MIcwc>
			<MI>109</MI>
			<operators>
				<token count="1">!=</token>
				<token count="1">()</token>
				<token count="1">*</token>
				<token count="3">-&gt;</token>
				<token count="1">::</token>
				<token count="5">;</token>
				<token count="2">&lt;</token>
				<token count="4">=</token>
				<token count="1">==</token>
				<token count="3">&gt;</token>
				<token count="1">class</token>
				<token count="1">delete</token>
				<token count="1">else</token>
				<token count="2">if()</token>
				<token count="4">{}</token>
			</operators>
			<operands>
				<token count="1">LinkedList</token>
				<token count="1">ListItem</token>
				<token count="4">NULL</token>
				<token count="3">T</token>
				<token count="1">deleteHead</token>
				<token count="6">head</token>
				<token count="2">next</token>
				<token count="1">prev</token>
				<token count="3">temp</token>
				<token count="1">void</token>
			</operands>
		</function>
		<function name="LinkedList::deleteTail()">
			<start_line>286</start_line>
			<vG_b>3</vG_b>
			<vG_e>3</vG_e>
			<params>0</params>
			<LOCphy>22</LOCphy>
			<LOCpro>17</LOCpro>
			<LOCbl>3</LOCbl>
			<LOCcom alarmed="1">1</LOCcom>
			<N>60</N>
			<N1>35</N1>
			<N2>25</N2>
			<n>27</n>
			<n1>15</n1>
			<n2>12</n2>
			<V>285.293</V>
			<B>0.090</B>
			<D>15.625</D>
			<E>4457.707</E>
			<L>0.064</L>
			<T>00:04:07</T>
			<MaxND>3</MaxND>
			<MIwoc>91</MIwoc>
			<MIcwc>16</MIcwc>
			<MI>107</MI>
			<operators>
				<token count="1">!=</token>
				<token count="2">()</token>
				<token count="2">*</token>
				<token count="3">-&gt;</token>
				<token count="1">::</token>
				<token count="5">;</token>
				<token count="3">&lt;</token>
				<token count="4">=</token>
				<token count="1">==</token>
				<token count="4">&gt;</token>
				<token count="1">class</token>
				<token count="1">delete</token>
				<token count="1">else</token>
				<token count="2">if()</token>
				<token count="4">{}</token>
			</operators>
			<operands>
				<token count="1">LinkedList</token>
				<token count="2">ListItem</token>
				<token count="4">NULL</token>
				<token count="4">T</token>
				<token count="2">before_tail</token>
				<token count="1">deleteTail</token>
				<token count="1">getTail</token>
				<token count="2">head</token>
				<token count="1">next</token>
				<token count="2">prev</token>
				<token count="4">temp</token>
				<token count="1">void</token>
			</operands>
		</function>
		<function name="LinkedList::length()">
			<start_line>309</start_line>
			<vG_b>2</vG_b>
			<vG_e>2</vG_e>
			<params>0</params>
			<LOCphy>12</LOCphy>
			<LOCpro>11</LOCpro>
			<LOCbl>0</LOCbl>
			<LOCcom alarmed="1">0</LOCcom>
			<N>43</N>
			<N1>24</N1>
			<N2>19</N2>
			<n>25</n>
			<n1>14</n1>
			<n2>11</n2>
			<V>199.686</V>
			<B>0.060</B>
			<D>12.091</D>
			<E>2414.383</E>
			<L>0.083</L>
			<T>00:02:14</T>
			<MaxND>2</MaxND>
			<MIwoc>103</MIwoc>
			<MIcwc>0</MIcwc>
			<MI>103</MI>
			<operators>
				<token count="1">!=</token>
				<token count="1">()</token>
				<token count="1">*</token>
				<token count="1">++</token>
				<token count="1">-&gt;</token>
				<token count="1">::</token>
				<token count="5">;</token>
				<token count="2">&lt;</token>
				<token count="3">=</token>
				<token count="3">&gt;</token>
				<token count="1">class</token>
				<token count="1">return</token>
				<token count="1">while()</token>
				<token count="2">{}</token>
			</operators>
			<operands>
				<token count="1">0</token>
				<token count="1">LinkedList</token>
				<token count="1">ListItem</token>
				<token count="1">NULL</token>
				<token count="3">T</token>
				<token count="3">count</token>
				<token count="1">head</token>
				<token count="2">int</token>
				<token count="1">length</token>
				<token count="1">next</token>
				<token count="4">temp</token>
			</operands>
		</function>
		<function name="LinkedList::reverse()">
			<start_line>322</start_line>
			<vG_b>2</vG_b>
			<vG_e>2</vG_e>
			<params>0</params>
			<LOCphy>20</LOCphy>
			<LOCpro>17</LOCpro>
			<LOCbl>2</LOCbl>
			<LOCcom alarmed="1">0</LOCcom>
			<N>85</N>
			<N1>45</N1>
			<N2>40</N2>
			<n>23</n>
			<n1>12</n1>
			<n2>11</n2>
			<V>384.503</V>
			<B>0.138</B>
			<D>21.818</D>
			<E>8389.151</E>
			<L>0.046</L>
			<T>00:07:46</T>
			<MaxND>2</MaxND>
			<MIwoc>91</MIwoc>
			<MIcwc>0</MIcwc>
			<MI>91</MI>
			<operators>
				<token count="1">!=</token>
				<token count="1">()</token>
				<token count="2">*</token>
				<token count="9">-&gt;</token>
				<token count="1">::</token>
				<token count="11">;</token>
				<token count="3">&lt;</token>
				<token count="9">=</token>
				<token count="4">&gt;</token>
				<token count="1">class</token>
				<token count="1">while()</token>
				<token count="2">{}</token>
			</operators>
			<operands>
				<token count="1">LinkedList</token>
				<token count="2">ListItem</token>
				<token count="1">NULL</token>
				<token count="4">T</token>
				<token count="2">head</token>
				<token count="5">next</token>
				<token count="4">prev</token>
				<token count="1">reverse</token>
				<token count="13">start</token>
				<token count="6">temp</token>
				<token count="1">void</token>
			</operands>
		</function>
		<function name="LinkedList::parityArrangement()">
			<start_line>343</start_line>
			<vG_b>2</vG_b>
			<vG_e>2</vG_e>
			<params>0</params>
			<LOCphy>19</LOCphy>
			<LOCpro>14</LOCpro>
			<LOCbl>4</LOCbl>
			<LOCcom alarmed="1">0</LOCcom>
			<N>81</N>
			<N1>44</N1>
			<N2>37</N2>
			<n>31</n>
			<n1>14</n1>
			<n2>17</n2>
			<V>401.290</V>
			<B>0.111</B>
			<D>15.235</D>
			<E>6113.770</E>
			<L>0.066</L>
			<T>00:05:39</T>
			<MaxND>2</MaxND>
			<MIwoc>92</MIwoc>
			<MIcwc>0</MIcwc>
			<MI>92</MI>
			<operators>
				<token count="3">()</token>
				<token count="2">*</token>
				<token count="1">++</token>
				<token count="7">-&gt;</token>
				<token count="1">/</token>
				<token count="1">::</token>
				<token count="10">;</token>
				<token count="4">&lt;</token>
				<token count="6">=</token>
				<token count="4">&gt;</token>
				<token count="1">class</token>
				<token count="1">delete</token>
				<token count="1">for()</token>
				<token count="2">{}</token>
			</operators>
			<operands>
				<token count="1">0</token>
				<token count="1">2</token>
				<token count="1">LinkedList</token>
				<token count="2">ListItem</token>
				<token count="4">T</token>
				<token count="6">even</token>
				<token count="1">head</token>
				<token count="3">i</token>
				<token count="1">insertAtTail</token>
				<token count="1">int</token>
				<token count="1">length</token>
				<token count="4">next</token>
				<token count="1">parityArrangement</token>
				<token count="2">prev</token>
				<token count="6">temp</token>
				<token count="1">value</token>
				<token count="1">void</token>
			</operands>
		</function>
		<function name="LinkedList::isPalindrome()">
			<start_line>363</start_line>
			<vG_b>11</vG_b>
			<vG_e alarmed="1">11</vG_e>
			<params>0</params>
			<LOCphy>52</LOCphy>
			<LOCpro alarmed="1">47</LOCpro>
			<LOCbl>2</LOCbl>
			<LOCcom alarmed="1">2</LOCcom>
			<N>158</N>
			<N1>98</N1>
			<N2>60</N2>
			<n>36</n>
			<n1>20</n1>
			<n2>16</n2>
			<V>816.848</V>
			<B>0.326</B>
			<D>37.500</D>
			<E>30631.805</E>
			<L>0.027</L>
			<T>00:28:21</T>
			<MaxND>4</MaxND>
			<MIwoc>70</MIwoc>
			<MIcwc>15</MIcwc>
			<MI>85</MI>
			<operators>
				<token count="4">!=</token>
				<token count="2">%</token>
				<token count="6">()</token>
				<token count="2">*</token>
				<token count="13">-&gt;</token>
				<token count="1">::</token>
				<token count="14">;</token>
				<token count="3">&lt;</token>
				<token count="6">=</token>
				<token count="6">==</token>
				<token count="4">&gt;</token>
				<token count="2">break</token>
				<token count="1">class</token>
				<token count="5">else</token>
				<token count="1">false</token>
				<token count="8">if()</token>
				<token count="6">return</token>
				<token count="1">true</token>
				<token count="2">while()</token>
				<token count="11">{}</token>
			</operators>
			<operands>
				<token count="4">0</token>
				<token count="4">1</token>
				<token count="2">2</token>
				<token count="1">LinkedList</token>
				<token count="2">ListItem</token>
				<token count="4">T</token>
				<token count="1">bool</token>
				<token count="11">fin</token>
				<token count="1">getTail</token>
				<token count="1">head</token>
				<token count="1">isPalindrome</token>
				<token count="4">length</token>
				<token count="3">next</token>
				<token count="2">prev</token>
				<token count="11">start</token>
				<token count="8">value</token>
			</operands>
		</function>
		<file_total>
			<vG_b>46</vG_b>
			<vG_e>48</vG_e>
			<vG_b_max>11</vG_b_max>
			<vG_b_avg>3</vG_b_avg>
			<vG_e_max>11</vG_e_max>
			<vG_e_avg>3</vG_e_avg>
			<params>8</params>
			<LOCphy>418</LOCphy>
			<LOCpro>356</LOCpro>
			<LOCbl>57</LOCbl>
			<LOCcom alarmed="1">5</LOCcom>
			<N>1331</N>
			<N1>775</N1>
			<N2>556</N2>
			<n>86</n>
			<n1>38</n1>
			<n2>48</n2>
			<V alarmed="1">8553.358</V>
			<B alarmed="1">5.082</B>
			<D>220.083</D>
			<E>1882451.625</E>
			<L>0.005</L>
			<T>29:03:00</T>
			<MaxND>4</MaxND>
			<MIwoc>86</MIwoc>
			<MIcwc>8</MIcwc>
			<MI>95</MI>
			<operators>
				<token count="19">!=</token>
				<token count="6">#</token>
				<token count="2">%</token>
				<token count="1">&amp;</token>
				<token count="2">&amp;&amp;</token>
				<token count="44">()</token>
				<token count="25">*</token>
				<token count="2">++</token>
				<token count="1">,</token>
				<token count="93">-&gt;</token>
				<token count="1">.</token>
				<token count="1">/</token>
				<token count="17">::</token>
				<token count="122">;</token>
				<token count="67">&lt;</token>
				<token count="81">=</token>
				<token count="22">==</token>
				<token count="64">&gt;</token>
				<token count="1">&gt;=</token>
				<token count="3">break</token>
				<token count="17">class</token>
				<token count="1">const</token>
				<token count="5">delete</token>
				<token count="21">else</token>
				<token count="1">endif</token>
				<token count="1">false</token>
				<token count="1">for()</token>
				<token count="33">if()</token>
				<token count="1">ifndef</token>
				<token count="1">namespace</token>
				<token count="4">new</token>
				<token count="14">return</token>
				<token count="17">template</token>
				<token count="1">true</token>
				<token count="1">using</token>
				<token count="10">while()</token>
				<token count="71">{}</token>
				<token count="1">~</token>
			</operators>
			<operands>
				<token count="6">0</token>
				<token count="4">1</token>
				<token count="3">2</token>
				<token count="21">LinkedList</token>
				<token count="29">ListItem</token>
				<token count="39">NULL</token>
				<token count="71">T</token>
				<token count="2">__LIST_CPP</token>
				<token count="3">afterWhat</token>
				<token count="18">after_this</token>
				<token count="12">aw</token>
				<token count="2">before_tail</token>
				<token count="1">bool</token>
				<token count="3">count</token>
				<token count="1">define</token>
				<token count="9">del_this</token>
				<token count="1">deleteElement</token>
				<token count="2">deleteHead</token>
				<token count="2">deleteTail</token>
				<token count="6">even</token>
				<token count="11">fin</token>
				<token count="3">getHead</token>
				<token count="6">getTail</token>
				<token count="36">head</token>
				<token count="3">i</token>
				<token count="3">include</token>
				<token count="1">insertAfter</token>
				<token count="4">insertAtHead</token>
				<token count="5">insertAtTail</token>
				<token count="1">insertSorted</token>
				<token count="3">int</token>
				<token count="1">isPalindrome</token>
				<token count="20">item</token>
				<token count="6">length</token>
				<token count="51">next</token>
				<token count="2">otherLinkedList</token>
				<token count="1">parityArrangement</token>
				<token count="23">prev</token>
				<token count="1">reverse</token>
				<token count="2">searchFor</token>
				<token count="24">start</token>
				<token count="1">std</token>
				<token count="5">tail_pointer</token>
				<token count="59">temp</token>
				<token count="18">ti</token>
				<token count="3">toInsert</token>
				<token count="19">value</token>
				<token count="9">void</token>
			</operands>
		</file_total>
	</file>
	<system>
		<files>1</files>
		<functions>17</functions>
		<LOCphy>418</LOCphy>
		<LOCbl>57</LOCbl>
		<LOCpro>356</LOCpro>
		<LOCcom>5</LOCcom>
		<semicolons>122</semicolons>
		<vG_b>46</vG_b>
		<vG_e>48</vG_e>
		<params>8</params>
		<MIwoc>89</MIwoc>
		<MIcw>9</MIcw>
		<MI>98</MI>
		<alarms>
			<file_vG>
				<measured>1</measured>
				<alarmed>0</alarmed>
				<percent>0</percent>
				<lowlimit>1</lowlimit>
				<highlimit>100</highlimit>
			</file_vG>
			<file_LOCpro>
				<measured>1</measured>
				<alarmed>0</alarmed>
				<percent>0</percent>
				<lowlimit>4</lowlimit>
				<highlimit>400</highlimit>
			</file_LOCpro>
			<file_comment_percent>
				<measured>1</measured>
				<alarmed>1</alarmed>
				<percent>100</percent>
				<lowlimit>30</lowlimit>
				<highlimit>75</highlimit>
			</file_comment_percent>
			<file_V>
				<measured>1</measured>
				<alarmed>1</alarmed>
				<percent>100</percent>
				<lowlimit>100</lowlimit>
				<highlimit>8000</highlimit>
			</file_V>
			<file_B>
				<measured>1</measured>
				<alarmed>1</alarmed>
				<percent>100</percent>
				<lowlimit>0</lowlimit>
				<highlimit>2</highlimit>
			</file_B>
			<file_MI>
				<measured>1</measured>
				<alarmed>0</alarmed>
				<percent>0</percent>
				<lowlimit>65</lowlimit>
			</file_MI>
			<function_vG>
				<measured>17</measured>
				<alarmed>1</alarmed>
				<percent>5</percent>
				<lowlimit>1</lowlimit>
				<highlimit>10</highlimit>
			</function_vG>
			<function_LOCpro>
				<measured>17</measured>
				<alarmed>2</alarmed>
				<percent>11</percent>
				<lowlimit>4</lowlimit>
				<highlimit>40</highlimit>
			</function_LOCpro>
			<function_comment_percent>
				<measured>17</measured>
				<alarmed>15</alarmed>
				<percent>88</percent>
				<lowlimit>30</lowlimit>
				<highlimit>75</highlimit>
			</function_comment_percent>
			<function_V>
				<measured>17</measured>
				<alarmed>0</alarmed>
				<percent>0</percent>
				<lowlimit>20</lowlimit>
				<highlimit>1000</highlimit>
			</function_V>
			<function_MI>
				<measured>17</measured>
				<alarmed>0</alarmed>
				<percent>0</percent>
				<lowlimit>65</lowlimit>
			</function_MI>
		</alarms>
		<error_messages count="0">
		</error_messages>
	</system>
</cmt_long_report>
