<?xml version="1.0" ?>
<cmt_long_report>
	<header_info>
		<cmt_version>7.0</cmt_version>
		<copyright>Copyright (c) 1993-2013 Testwell Oy</copyright>
		<copyright>Copyright (c) 2013-2018 Verifysoft Technology GmbH</copyright>
		<license_notes>
		</license_notes>
		<date>Tue Apr  4 20:48:51 2023</date>
		<cmt_options> -o C:\Users\muawi\cmt\A1_T1_S0.xml -lf -f C:\Users\muawi\cmt\files.txt</cmt_options>
		<run_directory>C:\Testwell\CMT</run_directory>
		<mccabe_preference>extended</mccabe_preference>
	</header_info>
	<file name="C:\Users\muawi\OneDrive\Documents\Study\Junior Year\Topics in Internet Research\Project\PA1_ANON_DATA\PA1_ANON_DATA\folder_0\LinkedList.cpp" stamp="1680056094">
		<function name="LinkedList::LinkedList()">
			<start_line>10</start_line>
			<vG_b>1</vG_b>
			<vG_e>1</vG_e>
			<params>0</params>
			<LOCphy>5</LOCphy>
			<LOCpro>4</LOCpro>
			<LOCbl>0</LOCbl>
			<LOCcom>0</LOCcom>
			<N>15</N>
			<N1>9</N1>
			<N2>6</N2>
			<n>12</n>
			<n1>8</n1>
			<n2>4</n2>
			<V>53.774</V>
			<B>0.016</B>
			<D>6.000</D>
			<E>322.647</E>
			<L>0.167</L>
			<T>00:00:17</T>
			<MaxND>1</MaxND>
			<MIwoc>124</MIwoc>
			<MIcwc>0</MIcwc>
			<MI>124</MI>
			<operators>
				<token count="1">()</token>
				<token count="1">::</token>
				<token count="1">;</token>
				<token count="1">&lt;</token>
				<token count="1">=</token>
				<token count="2">&gt;</token>
				<token count="1">class</token>
				<token count="1">{}</token>
			</operators>
			<operands>
				<token count="2">LinkedList</token>
				<token count="1">NULL</token>
				<token count="2">T</token>
				<token count="1">head</token>
			</operands>
		</function>
		<function name="LinkedList::LinkedList()">
			<start_line>16</start_line>
			<vG_b>2</vG_b>
			<vG_e>2</vG_e>
			<params>1</params>
			<LOCphy>17</LOCphy>
			<LOCpro>14</LOCpro>
			<LOCbl>0</LOCbl>
			<LOCcom alarmed="1">2</LOCcom>
			<N>101</N>
			<N1>57</N1>
			<N2>44</N2>
			<n>28</n>
			<n1>16</n1>
			<n2>12</n2>
			<V>485.543</V>
			<B>0.196</B>
			<D>29.333</D>
			<E>14242.590</E>
			<L>0.034</L>
			<T>00:13:11</T>
			<MaxND>2</MaxND>
			<MIwoc>92</MIwoc>
			<MIcwc>25</MIcwc>
			<MI>118</MI>
			<operators>
				<token count="1">!=</token>
				<token count="1">&amp;</token>
				<token count="4">()</token>
				<token count="3">*</token>
				<token count="7">-&gt;</token>
				<token count="2">.</token>
				<token count="1">::</token>
				<token count="8">;</token>
				<token count="7">&lt;</token>
				<token count="8">=</token>
				<token count="8">&gt;</token>
				<token count="1">class</token>
				<token count="1">const</token>
				<token count="2">new</token>
				<token count="1">while()</token>
				<token count="2">{}</token>
			</operators>
			<operands>
				<token count="3">LinkedList</token>
				<token count="5">ListItem</token>
				<token count="1">NULL</token>
				<token count="8">T</token>
				<token count="4">head</token>
				<token count="4">next</token>
				<token count="3">otherLinkedList</token>
				<token count="1">prev</token>
				<token count="3">temp</token>
				<token count="5">trackotherlist</token>
				<token count="5">trackthis</token>
				<token count="2">value</token>
			</operands>
		</function>
		<function name="LinkedList::~LinkedList()">
			<start_line>34</start_line>
			<vG_b>2</vG_b>
			<vG_e>2</vG_e>
			<params>0</params>
			<LOCphy>12</LOCphy>
			<LOCpro>10</LOCpro>
			<LOCbl>1</LOCbl>
			<LOCcom alarmed="1">0</LOCcom>
			<N>44</N>
			<N1>26</N1>
			<N2>18</N2>
			<n>21</n>
			<n1>14</n1>
			<n2>7</n2>
			<V>193.262</V>
			<B>0.077</B>
			<D>18.000</D>
			<E>3478.715</E>
			<L>0.056</L>
			<T>00:03:13</T>
			<MaxND>2</MaxND>
			<MIwoc>103</MIwoc>
			<MIcwc>0</MIcwc>
			<MI>103</MI>
			<operators>
				<token count="1">!=</token>
				<token count="1">()</token>
				<token count="2">*</token>
				<token count="1">-&gt;</token>
				<token count="1">::</token>
				<token count="4">;</token>
				<token count="3">&lt;</token>
				<token count="3">=</token>
				<token count="4">&gt;</token>
				<token count="1">class</token>
				<token count="1">delete</token>
				<token count="1">while()</token>
				<token count="2">{}</token>
				<token count="1">~</token>
			</operators>
			<operands>
				<token count="2">LinkedList</token>
				<token count="2">ListItem</token>
				<token count="1">NULL</token>
				<token count="4">T</token>
				<token count="1">head</token>
				<token count="3">next</token>
				<token count="5">track</token>
			</operands>
		</function>
		<function name="LinkedList::insertAtHead()">
			<start_line>47</start_line>
			<vG_b>2</vG_b>
			<vG_e>2</vG_e>
			<params>1</params>
			<LOCphy>14</LOCphy>
			<LOCpro>12</LOCpro>
			<LOCbl>1</LOCbl>
			<LOCcom alarmed="1">0</LOCcom>
			<N>61</N>
			<N1>34</N1>
			<N2>27</N2>
			<n>25</n>
			<n1>14</n1>
			<n2>11</n2>
			<V>283.275</V>
			<B>0.096</B>
			<D>17.182</D>
			<E>4867.184</E>
			<L>0.058</L>
			<T>00:04:30</T>
			<MaxND>2</MaxND>
			<MIwoc>98</MIwoc>
			<MIcwc>0</MIcwc>
			<MI>98</MI>
			<operators>
				<token count="1">!=</token>
				<token count="3">()</token>
				<token count="1">*</token>
				<token count="2">-&gt;</token>
				<token count="1">::</token>
				<token count="5">;</token>
				<token count="4">&lt;</token>
				<token count="5">=</token>
				<token count="5">&gt;</token>
				<token count="1">class</token>
				<token count="1">else</token>
				<token count="1">if()</token>
				<token count="2">new</token>
				<token count="2">{}</token>
			</operators>
			<operands>
				<token count="1">LinkedList</token>
				<token count="3">ListItem</token>
				<token count="1">NULL</token>
				<token count="6">T</token>
				<token count="5">head</token>
				<token count="1">insertAtHead</token>
				<token count="3">item</token>
				<token count="1">next</token>
				<token count="1">prev</token>
				<token count="4">temp</token>
				<token count="1">void</token>
			</operands>
		</function>
		<function name="LinkedList::insertAtTail()">
			<start_line>62</start_line>
			<vG_b>2</vG_b>
			<vG_e>2</vG_e>
			<params>1</params>
			<LOCphy>15</LOCphy>
			<LOCpro>14</LOCpro>
			<LOCbl>0</LOCbl>
			<LOCcom alarmed="1">0</LOCcom>
			<N>62</N>
			<N1>35</N1>
			<N2>27</N2>
			<n>28</n>
			<n1>14</n1>
			<n2>14</n2>
			<V>298.056</V>
			<B>0.084</B>
			<D>13.500</D>
			<E>4023.756</E>
			<L>0.074</L>
			<T>00:03:43</T>
			<MaxND>2</MaxND>
			<MIwoc>97</MIwoc>
			<MIcwc>0</MIcwc>
			<MI>97</MI>
			<operators>
				<token count="4">()</token>
				<token count="2">*</token>
				<token count="2">-&gt;</token>
				<token count="1">::</token>
				<token count="5">;</token>
				<token count="4">&lt;</token>
				<token count="4">=</token>
				<token count="1">==</token>
				<token count="5">&gt;</token>
				<token count="1">class</token>
				<token count="1">else</token>
				<token count="1">if()</token>
				<token count="1">new</token>
				<token count="3">{}</token>
			</operators>
			<operands>
				<token count="1">LinkedList</token>
				<token count="3">ListItem</token>
				<token count="1">NULL</token>
				<token count="6">T</token>
				<token count="1">getTail</token>
				<token count="1">head</token>
				<token count="1">insertAtHead</token>
				<token count="1">insertAtTail</token>
				<token count="3">item</token>
				<token count="3">n</token>
				<token count="1">next</token>
				<token count="1">prev</token>
				<token count="3">tail</token>
				<token count="1">void</token>
			</operands>
		</function>
		<function name="LinkedList::insertAfter()">
			<start_line>78</start_line>
			<vG_b>2</vG_b>
			<vG_e>2</vG_e>
			<params>2</params>
			<LOCphy>11</LOCphy>
			<LOCpro>10</LOCpro>
			<LOCbl>0</LOCbl>
			<LOCcom alarmed="1">0</LOCcom>
			<N>78</N>
			<N1>41</N1>
			<N2>37</N2>
			<n>27</n>
			<n1>14</n1>
			<n2>13</n2>
			<V>370.881</V>
			<B>0.126</B>
			<D>19.923</D>
			<E>7389.095</E>
			<L>0.050</L>
			<T>00:06:50</T>
			<MaxND>1</MaxND>
			<MIwoc>101</MIwoc>
			<MIcwc>0</MIcwc>
			<MI>101</MI>
			<operators>
				<token count="1">!=</token>
				<token count="4">()</token>
				<token count="2">*</token>
				<token count="1">,</token>
				<token count="7">-&gt;</token>
				<token count="1">::</token>
				<token count="6">;</token>
				<token count="4">&lt;</token>
				<token count="6">=</token>
				<token count="5">&gt;</token>
				<token count="1">class</token>
				<token count="1">if()</token>
				<token count="1">new</token>
				<token count="1">{}</token>
			</operators>
			<operands>
				<token count="1">LinkedList</token>
				<token count="3">ListItem</token>
				<token count="1">NULL</token>
				<token count="7">T</token>
				<token count="2">afterWhat</token>
				<token count="6">find</token>
				<token count="5">insert</token>
				<token count="1">insertAfter</token>
				<token count="5">next</token>
				<token count="2">prev</token>
				<token count="1">searchFor</token>
				<token count="2">toInsert</token>
				<token count="1">void</token>
			</operands>
		</function>
		<function name="LinkedList::insertSorted()">
			<start_line>90</start_line>
			<vG_b>5</vG_b>
			<vG_e>6</vG_e>
			<params>1</params>
			<LOCphy>32</LOCphy>
			<LOCpro>21</LOCpro>
			<LOCbl>4</LOCbl>
			<LOCcom alarmed="1">6</LOCcom>
			<N>87</N>
			<N1>50</N1>
			<N2>37</N2>
			<n>32</n>
			<n1>18</n1>
			<n2>14</n2>
			<V>435.000</V>
			<B>0.158</B>
			<D>23.786</D>
			<E>10346.786</E>
			<L>0.042</L>
			<T>00:09:34</T>
			<MaxND>2</MaxND>
			<MIwoc>82</MIwoc>
			<MIcwc>31</MIcwc>
			<MI>113</MI>
			<operators>
				<token count="1">!=</token>
				<token count="7">()</token>
				<token count="1">*</token>
				<token count="1">,</token>
				<token count="7">-&gt;</token>
				<token count="1">::</token>
				<token count="8">;</token>
				<token count="2">&lt;</token>
				<token count="2">=</token>
				<token count="2">==</token>
				<token count="5">&gt;</token>
				<token count="1">break</token>
				<token count="1">class</token>
				<token count="3">if()</token>
				<token count="2">return</token>
				<token count="1">while()</token>
				<token count="4">{}</token>
				<token count="1">||</token>
			</operators>
			<operands>
				<token count="1">LinkedList</token>
				<token count="1">ListItem</token>
				<token count="3">NULL</token>
				<token count="4">T</token>
				<token count="1">head</token>
				<token count="1">insertAfter</token>
				<token count="1">insertAtHead</token>
				<token count="1">insertAtTail</token>
				<token count="1">insertSorted</token>
				<token count="6">item</token>
				<token count="4">next</token>
				<token count="9">track</token>
				<token count="3">value</token>
				<token count="1">void</token>
			</operands>
		</function>
		<function name="LinkedList::getHead()">
			<start_line>123</start_line>
			<vG_b>1</vG_b>
			<vG_e>1</vG_e>
			<params>0</params>
			<LOCphy>5</LOCphy>
			<LOCpro>4</LOCpro>
			<LOCbl>0</LOCbl>
			<LOCcom>0</LOCcom>
			<N>19</N>
			<N1>12</N1>
			<N2>7</N2>
			<n>14</n>
			<n1>9</n1>
			<n2>5</n2>
			<V>72.340</V>
			<B>0.020</B>
			<D>6.300</D>
			<E>455.740</E>
			<L>0.159</L>
			<T>00:00:25</T>
			<MaxND>1</MaxND>
			<MIwoc>122</MIwoc>
			<MIcwc>0</MIcwc>
			<MI>122</MI>
			<operators>
				<token count="1">()</token>
				<token count="1">*</token>
				<token count="1">::</token>
				<token count="1">;</token>
				<token count="2">&lt;</token>
				<token count="3">&gt;</token>
				<token count="1">class</token>
				<token count="1">return</token>
				<token count="1">{}</token>
			</operators>
			<operands>
				<token count="1">LinkedList</token>
				<token count="1">ListItem</token>
				<token count="3">T</token>
				<token count="1">getHead</token>
				<token count="1">head</token>
			</operands>
		</function>
		<function name="LinkedList::getTail()">
			<start_line>129</start_line>
			<vG_b>3</vG_b>
			<vG_e>3</vG_e>
			<params>0</params>
			<LOCphy>19</LOCphy>
			<LOCpro>13</LOCpro>
			<LOCbl>1</LOCbl>
			<LOCcom alarmed="1">4</LOCcom>
			<N>49</N>
			<N1>29</N1>
			<N2>20</N2>
			<n>23</n>
			<n1>15</n1>
			<n2>8</n2>
			<V>221.655</V>
			<B>0.086</B>
			<D>18.750</D>
			<E>4156.022</E>
			<L>0.053</L>
			<T>00:03:50</T>
			<MaxND>2</MaxND>
			<MIwoc>95</MIwoc>
			<MIcwc>33</MIcwc>
			<MI>127</MI>
			<operators>
				<token count="1">!=</token>
				<token count="1">()</token>
				<token count="2">*</token>
				<token count="2">-&gt;</token>
				<token count="1">::</token>
				<token count="4">;</token>
				<token count="3">&lt;</token>
				<token count="2">=</token>
				<token count="1">==</token>
				<token count="4">&gt;</token>
				<token count="1">class</token>
				<token count="1">if()</token>
				<token count="2">return</token>
				<token count="1">while()</token>
				<token count="3">{}</token>
			</operators>
			<operands>
				<token count="1">LinkedList</token>
				<token count="2">ListItem</token>
				<token count="3">NULL</token>
				<token count="4">T</token>
				<token count="1">getTail</token>
				<token count="1">head</token>
				<token count="2">next</token>
				<token count="6">track</token>
			</operands>
		</function>
		<function name="LinkedList::searchFor()">
			<start_line>149</start_line>
			<vG_b>4</vG_b>
			<vG_e>4</vG_e>
			<params>1</params>
			<LOCphy>15</LOCphy>
			<LOCpro>14</LOCpro>
			<LOCbl>0</LOCbl>
			<LOCcom alarmed="1">0</LOCcom>
			<N>61</N>
			<N1>35</N1>
			<N2>26</N2>
			<n>27</n>
			<n1>17</n1>
			<n2>10</n2>
			<V>290.048</V>
			<B>0.115</B>
			<D>22.100</D>
			<E>6410.064</E>
			<L>0.045</L>
			<T>00:05:56</T>
			<MaxND>2</MaxND>
			<MIwoc>97</MIwoc>
			<MIcwc>0</MIcwc>
			<MI>97</MI>
			<operators>
				<token count="1">!=</token>
				<token count="1">()</token>
				<token count="2">*</token>
				<token count="4">-&gt;</token>
				<token count="1">::</token>
				<token count="5">;</token>
				<token count="3">&lt;</token>
				<token count="2">=</token>
				<token count="2">==</token>
				<token count="4">&gt;</token>
				<token count="1">break</token>
				<token count="1">class</token>
				<token count="1">else</token>
				<token count="2">if()</token>
				<token count="2">return</token>
				<token count="1">while()</token>
				<token count="2">{}</token>
			</operators>
			<operands>
				<token count="1">LinkedList</token>
				<token count="2">ListItem</token>
				<token count="2">NULL</token>
				<token count="5">T</token>
				<token count="7">find</token>
				<token count="1">head</token>
				<token count="3">item</token>
				<token count="2">next</token>
				<token count="1">searchFor</token>
				<token count="2">value</token>
			</operands>
		</function>
		<function name="LinkedList::deleteElement()">
			<start_line>165</start_line>
			<vG_b>3</vG_b>
			<vG_e>3</vG_e>
			<params>1</params>
			<LOCphy>18</LOCphy>
			<LOCpro>17</LOCpro>
			<LOCbl>0</LOCbl>
			<LOCcom alarmed="1">0</LOCcom>
			<N>72</N>
			<N1>41</N1>
			<N2>31</N2>
			<n>27</n>
			<n1>14</n1>
			<n2>13</n2>
			<V>342.352</V>
			<B>0.107</B>
			<D>16.692</D>
			<E>5714.643</E>
			<L>0.060</L>
			<T>00:05:17</T>
			<MaxND>2</MaxND>
			<MIwoc>93</MIwoc>
			<MIcwc>0</MIcwc>
			<MI>93</MI>
			<operators>
				<token count="4">()</token>
				<token count="1">*</token>
				<token count="8">-&gt;</token>
				<token count="1">::</token>
				<token count="8">;</token>
				<token count="2">&lt;</token>
				<token count="3">=</token>
				<token count="2">==</token>
				<token count="3">&gt;</token>
				<token count="1">class</token>
				<token count="1">delete</token>
				<token count="2">if()</token>
				<token count="2">return</token>
				<token count="3">{}</token>
			</operators>
			<operands>
				<token count="1">LinkedList</token>
				<token count="1">ListItem</token>
				<token count="2">NULL</token>
				<token count="4">T</token>
				<token count="1">deleteElement</token>
				<token count="1">deleteHead</token>
				<token count="1">deleteTail</token>
				<token count="8">find</token>
				<token count="2">item</token>
				<token count="4">next</token>
				<token count="4">prev</token>
				<token count="1">searchFor</token>
				<token count="1">void</token>
			</operands>
		</function>
		<function name="LinkedList::deleteHead()">
			<start_line>184</start_line>
			<vG_b>2</vG_b>
			<vG_e>2</vG_e>
			<params>0</params>
			<LOCphy>9</LOCphy>
			<LOCpro>8</LOCpro>
			<LOCbl>0</LOCbl>
			<LOCcom>0</LOCcom>
			<N>44</N>
			<N1>24</N1>
			<N2>20</N2>
			<n>23</n>
			<n1>13</n1>
			<n2>10</n2>
			<V>199.037</V>
			<B>0.063</B>
			<D>13.000</D>
			<E>2587.478</E>
			<L>0.077</L>
			<T>00:02:23</T>
			<MaxND>1</MaxND>
			<MIwoc>107</MIwoc>
			<MIcwc>0</MIcwc>
			<MI>107</MI>
			<operators>
				<token count="1">!=</token>
				<token count="1">()</token>
				<token count="1">*</token>
				<token count="4">-&gt;</token>
				<token count="1">::</token>
				<token count="4">;</token>
				<token count="2">&lt;</token>
				<token count="3">=</token>
				<token count="3">&gt;</token>
				<token count="1">class</token>
				<token count="1">delete</token>
				<token count="1">if()</token>
				<token count="1">{}</token>
			</operators>
			<operands>
				<token count="1">LinkedList</token>
				<token count="1">ListItem</token>
				<token count="2">NULL</token>
				<token count="3">T</token>
				<token count="1">deleteHead</token>
				<token count="5">head</token>
				<token count="3">next</token>
				<token count="1">prev</token>
				<token count="2">temp</token>
				<token count="1">void</token>
			</operands>
		</function>
		<function name="LinkedList::deleteTail()">
			<start_line>194</start_line>
			<vG_b>3</vG_b>
			<vG_e>3</vG_e>
			<params>0</params>
			<LOCphy>12</LOCphy>
			<LOCpro>11</LOCpro>
			<LOCbl>0</LOCbl>
			<LOCcom alarmed="1">0</LOCcom>
			<N>50</N>
			<N1>29</N1>
			<N2>21</N2>
			<n>27</n>
			<n1>16</n1>
			<n2>11</n2>
			<V>237.744</V>
			<B>0.079</B>
			<D>15.273</D>
			<E>3631.005</E>
			<L>0.065</L>
			<T>00:03:21</T>
			<MaxND>1</MaxND>
			<MIwoc>102</MIwoc>
			<MIcwc>0</MIcwc>
			<MI>102</MI>
			<operators>
				<token count="1">!=</token>
				<token count="2">()</token>
				<token count="1">*</token>
				<token count="3">-&gt;</token>
				<token count="1">::</token>
				<token count="5">;</token>
				<token count="2">&lt;</token>
				<token count="3">=</token>
				<token count="1">==</token>
				<token count="3">&gt;</token>
				<token count="1">class</token>
				<token count="1">delete</token>
				<token count="1">else</token>
				<token count="2">if()</token>
				<token count="1">return</token>
				<token count="1">{}</token>
			</operators>
			<operands>
				<token count="1">LinkedList</token>
				<token count="1">ListItem</token>
				<token count="4">NULL</token>
				<token count="3">T</token>
				<token count="1">deleteTail</token>
				<token count="1">getTail</token>
				<token count="2">head</token>
				<token count="1">next</token>
				<token count="2">prev</token>
				<token count="4">tail</token>
				<token count="1">void</token>
			</operands>
		</function>
		<function name="LinkedList::length()">
			<start_line>207</start_line>
			<vG_b>3</vG_b>
			<vG_e>3</vG_e>
			<params>0</params>
			<LOCphy>15</LOCphy>
			<LOCpro>13</LOCpro>
			<LOCbl>1</LOCbl>
			<LOCcom alarmed="1">0</LOCcom>
			<N>50</N>
			<N1>28</N1>
			<N2>22</N2>
			<n>27</n>
			<n1>16</n1>
			<n2>11</n2>
			<V>237.744</V>
			<B>0.081</B>
			<D>16.000</D>
			<E>3803.910</E>
			<L>0.063</L>
			<T>00:03:31</T>
			<MaxND>2</MaxND>
			<MIwoc>98</MIwoc>
			<MIcwc>0</MIcwc>
			<MI>98</MI>
			<operators>
				<token count="1">!=</token>
				<token count="1">()</token>
				<token count="1">*</token>
				<token count="1">++</token>
				<token count="1">-&gt;</token>
				<token count="1">::</token>
				<token count="6">;</token>
				<token count="2">&lt;</token>
				<token count="3">=</token>
				<token count="1">==</token>
				<token count="3">&gt;</token>
				<token count="1">class</token>
				<token count="1">if()</token>
				<token count="2">return</token>
				<token count="1">while()</token>
				<token count="2">{}</token>
			</operators>
			<operands>
				<token count="2">0</token>
				<token count="1">LinkedList</token>
				<token count="1">ListItem</token>
				<token count="2">NULL</token>
				<token count="3">T</token>
				<token count="2">head</token>
				<token count="2">int</token>
				<token count="3">l</token>
				<token count="1">length</token>
				<token count="1">next</token>
				<token count="4">track</token>
			</operands>
		</function>
		<function name="LinkedList::reverse()">
			<start_line>223</start_line>
			<vG_b>4</vG_b>
			<vG_e>4</vG_e>
			<params>0</params>
			<LOCphy>23</LOCphy>
			<LOCpro>22</LOCpro>
			<LOCbl>0</LOCbl>
			<LOCcom alarmed="1">0</LOCcom>
			<N>91</N>
			<N1>52</N1>
			<N2>39</N2>
			<n>28</n>
			<n1>15</n1>
			<n2>13</n2>
			<V>437.469</V>
			<B>0.153</B>
			<D>22.500</D>
			<E>9843.060</E>
			<L>0.044</L>
			<T>00:09:06</T>
			<MaxND>2</MaxND>
			<MIwoc>88</MIwoc>
			<MIcwc>0</MIcwc>
			<MI>88</MI>
			<operators>
				<token count="1">!=</token>
				<token count="2">()</token>
				<token count="3">*</token>
				<token count="6">-&gt;</token>
				<token count="1">::</token>
				<token count="10">;</token>
				<token count="4">&lt;</token>
				<token count="8">=</token>
				<token count="2">==</token>
				<token count="5">&gt;</token>
				<token count="1">class</token>
				<token count="2">if()</token>
				<token count="2">return</token>
				<token count="1">while()</token>
				<token count="4">{}</token>
			</operators>
			<operands>
				<token count="1">LinkedList</token>
				<token count="3">ListItem</token>
				<token count="3">NULL</token>
				<token count="5">T</token>
				<token count="1">getTail</token>
				<token count="4">head</token>
				<token count="4">next</token>
				<token count="2">prev</token>
				<token count="1">reverse</token>
				<token count="4">tail</token>
				<token count="2">temp</token>
				<token count="8">track</token>
				<token count="1">void</token>
			</operands>
		</function>
		<function name="LinkedList::parityArrangement()">
			<start_line>247</start_line>
			<vG_b>5</vG_b>
			<vG_e>7</vG_e>
			<params>0</params>
			<LOCphy>21</LOCphy>
			<LOCpro>20</LOCpro>
			<LOCbl>0</LOCbl>
			<LOCcom alarmed="1">0</LOCcom>
			<N>111</N>
			<N1>60</N1>
			<N2>51</N2>
			<n>28</n>
			<n1>17</n1>
			<n2>11</n2>
			<V>533.616</V>
			<B>0.254</B>
			<D>39.409</D>
			<E>21029.338</E>
			<L>0.025</L>
			<T>00:19:28</T>
			<MaxND>2</MaxND>
			<MIwoc>87</MIwoc>
			<MIcwc>0</MIcwc>
			<MI>87</MI>
			<operators>
				<token count="4">!=</token>
				<token count="1">&amp;&amp;</token>
				<token count="1">()</token>
				<token count="3">*</token>
				<token count="12">-&gt;</token>
				<token count="1">::</token>
				<token count="9">;</token>
				<token count="4">&lt;</token>
				<token count="8">=</token>
				<token count="2">==</token>
				<token count="5">&gt;</token>
				<token count="1">class</token>
				<token count="3">if()</token>
				<token count="1">return</token>
				<token count="1">while()</token>
				<token count="3">{}</token>
				<token count="1">||</token>
			</operators>
			<operands>
				<token count="1">LinkedList</token>
				<token count="3">ListItem</token>
				<token count="6">NULL</token>
				<token count="5">T</token>
				<token count="9">even</token>
				<token count="2">head</token>
				<token count="12">next</token>
				<token count="9">odd</token>
				<token count="1">parityArrangement</token>
				<token count="2">temp</token>
				<token count="1">void</token>
			</operands>
		</function>
		<function name="LinkedList::isPalindrome()">
			<start_line>270</start_line>
			<vG_b>4</vG_b>
			<vG_e>4</vG_e>
			<params>0</params>
			<LOCphy>20</LOCphy>
			<LOCpro>18</LOCpro>
			<LOCbl>1</LOCbl>
			<LOCcom alarmed="1">0</LOCcom>
			<N>81</N>
			<N1>46</N1>
			<N2>35</N2>
			<n>31</n>
			<n1>15</n1>
			<n2>16</n2>
			<V>401.290</V>
			<B>0.117</B>
			<D>16.406</D>
			<E>6583.663</E>
			<L>0.061</L>
			<T>00:06:05</T>
			<MaxND>2</MaxND>
			<MIwoc>90</MIwoc>
			<MIcwc>0</MIcwc>
			<MI>90</MI>
			<operators>
				<token count="2">!=</token>
				<token count="2">()</token>
				<token count="3">*</token>
				<token count="5">-&gt;</token>
				<token count="1">::</token>
				<token count="8">;</token>
				<token count="4">&lt;</token>
				<token count="5">=</token>
				<token count="1">==</token>
				<token count="5">&gt;</token>
				<token count="1">class</token>
				<token count="2">if()</token>
				<token count="3">return</token>
				<token count="1">while()</token>
				<token count="3">{}</token>
			</operators>
			<operands>
				<token count="2">0</token>
				<token count="1">1</token>
				<token count="1">LinkedList</token>
				<token count="3">ListItem</token>
				<token count="2">NULL</token>
				<token count="5">T</token>
				<token count="1">bool</token>
				<token count="1">getTail</token>
				<token count="2">head</token>
				<token count="5">headtrack</token>
				<token count="1">isPalindrome</token>
				<token count="2">next</token>
				<token count="1">prev</token>
				<token count="2">tail</token>
				<token count="4">tailtrack</token>
				<token count="2">value</token>
			</operands>
		</function>
		<file_total>
			<vG_b>33</vG_b>
			<vG_e>36</vG_e>
			<vG_b_max>5</vG_b_max>
			<vG_b_avg>2</vG_b_avg>
			<vG_e_max>7</vG_e_max>
			<vG_e_avg>3</vG_e_avg>
			<params>8</params>
			<LOCphy>290</LOCphy>
			<LOCpro>248</LOCpro>
			<LOCbl>30</LOCbl>
			<LOCcom alarmed="1">12</LOCcom>
			<N>1126</N>
			<N1>652</N1>
			<N2>474</N2>
			<n>81</n>
			<n1>33</n1>
			<n2>48</n2>
			<V>7138.671</V>
			<B alarmed="1">3.687</B>
			<D>162.938</D>
			<E>1163157.250</E>
			<L>0.006</L>
			<T>17:56:59</T>
			<MaxND>2</MaxND>
			<MIwoc>93</MIwoc>
			<MIcwc>15</MIcwc>
			<MI>109</MI>
			<operators>
				<token count="17">!=</token>
				<token count="5">#</token>
				<token count="1">&amp;</token>
				<token count="1">&amp;&amp;</token>
				<token count="40">()</token>
				<token count="29">*</token>
				<token count="1">++</token>
				<token count="2">,</token>
				<token count="71">-&gt;</token>
				<token count="2">.</token>
				<token count="17">::</token>
				<token count="98">;</token>
				<token count="70">&lt;</token>
				<token count="66">=</token>
				<token count="15">==</token>
				<token count="72">&gt;</token>
				<token count="2">break</token>
				<token count="17">class</token>
				<token count="1">const</token>
				<token count="4">delete</token>
				<token count="4">else</token>
				<token count="1">endif</token>
				<token count="22">if()</token>
				<token count="1">ifndef</token>
				<token count="1">namespace</token>
				<token count="6">new</token>
				<token count="18">return</token>
				<token count="17">template</token>
				<token count="1">using</token>
				<token count="9">while()</token>
				<token count="38">{}</token>
				<token count="2">||</token>
				<token count="1">~</token>
			</operators>
			<operands>
				<token count="4">0</token>
				<token count="1">1</token>
				<token count="21">LinkedList</token>
				<token count="35">ListItem</token>
				<token count="35">NULL</token>
				<token count="77">T</token>
				<token count="2">__LIST_CPP</token>
				<token count="2">afterWhat</token>
				<token count="1">bool</token>
				<token count="1">define</token>
				<token count="1">deleteElement</token>
				<token count="2">deleteHead</token>
				<token count="2">deleteTail</token>
				<token count="9">even</token>
				<token count="21">find</token>
				<token count="1">getHead</token>
				<token count="5">getTail</token>
				<token count="33">head</token>
				<token count="5">headtrack</token>
				<token count="2">include</token>
				<token count="5">insert</token>
				<token count="2">insertAfter</token>
				<token count="3">insertAtHead</token>
				<token count="2">insertAtTail</token>
				<token count="1">insertSorted</token>
				<token count="2">int</token>
				<token count="1">isPalindrome</token>
				<token count="17">item</token>
				<token count="3">l</token>
				<token count="1">length</token>
				<token count="3">n</token>
				<token count="49">next</token>
				<token count="9">odd</token>
				<token count="3">otherLinkedList</token>
				<token count="1">parityArrangement</token>
				<token count="15">prev</token>
				<token count="1">reverse</token>
				<token count="3">searchFor</token>
				<token count="1">std</token>
				<token count="13">tail</token>
				<token count="4">tailtrack</token>
				<token count="13">temp</token>
				<token count="2">toInsert</token>
				<token count="32">track</token>
				<token count="5">trackotherlist</token>
				<token count="5">trackthis</token>
				<token count="9">value</token>
				<token count="9">void</token>
			</operands>
		</file_total>
	</file>
	<system>
		<files>1</files>
		<functions>17</functions>
		<LOCphy>290</LOCphy>
		<LOCbl>30</LOCbl>
		<LOCpro>248</LOCpro>
		<LOCcom>12</LOCcom>
		<semicolons>98</semicolons>
		<vG_b>33</vG_b>
		<vG_e>36</vG_e>
		<params>8</params>
		<MIwoc>96</MIwoc>
		<MIcw>16</MIcw>
		<MI>113</MI>
		<alarms>
			<file_vG>
				<measured>1</measured>
				<alarmed>0</alarmed>
				<percent>0</percent>
				<lowlimit>1</lowlimit>
				<highlimit>100</highlimit>
			</file_vG>
			<file_LOCpro>
				<measured>1</measured>
				<alarmed>0</alarmed>
				<percent>0</percent>
				<lowlimit>4</lowlimit>
				<highlimit>400</highlimit>
			</file_LOCpro>
			<file_comment_percent>
				<measured>1</measured>
				<alarmed>1</alarmed>
				<percent>100</percent>
				<lowlimit>30</lowlimit>
				<highlimit>75</highlimit>
			</file_comment_percent>
			<file_V>
				<measured>1</measured>
				<alarmed>0</alarmed>
				<percent>0</percent>
				<lowlimit>100</lowlimit>
				<highlimit>8000</highlimit>
			</file_V>
			<file_B>
				<measured>1</measured>
				<alarmed>1</alarmed>
				<percent>100</percent>
				<lowlimit>0</lowlimit>
				<highlimit>2</highlimit>
			</file_B>
			<file_MI>
				<measured>1</measured>
				<alarmed>0</alarmed>
				<percent>0</percent>
				<lowlimit>65</lowlimit>
			</file_MI>
			<function_vG>
				<measured>17</measured>
				<alarmed>0</alarmed>
				<percent>0</percent>
				<lowlimit>1</lowlimit>
				<highlimit>10</highlimit>
			</function_vG>
			<function_LOCpro>
				<measured>17</measured>
				<alarmed>0</alarmed>
				<percent>0</percent>
				<lowlimit>4</lowlimit>
				<highlimit>40</highlimit>
			</function_LOCpro>
			<function_comment_percent>
				<measured>17</measured>
				<alarmed>14</alarmed>
				<percent>82</percent>
				<lowlimit>30</lowlimit>
				<highlimit>75</highlimit>
			</function_comment_percent>
			<function_V>
				<measured>17</measured>
				<alarmed>0</alarmed>
				<percent>0</percent>
				<lowlimit>20</lowlimit>
				<highlimit>1000</highlimit>
			</function_V>
			<function_MI>
				<measured>17</measured>
				<alarmed>0</alarmed>
				<percent>0</percent>
				<lowlimit>65</lowlimit>
			</function_MI>
		</alarms>
		<error_messages count="0">
		</error_messages>
	</system>
</cmt_long_report>
