<?xml version="1.0" ?>
<cmt_long_report>
	<header_info>
		<cmt_version>7.0</cmt_version>
		<copyright>Copyright (c) 1993-2013 Testwell Oy</copyright>
		<copyright>Copyright (c) 2013-2018 Verifysoft Technology GmbH</copyright>
		<license_notes>
		</license_notes>
		<date>Tue Apr  4 21:30:12 2023</date>
		<cmt_options> -o C:\Users\muawi\cmt\A1_T1_S70.xml -lf -f C:\Users\muawi\cmt\files.txt</cmt_options>
		<run_directory>C:\Testwell\CMT</run_directory>
		<mccabe_preference>extended</mccabe_preference>
	</header_info>
	<file name="C:\Users\muawi\OneDrive\Documents\Study\Junior Year\Topics in Internet Research\Project\PA1_ANON_DATA\PA1_ANON_DATA\folder_70\LinkedList.cpp" stamp="1680056142">
		<function name="LinkedList::LinkedList()">
			<start_line>11</start_line>
			<vG_b>1</vG_b>
			<vG_e>1</vG_e>
			<params>0</params>
			<LOCphy>6</LOCphy>
			<LOCpro>4</LOCpro>
			<LOCbl>1</LOCbl>
			<LOCcom>0</LOCcom>
			<N>15</N>
			<N1>9</N1>
			<N2>6</N2>
			<n>12</n>
			<n1>8</n1>
			<n2>4</n2>
			<V>53.774</V>
			<B>0.016</B>
			<D>6.000</D>
			<E>322.647</E>
			<L>0.167</L>
			<T>00:00:17</T>
			<MaxND>1</MaxND>
			<MIwoc>121</MIwoc>
			<MIcwc>0</MIcwc>
			<MI>121</MI>
			<operators>
				<token count="1">()</token>
				<token count="1">::</token>
				<token count="1">;</token>
				<token count="1">&lt;</token>
				<token count="1">=</token>
				<token count="2">&gt;</token>
				<token count="1">class</token>
				<token count="1">{}</token>
			</operators>
			<operands>
				<token count="2">LinkedList</token>
				<token count="1">NULL</token>
				<token count="2">T</token>
				<token count="1">head</token>
			</operands>
		</function>
		<function name="LinkedList::LinkedList()">
			<start_line>18</start_line>
			<vG_b>3</vG_b>
			<vG_e>3</vG_e>
			<params>1</params>
			<LOCphy>23</LOCphy>
			<LOCpro>18</LOCpro>
			<LOCbl>4</LOCbl>
			<LOCcom alarmed="1">0</LOCcom>
			<N>64</N>
			<N1>37</N1>
			<N2>27</N2>
			<n>29</n>
			<n1>18</n1>
			<n2>11</n2>
			<V>310.911</V>
			<B>0.120</B>
			<D>22.091</D>
			<E>6868.302</E>
			<L>0.045</L>
			<T>00:06:21</T>
			<MaxND>3</MaxND>
			<MIwoc>90</MIwoc>
			<MIcwc>0</MIcwc>
			<MI>90</MI>
			<operators>
				<token count="1">!=</token>
				<token count="1">&amp;</token>
				<token count="3">()</token>
				<token count="1">*</token>
				<token count="2">-&gt;</token>
				<token count="1">.</token>
				<token count="1">::</token>
				<token count="6">;</token>
				<token count="3">&lt;</token>
				<token count="4">=</token>
				<token count="1">==</token>
				<token count="4">&gt;</token>
				<token count="1">class</token>
				<token count="1">const</token>
				<token count="1">else</token>
				<token count="1">if()</token>
				<token count="1">while()</token>
				<token count="4">{}</token>
			</operators>
			<operands>
				<token count="3">LinkedList</token>
				<token count="1">ListItem</token>
				<token count="4">NULL</token>
				<token count="4">T</token>
				<token count="1">getHead</token>
				<token count="2">head</token>
				<token count="1">insertAtTail</token>
				<token count="1">next</token>
				<token count="2">otherLinkedList</token>
				<token count="7">temp</token>
				<token count="1">value</token>
			</operands>
		</function>
		<function name="LinkedList::~LinkedList()">
			<start_line>42</start_line>
			<vG_b>2</vG_b>
			<vG_e>2</vG_e>
			<params>0</params>
			<LOCphy>8</LOCphy>
			<LOCpro>7</LOCpro>
			<LOCbl>0</LOCbl>
			<LOCcom>0</LOCcom>
			<N>20</N>
			<N1>13</N1>
			<N2>7</N2>
			<n>15</n>
			<n1>10</n1>
			<n2>5</n2>
			<V>78.138</V>
			<B>0.022</B>
			<D>7.000</D>
			<E>546.965</E>
			<L>0.143</L>
			<T>00:00:30</T>
			<MaxND>2</MaxND>
			<MIwoc>114</MIwoc>
			<MIcwc>0</MIcwc>
			<MI>114</MI>
			<operators>
				<token count="1">!=</token>
				<token count="2">()</token>
				<token count="1">::</token>
				<token count="1">;</token>
				<token count="1">&lt;</token>
				<token count="2">&gt;</token>
				<token count="1">class</token>
				<token count="1">while()</token>
				<token count="2">{}</token>
				<token count="1">~</token>
			</operators>
			<operands>
				<token count="2">LinkedList</token>
				<token count="1">NULL</token>
				<token count="2">T</token>
				<token count="1">deleteHead</token>
				<token count="1">head</token>
			</operands>
		</function>
		<function name="LinkedList::insertAtHead()">
			<start_line>52</start_line>
			<vG_b>3</vG_b>
			<vG_e>3</vG_e>
			<params>1</params>
			<LOCphy>21</LOCphy>
			<LOCpro>18</LOCpro>
			<LOCbl>2</LOCbl>
			<LOCcom alarmed="1">0</LOCcom>
			<N>89</N>
			<N1>48</N1>
			<N2>41</N2>
			<n>27</n>
			<n1>15</n1>
			<n2>12</n2>
			<V>423.185</V>
			<B>0.163</B>
			<D>25.625</D>
			<E>10844.115</E>
			<L>0.039</L>
			<T>00:10:02</T>
			<MaxND>2</MaxND>
			<MIwoc>90</MIwoc>
			<MIcwc>0</MIcwc>
			<MI>90</MI>
			<operators>
				<token count="1">!=</token>
				<token count="2">()</token>
				<token count="2">*</token>
				<token count="5">-&gt;</token>
				<token count="1">::</token>
				<token count="10">;</token>
				<token count="4">&lt;</token>
				<token count="9">=</token>
				<token count="1">==</token>
				<token count="5">&gt;</token>
				<token count="1">class</token>
				<token count="1">else</token>
				<token count="2">if()</token>
				<token count="1">new</token>
				<token count="3">{}</token>
			</operators>
			<operands>
				<token count="1">LinkedList</token>
				<token count="3">ListItem</token>
				<token count="5">NULL</token>
				<token count="6">T</token>
				<token count="5">head</token>
				<token count="1">insertAtHead</token>
				<token count="2">item</token>
				<token count="2">next</token>
				<token count="3">prev</token>
				<token count="8">temp</token>
				<token count="4">temp2</token>
				<token count="1">void</token>
			</operands>
		</function>
		<function name="LinkedList::insertAtTail()">
			<start_line>74</start_line>
			<vG_b>4</vG_b>
			<vG_e>4</vG_e>
			<params>1</params>
			<LOCphy>34</LOCphy>
			<LOCpro>30</LOCpro>
			<LOCbl>3</LOCbl>
			<LOCcom alarmed="1">0</LOCcom>
			<N>102</N>
			<N1>61</N1>
			<N2>41</N2>
			<n>33</n>
			<n1>18</n1>
			<n2>15</n2>
			<V>514.528</V>
			<B>0.181</B>
			<D>24.600</D>
			<E>12657.394</E>
			<L>0.041</L>
			<T>00:11:43</T>
			<MaxND>4</MaxND>
			<MIwoc>80</MIwoc>
			<MIcwc>0</MIcwc>
			<MI>80</MI>
			<operators>
				<token count="3">()</token>
				<token count="2">*</token>
				<token count="5">-&gt;</token>
				<token count="1">::</token>
				<token count="12">;</token>
				<token count="4">&lt;</token>
				<token count="8">=</token>
				<token count="3">==</token>
				<token count="5">&gt;</token>
				<token count="1">class</token>
				<token count="2">else</token>
				<token count="1">false</token>
				<token count="2">if()</token>
				<token count="1">new</token>
				<token count="2">return</token>
				<token count="2">true</token>
				<token count="1">while()</token>
				<token count="6">{}</token>
			</operators>
			<operands>
				<token count="1">LinkedList</token>
				<token count="3">ListItem</token>
				<token count="3">NULL</token>
				<token count="6">T</token>
				<token count="1">bool</token>
				<token count="3">check</token>
				<token count="2">head</token>
				<token count="1">insertAtHead</token>
				<token count="1">insertAtTail</token>
				<token count="3">item</token>
				<token count="4">next</token>
				<token count="1">prev</token>
				<token count="7">temp</token>
				<token count="4">temp2</token>
				<token count="1">void</token>
			</operands>
		</function>
		<function name="LinkedList::insertAfter()">
			<start_line>110</start_line>
			<vG_b>6</vG_b>
			<vG_e>6</vG_e>
			<params>2</params>
			<LOCphy>49</LOCphy>
			<LOCpro alarmed="1">47</LOCpro>
			<LOCbl>1</LOCbl>
			<LOCcom alarmed="1">0</LOCcom>
			<N>155</N>
			<N1>92</N1>
			<N2>63</N2>
			<n>38</n>
			<n1>17</n1>
			<n2>21</n2>
			<V>813.429</V>
			<B>0.252</B>
			<D>25.500</D>
			<E>20742.434</E>
			<L>0.039</L>
			<T>00:19:12</T>
			<MaxND>4</MaxND>
			<MIwoc>72</MIwoc>
			<MIcwc>0</MIcwc>
			<MI>72</MI>
			<operators>
				<token count="2">!=</token>
				<token count="8">()</token>
				<token count="4">*</token>
				<token count="1">,</token>
				<token count="6">-&gt;</token>
				<token count="1">::</token>
				<token count="18">;</token>
				<token count="6">&lt;</token>
				<token count="9">=</token>
				<token count="3">==</token>
				<token count="7">&gt;</token>
				<token count="1">class</token>
				<token count="5">else</token>
				<token count="5">if()</token>
				<token count="1">new</token>
				<token count="5">return</token>
				<token count="10">{}</token>
			</operators>
			<operands>
				<token count="1">0</token>
				<token count="1">1</token>
				<token count="1">LinkedList</token>
				<token count="5">ListItem</token>
				<token count="3">NULL</token>
				<token count="9">T</token>
				<token count="3">afterWhat</token>
				<token count="1">insertAfter</token>
				<token count="1">insertAtHead</token>
				<token count="2">insertAtTail</token>
				<token count="1">int</token>
				<token count="3">len</token>
				<token count="1">length</token>
				<token count="4">next</token>
				<token count="2">prev</token>
				<token count="2">searchFor</token>
				<token count="7">temp</token>
				<token count="6">temp2</token>
				<token count="4">temp3</token>
				<token count="5">toInsert</token>
				<token count="1">void</token>
			</operands>
		</function>
		<function name="LinkedList::insertSorted()">
			<start_line>201</start_line>
			<vG_b>9</vG_b>
			<vG_e>10</vG_e>
			<params>1</params>
			<LOCphy>59</LOCphy>
			<LOCpro alarmed="1">52</LOCpro>
			<LOCbl>6</LOCbl>
			<LOCcom alarmed="1">0</LOCcom>
			<N>170</N>
			<N1>102</N1>
			<N2>68</N2>
			<n>40</n>
			<n1>21</n1>
			<n2>19</n2>
			<V>904.728</V>
			<B>0.350</B>
			<D>37.579</D>
			<E>33998.719</E>
			<L>0.027</L>
			<T>00:31:28</T>
			<MaxND>4</MaxND>
			<MIwoc>67</MIwoc>
			<MIcwc>0</MIcwc>
			<MI>67</MI>
			<operators>
				<token count="1">!=</token>
				<token count="1">&amp;&amp;</token>
				<token count="9">()</token>
				<token count="3">*</token>
				<token count="1">,</token>
				<token count="11">-&gt;</token>
				<token count="1">::</token>
				<token count="20">;</token>
				<token count="4">&lt;</token>
				<token count="3">&lt;=</token>
				<token count="6">=</token>
				<token count="2">==</token>
				<token count="6">&gt;</token>
				<token count="2">&gt;=</token>
				<token count="1">break</token>
				<token count="1">class</token>
				<token count="5">else</token>
				<token count="7">if()</token>
				<token count="6">return</token>
				<token count="1">while()</token>
				<token count="11">{}</token>
			</operators>
			<operands>
				<token count="1">1</token>
				<token count="1">LinkedList</token>
				<token count="3">ListItem</token>
				<token count="2">NULL</token>
				<token count="6">T</token>
				<token count="1">getTail</token>
				<token count="4">head</token>
				<token count="1">insertAfter</token>
				<token count="3">insertAtHead</token>
				<token count="2">insertAtTail</token>
				<token count="1">insertSorted</token>
				<token count="13">item</token>
				<token count="1">length</token>
				<token count="4">next</token>
				<token count="5">prevnode</token>
				<token count="2">tail</token>
				<token count="10">temp</token>
				<token count="7">value</token>
				<token count="1">void</token>
			</operands>
		</function>
		<function name="LinkedList::getHead()">
			<start_line>372</start_line>
			<vG_b>1</vG_b>
			<vG_e>1</vG_e>
			<params>0</params>
			<LOCphy>5</LOCphy>
			<LOCpro>4</LOCpro>
			<LOCbl>0</LOCbl>
			<LOCcom>0</LOCcom>
			<N>20</N>
			<N1>13</N1>
			<N2>7</N2>
			<n>15</n>
			<n1>10</n1>
			<n2>5</n2>
			<V>78.138</V>
			<B>0.022</B>
			<D>7.000</D>
			<E>546.965</E>
			<L>0.143</L>
			<T>00:00:30</T>
			<MaxND>1</MaxND>
			<MIwoc>122</MIwoc>
			<MIcwc>0</MIcwc>
			<MI>122</MI>
			<operators>
				<token count="1">()</token>
				<token count="1">*</token>
				<token count="1">::</token>
				<token count="1">;</token>
				<token count="2">&lt;</token>
				<token count="3">&gt;</token>
				<token count="1">class</token>
				<token count="1">const</token>
				<token count="1">return</token>
				<token count="1">{}</token>
			</operators>
			<operands>
				<token count="1">LinkedList</token>
				<token count="1">ListItem</token>
				<token count="3">T</token>
				<token count="1">getHead</token>
				<token count="1">head</token>
			</operands>
		</function>
		<function name="LinkedList::getTail()">
			<start_line>378</start_line>
			<vG_b>4</vG_b>
			<vG_e>4</vG_e>
			<params>0</params>
			<LOCphy>22</LOCphy>
			<LOCpro>21</LOCpro>
			<LOCbl>0</LOCbl>
			<LOCcom alarmed="1">0</LOCcom>
			<N>67</N>
			<N1>40</N1>
			<N2>27</N2>
			<n>24</n>
			<n1>16</n1>
			<n2>8</n2>
			<V>307.192</V>
			<B>0.137</B>
			<D>27.000</D>
			<E>8294.197</E>
			<L>0.037</L>
			<T>00:07:40</T>
			<MaxND>3</MaxND>
			<MIwoc>90</MIwoc>
			<MIcwc>0</MIcwc>
			<MI>90</MI>
			<operators>
				<token count="1">!=</token>
				<token count="1">()</token>
				<token count="2">*</token>
				<token count="4">-&gt;</token>
				<token count="1">::</token>
				<token count="6">;</token>
				<token count="3">&lt;</token>
				<token count="3">=</token>
				<token count="2">==</token>
				<token count="4">&gt;</token>
				<token count="1">class</token>
				<token count="2">else</token>
				<token count="2">if()</token>
				<token count="2">return</token>
				<token count="1">while()</token>
				<token count="5">{}</token>
			</operators>
			<operands>
				<token count="1">LinkedList</token>
				<token count="2">ListItem</token>
				<token count="4">NULL</token>
				<token count="4">T</token>
				<token count="1">getTail</token>
				<token count="3">head</token>
				<token count="4">next</token>
				<token count="8">temp</token>
			</operands>
		</function>
		<function name="LinkedList::searchFor()">
			<start_line>401</start_line>
			<vG_b>5</vG_b>
			<vG_e>5</vG_e>
			<params>1</params>
			<LOCphy>32</LOCphy>
			<LOCpro>28</LOCpro>
			<LOCbl>3</LOCbl>
			<LOCcom alarmed="1">0</LOCcom>
			<N>76</N>
			<N1>46</N1>
			<N2>30</N2>
			<n>26</n>
			<n1>16</n1>
			<n2>10</n2>
			<V>357.233</V>
			<B>0.140</B>
			<D>24.000</D>
			<E>8573.602</E>
			<L>0.042</L>
			<T>00:07:56</T>
			<MaxND>4</MaxND>
			<MIwoc>83</MIwoc>
			<MIcwc>0</MIcwc>
			<MI>83</MI>
			<operators>
				<token count="1">!=</token>
				<token count="1">()</token>
				<token count="2">*</token>
				<token count="3">-&gt;</token>
				<token count="1">::</token>
				<token count="7">;</token>
				<token count="3">&lt;</token>
				<token count="2">=</token>
				<token count="3">==</token>
				<token count="4">&gt;</token>
				<token count="1">class</token>
				<token count="3">else</token>
				<token count="3">if()</token>
				<token count="4">return</token>
				<token count="1">while()</token>
				<token count="7">{}</token>
			</operators>
			<operands>
				<token count="1">LinkedList</token>
				<token count="2">ListItem</token>
				<token count="4">NULL</token>
				<token count="5">T</token>
				<token count="2">head</token>
				<token count="3">item</token>
				<token count="1">next</token>
				<token count="1">searchFor</token>
				<token count="9">temp</token>
				<token count="2">value</token>
			</operands>
		</function>
		<function name="LinkedList::deleteElement()">
			<start_line>434</start_line>
			<vG_b>5</vG_b>
			<vG_e>5</vG_e>
			<params>1</params>
			<LOCphy>37</LOCphy>
			<LOCpro>34</LOCpro>
			<LOCbl>2</LOCbl>
			<LOCcom alarmed="1">0</LOCcom>
			<N>113</N>
			<N1>66</N1>
			<N2>47</N2>
			<n>30</n>
			<n1>15</n1>
			<n2>15</n2>
			<V>554.479</V>
			<B>0.185</B>
			<D>23.500</D>
			<E>13030.248</E>
			<L>0.043</L>
			<T>00:12:03</T>
			<MaxND>3</MaxND>
			<MIwoc>78</MIwoc>
			<MIcwc>0</MIcwc>
			<MI>78</MI>
			<operators>
				<token count="5">()</token>
				<token count="3">*</token>
				<token count="7">-&gt;</token>
				<token count="1">::</token>
				<token count="13">;</token>
				<token count="4">&lt;</token>
				<token count="6">=</token>
				<token count="4">==</token>
				<token count="5">&gt;</token>
				<token count="1">class</token>
				<token count="1">delete</token>
				<token count="4">else</token>
				<token count="4">if()</token>
				<token count="1">return</token>
				<token count="7">{}</token>
			</operators>
			<operands>
				<token count="1">LinkedList</token>
				<token count="3">ListItem</token>
				<token count="5">NULL</token>
				<token count="6">T</token>
				<token count="1">deleteElement</token>
				<token count="2">deleteHead</token>
				<token count="1">deleteTail</token>
				<token count="2">item</token>
				<token count="3">next</token>
				<token count="4">nextnode</token>
				<token count="4">prev</token>
				<token count="4">prevnode</token>
				<token count="1">searchFor</token>
				<token count="9">temp</token>
				<token count="1">void</token>
			</operands>
		</function>
		<function name="LinkedList::deleteHead()">
			<start_line>472</start_line>
			<vG_b>3</vG_b>
			<vG_e>3</vG_e>
			<params>0</params>
			<LOCphy>23</LOCphy>
			<LOCpro>22</LOCpro>
			<LOCbl>0</LOCbl>
			<LOCcom alarmed="1">0</LOCcom>
			<N>74</N>
			<N1>44</N1>
			<N2>30</N2>
			<n>25</n>
			<n1>15</n1>
			<n2>10</n2>
			<V>343.645</V>
			<B>0.130</B>
			<D>22.500</D>
			<E>7732.021</E>
			<L>0.044</L>
			<T>00:07:09</T>
			<MaxND>3</MaxND>
			<MIwoc>89</MIwoc>
			<MIcwc>0</MIcwc>
			<MI>89</MI>
			<operators>
				<token count="1">()</token>
				<token count="2">*</token>
				<token count="3">-&gt;</token>
				<token count="1">::</token>
				<token count="10">;</token>
				<token count="3">&lt;</token>
				<token count="6">=</token>
				<token count="2">==</token>
				<token count="4">&gt;</token>
				<token count="1">class</token>
				<token count="2">delete</token>
				<token count="1">else</token>
				<token count="2">if()</token>
				<token count="2">return</token>
				<token count="4">{}</token>
			</operators>
			<operands>
				<token count="1">LinkedList</token>
				<token count="2">ListItem</token>
				<token count="5">NULL</token>
				<token count="4">T</token>
				<token count="1">deleteHead</token>
				<token count="9">head</token>
				<token count="2">next</token>
				<token count="1">prev</token>
				<token count="4">temp</token>
				<token count="1">void</token>
			</operands>
		</function>
		<function name="LinkedList::deleteTail()">
			<start_line>496</start_line>
			<vG_b>3</vG_b>
			<vG_e>3</vG_e>
			<params>0</params>
			<LOCphy>27</LOCphy>
			<LOCpro>22</LOCpro>
			<LOCbl>4</LOCbl>
			<LOCcom alarmed="1">0</LOCcom>
			<N>71</N>
			<N1>43</N1>
			<N2>28</N2>
			<n>27</n>
			<n1>15</n1>
			<n2>12</n2>
			<V>337.597</V>
			<B>0.109</B>
			<D>17.500</D>
			<E>5907.948</E>
			<L>0.057</L>
			<T>00:05:28</T>
			<MaxND>3</MaxND>
			<MIwoc>87</MIwoc>
			<MIcwc>0</MIcwc>
			<MI>87</MI>
			<operators>
				<token count="3">()</token>
				<token count="2">*</token>
				<token count="3">-&gt;</token>
				<token count="1">::</token>
				<token count="8">;</token>
				<token count="3">&lt;</token>
				<token count="5">=</token>
				<token count="2">==</token>
				<token count="4">&gt;</token>
				<token count="1">class</token>
				<token count="1">delete</token>
				<token count="2">else</token>
				<token count="2">if()</token>
				<token count="1">return</token>
				<token count="5">{}</token>
			</operators>
			<operands>
				<token count="1">LinkedList</token>
				<token count="2">ListItem</token>
				<token count="4">NULL</token>
				<token count="4">T</token>
				<token count="1">deleteHead</token>
				<token count="1">deleteTail</token>
				<token count="1">getTail</token>
				<token count="1">next</token>
				<token count="2">prev</token>
				<token count="8">temp</token>
				<token count="2">temp2</token>
				<token count="1">void</token>
			</operands>
		</function>
		<function name="LinkedList::length()">
			<start_line>523</start_line>
			<vG_b>3</vG_b>
			<vG_e>3</vG_e>
			<params>0</params>
			<LOCphy>21</LOCphy>
			<LOCpro>19</LOCpro>
			<LOCbl>1</LOCbl>
			<LOCcom alarmed="1">0</LOCcom>
			<N>57</N>
			<N1>33</N1>
			<N2>24</N2>
			<n>29</n>
			<n1>17</n1>
			<n2>12</n2>
			<V>276.905</V>
			<B>0.094</B>
			<D>17.000</D>
			<E>4707.384</E>
			<L>0.059</L>
			<T>00:04:21</T>
			<MaxND>3</MaxND>
			<MIwoc>92</MIwoc>
			<MIcwc>0</MIcwc>
			<MI>92</MI>
			<operators>
				<token count="1">!=</token>
				<token count="1">()</token>
				<token count="1">*</token>
				<token count="1">++</token>
				<token count="2">-&gt;</token>
				<token count="1">::</token>
				<token count="7">;</token>
				<token count="2">&lt;</token>
				<token count="3">=</token>
				<token count="1">==</token>
				<token count="3">&gt;</token>
				<token count="1">class</token>
				<token count="1">else</token>
				<token count="1">if()</token>
				<token count="2">return</token>
				<token count="1">while()</token>
				<token count="4">{}</token>
			</operators>
			<operands>
				<token count="1">0</token>
				<token count="1">1</token>
				<token count="1">LinkedList</token>
				<token count="1">ListItem</token>
				<token count="2">NULL</token>
				<token count="3">T</token>
				<token count="3">count</token>
				<token count="1">head</token>
				<token count="2">int</token>
				<token count="1">length</token>
				<token count="2">next</token>
				<token count="6">temp</token>
			</operands>
		</function>
		<function name="LinkedList::reverse()">
			<start_line>544</start_line>
			<vG_b>4</vG_b>
			<vG_e>4</vG_e>
			<params>0</params>
			<LOCphy>34</LOCphy>
			<LOCpro>26</LOCpro>
			<LOCbl>7</LOCbl>
			<LOCcom alarmed="1">0</LOCcom>
			<N>94</N>
			<N1>55</N1>
			<N2>39</N2>
			<n>29</n>
			<n1>16</n1>
			<n2>13</n2>
			<V>456.650</V>
			<B>0.164</B>
			<D>24.000</D>
			<E>10959.605</E>
			<L>0.042</L>
			<T>00:10:08</T>
			<MaxND>3</MaxND>
			<MIwoc>81</MIwoc>
			<MIcwc>0</MIcwc>
			<MI>81</MI>
			<operators>
				<token count="1">!=</token>
				<token count="2">()</token>
				<token count="3">*</token>
				<token count="5">-&gt;</token>
				<token count="1">::</token>
				<token count="11">;</token>
				<token count="4">&lt;</token>
				<token count="8">=</token>
				<token count="2">==</token>
				<token count="5">&gt;</token>
				<token count="1">class</token>
				<token count="2">else</token>
				<token count="2">if()</token>
				<token count="2">return</token>
				<token count="1">while()</token>
				<token count="5">{}</token>
			</operators>
			<operands>
				<token count="1">LinkedList</token>
				<token count="3">ListItem</token>
				<token count="2">NULL</token>
				<token count="5">T</token>
				<token count="1">getTail</token>
				<token count="3">head</token>
				<token count="3">next</token>
				<token count="2">prev</token>
				<token count="1">reverse</token>
				<token count="11">temp</token>
				<token count="4">temp2</token>
				<token count="2">temp3</token>
				<token count="1">void</token>
			</operands>
		</function>
		<function name="LinkedList::isPalindrome()">
			<start_line>579</start_line>
			<vG_b>7</vG_b>
			<vG_e>7</vG_e>
			<params>0</params>
			<LOCphy>42</LOCphy>
			<LOCpro alarmed="1">41</LOCpro>
			<LOCbl>0</LOCbl>
			<LOCcom alarmed="1">0</LOCcom>
			<N>120</N>
			<N1>74</N1>
			<N2>46</N2>
			<n>41</n>
			<n1>19</n1>
			<n2>22</n2>
			<V>642.906</V>
			<B>0.182</B>
			<D>19.864</D>
			<E>12770.456</E>
			<L>0.050</L>
			<T>00:11:49</T>
			<MaxND>5</MaxND>
			<MIwoc>75</MIwoc>
			<MIcwc>0</MIcwc>
			<MI>75</MI>
			<operators>
				<token count="3">()</token>
				<token count="2">*</token>
				<token count="1">++</token>
				<token count="4">-&gt;</token>
				<token count="1">/</token>
				<token count="1">::</token>
				<token count="13">;</token>
				<token count="4">&lt;</token>
				<token count="7">=</token>
				<token count="6">==</token>
				<token count="4">&gt;</token>
				<token count="1">class</token>
				<token count="3">else</token>
				<token count="2">false</token>
				<token count="1">for()</token>
				<token count="5">if()</token>
				<token count="4">return</token>
				<token count="2">true</token>
				<token count="10">{}</token>
			</operators>
			<operands>
				<token count="1">0</token>
				<token count="1">1</token>
				<token count="1">2</token>
				<token count="3">5</token>
				<token count="1">LinkedList</token>
				<token count="2">ListItem</token>
				<token count="1">NULL</token>
				<token count="4">T</token>
				<token count="1">bool</token>
				<token count="3">check</token>
				<token count="5">end</token>
				<token count="6">first</token>
				<token count="1">getTail</token>
				<token count="1">head</token>
				<token count="3">i</token>
				<token count="3">int</token>
				<token count="1">isPalindrome</token>
				<token count="3">len</token>
				<token count="1">length</token>
				<token count="1">next</token>
				<token count="1">prev</token>
				<token count="2">value</token>
			</operands>
		</function>
		<function name="LinkedList::parityArrangement()">
			<start_line>626</start_line>
			<vG_b>1</vG_b>
			<vG_e>1</vG_e>
			<params>0</params>
			<LOCphy>41</LOCphy>
			<LOCpro alarmed="1">3</LOCpro>
			<LOCbl>0</LOCbl>
			<LOCcom>37</LOCcom>
			<N>12</N>
			<N1>7</N1>
			<N2>5</N2>
			<n>10</n>
			<n1>6</n1>
			<n2>4</n2>
			<V>39.863</V>
			<B>0.009</B>
			<D>3.750</D>
			<E>149.487</E>
			<L>0.267</L>
			<T>00:00:08</T>
			<MaxND>1</MaxND>
			<MIwoc>91</MIwoc>
			<MIcwc>50</MIcwc>
			<MI>141</MI>
			<operators>
				<token count="1">()</token>
				<token count="1">::</token>
				<token count="1">&lt;</token>
				<token count="2">&gt;</token>
				<token count="1">class</token>
				<token count="1">{}</token>
			</operators>
			<operands>
				<token count="1">LinkedList</token>
				<token count="2">T</token>
				<token count="1">parityArrangement</token>
				<token count="1">void</token>
			</operands>
		</function>
		<function name="LinkedList::print()">
			<start_line>681</start_line>
			<vG_b>3</vG_b>
			<vG_e>3</vG_e>
			<params>0</params>
			<LOCphy>15</LOCphy>
			<LOCpro>13</LOCpro>
			<LOCbl>1</LOCbl>
			<LOCcom alarmed="1">0</LOCcom>
			<N>51</N>
			<N1>28</N1>
			<N2>23</N2>
			<n>28</n>
			<n1>15</n1>
			<n2>13</n2>
			<V>245.175</V>
			<B>0.073</B>
			<D>13.269</D>
			<E>3253.285</E>
			<L>0.075</L>
			<T>00:03:00</T>
			<MaxND>2</MaxND>
			<MIwoc>98</MIwoc>
			<MIcwc>0</MIcwc>
			<MI>98</MI>
			<operators>
				<token count="1">!=</token>
				<token count="1">()</token>
				<token count="1">*</token>
				<token count="2">-&gt;</token>
				<token count="1">::</token>
				<token count="4">;</token>
				<token count="2">&lt;</token>
				<token count="4">&lt;&lt;</token>
				<token count="2">=</token>
				<token count="1">==</token>
				<token count="3">&gt;</token>
				<token count="1">class</token>
				<token count="1">if()</token>
				<token count="1">while()</token>
				<token count="3">{}</token>
			</operators>
			<operands>
				<token count="1">&quot;List is empty&quot;</token>
				<token count="1">LinkedList</token>
				<token count="1">ListItem</token>
				<token count="2">NULL</token>
				<token count="3">T</token>
				<token count="2">cout</token>
				<token count="2">endl</token>
				<token count="1">head</token>
				<token count="1">next</token>
				<token count="1">print</token>
				<token count="6">temp</token>
				<token count="1">value</token>
				<token count="1">void</token>
			</operands>
		</function>
		<file_total>
			<vG_b>51</vG_b>
			<vG_e>52</vG_e>
			<vG_b_max>9</vG_b_max>
			<vG_b_avg>3</vG_b_avg>
			<vG_e_max>10</vG_e_max>
			<vG_e_avg>3</vG_e_avg>
			<params>8</params>
			<LOCphy>696</LOCphy>
			<LOCpro alarmed="1">434</LOCpro>
			<LOCbl>88</LOCbl>
			<LOCcom alarmed="1">174</LOCcom>
			<N>1424</N>
			<N1>858</N1>
			<N2>566</N2>
			<n>92</n>
			<n1>39</n1>
			<n2>53</n2>
			<V alarmed="1">9289.552</V>
			<B alarmed="1">5.175</B>
			<D>208.245</D>
			<E>1934505.375</E>
			<L>0.005</L>
			<T>29:51:12</T>
			<MaxND>5</MaxND>
			<MIwoc>79</MIwoc>
			<MIcwc>35</MIcwc>
			<MI>114</MI>
			<operators>
				<token count="11">!=</token>
				<token count="6">#</token>
				<token count="1">&amp;</token>
				<token count="1">&amp;&amp;</token>
				<token count="48">()</token>
				<token count="31">*</token>
				<token count="2">++</token>
				<token count="2">,</token>
				<token count="62">-&gt;</token>
				<token count="1">.</token>
				<token count="1">/</token>
				<token count="18">::</token>
				<token count="149">;</token>
				<token count="72">&lt;</token>
				<token count="4">&lt;&lt;</token>
				<token count="3">&lt;=</token>
				<token count="79">=</token>
				<token count="33">==</token>
				<token count="72">&gt;</token>
				<token count="2">&gt;=</token>
				<token count="1">break</token>
				<token count="18">class</token>
				<token count="2">const</token>
				<token count="4">delete</token>
				<token count="32">else</token>
				<token count="1">endif</token>
				<token count="3">false</token>
				<token count="1">for()</token>
				<token count="39">if()</token>
				<token count="1">ifndef</token>
				<token count="1">namespace</token>
				<token count="3">new</token>
				<token count="32">return</token>
				<token count="18">template</token>
				<token count="4">true</token>
				<token count="1">using</token>
				<token count="9">while()</token>
				<token count="89">{}</token>
				<token count="1">~</token>
			</operators>
			<operands>
				<token count="1">&quot;List is empty&quot;</token>
				<token count="3">0</token>
				<token count="4">1</token>
				<token count="1">2</token>
				<token count="3">5</token>
				<token count="22">LinkedList</token>
				<token count="34">ListItem</token>
				<token count="48">NULL</token>
				<token count="78">T</token>
				<token count="2">__LIST_CPP</token>
				<token count="3">afterWhat</token>
				<token count="2">bool</token>
				<token count="6">check</token>
				<token count="3">count</token>
				<token count="2">cout</token>
				<token count="1">define</token>
				<token count="1">deleteElement</token>
				<token count="5">deleteHead</token>
				<token count="2">deleteTail</token>
				<token count="5">end</token>
				<token count="2">endl</token>
				<token count="6">first</token>
				<token count="2">getHead</token>
				<token count="5">getTail</token>
				<token count="36">head</token>
				<token count="3">i</token>
				<token count="3">include</token>
				<token count="2">insertAfter</token>
				<token count="6">insertAtHead</token>
				<token count="6">insertAtTail</token>
				<token count="1">insertSorted</token>
				<token count="6">int</token>
				<token count="1">isPalindrome</token>
				<token count="23">item</token>
				<token count="6">len</token>
				<token count="4">length</token>
				<token count="33">next</token>
				<token count="4">nextnode</token>
				<token count="2">otherLinkedList</token>
				<token count="1">parityArrangement</token>
				<token count="16">prev</token>
				<token count="9">prevnode</token>
				<token count="1">print</token>
				<token count="1">reverse</token>
				<token count="4">searchFor</token>
				<token count="1">std</token>
				<token count="2">tail</token>
				<token count="100">temp</token>
				<token count="20">temp2</token>
				<token count="6">temp3</token>
				<token count="5">toInsert</token>
				<token count="13">value</token>
				<token count="10">void</token>
			</operands>
		</file_total>
	</file>
	<system>
		<files>1</files>
		<functions>18</functions>
		<LOCphy>696</LOCphy>
		<LOCbl>88</LOCbl>
		<LOCpro>434</LOCpro>
		<LOCcom>174</LOCcom>
		<semicolons>149</semicolons>
		<vG_b>51</vG_b>
		<vG_e>52</vG_e>
		<params>8</params>
		<MIwoc>85</MIwoc>
		<MIcw>20</MIcw>
		<MI>106</MI>
		<alarms>
			<file_vG>
				<measured>1</measured>
				<alarmed>0</alarmed>
				<percent>0</percent>
				<lowlimit>1</lowlimit>
				<highlimit>100</highlimit>
			</file_vG>
			<file_LOCpro>
				<measured>1</measured>
				<alarmed>1</alarmed>
				<percent>100</percent>
				<lowlimit>4</lowlimit>
				<highlimit>400</highlimit>
			</file_LOCpro>
			<file_comment_percent>
				<measured>1</measured>
				<alarmed>1</alarmed>
				<percent>100</percent>
				<lowlimit>30</lowlimit>
				<highlimit>75</highlimit>
			</file_comment_percent>
			<file_V>
				<measured>1</measured>
				<alarmed>1</alarmed>
				<percent>100</percent>
				<lowlimit>100</lowlimit>
				<highlimit>8000</highlimit>
			</file_V>
			<file_B>
				<measured>1</measured>
				<alarmed>1</alarmed>
				<percent>100</percent>
				<lowlimit>0</lowlimit>
				<highlimit>2</highlimit>
			</file_B>
			<file_MI>
				<measured>1</measured>
				<alarmed>0</alarmed>
				<percent>0</percent>
				<lowlimit>65</lowlimit>
			</file_MI>
			<function_vG>
				<measured>18</measured>
				<alarmed>0</alarmed>
				<percent>0</percent>
				<lowlimit>1</lowlimit>
				<highlimit>10</highlimit>
			</function_vG>
			<function_LOCpro>
				<measured>18</measured>
				<alarmed>4</alarmed>
				<percent>22</percent>
				<lowlimit>4</lowlimit>
				<highlimit>40</highlimit>
			</function_LOCpro>
			<function_comment_percent>
				<measured>18</measured>
				<alarmed>14</alarmed>
				<percent>77</percent>
				<lowlimit>30</lowlimit>
				<highlimit>75</highlimit>
			</function_comment_percent>
			<function_V>
				<measured>18</measured>
				<alarmed>0</alarmed>
				<percent>0</percent>
				<lowlimit>20</lowlimit>
				<highlimit>1000</highlimit>
			</function_V>
			<function_MI>
				<measured>18</measured>
				<alarmed>0</alarmed>
				<percent>0</percent>
				<lowlimit>65</lowlimit>
			</function_MI>
		</alarms>
		<error_messages count="0">
		</error_messages>
	</system>
</cmt_long_report>
