<?xml version="1.0" ?>
<cmt_long_report>
	<header_info>
		<cmt_version>7.0</cmt_version>
		<copyright>Copyright (c) 1993-2013 Testwell Oy</copyright>
		<copyright>Copyright (c) 2013-2018 Verifysoft Technology GmbH</copyright>
		<license_notes>
		</license_notes>
		<date>Tue Apr  4 21:25:29 2023</date>
		<cmt_options> -o C:\Users\muawi\cmt\A1_T1_S60.xml -lf -f C:\Users\muawi\cmt\files.txt</cmt_options>
		<run_directory>C:\Testwell\CMT</run_directory>
		<mccabe_preference>extended</mccabe_preference>
	</header_info>
	<file name="C:\Users\muawi\OneDrive\Documents\Study\Junior Year\Topics in Internet Research\Project\PA1_ANON_DATA\PA1_ANON_DATA\folder_60\LinkedList.cpp" stamp="1680056147">
		<function name="LinkedList::LinkedList()">
			<start_line>11</start_line>
			<vG_b>1</vG_b>
			<vG_e>1</vG_e>
			<params>0</params>
			<LOCphy>5</LOCphy>
			<LOCpro>4</LOCpro>
			<LOCbl>0</LOCbl>
			<LOCcom>0</LOCcom>
			<N>15</N>
			<N1>9</N1>
			<N2>6</N2>
			<n>12</n>
			<n1>8</n1>
			<n2>4</n2>
			<V>53.774</V>
			<B>0.016</B>
			<D>6.000</D>
			<E>322.647</E>
			<L>0.167</L>
			<T>00:00:17</T>
			<MaxND>1</MaxND>
			<MIwoc>124</MIwoc>
			<MIcwc>0</MIcwc>
			<MI>124</MI>
			<operators>
				<token count="1">()</token>
				<token count="1">::</token>
				<token count="1">;</token>
				<token count="1">&lt;</token>
				<token count="1">=</token>
				<token count="2">&gt;</token>
				<token count="1">class</token>
				<token count="1">{}</token>
			</operators>
			<operands>
				<token count="2">LinkedList</token>
				<token count="1">NULL</token>
				<token count="2">T</token>
				<token count="1">head</token>
			</operands>
		</function>
		<function name="LinkedList::LinkedList()">
			<start_line>17</start_line>
			<vG_b>5</vG_b>
			<vG_e>5</vG_e>
			<params>1</params>
			<LOCphy>40</LOCphy>
			<LOCpro>29</LOCpro>
			<LOCbl>9</LOCbl>
			<LOCcom alarmed="1">1</LOCcom>
			<N>129</N>
			<N1>73</N1>
			<N2>56</N2>
			<n>31</n>
			<n1>19</n1>
			<n2>12</n2>
			<V>639.091</V>
			<B>0.310</B>
			<D>44.333</D>
			<E>28333.049</E>
			<L>0.023</L>
			<T>00:26:14</T>
			<MaxND>3</MaxND>
			<MIwoc>76</MIwoc>
			<MIcwc>12</MIcwc>
			<MI>89</MI>
			<operators>
				<token count="2">!=</token>
				<token count="1">&amp;</token>
				<token count="3">()</token>
				<token count="3">*</token>
				<token count="9">-&gt;</token>
				<token count="1">.</token>
				<token count="1">::</token>
				<token count="11">;</token>
				<token count="7">&lt;</token>
				<token count="11">=</token>
				<token count="1">==</token>
				<token count="8">&gt;</token>
				<token count="1">class</token>
				<token count="1">const</token>
				<token count="1">else</token>
				<token count="2">if()</token>
				<token count="2">new</token>
				<token count="2">while()</token>
				<token count="6">{}</token>
			</operators>
			<operands>
				<token count="3">LinkedList</token>
				<token count="5">ListItem</token>
				<token count="4">NULL</token>
				<token count="8">T</token>
				<token count="2">head</token>
				<token count="4">next</token>
				<token count="2">otherLinkedList</token>
				<token count="3">prev</token>
				<token count="8">temp_1</token>
				<token count="12">temp_2</token>
				<token count="3">temp_3</token>
				<token count="2">value</token>
			</operands>
		</function>
		<function name="LinkedList::~LinkedList()">
			<start_line>58</start_line>
			<vG_b>3</vG_b>
			<vG_e>3</vG_e>
			<params>0</params>
			<LOCphy>21</LOCphy>
			<LOCpro>14</LOCpro>
			<LOCbl>5</LOCbl>
			<LOCcom alarmed="1">1</LOCcom>
			<N>43</N>
			<N1>26</N1>
			<N2>17</N2>
			<n>22</n>
			<n1>15</n1>
			<n2>7</n2>
			<V>191.756</V>
			<B>0.077</B>
			<D>18.214</D>
			<E>3492.690</E>
			<L>0.055</L>
			<T>00:03:14</T>
			<MaxND>3</MaxND>
			<MIwoc>94</MIwoc>
			<MIcwc>17</MIcwc>
			<MI>110</MI>
			<operators>
				<token count="1">!=</token>
				<token count="1">()</token>
				<token count="1">*</token>
				<token count="1">-&gt;</token>
				<token count="1">::</token>
				<token count="5">;</token>
				<token count="2">&lt;</token>
				<token count="2">=</token>
				<token count="3">&gt;</token>
				<token count="1">class</token>
				<token count="2">delete</token>
				<token count="1">if()</token>
				<token count="1">while()</token>
				<token count="3">{}</token>
				<token count="1">~</token>
			</operators>
			<operands>
				<token count="2">LinkedList</token>
				<token count="1">ListItem</token>
				<token count="1">NULL</token>
				<token count="3">T</token>
				<token count="6">head</token>
				<token count="1">next</token>
				<token count="3">temp</token>
			</operands>
		</function>
		<function name="LinkedList::insertAtHead()">
			<start_line>80</start_line>
			<vG_b>2</vG_b>
			<vG_e>2</vG_e>
			<params>1</params>
			<LOCphy>17</LOCphy>
			<LOCpro>15</LOCpro>
			<LOCbl>1</LOCbl>
			<LOCcom alarmed="1">0</LOCcom>
			<N>64</N>
			<N1>36</N1>
			<N2>28</N2>
			<n>25</n>
			<n1>14</n1>
			<n2>11</n2>
			<V>297.207</V>
			<B>0.101</B>
			<D>17.818</D>
			<E>5295.685</E>
			<L>0.056</L>
			<T>00:04:54</T>
			<MaxND>2</MaxND>
			<MIwoc>95</MIwoc>
			<MIcwc>0</MIcwc>
			<MI>95</MI>
			<operators>
				<token count="3">()</token>
				<token count="1">*</token>
				<token count="2">-&gt;</token>
				<token count="1">::</token>
				<token count="6">;</token>
				<token count="4">&lt;</token>
				<token count="5">=</token>
				<token count="1">==</token>
				<token count="5">&gt;</token>
				<token count="1">class</token>
				<token count="1">else</token>
				<token count="1">if()</token>
				<token count="2">new</token>
				<token count="3">{}</token>
			</operators>
			<operands>
				<token count="1">LinkedList</token>
				<token count="3">ListItem</token>
				<token count="1">NULL</token>
				<token count="6">T</token>
				<token count="5">head</token>
				<token count="1">insertAtHead</token>
				<token count="3">item</token>
				<token count="1">next</token>
				<token count="1">prev</token>
				<token count="5">temp</token>
				<token count="1">void</token>
			</operands>
		</function>
		<function name="LinkedList::insertAtTail()">
			<start_line>97</start_line>
			<vG_b>3</vG_b>
			<vG_e>3</vG_e>
			<params>1</params>
			<LOCphy>26</LOCphy>
			<LOCpro>18</LOCpro>
			<LOCbl>7</LOCbl>
			<LOCcom alarmed="1">0</LOCcom>
			<N>78</N>
			<N1>44</N1>
			<N2>34</N2>
			<n>27</n>
			<n1>15</n1>
			<n2>12</n2>
			<V>370.881</V>
			<B>0.132</B>
			<D>21.250</D>
			<E>7881.226</E>
			<L>0.047</L>
			<T>00:07:17</T>
			<MaxND>3</MaxND>
			<MIwoc>87</MIwoc>
			<MIcwc>0</MIcwc>
			<MI>87</MI>
			<operators>
				<token count="3">()</token>
				<token count="2">*</token>
				<token count="4">-&gt;</token>
				<token count="1">::</token>
				<token count="6">;</token>
				<token count="5">&lt;</token>
				<token count="6">=</token>
				<token count="1">==</token>
				<token count="6">&gt;</token>
				<token count="1">class</token>
				<token count="1">else</token>
				<token count="1">if()</token>
				<token count="2">new</token>
				<token count="1">while()</token>
				<token count="4">{}</token>
			</operators>
			<operands>
				<token count="1">LinkedList</token>
				<token count="4">ListItem</token>
				<token count="1">NULL</token>
				<token count="7">T</token>
				<token count="2">head</token>
				<token count="1">insertAtTail</token>
				<token count="3">item</token>
				<token count="3">next</token>
				<token count="1">prev</token>
				<token count="3">temp</token>
				<token count="7">temp_p</token>
				<token count="1">void</token>
			</operands>
		</function>
		<function name="LinkedList::insertAfter()">
			<start_line>124</start_line>
			<vG_b>3</vG_b>
			<vG_e>3</vG_e>
			<params>2</params>
			<LOCphy>20</LOCphy>
			<LOCpro>17</LOCpro>
			<LOCbl>2</LOCbl>
			<LOCcom alarmed="1">0</LOCcom>
			<N>88</N>
			<N1>47</N1>
			<N2>41</N2>
			<n>29</n>
			<n1>15</n1>
			<n2>14</n2>
			<V>427.502</V>
			<B>0.148</B>
			<D>21.964</D>
			<E>9389.783</E>
			<L>0.046</L>
			<T>00:08:41</T>
			<MaxND>3</MaxND>
			<MIwoc>90</MIwoc>
			<MIcwc>0</MIcwc>
			<MI>90</MI>
			<operators>
				<token count="2">()</token>
				<token count="3">*</token>
				<token count="1">,</token>
				<token count="6">-&gt;</token>
				<token count="1">::</token>
				<token count="8">;</token>
				<token count="5">&lt;</token>
				<token count="7">=</token>
				<token count="1">==</token>
				<token count="6">&gt;</token>
				<token count="1">class</token>
				<token count="1">if()</token>
				<token count="1">new</token>
				<token count="1">while()</token>
				<token count="3">{}</token>
			</operators>
			<operands>
				<token count="1">LinkedList</token>
				<token count="4">ListItem</token>
				<token count="8">T</token>
				<token count="2">afterWhat</token>
				<token count="1">head</token>
				<token count="1">insertAfter</token>
				<token count="4">next</token>
				<token count="1">prev</token>
				<token count="4">temp</token>
				<token count="3">temp_next</token>
				<token count="8">temp_search</token>
				<token count="2">toInsert</token>
				<token count="1">value</token>
				<token count="1">void</token>
			</operands>
		</function>
		<function name="LinkedList::insertSorted()">
			<start_line>144</start_line>
			<vG_b>7</vG_b>
			<vG_e>7</vG_e>
			<params>1</params>
			<LOCphy>56</LOCphy>
			<LOCpro alarmed="1">47</LOCpro>
			<LOCbl>8</LOCbl>
			<LOCcom alarmed="1">0</LOCcom>
			<N>185</N>
			<N1>102</N1>
			<N2>83</N2>
			<n>36</n>
			<n1>17</n1>
			<n2>19</n2>
			<V>956.436</V>
			<B>0.360</B>
			<D>37.132</D>
			<E>35513.984</E>
			<L>0.027</L>
			<T>00:32:52</T>
			<MaxND>5</MaxND>
			<MIwoc>68</MIwoc>
			<MIcwc>0</MIcwc>
			<MI>68</MI>
			<operators>
				<token count="1">!=</token>
				<token count="3">()</token>
				<token count="4">*</token>
				<token count="15">-&gt;</token>
				<token count="1">::</token>
				<token count="20">;</token>
				<token count="7">&lt;</token>
				<token count="19">=</token>
				<token count="2">==</token>
				<token count="9">&gt;</token>
				<token count="1">break</token>
				<token count="1">class</token>
				<token count="2">else</token>
				<token count="4">if()</token>
				<token count="2">new</token>
				<token count="2">while()</token>
				<token count="9">{}</token>
			</operators>
			<operands>
				<token count="2">0</token>
				<token count="1">1</token>
				<token count="1">LinkedList</token>
				<token count="6">ListItem</token>
				<token count="2">NULL</token>
				<token count="9">T</token>
				<token count="3">found</token>
				<token count="4">head</token>
				<token count="1">insertSorted</token>
				<token count="1">int</token>
				<token count="4">item</token>
				<token count="8">next</token>
				<token count="6">prev</token>
				<token count="10">temp</token>
				<token count="3">temp_next</token>
				<token count="14">temp_search</token>
				<token count="6">temp_search_2</token>
				<token count="1">value</token>
				<token count="1">void</token>
			</operands>
		</function>
		<function name="LinkedList::getHead()">
			<start_line>201</start_line>
			<vG_b>1</vG_b>
			<vG_e>1</vG_e>
			<params>0</params>
			<LOCphy>5</LOCphy>
			<LOCpro>4</LOCpro>
			<LOCbl>0</LOCbl>
			<LOCcom>0</LOCcom>
			<N>19</N>
			<N1>12</N1>
			<N2>7</N2>
			<n>14</n>
			<n1>9</n1>
			<n2>5</n2>
			<V>72.340</V>
			<B>0.020</B>
			<D>6.300</D>
			<E>455.740</E>
			<L>0.159</L>
			<T>00:00:25</T>
			<MaxND>1</MaxND>
			<MIwoc>122</MIwoc>
			<MIcwc>0</MIcwc>
			<MI>122</MI>
			<operators>
				<token count="1">()</token>
				<token count="1">*</token>
				<token count="1">::</token>
				<token count="1">;</token>
				<token count="2">&lt;</token>
				<token count="3">&gt;</token>
				<token count="1">class</token>
				<token count="1">return</token>
				<token count="1">{}</token>
			</operators>
			<operands>
				<token count="1">LinkedList</token>
				<token count="1">ListItem</token>
				<token count="3">T</token>
				<token count="1">getHead</token>
				<token count="1">head</token>
			</operands>
		</function>
		<function name="LinkedList::getTail()">
			<start_line>207</start_line>
			<vG_b>3</vG_b>
			<vG_e>3</vG_e>
			<params>0</params>
			<LOCphy>15</LOCphy>
			<LOCpro>12</LOCpro>
			<LOCbl>2</LOCbl>
			<LOCcom alarmed="1">0</LOCcom>
			<N>44</N>
			<N1>26</N1>
			<N2>18</N2>
			<n>22</n>
			<n1>14</n1>
			<n2>8</n2>
			<V>196.215</V>
			<B>0.071</B>
			<D>15.750</D>
			<E>3090.386</E>
			<L>0.063</L>
			<T>00:02:51</T>
			<MaxND>3</MaxND>
			<MIwoc>99</MIwoc>
			<MIcwc>0</MIcwc>
			<MI>99</MI>
			<operators>
				<token count="1">!=</token>
				<token count="1">()</token>
				<token count="2">*</token>
				<token count="2">-&gt;</token>
				<token count="1">::</token>
				<token count="3">;</token>
				<token count="3">&lt;</token>
				<token count="2">=</token>
				<token count="4">&gt;</token>
				<token count="1">class</token>
				<token count="1">if()</token>
				<token count="1">return</token>
				<token count="1">while()</token>
				<token count="3">{}</token>
			</operators>
			<operands>
				<token count="1">LinkedList</token>
				<token count="2">ListItem</token>
				<token count="1">NULL</token>
				<token count="4">T</token>
				<token count="1">getTail</token>
				<token count="1">head</token>
				<token count="2">next</token>
				<token count="6">temp</token>
			</operands>
		</function>
		<function name="LinkedList::searchFor()">
			<start_line>223</start_line>
			<vG_b>3</vG_b>
			<vG_e>3</vG_e>
			<params>1</params>
			<LOCphy>17</LOCphy>
			<LOCpro>13</LOCpro>
			<LOCbl>2</LOCbl>
			<LOCcom alarmed="1">2</LOCcom>
			<N>49</N>
			<N1>28</N1>
			<N2>21</N2>
			<n>24</n>
			<n1>14</n1>
			<n2>10</n2>
			<V>224.663</V>
			<B>0.074</B>
			<D>14.700</D>
			<E>3302.549</E>
			<L>0.068</L>
			<T>00:03:03</T>
			<MaxND>3</MaxND>
			<MIwoc>96</MIwoc>
			<MIcwc>25</MIcwc>
			<MI>122</MI>
			<operators>
				<token count="1">()</token>
				<token count="2">*</token>
				<token count="2">-&gt;</token>
				<token count="1">::</token>
				<token count="4">;</token>
				<token count="3">&lt;</token>
				<token count="2">=</token>
				<token count="1">==</token>
				<token count="4">&gt;</token>
				<token count="1">class</token>
				<token count="1">if()</token>
				<token count="2">return</token>
				<token count="1">while()</token>
				<token count="3">{}</token>
			</operators>
			<operands>
				<token count="1">LinkedList</token>
				<token count="2">ListItem</token>
				<token count="1">NULL</token>
				<token count="5">T</token>
				<token count="1">head</token>
				<token count="2">item</token>
				<token count="1">next</token>
				<token count="1">searchFor</token>
				<token count="6">temp</token>
				<token count="1">value</token>
			</operands>
		</function>
		<function name="LinkedList::deleteElement()">
			<start_line>241</start_line>
			<vG_b>7</vG_b>
			<vG_e>8</vG_e>
			<params>1</params>
			<LOCphy>39</LOCphy>
			<LOCpro>36</LOCpro>
			<LOCbl>2</LOCbl>
			<LOCcom alarmed="1">0</LOCcom>
			<N>130</N>
			<N1>72</N1>
			<N2>58</N2>
			<n>29</n>
			<n1>16</n1>
			<n2>13</n2>
			<V>631.538</V>
			<B>0.266</B>
			<D>35.692</D>
			<E>22541.031</E>
			<L>0.028</L>
			<T>00:20:52</T>
			<MaxND>5</MaxND>
			<MIwoc>76</MIwoc>
			<MIcwc>0</MIcwc>
			<MI>76</MI>
			<operators>
				<token count="1">&amp;&amp;</token>
				<token count="1">()</token>
				<token count="2">*</token>
				<token count="15">-&gt;</token>
				<token count="1">::</token>
				<token count="12">;</token>
				<token count="3">&lt;</token>
				<token count="11">=</token>
				<token count="3">==</token>
				<token count="4">&gt;</token>
				<token count="1">break</token>
				<token count="1">class</token>
				<token count="3">else</token>
				<token count="5">if()</token>
				<token count="1">while()</token>
				<token count="8">{}</token>
			</operators>
			<operands>
				<token count="1">LinkedList</token>
				<token count="2">ListItem</token>
				<token count="4">NULL</token>
				<token count="5">T</token>
				<token count="1">deleteElement</token>
				<token count="7">head</token>
				<token count="3">item</token>
				<token count="8">next</token>
				<token count="5">prev</token>
				<token count="16">temp</token>
				<token count="3">temp_previous</token>
				<token count="2">value</token>
				<token count="1">void</token>
			</operands>
		</function>
		<function name="LinkedList::deleteHead()">
			<start_line>281</start_line>
			<vG_b>2</vG_b>
			<vG_e>2</vG_e>
			<params>0</params>
			<LOCphy>14</LOCphy>
			<LOCpro>12</LOCpro>
			<LOCbl>1</LOCbl>
			<LOCcom alarmed="1">0</LOCcom>
			<N>35</N>
			<N1>20</N1>
			<N2>15</N2>
			<n>19</n>
			<n1>11</n1>
			<n2>8</n2>
			<V>148.677</V>
			<B>0.044</B>
			<D>10.313</D>
			<E>1533.236</E>
			<L>0.097</L>
			<T>00:01:25</T>
			<MaxND>2</MaxND>
			<MIwoc>102</MIwoc>
			<MIcwc>0</MIcwc>
			<MI>102</MI>
			<operators>
				<token count="1">()</token>
				<token count="3">-&gt;</token>
				<token count="1">::</token>
				<token count="3">;</token>
				<token count="1">&lt;</token>
				<token count="3">=</token>
				<token count="2">&gt;</token>
				<token count="1">class</token>
				<token count="1">else</token>
				<token count="1">if()</token>
				<token count="3">{}</token>
			</operators>
			<operands>
				<token count="1">LinkedList</token>
				<token count="2">NULL</token>
				<token count="2">T</token>
				<token count="1">deleteHead</token>
				<token count="5">head</token>
				<token count="2">next</token>
				<token count="1">prev</token>
				<token count="1">void</token>
			</operands>
		</function>
		<function name="LinkedList::deleteTail()">
			<start_line>296</start_line>
			<vG_b>4</vG_b>
			<vG_e>4</vG_e>
			<params>0</params>
			<LOCphy>27</LOCphy>
			<LOCpro>20</LOCpro>
			<LOCbl>6</LOCbl>
			<LOCcom alarmed="1">0</LOCcom>
			<N>61</N>
			<N1>35</N1>
			<N2>26</N2>
			<n>24</n>
			<n1>14</n1>
			<n2>10</n2>
			<V>279.683</V>
			<B>0.099</B>
			<D>18.200</D>
			<E>5090.226</E>
			<L>0.055</L>
			<T>00:04:42</T>
			<MaxND>3</MaxND>
			<MIwoc>87</MIwoc>
			<MIcwc>0</MIcwc>
			<MI>87</MI>
			<operators>
				<token count="1">()</token>
				<token count="1">*</token>
				<token count="5">-&gt;</token>
				<token count="1">::</token>
				<token count="5">;</token>
				<token count="2">&lt;</token>
				<token count="5">=</token>
				<token count="1">==</token>
				<token count="3">&gt;</token>
				<token count="1">class</token>
				<token count="2">else</token>
				<token count="2">if()</token>
				<token count="1">while()</token>
				<token count="5">{}</token>
			</operators>
			<operands>
				<token count="1">LinkedList</token>
				<token count="1">ListItem</token>
				<token count="3">NULL</token>
				<token count="3">T</token>
				<token count="1">deleteTail</token>
				<token count="2">head</token>
				<token count="4">next</token>
				<token count="1">prev</token>
				<token count="9">temp</token>
				<token count="1">void</token>
			</operands>
		</function>
		<function name="LinkedList::length()">
			<start_line>324</start_line>
			<vG_b>2</vG_b>
			<vG_e>2</vG_e>
			<params>0</params>
			<LOCphy>14</LOCphy>
			<LOCpro>11</LOCpro>
			<LOCbl>2</LOCbl>
			<LOCcom alarmed="1">0</LOCcom>
			<N>41</N>
			<N1>23</N1>
			<N2>18</N2>
			<n>23</n>
			<n1>13</n1>
			<n2>10</n2>
			<V>185.466</V>
			<B>0.056</B>
			<D>11.700</D>
			<E>2169.953</E>
			<L>0.085</L>
			<T>00:02:00</T>
			<MaxND>2</MaxND>
			<MIwoc>101</MIwoc>
			<MIcwc>0</MIcwc>
			<MI>101</MI>
			<operators>
				<token count="1">()</token>
				<token count="1">*</token>
				<token count="1">++</token>
				<token count="1">-&gt;</token>
				<token count="1">::</token>
				<token count="5">;</token>
				<token count="2">&lt;</token>
				<token count="3">=</token>
				<token count="3">&gt;</token>
				<token count="1">class</token>
				<token count="1">return</token>
				<token count="1">while()</token>
				<token count="2">{}</token>
			</operators>
			<operands>
				<token count="1">0</token>
				<token count="1">LinkedList</token>
				<token count="1">ListItem</token>
				<token count="3">T</token>
				<token count="3">counter</token>
				<token count="1">head</token>
				<token count="2">int</token>
				<token count="1">length</token>
				<token count="1">next</token>
				<token count="4">temp</token>
			</operands>
		</function>
		<function name="LinkedList::reverse()">
			<start_line>339</start_line>
			<vG_b>4</vG_b>
			<vG_e>5</vG_e>
			<params>0</params>
			<LOCphy>36</LOCphy>
			<LOCpro>27</LOCpro>
			<LOCbl>8</LOCbl>
			<LOCcom alarmed="1">0</LOCcom>
			<N>123</N>
			<N1>67</N1>
			<N2>56</N2>
			<n>28</n>
			<n1>16</n1>
			<n2>12</n2>
			<V>591.305</V>
			<B>0.262</B>
			<D>37.333</D>
			<E>22075.373</E>
			<L>0.027</L>
			<T>00:20:26</T>
			<MaxND>4</MaxND>
			<MIwoc>79</MIwoc>
			<MIcwc>0</MIcwc>
			<MI>79</MI>
			<operators>
				<token count="1">!=</token>
				<token count="1">()</token>
				<token count="4">*</token>
				<token count="12">-&gt;</token>
				<token count="1">::</token>
				<token count="12">;</token>
				<token count="5">&lt;</token>
				<token count="12">=</token>
				<token count="2">==</token>
				<token count="6">&gt;</token>
				<token count="1">class</token>
				<token count="1">else</token>
				<token count="2">if()</token>
				<token count="1">while()</token>
				<token count="5">{}</token>
				<token count="1">||</token>
			</operators>
			<operands>
				<token count="1">LinkedList</token>
				<token count="4">ListItem</token>
				<token count="3">NULL</token>
				<token count="6">T</token>
				<token count="3">head</token>
				<token count="6">next</token>
				<token count="6">prev</token>
				<token count="1">reverse</token>
				<token count="13">temp</token>
				<token count="4">temp2</token>
				<token count="8">temp_counter</token>
				<token count="1">void</token>
			</operands>
		</function>
		<function name="LinkedList::parityArrangement()">
			<start_line>376</start_line>
			<vG_b>6</vG_b>
			<vG_e>6</vG_e>
			<params>0</params>
			<LOCphy>41</LOCphy>
			<LOCpro>35</LOCpro>
			<LOCbl>5</LOCbl>
			<LOCcom alarmed="1">0</LOCcom>
			<N>142</N>
			<N1>77</N1>
			<N2>65</N2>
			<n>33</n>
			<n1>16</n1>
			<n2>17</n2>
			<V>716.304</V>
			<B>0.261</B>
			<D>30.588</D>
			<E>21910.475</E>
			<L>0.033</L>
			<T>00:20:17</T>
			<MaxND>3</MaxND>
			<MIwoc>75</MIwoc>
			<MIcwc>0</MIcwc>
			<MI>75</MI>
			<operators>
				<token count="1">%</token>
				<token count="3">()</token>
				<token count="2">*</token>
				<token count="1">++</token>
				<token count="10">-&gt;</token>
				<token count="10">.</token>
				<token count="1">::</token>
				<token count="14">;</token>
				<token count="5">&lt;</token>
				<token count="9">=</token>
				<token count="6">&gt;</token>
				<token count="1">class</token>
				<token count="2">else</token>
				<token count="3">if()</token>
				<token count="2">while()</token>
				<token count="7">{}</token>
			</operators>
			<operands>
				<token count="1">1</token>
				<token count="1">2</token>
				<token count="3">LinkedList</token>
				<token count="2">ListItem</token>
				<token count="6">T</token>
				<token count="6">even</token>
				<token count="10">head</token>
				<token count="3">index</token>
				<token count="2">insertSorted</token>
				<token count="1">int</token>
				<token count="4">next</token>
				<token count="6">odd</token>
				<token count="1">parityArrangement</token>
				<token count="6">temp</token>
				<token count="6">temp2</token>
				<token count="6">value</token>
				<token count="1">void</token>
			</operands>
		</function>
		<function name="LinkedList::isPalindrome()">
			<start_line>418</start_line>
			<vG_b>5</vG_b>
			<vG_e>5</vG_e>
			<params>0</params>
			<LOCphy>40</LOCphy>
			<LOCpro>30</LOCpro>
			<LOCbl>9</LOCbl>
			<LOCcom alarmed="1">0</LOCcom>
			<N>116</N>
			<N1>68</N1>
			<N2>48</N2>
			<n>40</n>
			<n1>22</n1>
			<n2>18</n2>
			<V>617.344</V>
			<B>0.230</B>
			<D>29.333</D>
			<E>18108.748</E>
			<L>0.034</L>
			<T>00:16:46</T>
			<MaxND>3</MaxND>
			<MIwoc>77</MIwoc>
			<MIcwc>0</MIcwc>
			<MI>77</MI>
			<operators>
				<token count="4">()</token>
				<token count="1">*</token>
				<token count="3">++</token>
				<token count="2">-</token>
				<token count="5">-&gt;</token>
				<token count="1">/</token>
				<token count="1">::</token>
				<token count="14">;</token>
				<token count="3">&lt;</token>
				<token count="7">=</token>
				<token count="2">==</token>
				<token count="3">&gt;</token>
				<token count="4">[]</token>
				<token count="1">class</token>
				<token count="1">else</token>
				<token count="2">false</token>
				<token count="1">for()</token>
				<token count="2">if()</token>
				<token count="3">return</token>
				<token count="1">true</token>
				<token count="1">while()</token>
				<token count="6">{}</token>
			</operators>
			<operands>
				<token count="4">0</token>
				<token count="1">1</token>
				<token count="1">2</token>
				<token count="1">LinkedList</token>
				<token count="1">ListItem</token>
				<token count="3">T</token>
				<token count="4">arr</token>
				<token count="1">bool</token>
				<token count="7">counter</token>
				<token count="1">head</token>
				<token count="4">int</token>
				<token count="1">isPalindrome</token>
				<token count="6">length</token>
				<token count="1">next</token>
				<token count="5">temp</token>
				<token count="3">this</token>
				<token count="1">value</token>
				<token count="3">x</token>
			</operands>
		</function>
		<file_total>
			<vG_b>46</vG_b>
			<vG_e>48</vG_e>
			<vG_b_max>7</vG_b_max>
			<vG_b_avg>3</vG_b_avg>
			<vG_e_max>8</vG_e_max>
			<vG_e_avg>3</vG_e_avg>
			<params>8</params>
			<LOCphy>462</LOCphy>
			<LOCpro>368</LOCpro>
			<LOCbl>91</LOCbl>
			<LOCcom alarmed="1">4</LOCcom>
			<N>1414</N>
			<N1>810</N1>
			<N2>604</N2>
			<n>95</n>
			<n1>40</n1>
			<n2>55</n2>
			<V alarmed="1">9289.775</V>
			<B alarmed="1">5.362</B>
			<D>219.636</D>
			<E>2040372.625</E>
			<L>0.005</L>
			<T>31:29:14</T>
			<MaxND>5</MaxND>
			<MIwoc>84</MIwoc>
			<MIcwc>7</MIcwc>
			<MI>91</MI>
			<operators>
				<token count="6">!=</token>
				<token count="6">#</token>
				<token count="1">%</token>
				<token count="1">&amp;</token>
				<token count="1">&amp;&amp;</token>
				<token count="31">()</token>
				<token count="30">*</token>
				<token count="5">++</token>
				<token count="1">,</token>
				<token count="2">-</token>
				<token count="92">-&gt;</token>
				<token count="11">.</token>
				<token count="1">/</token>
				<token count="17">::</token>
				<token count="131">;</token>
				<token count="77">&lt;</token>
				<token count="105">=</token>
				<token count="15">==</token>
				<token count="77">&gt;</token>
				<token count="4">[]</token>
				<token count="2">break</token>
				<token count="17">class</token>
				<token count="1">const</token>
				<token count="2">delete</token>
				<token count="15">else</token>
				<token count="1">endif</token>
				<token count="2">false</token>
				<token count="1">for()</token>
				<token count="27">if()</token>
				<token count="1">ifndef</token>
				<token count="1">namespace</token>
				<token count="9">new</token>
				<token count="8">return</token>
				<token count="17">template</token>
				<token count="1">true</token>
				<token count="1">using</token>
				<token count="16">while()</token>
				<token count="72">{}</token>
				<token count="1">||</token>
				<token count="1">~</token>
			</operators>
			<operands>
				<token count="7">0</token>
				<token count="3">1</token>
				<token count="2">2</token>
				<token count="23">LinkedList</token>
				<token count="39">ListItem</token>
				<token count="24">NULL</token>
				<token count="83">T</token>
				<token count="2">__LIST_CPP</token>
				<token count="2">afterWhat</token>
				<token count="4">arr</token>
				<token count="1">bool</token>
				<token count="10">counter</token>
				<token count="1">define</token>
				<token count="1">deleteElement</token>
				<token count="1">deleteHead</token>
				<token count="1">deleteTail</token>
				<token count="6">even</token>
				<token count="3">found</token>
				<token count="1">getHead</token>
				<token count="1">getTail</token>
				<token count="53">head</token>
				<token count="3">include</token>
				<token count="3">index</token>
				<token count="1">insertAfter</token>
				<token count="1">insertAtHead</token>
				<token count="1">insertAtTail</token>
				<token count="3">insertSorted</token>
				<token count="8">int</token>
				<token count="1">isPalindrome</token>
				<token count="15">item</token>
				<token count="7">length</token>
				<token count="50">next</token>
				<token count="6">odd</token>
				<token count="2">otherLinkedList</token>
				<token count="1">parityArrangement</token>
				<token count="25">prev</token>
				<token count="1">reverse</token>
				<token count="1">searchFor</token>
				<token count="1">std</token>
				<token count="90">temp</token>
				<token count="10">temp2</token>
				<token count="8">temp_1</token>
				<token count="12">temp_2</token>
				<token count="3">temp_3</token>
				<token count="8">temp_counter</token>
				<token count="6">temp_next</token>
				<token count="7">temp_p</token>
				<token count="3">temp_previous</token>
				<token count="22">temp_search</token>
				<token count="6">temp_search_2</token>
				<token count="3">this</token>
				<token count="2">toInsert</token>
				<token count="14">value</token>
				<token count="9">void</token>
				<token count="3">x</token>
			</operands>
		</file_total>
	</file>
	<system>
		<files>1</files>
		<functions>17</functions>
		<LOCphy>462</LOCphy>
		<LOCbl>91</LOCbl>
		<LOCpro>368</LOCpro>
		<LOCcom>4</LOCcom>
		<semicolons>131</semicolons>
		<vG_b>46</vG_b>
		<vG_e>48</vG_e>
		<params>8</params>
		<MIwoc>87</MIwoc>
		<MIcw>7</MIcw>
		<MI>94</MI>
		<alarms>
			<file_vG>
				<measured>1</measured>
				<alarmed>0</alarmed>
				<percent>0</percent>
				<lowlimit>1</lowlimit>
				<highlimit>100</highlimit>
			</file_vG>
			<file_LOCpro>
				<measured>1</measured>
				<alarmed>0</alarmed>
				<percent>0</percent>
				<lowlimit>4</lowlimit>
				<highlimit>400</highlimit>
			</file_LOCpro>
			<file_comment_percent>
				<measured>1</measured>
				<alarmed>1</alarmed>
				<percent>100</percent>
				<lowlimit>30</lowlimit>
				<highlimit>75</highlimit>
			</file_comment_percent>
			<file_V>
				<measured>1</measured>
				<alarmed>1</alarmed>
				<percent>100</percent>
				<lowlimit>100</lowlimit>
				<highlimit>8000</highlimit>
			</file_V>
			<file_B>
				<measured>1</measured>
				<alarmed>1</alarmed>
				<percent>100</percent>
				<lowlimit>0</lowlimit>
				<highlimit>2</highlimit>
			</file_B>
			<file_MI>
				<measured>1</measured>
				<alarmed>0</alarmed>
				<percent>0</percent>
				<lowlimit>65</lowlimit>
			</file_MI>
			<function_vG>
				<measured>17</measured>
				<alarmed>0</alarmed>
				<percent>0</percent>
				<lowlimit>1</lowlimit>
				<highlimit>10</highlimit>
			</function_vG>
			<function_LOCpro>
				<measured>17</measured>
				<alarmed>1</alarmed>
				<percent>5</percent>
				<lowlimit>4</lowlimit>
				<highlimit>40</highlimit>
			</function_LOCpro>
			<function_comment_percent>
				<measured>17</measured>
				<alarmed>15</alarmed>
				<percent>88</percent>
				<lowlimit>30</lowlimit>
				<highlimit>75</highlimit>
			</function_comment_percent>
			<function_V>
				<measured>17</measured>
				<alarmed>0</alarmed>
				<percent>0</percent>
				<lowlimit>20</lowlimit>
				<highlimit>1000</highlimit>
			</function_V>
			<function_MI>
				<measured>17</measured>
				<alarmed>0</alarmed>
				<percent>0</percent>
				<lowlimit>65</lowlimit>
			</function_MI>
		</alarms>
		<error_messages count="0">
		</error_messages>
	</system>
</cmt_long_report>
