<?xml version="1.0" ?>
<cmt_long_report>
	<header_info>
		<cmt_version>7.0</cmt_version>
		<copyright>Copyright (c) 1993-2013 Testwell Oy</copyright>
		<copyright>Copyright (c) 2013-2018 Verifysoft Technology GmbH</copyright>
		<license_notes>
		</license_notes>
		<date>Tue Apr  4 21:12:04 2023</date>
		<cmt_options> -o C:\Users\muawi\cmt\A1_T1_S33.xml -lf -f C:\Users\muawi\cmt\files.txt</cmt_options>
		<run_directory>C:\Testwell\CMT</run_directory>
		<mccabe_preference>extended</mccabe_preference>
	</header_info>
	<file name="C:\Users\muawi\OneDrive\Documents\Study\Junior Year\Topics in Internet Research\Project\PA1_ANON_DATA\PA1_ANON_DATA\folder_33\LinkedList.cpp" stamp="1680056136">
		<function name="LinkedList::LinkedList()">
			<start_line>10</start_line>
			<vG_b>1</vG_b>
			<vG_e>1</vG_e>
			<params>0</params>
			<LOCphy>9</LOCphy>
			<LOCpro>5</LOCpro>
			<LOCbl>3</LOCbl>
			<LOCcom>0</LOCcom>
			<N>19</N>
			<N1>11</N1>
			<N2>8</N2>
			<n>13</n>
			<n1>8</n1>
			<n2>5</n2>
			<V>70.308</V>
			<B>0.020</B>
			<D>6.400</D>
			<E>449.973</E>
			<L>0.156</L>
			<T>00:00:24</T>
			<MaxND>1</MaxND>
			<MIwoc>113</MIwoc>
			<MIcwc>0</MIcwc>
			<MI>113</MI>
			<operators>
				<token count="1">()</token>
				<token count="1">::</token>
				<token count="2">;</token>
				<token count="1">&lt;</token>
				<token count="2">=</token>
				<token count="2">&gt;</token>
				<token count="1">class</token>
				<token count="1">{}</token>
			</operators>
			<operands>
				<token count="2">LinkedList</token>
				<token count="2">NULL</token>
				<token count="2">T</token>
				<token count="1">head</token>
				<token count="1">tail</token>
			</operands>
		</function>
		<function name="LinkedList::LinkedList()">
			<start_line>20</start_line>
			<vG_b>3</vG_b>
			<vG_e>3</vG_e>
			<params>1</params>
			<LOCphy>22</LOCphy>
			<LOCpro>18</LOCpro>
			<LOCbl>3</LOCbl>
			<LOCcom alarmed="1">0</LOCcom>
			<N>73</N>
			<N1>41</N1>
			<N2>32</N2>
			<n>29</n>
			<n1>18</n1>
			<n2>11</n2>
			<V>354.633</V>
			<B>0.147</B>
			<D>26.182</D>
			<E>9284.927</E>
			<L>0.038</L>
			<T>00:08:35</T>
			<MaxND>3</MaxND>
			<MIwoc>90</MIwoc>
			<MIcwc>0</MIcwc>
			<MI>90</MI>
			<operators>
				<token count="1">!=</token>
				<token count="1">&amp;</token>
				<token count="2">()</token>
				<token count="1">*</token>
				<token count="2">-&gt;</token>
				<token count="2">.</token>
				<token count="1">::</token>
				<token count="8">;</token>
				<token count="3">&lt;</token>
				<token count="6">=</token>
				<token count="1">==</token>
				<token count="4">&gt;</token>
				<token count="1">class</token>
				<token count="1">const</token>
				<token count="1">else</token>
				<token count="1">if()</token>
				<token count="1">while()</token>
				<token count="4">{}</token>
			</operators>
			<operands>
				<token count="3">LinkedList</token>
				<token count="1">ListItem</token>
				<token count="6">NULL</token>
				<token count="4">T</token>
				<token count="4">head</token>
				<token count="1">insertAtTail</token>
				<token count="1">next</token>
				<token count="3">otherLinkedList</token>
				<token count="2">tail</token>
				<token count="6">temp</token>
				<token count="1">value</token>
			</operands>
		</function>
		<function name="LinkedList::~LinkedList()">
			<start_line>42</start_line>
			<vG_b>2</vG_b>
			<vG_e>2</vG_e>
			<params>0</params>
			<LOCphy>12</LOCphy>
			<LOCpro>10</LOCpro>
			<LOCbl>1</LOCbl>
			<LOCcom alarmed="1">0</LOCcom>
			<N>37</N>
			<N1>22</N1>
			<N2>15</N2>
			<n>21</n>
			<n1>14</n1>
			<n2>7</n2>
			<V>162.516</V>
			<B>0.060</B>
			<D>15.000</D>
			<E>2437.736</E>
			<L>0.067</L>
			<T>00:02:15</T>
			<MaxND>2</MaxND>
			<MIwoc>104</MIwoc>
			<MIcwc>0</MIcwc>
			<MI>104</MI>
			<operators>
				<token count="1">!=</token>
				<token count="1">()</token>
				<token count="1">*</token>
				<token count="1">-&gt;</token>
				<token count="1">::</token>
				<token count="4">;</token>
				<token count="2">&lt;</token>
				<token count="2">=</token>
				<token count="3">&gt;</token>
				<token count="1">class</token>
				<token count="1">delete</token>
				<token count="1">while()</token>
				<token count="2">{}</token>
				<token count="1">~</token>
			</operators>
			<operands>
				<token count="2">LinkedList</token>
				<token count="1">ListItem</token>
				<token count="1">NULL</token>
				<token count="3">T</token>
				<token count="1">head</token>
				<token count="1">next</token>
				<token count="6">temp</token>
			</operands>
		</function>
		<function name="LinkedList::insertAtHead()">
			<start_line>55</start_line>
			<vG_b>3</vG_b>
			<vG_e>3</vG_e>
			<params>1</params>
			<LOCphy>38</LOCphy>
			<LOCpro>24</LOCpro>
			<LOCbl>13</LOCbl>
			<LOCcom alarmed="1">0</LOCcom>
			<N>102</N>
			<N1>55</N1>
			<N2>47</N2>
			<n>29</n>
			<n1>16</n1>
			<n2>13</n2>
			<V>495.514</V>
			<B>0.197</B>
			<D>28.923</D>
			<E>14331.791</E>
			<L>0.035</L>
			<T>00:13:16</T>
			<MaxND>3</MaxND>
			<MIwoc>79</MIwoc>
			<MIcwc>0</MIcwc>
			<MI>79</MI>
			<operators>
				<token count="1">!=</token>
				<token count="2">()</token>
				<token count="2">*</token>
				<token count="7">-&gt;</token>
				<token count="1">::</token>
				<token count="12">;</token>
				<token count="4">&lt;</token>
				<token count="11">=</token>
				<token count="1">==</token>
				<token count="5">&gt;</token>
				<token count="1">class</token>
				<token count="1">else</token>
				<token count="1">if()</token>
				<token count="1">new</token>
				<token count="1">while()</token>
				<token count="4">{}</token>
			</operators>
			<operands>
				<token count="1">LinkedList</token>
				<token count="3">ListItem</token>
				<token count="4">NULL</token>
				<token count="6">T</token>
				<token count="9">head</token>
				<token count="1">insertAtHead</token>
				<token count="2">item</token>
				<token count="4">next</token>
				<token count="3">prev</token>
				<token count="2">tail</token>
				<token count="5">temp</token>
				<token count="6">tt</token>
				<token count="1">void</token>
			</operands>
		</function>
		<function name="LinkedList::insertAtTail()">
			<start_line>94</start_line>
			<vG_b>2</vG_b>
			<vG_e>2</vG_e>
			<params>1</params>
			<LOCphy>19</LOCphy>
			<LOCpro>15</LOCpro>
			<LOCbl>3</LOCbl>
			<LOCcom alarmed="1">0</LOCcom>
			<N>60</N>
			<N1>33</N1>
			<N2>27</N2>
			<n>26</n>
			<n1>14</n1>
			<n2>12</n2>
			<V>282.026</V>
			<B>0.090</B>
			<D>15.750</D>
			<E>4441.916</E>
			<L>0.063</L>
			<T>00:04:06</T>
			<MaxND>2</MaxND>
			<MIwoc>94</MIwoc>
			<MIcwc>0</MIcwc>
			<MI>94</MI>
			<operators>
				<token count="2">()</token>
				<token count="1">*</token>
				<token count="2">-&gt;</token>
				<token count="1">::</token>
				<token count="6">;</token>
				<token count="3">&lt;</token>
				<token count="6">=</token>
				<token count="1">==</token>
				<token count="4">&gt;</token>
				<token count="1">class</token>
				<token count="1">else</token>
				<token count="1">if()</token>
				<token count="1">new</token>
				<token count="3">{}</token>
			</operators>
			<operands>
				<token count="1">LinkedList</token>
				<token count="2">ListItem</token>
				<token count="1">NULL</token>
				<token count="5">T</token>
				<token count="2">head</token>
				<token count="1">insertAtTail</token>
				<token count="2">item</token>
				<token count="1">next</token>
				<token count="1">prev</token>
				<token count="4">tail</token>
				<token count="6">temp</token>
				<token count="1">void</token>
			</operands>
		</function>
		<function name="LinkedList::insertAfter()">
			<start_line>114</start_line>
			<vG_b>4</vG_b>
			<vG_e>4</vG_e>
			<params>2</params>
			<LOCphy>33</LOCphy>
			<LOCpro>20</LOCpro>
			<LOCbl>12</LOCbl>
			<LOCcom alarmed="1">0</LOCcom>
			<N>109</N>
			<N1>61</N1>
			<N2>48</N2>
			<n>34</n>
			<n1>18</n1>
			<n2>16</n2>
			<V>554.533</V>
			<B>0.202</B>
			<D>27.000</D>
			<E>14972.403</E>
			<L>0.037</L>
			<T>00:13:51</T>
			<MaxND>4</MaxND>
			<MIwoc>81</MIwoc>
			<MIcwc>0</MIcwc>
			<MI>81</MI>
			<operators>
				<token count="2">!=</token>
				<token count="4">()</token>
				<token count="2">*</token>
				<token count="1">,</token>
				<token count="10">-&gt;</token>
				<token count="1">::</token>
				<token count="10">;</token>
				<token count="4">&lt;</token>
				<token count="7">=</token>
				<token count="1">==</token>
				<token count="5">&gt;</token>
				<token count="1">break</token>
				<token count="1">class</token>
				<token count="2">else</token>
				<token count="2">if()</token>
				<token count="1">new</token>
				<token count="1">while()</token>
				<token count="6">{}</token>
			</operators>
			<operands>
				<token count="1">LinkedList</token>
				<token count="3">ListItem</token>
				<token count="1">NULL</token>
				<token count="7">T</token>
				<token count="5">add</token>
				<token count="3">afterWhat</token>
				<token count="1">head</token>
				<token count="1">insertAfter</token>
				<token count="1">insertAtTail</token>
				<token count="6">next</token>
				<token count="2">prev</token>
				<token count="1">tail</token>
				<token count="10">tempp</token>
				<token count="3">toInsert</token>
				<token count="2">value</token>
				<token count="1">void</token>
			</operands>
		</function>
		<function name="LinkedList::insertSorted()">
			<start_line>148</start_line>
			<vG_b>6</vG_b>
			<vG_e>7</vG_e>
			<params>1</params>
			<LOCphy>34</LOCphy>
			<LOCpro>22</LOCpro>
			<LOCbl>10</LOCbl>
			<LOCcom alarmed="1">1</LOCcom>
			<N>102</N>
			<N1>58</N1>
			<N2>44</N2>
			<n>36</n>
			<n1>20</n1>
			<n2>16</n2>
			<V>527.332</V>
			<B>0.198</B>
			<D>27.500</D>
			<E>14501.640</E>
			<L>0.036</L>
			<T>00:13:25</T>
			<MaxND>4</MaxND>
			<MIwoc>80</MIwoc>
			<MIcwc>13</MIcwc>
			<MI>93</MI>
			<operators>
				<token count="2">!=</token>
				<token count="6">()</token>
				<token count="1">*</token>
				<token count="2">,</token>
				<token count="8">-&gt;</token>
				<token count="1">::</token>
				<token count="8">;</token>
				<token count="2">&lt;</token>
				<token count="2">&lt;=</token>
				<token count="2">=</token>
				<token count="1">==</token>
				<token count="3">&gt;</token>
				<token count="1">&gt;=</token>
				<token count="1">break</token>
				<token count="1">class</token>
				<token count="4">else</token>
				<token count="4">if()</token>
				<token count="1">while()</token>
				<token count="7">{}</token>
				<token count="1">||</token>
			</operators>
			<operands>
				<token count="1">LinkedList</token>
				<token count="1">ListItem</token>
				<token count="2">NULL</token>
				<token count="4">T</token>
				<token count="4">head</token>
				<token count="2">insertAfter</token>
				<token count="1">insertAtHead</token>
				<token count="1">insertAtTail</token>
				<token count="1">insertSorted</token>
				<token count="8">item</token>
				<token count="2">next</token>
				<token count="1">prev</token>
				<token count="1">tail</token>
				<token count="9">tempp</token>
				<token count="5">value</token>
				<token count="1">void</token>
			</operands>
		</function>
		<function name="LinkedList::getHead()">
			<start_line>183</start_line>
			<vG_b>1</vG_b>
			<vG_e>1</vG_e>
			<params>0</params>
			<LOCphy>6</LOCphy>
			<LOCpro>4</LOCpro>
			<LOCbl>1</LOCbl>
			<LOCcom>0</LOCcom>
			<N>19</N>
			<N1>12</N1>
			<N2>7</N2>
			<n>14</n>
			<n1>9</n1>
			<n2>5</n2>
			<V>72.340</V>
			<B>0.020</B>
			<D>6.300</D>
			<E>455.740</E>
			<L>0.159</L>
			<T>00:00:25</T>
			<MaxND>1</MaxND>
			<MIwoc>119</MIwoc>
			<MIcwc>0</MIcwc>
			<MI>119</MI>
			<operators>
				<token count="1">()</token>
				<token count="1">*</token>
				<token count="1">::</token>
				<token count="1">;</token>
				<token count="2">&lt;</token>
				<token count="3">&gt;</token>
				<token count="1">class</token>
				<token count="1">return</token>
				<token count="1">{}</token>
			</operators>
			<operands>
				<token count="1">LinkedList</token>
				<token count="1">ListItem</token>
				<token count="3">T</token>
				<token count="1">getHead</token>
				<token count="1">head</token>
			</operands>
		</function>
		<function name="LinkedList::getTail()">
			<start_line>190</start_line>
			<vG_b>1</vG_b>
			<vG_e>1</vG_e>
			<params>0</params>
			<LOCphy>5</LOCphy>
			<LOCpro>4</LOCpro>
			<LOCbl>0</LOCbl>
			<LOCcom>0</LOCcom>
			<N>19</N>
			<N1>12</N1>
			<N2>7</N2>
			<n>14</n>
			<n1>9</n1>
			<n2>5</n2>
			<V>72.340</V>
			<B>0.020</B>
			<D>6.300</D>
			<E>455.740</E>
			<L>0.159</L>
			<T>00:00:25</T>
			<MaxND>1</MaxND>
			<MIwoc>122</MIwoc>
			<MIcwc>0</MIcwc>
			<MI>122</MI>
			<operators>
				<token count="1">()</token>
				<token count="1">*</token>
				<token count="1">::</token>
				<token count="1">;</token>
				<token count="2">&lt;</token>
				<token count="3">&gt;</token>
				<token count="1">class</token>
				<token count="1">return</token>
				<token count="1">{}</token>
			</operators>
			<operands>
				<token count="1">LinkedList</token>
				<token count="1">ListItem</token>
				<token count="3">T</token>
				<token count="1">getTail</token>
				<token count="1">tail</token>
			</operands>
		</function>
		<function name="LinkedList::searchFor()">
			<start_line>196</start_line>
			<vG_b>6</vG_b>
			<vG_e>7</vG_e>
			<params>1</params>
			<LOCphy>30</LOCphy>
			<LOCpro>22</LOCpro>
			<LOCbl>7</LOCbl>
			<LOCcom alarmed="1">0</LOCcom>
			<N>95</N>
			<N1>58</N1>
			<N2>37</N2>
			<n>29</n>
			<n1>18</n1>
			<n2>11</n2>
			<V>461.508</V>
			<B>0.193</B>
			<D>30.273</D>
			<E>13971.111</E>
			<L>0.033</L>
			<T>00:12:56</T>
			<MaxND>4</MaxND>
			<MIwoc>82</MIwoc>
			<MIcwc>0</MIcwc>
			<MI>82</MI>
			<operators>
				<token count="2">!=</token>
				<token count="3">()</token>
				<token count="2">*</token>
				<token count="6">-&gt;</token>
				<token count="1">::</token>
				<token count="8">;</token>
				<token count="3">&lt;</token>
				<token count="2">=</token>
				<token count="4">==</token>
				<token count="4">&gt;</token>
				<token count="1">break</token>
				<token count="1">class</token>
				<token count="4">else</token>
				<token count="4">if()</token>
				<token count="4">return</token>
				<token count="1">while()</token>
				<token count="7">{}</token>
				<token count="1">||</token>
			</operators>
			<operands>
				<token count="1">LinkedList</token>
				<token count="2">ListItem</token>
				<token count="3">NULL</token>
				<token count="5">T</token>
				<token count="4">head</token>
				<token count="5">item</token>
				<token count="2">next</token>
				<token count="1">searchFor</token>
				<token count="2">tail</token>
				<token count="8">tempp</token>
				<token count="4">value</token>
			</operands>
		</function>
		<function name="LinkedList::deleteElement()">
			<start_line>227</start_line>
			<vG_b>4</vG_b>
			<vG_e>4</vG_e>
			<params>1</params>
			<LOCphy>32</LOCphy>
			<LOCpro>21</LOCpro>
			<LOCbl>10</LOCbl>
			<LOCcom alarmed="1">0</LOCcom>
			<N>86</N>
			<N1>51</N1>
			<N2>35</N2>
			<n>32</n>
			<n1>16</n1>
			<n2>16</n2>
			<V>430.000</V>
			<B>0.128</B>
			<D>17.500</D>
			<E>7525.000</E>
			<L>0.057</L>
			<T>00:06:58</T>
			<MaxND>3</MaxND>
			<MIwoc>82</MIwoc>
			<MIcwc>0</MIcwc>
			<MI>82</MI>
			<operators>
				<token count="1">!=</token>
				<token count="5">()</token>
				<token count="1">*</token>
				<token count="8">-&gt;</token>
				<token count="1">::</token>
				<token count="10">;</token>
				<token count="2">&lt;</token>
				<token count="3">=</token>
				<token count="2">==</token>
				<token count="3">&gt;</token>
				<token count="1">class</token>
				<token count="1">delete</token>
				<token count="3">else</token>
				<token count="3">if()</token>
				<token count="2">return</token>
				<token count="5">{}</token>
			</operators>
			<operands>
				<token count="1">LinkedList</token>
				<token count="1">ListItem</token>
				<token count="1">NULL</token>
				<token count="4">T</token>
				<token count="1">deleteElement</token>
				<token count="1">deleteHead</token>
				<token count="1">deleteTail</token>
				<token count="1">head</token>
				<token count="5">item</token>
				<token count="3">next</token>
				<token count="3">prev</token>
				<token count="2">searchFor</token>
				<token count="1">tail</token>
				<token count="7">tempp</token>
				<token count="2">value</token>
				<token count="1">void</token>
			</operands>
		</function>
		<function name="LinkedList::deleteHead()">
			<start_line>260</start_line>
			<vG_b>2</vG_b>
			<vG_e>2</vG_e>
			<params>0</params>
			<LOCphy>12</LOCphy>
			<LOCpro>10</LOCpro>
			<LOCbl>1</LOCbl>
			<LOCcom alarmed="1">0</LOCcom>
			<N>48</N>
			<N1>27</N1>
			<N2>21</N2>
			<n>25</n>
			<n1>14</n1>
			<n2>11</n2>
			<V>222.905</V>
			<B>0.069</B>
			<D>13.364</D>
			<E>2978.823</E>
			<L>0.075</L>
			<T>00:02:45</T>
			<MaxND>2</MaxND>
			<MIwoc>102</MIwoc>
			<MIcwc>0</MIcwc>
			<MI>102</MI>
			<operators>
				<token count="1">()</token>
				<token count="1">*</token>
				<token count="2">-&gt;</token>
				<token count="1">::</token>
				<token count="5">;</token>
				<token count="2">&lt;</token>
				<token count="5">=</token>
				<token count="1">==</token>
				<token count="3">&gt;</token>
				<token count="1">class</token>
				<token count="1">delete</token>
				<token count="1">else</token>
				<token count="1">if()</token>
				<token count="2">{}</token>
			</operators>
			<operands>
				<token count="1">LinkedList</token>
				<token count="1">ListItem</token>
				<token count="2">NULL</token>
				<token count="3">T</token>
				<token count="2">current</token>
				<token count="1">deleteHead</token>
				<token count="6">head</token>
				<token count="1">next</token>
				<token count="1">prev</token>
				<token count="2">tail</token>
				<token count="1">void</token>
			</operands>
		</function>
		<function name="LinkedList::deleteTail()">
			<start_line>273</start_line>
			<vG_b>2</vG_b>
			<vG_e>2</vG_e>
			<params>0</params>
			<LOCphy>11</LOCphy>
			<LOCpro>10</LOCpro>
			<LOCbl>0</LOCbl>
			<LOCcom alarmed="1">0</LOCcom>
			<N>48</N>
			<N1>27</N1>
			<N2>21</N2>
			<n>25</n>
			<n1>14</n1>
			<n2>11</n2>
			<V>222.905</V>
			<B>0.069</B>
			<D>13.364</D>
			<E>2978.823</E>
			<L>0.075</L>
			<T>00:02:45</T>
			<MaxND>2</MaxND>
			<MIwoc>104</MIwoc>
			<MIcwc>0</MIcwc>
			<MI>104</MI>
			<operators>
				<token count="1">()</token>
				<token count="1">*</token>
				<token count="2">-&gt;</token>
				<token count="1">::</token>
				<token count="5">;</token>
				<token count="2">&lt;</token>
				<token count="5">=</token>
				<token count="1">==</token>
				<token count="3">&gt;</token>
				<token count="1">class</token>
				<token count="1">delete</token>
				<token count="1">else</token>
				<token count="1">if()</token>
				<token count="2">{}</token>
			</operators>
			<operands>
				<token count="1">LinkedList</token>
				<token count="1">ListItem</token>
				<token count="2">NULL</token>
				<token count="3">T</token>
				<token count="2">current</token>
				<token count="1">deleteTail</token>
				<token count="2">head</token>
				<token count="1">next</token>
				<token count="1">prev</token>
				<token count="6">tail</token>
				<token count="1">void</token>
			</operands>
		</function>
		<function name="LinkedList::length()">
			<start_line>285</start_line>
			<vG_b>3</vG_b>
			<vG_e>3</vG_e>
			<params>0</params>
			<LOCphy>25</LOCphy>
			<LOCpro>16</LOCpro>
			<LOCbl>8</LOCbl>
			<LOCcom alarmed="1">0</LOCcom>
			<N>54</N>
			<N1>31</N1>
			<N2>23</N2>
			<n>28</n>
			<n1>17</n1>
			<n2>11</n2>
			<V>259.597</V>
			<B>0.092</B>
			<D>17.773</D>
			<E>4613.750</E>
			<L>0.056</L>
			<T>00:04:16</T>
			<MaxND>3</MaxND>
			<MIwoc>89</MIwoc>
			<MIcwc>0</MIcwc>
			<MI>89</MI>
			<operators>
				<token count="1">!=</token>
				<token count="1">()</token>
				<token count="1">*</token>
				<token count="1">++</token>
				<token count="1">-&gt;</token>
				<token count="1">::</token>
				<token count="7">;</token>
				<token count="2">&lt;</token>
				<token count="3">=</token>
				<token count="1">==</token>
				<token count="3">&gt;</token>
				<token count="1">class</token>
				<token count="1">else</token>
				<token count="1">if()</token>
				<token count="2">return</token>
				<token count="1">while()</token>
				<token count="3">{}</token>
			</operators>
			<operands>
				<token count="2">0</token>
				<token count="1">LinkedList</token>
				<token count="1">ListItem</token>
				<token count="2">NULL</token>
				<token count="3">T</token>
				<token count="3">count</token>
				<token count="2">head</token>
				<token count="2">int</token>
				<token count="1">length</token>
				<token count="1">next</token>
				<token count="5">tempp</token>
			</operands>
		</function>
		<function name="LinkedList::reverse()">
			<start_line>311</start_line>
			<vG_b>4</vG_b>
			<vG_e>4</vG_e>
			<params>0</params>
			<LOCphy>24</LOCphy>
			<LOCpro>17</LOCpro>
			<LOCbl>6</LOCbl>
			<LOCcom alarmed="1">0</LOCcom>
			<N>76</N>
			<N1>41</N1>
			<N2>35</N2>
			<n>33</n>
			<n1>15</n1>
			<n2>18</n2>
			<V>383.374</V>
			<B>0.105</B>
			<D>14.583</D>
			<E>5590.870</E>
			<L>0.069</L>
			<T>00:05:10</T>
			<MaxND>2</MaxND>
			<MIwoc>88</MIwoc>
			<MIcwc>0</MIcwc>
			<MI>88</MI>
			<operators>
				<token count="2">!=</token>
				<token count="4">()</token>
				<token count="1">*</token>
				<token count="2">++</token>
				<token count="3">-&gt;</token>
				<token count="1">::</token>
				<token count="10">;</token>
				<token count="3">&lt;</token>
				<token count="5">=</token>
				<token count="3">&gt;</token>
				<token count="1">class</token>
				<token count="1">for()</token>
				<token count="1">if()</token>
				<token count="1">while()</token>
				<token count="3">{}</token>
			</operators>
			<operands>
				<token count="2">0</token>
				<token count="1">LinkedList</token>
				<token count="1">ListItem</token>
				<token count="1">NULL</token>
				<token count="3">T</token>
				<token count="1">deleteTail</token>
				<token count="1">head</token>
				<token count="3">i</token>
				<token count="1">insertAtHead</token>
				<token count="3">int</token>
				<token count="1">length</token>
				<token count="3">loop</token>
				<token count="2">next</token>
				<token count="1">reverse</token>
				<token count="3">size</token>
				<token count="6">temp</token>
				<token count="1">value</token>
				<token count="1">void</token>
			</operands>
		</function>
		<function name="LinkedList::parityArrangement()">
			<start_line>336</start_line>
			<vG_b>9</vG_b>
			<vG_e>9</vG_e>
			<params>0</params>
			<LOCphy>55</LOCphy>
			<LOCpro>32</LOCpro>
			<LOCbl>22</LOCbl>
			<LOCcom alarmed="1">2</LOCcom>
			<N>163</N>
			<N1>88</N1>
			<N2>75</N2>
			<n>40</n>
			<n1>17</n1>
			<n2>23</n2>
			<V>867.474</V>
			<B>0.278</B>
			<D>27.717</D>
			<E>24044.125</E>
			<L>0.036</L>
			<T>00:22:15</T>
			<MaxND>3</MaxND>
			<MIwoc>69</MIwoc>
			<MIcwc>15</MIcwc>
			<MI>83</MI>
			<operators>
				<token count="6">!=</token>
				<token count="2">%</token>
				<token count="5">()</token>
				<token count="3">*</token>
				<token count="3">++</token>
				<token count="9">-&gt;</token>
				<token count="1">::</token>
				<token count="19">;</token>
				<token count="5">&lt;</token>
				<token count="13">=</token>
				<token count="1">==</token>
				<token count="5">&gt;</token>
				<token count="1">class</token>
				<token count="1">for()</token>
				<token count="4">if()</token>
				<token count="3">while()</token>
				<token count="7">{}</token>
			</operators>
			<operands>
				<token count="5">0</token>
				<token count="2">2</token>
				<token count="1">LinkedList</token>
				<token count="3">ListItem</token>
				<token count="4">NULL</token>
				<token count="5">T</token>
				<token count="1">deleteHead</token>
				<token count="5">head</token>
				<token count="3">i</token>
				<token count="2">insertAtTail</token>
				<token count="3">int</token>
				<token count="1">length</token>
				<token count="9">loop</token>
				<token count="6">next</token>
				<token count="1">parityArrangement</token>
				<token count="1">prev</token>
				<token count="3">size</token>
				<token count="1">tail</token>
				<token count="10">temp</token>
				<token count="5">tt</token>
				<token count="1">ttemp</token>
				<token count="2">value</token>
				<token count="1">void</token>
			</operands>
		</function>
		<function name="LinkedList::isPalindrome()">
			<start_line>392</start_line>
			<vG_b>8</vG_b>
			<vG_e>8</vG_e>
			<params>0</params>
			<LOCphy>41</LOCphy>
			<LOCpro>27</LOCpro>
			<LOCbl>13</LOCbl>
			<LOCcom alarmed="1">0</LOCcom>
			<N>134</N>
			<N1>80</N1>
			<N2>54</N2>
			<n>37</n>
			<n1>21</n1>
			<n2>16</n2>
			<V>698.067</V>
			<B>0.283</B>
			<D>35.438</D>
			<E>24737.740</E>
			<L>0.028</L>
			<T>00:22:54</T>
			<MaxND>3</MaxND>
			<MIwoc>75</MIwoc>
			<MIcwc>0</MIcwc>
			<MI>75</MI>
			<operators>
				<token count="5">!=</token>
				<token count="6">()</token>
				<token count="3">++</token>
				<token count="6">-&gt;</token>
				<token count="1">::</token>
				<token count="17">;</token>
				<token count="2">&lt;</token>
				<token count="7">=</token>
				<token count="1">==</token>
				<token count="2">&gt;</token>
				<token count="6">[]</token>
				<token count="2">break</token>
				<token count="1">class</token>
				<token count="2">else</token>
				<token count="2">false</token>
				<token count="1">for()</token>
				<token count="4">if()</token>
				<token count="3">return</token>
				<token count="1">true</token>
				<token count="2">while()</token>
				<token count="6">{}</token>
			</operators>
			<operands>
				<token count="3">0</token>
				<token count="1">LinkedList</token>
				<token count="5">NULL</token>
				<token count="2">T</token>
				<token count="1">bool</token>
				<token count="3">check1</token>
				<token count="3">check2</token>
				<token count="6">head</token>
				<token count="11">i</token>
				<token count="4">int</token>
				<token count="1">isPalindrome</token>
				<token count="3">length</token>
				<token count="2">next</token>
				<token count="2">prev</token>
				<token count="5">tail</token>
				<token count="2">value</token>
			</operands>
		</function>
		<function name="LinkedList::testprint()">
			<start_line>437</start_line>
			<vG_b>5</vG_b>
			<vG_e>5</vG_e>
			<params>0</params>
			<LOCphy>27</LOCphy>
			<LOCpro>17</LOCpro>
			<LOCbl>9</LOCbl>
			<LOCcom alarmed="1">0</LOCcom>
			<N>96</N>
			<N1>54</N1>
			<N2>42</N2>
			<n>30</n>
			<n1>15</n1>
			<n2>15</n2>
			<V>471.061</V>
			<B>0.154</B>
			<D>21.000</D>
			<E>9892.291</E>
			<L>0.048</L>
			<T>00:09:09</T>
			<MaxND>3</MaxND>
			<MIwoc>84</MIwoc>
			<MIcwc>0</MIcwc>
			<MI>84</MI>
			<operators>
				<token count="4">!=</token>
				<token count="1">()</token>
				<token count="6">-&gt;</token>
				<token count="8">::</token>
				<token count="8">;</token>
				<token count="1">&lt;</token>
				<token count="8">&lt;&lt;</token>
				<token count="2">=</token>
				<token count="2">&gt;</token>
				<token count="2">break</token>
				<token count="1">class</token>
				<token count="2">else</token>
				<token count="2">if()</token>
				<token count="2">while()</token>
				<token count="5">{}</token>
			</operators>
			<operands>
				<token count="2">&quot; &quot;</token>
				<token count="1">&quot;reverse test&quot;</token>
				<token count="1">LinkedList</token>
				<token count="4">NULL</token>
				<token count="2">T</token>
				<token count="4">cout</token>
				<token count="3">endl</token>
				<token count="5">head</token>
				<token count="2">next</token>
				<token count="2">prev</token>
				<token count="7">std</token>
				<token count="5">tail</token>
				<token count="1">testprint</token>
				<token count="2">value</token>
				<token count="1">void</token>
			</operands>
		</function>
		<file_total>
			<vG_b>50</vG_b>
			<vG_e>52</vG_e>
			<vG_b_max>9</vG_b_max>
			<vG_b_avg>3</vG_b_avg>
			<vG_e_max>9</vG_e_max>
			<vG_e_avg>3</vG_e_avg>
			<params>8</params>
			<LOCphy>467</LOCphy>
			<LOCpro>319</LOCpro>
			<LOCbl>147</LOCbl>
			<LOCcom alarmed="1">3</LOCcom>
			<N>1394</N>
			<N1>809</N1>
			<N2>585</N2>
			<n>93</n>
			<n1>40</n1>
			<n2>53</n2>
			<V alarmed="1">9115.587</V>
			<B alarmed="1">5.313</B>
			<D>220.755</D>
			<E>2012308.875</E>
			<L>0.005</L>
			<T>31:03:14</T>
			<MaxND>4</MaxND>
			<MIwoc>85</MIwoc>
			<MIcwc>6</MIcwc>
			<MI>91</MI>
			<operators>
				<token count="28">!=</token>
				<token count="6">#</token>
				<token count="2">%</token>
				<token count="1">&amp;</token>
				<token count="47">()</token>
				<token count="20">*</token>
				<token count="9">++</token>
				<token count="3">,</token>
				<token count="73">-&gt;</token>
				<token count="2">.</token>
				<token count="25">::</token>
				<token count="142">;</token>
				<token count="63">&lt;</token>
				<token count="8">&lt;&lt;</token>
				<token count="2">&lt;=</token>
				<token count="81">=</token>
				<token count="16">==</token>
				<token count="60">&gt;</token>
				<token count="1">&gt;=</token>
				<token count="6">[]</token>
				<token count="7">break</token>
				<token count="18">class</token>
				<token count="1">const</token>
				<token count="4">delete</token>
				<token count="23">else</token>
				<token count="1">endif</token>
				<token count="2">false</token>
				<token count="3">for()</token>
				<token count="30">if()</token>
				<token count="1">ifndef</token>
				<token count="1">namespace</token>
				<token count="3">new</token>
				<token count="13">return</token>
				<token count="18">template</token>
				<token count="1">true</token>
				<token count="1">using</token>
				<token count="15">while()</token>
				<token count="69">{}</token>
				<token count="2">||</token>
				<token count="1">~</token>
			</operators>
			<operands>
				<token count="2">&quot; &quot;</token>
				<token count="1">&quot;reverse test&quot;</token>
				<token count="12">0</token>
				<token count="2">2</token>
				<token count="22">LinkedList</token>
				<token count="23">ListItem</token>
				<token count="41">NULL</token>
				<token count="67">T</token>
				<token count="2">__LIST_CPP</token>
				<token count="5">add</token>
				<token count="3">afterWhat</token>
				<token count="1">bool</token>
				<token count="3">check1</token>
				<token count="3">check2</token>
				<token count="3">count</token>
				<token count="4">cout</token>
				<token count="4">current</token>
				<token count="1">define</token>
				<token count="1">deleteElement</token>
				<token count="3">deleteHead</token>
				<token count="3">deleteTail</token>
				<token count="3">endl</token>
				<token count="1">getHead</token>
				<token count="1">getTail</token>
				<token count="55">head</token>
				<token count="17">i</token>
				<token count="3">include</token>
				<token count="3">insertAfter</token>
				<token count="3">insertAtHead</token>
				<token count="6">insertAtTail</token>
				<token count="1">insertSorted</token>
				<token count="12">int</token>
				<token count="1">isPalindrome</token>
				<token count="22">item</token>
				<token count="6">length</token>
				<token count="12">loop</token>
				<token count="35">next</token>
				<token count="3">otherLinkedList</token>
				<token count="1">parityArrangement</token>
				<token count="17">prev</token>
				<token count="1">reverse</token>
				<token count="3">searchFor</token>
				<token count="6">size</token>
				<token count="8">std</token>
				<token count="34">tail</token>
				<token count="39">temp</token>
				<token count="39">tempp</token>
				<token count="1">testprint</token>
				<token count="3">toInsert</token>
				<token count="11">tt</token>
				<token count="1">ttemp</token>
				<token count="21">value</token>
				<token count="10">void</token>
			</operands>
		</file_total>
	</file>
	<system>
		<files>1</files>
		<functions>18</functions>
		<LOCphy>467</LOCphy>
		<LOCbl>147</LOCbl>
		<LOCpro>319</LOCpro>
		<LOCcom>3</LOCcom>
		<semicolons>142</semicolons>
		<vG_b>50</vG_b>
		<vG_e>52</vG_e>
		<params>8</params>
		<MIwoc>88</MIwoc>
		<MIcw>6</MIcw>
		<MI>94</MI>
		<alarms>
			<file_vG>
				<measured>1</measured>
				<alarmed>0</alarmed>
				<percent>0</percent>
				<lowlimit>1</lowlimit>
				<highlimit>100</highlimit>
			</file_vG>
			<file_LOCpro>
				<measured>1</measured>
				<alarmed>0</alarmed>
				<percent>0</percent>
				<lowlimit>4</lowlimit>
				<highlimit>400</highlimit>
			</file_LOCpro>
			<file_comment_percent>
				<measured>1</measured>
				<alarmed>1</alarmed>
				<percent>100</percent>
				<lowlimit>30</lowlimit>
				<highlimit>75</highlimit>
			</file_comment_percent>
			<file_V>
				<measured>1</measured>
				<alarmed>1</alarmed>
				<percent>100</percent>
				<lowlimit>100</lowlimit>
				<highlimit>8000</highlimit>
			</file_V>
			<file_B>
				<measured>1</measured>
				<alarmed>1</alarmed>
				<percent>100</percent>
				<lowlimit>0</lowlimit>
				<highlimit>2</highlimit>
			</file_B>
			<file_MI>
				<measured>1</measured>
				<alarmed>0</alarmed>
				<percent>0</percent>
				<lowlimit>65</lowlimit>
			</file_MI>
			<function_vG>
				<measured>18</measured>
				<alarmed>0</alarmed>
				<percent>0</percent>
				<lowlimit>1</lowlimit>
				<highlimit>10</highlimit>
			</function_vG>
			<function_LOCpro>
				<measured>18</measured>
				<alarmed>0</alarmed>
				<percent>0</percent>
				<lowlimit>4</lowlimit>
				<highlimit>40</highlimit>
			</function_LOCpro>
			<function_comment_percent>
				<measured>18</measured>
				<alarmed>15</alarmed>
				<percent>83</percent>
				<lowlimit>30</lowlimit>
				<highlimit>75</highlimit>
			</function_comment_percent>
			<function_V>
				<measured>18</measured>
				<alarmed>0</alarmed>
				<percent>0</percent>
				<lowlimit>20</lowlimit>
				<highlimit>1000</highlimit>
			</function_V>
			<function_MI>
				<measured>18</measured>
				<alarmed>0</alarmed>
				<percent>0</percent>
				<lowlimit>65</lowlimit>
			</function_MI>
		</alarms>
		<error_messages count="0">
		</error_messages>
	</system>
</cmt_long_report>
