<?xml version="1.0" ?>
<cmt_long_report>
	<header_info>
		<cmt_version>7.0</cmt_version>
		<copyright>Copyright (c) 1993-2013 Testwell Oy</copyright>
		<copyright>Copyright (c) 2013-2018 Verifysoft Technology GmbH</copyright>
		<license_notes>
		</license_notes>
		<date>Tue Apr  4 21:20:03 2023</date>
		<cmt_options> -o C:\Users\muawi\cmt\A1_T1_S51.xml -lf -f C:\Users\muawi\cmt\files.txt</cmt_options>
		<run_directory>C:\Testwell\CMT</run_directory>
		<mccabe_preference>extended</mccabe_preference>
	</header_info>
	<file name="C:\Users\muawi\OneDrive\Documents\Study\Junior Year\Topics in Internet Research\Project\PA1_ANON_DATA\PA1_ANON_DATA\folder_51\LinkedList.cpp" stamp="1680056137">
		<function name="LinkedList::LinkedList()">
			<start_line>8</start_line>
			<vG_b>1</vG_b>
			<vG_e>1</vG_e>
			<params>0</params>
			<LOCphy>6</LOCphy>
			<LOCpro>5</LOCpro>
			<LOCbl>0</LOCbl>
			<LOCcom>0</LOCcom>
			<N>17</N>
			<N1>11</N1>
			<N2>6</N2>
			<n>13</n>
			<n1>9</n1>
			<n2>4</n2>
			<V>62.907</V>
			<B>0.019</B>
			<D>6.750</D>
			<E>424.625</E>
			<L>0.148</L>
			<T>00:00:23</T>
			<MaxND>1</MaxND>
			<MIwoc>120</MIwoc>
			<MIcwc>0</MIcwc>
			<MI>120</MI>
			<operators>
				<token count="1">()</token>
				<token count="1">::</token>
				<token count="2">;</token>
				<token count="1">&lt;</token>
				<token count="1">=</token>
				<token count="2">&gt;</token>
				<token count="1">class</token>
				<token count="1">return</token>
				<token count="1">{}</token>
			</operators>
			<operands>
				<token count="2">LinkedList</token>
				<token count="1">NULL</token>
				<token count="2">T</token>
				<token count="1">head</token>
			</operands>
		</function>
		<function name="LinkedList::LinkedList()">
			<start_line>15</start_line>
			<vG_b>3</vG_b>
			<vG_e>3</vG_e>
			<params>1</params>
			<LOCphy>21</LOCphy>
			<LOCpro>19</LOCpro>
			<LOCbl>1</LOCbl>
			<LOCcom alarmed="1">2</LOCcom>
			<N>74</N>
			<N1>43</N1>
			<N2>31</N2>
			<n>29</n>
			<n1>19</n1>
			<n2>10</n2>
			<V>359.491</V>
			<B>0.161</B>
			<D>29.450</D>
			<E>10586.998</E>
			<L>0.034</L>
			<T>00:09:48</T>
			<MaxND>3</MaxND>
			<MIwoc>90</MIwoc>
			<MIcwc>23</MIcwc>
			<MI>113</MI>
			<operators>
				<token count="1">!=</token>
				<token count="1">&amp;</token>
				<token count="2">()</token>
				<token count="2">*</token>
				<token count="2">-&gt;</token>
				<token count="2">.</token>
				<token count="1">::</token>
				<token count="7">;</token>
				<token count="4">&lt;</token>
				<token count="5">=</token>
				<token count="1">==</token>
				<token count="5">&gt;</token>
				<token count="1">class</token>
				<token count="1">const</token>
				<token count="1">else</token>
				<token count="1">if()</token>
				<token count="1">return</token>
				<token count="1">while()</token>
				<token count="4">{}</token>
			</operators>
			<operands>
				<token count="3">LinkedList</token>
				<token count="2">ListItem</token>
				<token count="4">NULL</token>
				<token count="5">T</token>
				<token count="4">head</token>
				<token count="1">insertAtTail</token>
				<token count="1">next</token>
				<token count="3">otherLinkedList</token>
				<token count="7">temp1</token>
				<token count="1">value</token>
			</operands>
		</function>
		<function name="LinkedList::~LinkedList()">
			<start_line>37</start_line>
			<vG_b>4</vG_b>
			<vG_e>4</vG_e>
			<params>0</params>
			<LOCphy>26</LOCphy>
			<LOCpro>23</LOCpro>
			<LOCbl>1</LOCbl>
			<LOCcom alarmed="1">2</LOCcom>
			<N>75</N>
			<N1>45</N1>
			<N2>30</N2>
			<n>27</n>
			<n1>18</n1>
			<n2>9</n2>
			<V>356.617</V>
			<B>0.162</B>
			<D>30.000</D>
			<E>10698.497</E>
			<L>0.033</L>
			<T>00:09:54</T>
			<MaxND>3</MaxND>
			<MIwoc>87</MIwoc>
			<MIcwc>21</MIcwc>
			<MI>108</MI>
			<operators>
				<token count="2">!=</token>
				<token count="1">()</token>
				<token count="2">*</token>
				<token count="4">-&gt;</token>
				<token count="1">::</token>
				<token count="8">;</token>
				<token count="3">&lt;</token>
				<token count="5">=</token>
				<token count="1">==</token>
				<token count="4">&gt;</token>
				<token count="1">class</token>
				<token count="2">delete</token>
				<token count="1">else</token>
				<token count="1">if()</token>
				<token count="1">return</token>
				<token count="2">while()</token>
				<token count="5">{}</token>
				<token count="1">~</token>
			</operators>
			<operands>
				<token count="2">LinkedList</token>
				<token count="2">ListItem</token>
				<token count="4">NULL</token>
				<token count="4">T</token>
				<token count="2">dlt</token>
				<token count="4">head</token>
				<token count="2">next</token>
				<token count="2">prev</token>
				<token count="8">temp</token>
			</operands>
		</function>
		<function name="LinkedList::insertAtHead()">
			<start_line>64</start_line>
			<vG_b>2</vG_b>
			<vG_e>2</vG_e>
			<params>1</params>
			<LOCphy>26</LOCphy>
			<LOCpro>23</LOCpro>
			<LOCbl>2</LOCbl>
			<LOCcom alarmed="1">0</LOCcom>
			<N>111</N>
			<N1>62</N1>
			<N2>49</N2>
			<n>27</n>
			<n1>15</n1>
			<n2>12</n2>
			<V>527.793</V>
			<B>0.213</B>
			<D>30.625</D>
			<E>16163.646</E>
			<L>0.033</L>
			<T>00:14:57</T>
			<MaxND>2</MaxND>
			<MIwoc>85</MIwoc>
			<MIcwc>0</MIcwc>
			<MI>85</MI>
			<operators>
				<token count="3">()</token>
				<token count="2">*</token>
				<token count="8">-&gt;</token>
				<token count="1">::</token>
				<token count="14">;</token>
				<token count="5">&lt;</token>
				<token count="12">=</token>
				<token count="1">==</token>
				<token count="6">&gt;</token>
				<token count="1">class</token>
				<token count="1">else</token>
				<token count="1">if()</token>
				<token count="2">new</token>
				<token count="2">return</token>
				<token count="3">{}</token>
			</operators>
			<operands>
				<token count="1">LinkedList</token>
				<token count="4">ListItem</token>
				<token count="4">NULL</token>
				<token count="7">T</token>
				<token count="5">head</token>
				<token count="1">insertAtHead</token>
				<token count="5">item</token>
				<token count="3">next</token>
				<token count="3">prev</token>
				<token count="13">temp</token>
				<token count="2">value</token>
				<token count="1">void</token>
			</operands>
		</function>
		<function name="LinkedList::insertAtTail()">
			<start_line>91</start_line>
			<vG_b>3</vG_b>
			<vG_e>3</vG_e>
			<params>1</params>
			<LOCphy>25</LOCphy>
			<LOCpro>24</LOCpro>
			<LOCbl>0</LOCbl>
			<LOCcom alarmed="1">1</LOCcom>
			<N>119</N>
			<N1>65</N1>
			<N2>54</N2>
			<n>29</n>
			<n1>16</n1>
			<n2>13</n2>
			<V>578.100</V>
			<B>0.239</B>
			<D>33.231</D>
			<E>19210.699</E>
			<L>0.030</L>
			<T>00:17:47</T>
			<MaxND>3</MaxND>
			<MIwoc>85</MIwoc>
			<MIcwc>15</MIcwc>
			<MI>100</MI>
			<operators>
				<token count="1">!=</token>
				<token count="3">()</token>
				<token count="3">*</token>
				<token count="9">-&gt;</token>
				<token count="1">::</token>
				<token count="12">;</token>
				<token count="6">&lt;</token>
				<token count="12">=</token>
				<token count="1">==</token>
				<token count="7">&gt;</token>
				<token count="1">class</token>
				<token count="1">else</token>
				<token count="1">if()</token>
				<token count="2">new</token>
				<token count="1">while()</token>
				<token count="4">{}</token>
			</operators>
			<operands>
				<token count="1">LinkedList</token>
				<token count="5">ListItem</token>
				<token count="5">NULL</token>
				<token count="8">T</token>
				<token count="3">head</token>
				<token count="1">insertAtTail</token>
				<token count="5">item</token>
				<token count="5">next</token>
				<token count="2">prev</token>
				<token count="10">temp</token>
				<token count="6">temp1</token>
				<token count="2">value</token>
				<token count="1">void</token>
			</operands>
		</function>
		<function name="LinkedList::insertAfter()">
			<start_line>117</start_line>
			<vG_b>3</vG_b>
			<vG_e>4</vG_e>
			<params>2</params>
			<LOCphy>25</LOCphy>
			<LOCpro>24</LOCpro>
			<LOCbl>0</LOCbl>
			<LOCcom alarmed="1">1</LOCcom>
			<N>130</N>
			<N1>70</N1>
			<N2>60</N2>
			<n>32</n>
			<n1>18</n1>
			<n2>14</n2>
			<V>650.000</V>
			<B>0.286</B>
			<D>38.571</D>
			<E>25071.428</E>
			<L>0.026</L>
			<T>00:23:12</T>
			<MaxND>3</MaxND>
			<MIwoc>84</MIwoc>
			<MIcwc>15</MIcwc>
			<MI>99</MI>
			<operators>
				<token count="2">!=</token>
				<token count="1">&amp;&amp;</token>
				<token count="3">()</token>
				<token count="3">*</token>
				<token count="1">,</token>
				<token count="11">-&gt;</token>
				<token count="1">::</token>
				<token count="12">;</token>
				<token count="6">&lt;</token>
				<token count="12">=</token>
				<token count="1">==</token>
				<token count="7">&gt;</token>
				<token count="1">class</token>
				<token count="1">else</token>
				<token count="1">if()</token>
				<token count="2">new</token>
				<token count="1">while()</token>
				<token count="4">{}</token>
			</operators>
			<operands>
				<token count="1">LinkedList</token>
				<token count="5">ListItem</token>
				<token count="4">NULL</token>
				<token count="9">T</token>
				<token count="2">afterWhat</token>
				<token count="3">head</token>
				<token count="1">insertAfter</token>
				<token count="6">next</token>
				<token count="2">prev</token>
				<token count="10">temp</token>
				<token count="8">temp1</token>
				<token count="5">toInsert</token>
				<token count="3">value</token>
				<token count="1">void</token>
			</operands>
		</function>
		<function name="LinkedList::insertSorted()">
			<start_line>143</start_line>
			<vG_b>6</vG_b>
			<vG_e>6</vG_e>
			<params>1</params>
			<LOCphy>58</LOCphy>
			<LOCpro alarmed="1">53</LOCpro>
			<LOCbl>4</LOCbl>
			<LOCcom alarmed="1">0</LOCcom>
			<N>245</N>
			<N1>136</N1>
			<N2>109</N2>
			<n>30</n>
			<n1>17</n1>
			<n2>13</n2>
			<V alarmed="1">1202.188</V>
			<B>0.648</B>
			<D>71.269</D>
			<E>85679.031</E>
			<L>0.014</L>
			<T>01:19:19</T>
			<MaxND>4</MaxND>
			<MIwoc>67</MIwoc>
			<MIcwc>0</MIcwc>
			<MI>67</MI>
			<operators>
				<token count="1">!=</token>
				<token count="6">()</token>
				<token count="5">*</token>
				<token count="24">-&gt;</token>
				<token count="1">::</token>
				<token count="26">;</token>
				<token count="10">&lt;</token>
				<token count="25">=</token>
				<token count="2">==</token>
				<token count="13">&gt;</token>
				<token count="1">break</token>
				<token count="1">class</token>
				<token count="3">else</token>
				<token count="4">if()</token>
				<token count="4">new</token>
				<token count="1">while()</token>
				<token count="9">{}</token>
			</operators>
			<operands>
				<token count="1">LinkedList</token>
				<token count="9">ListItem</token>
				<token count="6">NULL</token>
				<token count="12">T</token>
				<token count="4">head</token>
				<token count="1">insertSorted</token>
				<token count="11">item</token>
				<token count="11">next</token>
				<token count="7">prev</token>
				<token count="22">temp</token>
				<token count="18">temp1</token>
				<token count="6">value</token>
				<token count="1">void</token>
			</operands>
		</function>
		<function name="LinkedList::getHead()">
			<start_line>202</start_line>
			<vG_b>1</vG_b>
			<vG_e>1</vG_e>
			<params>0</params>
			<LOCphy>5</LOCphy>
			<LOCpro>4</LOCpro>
			<LOCbl>0</LOCbl>
			<LOCcom>0</LOCcom>
			<N>19</N>
			<N1>12</N1>
			<N2>7</N2>
			<n>14</n>
			<n1>9</n1>
			<n2>5</n2>
			<V>72.340</V>
			<B>0.020</B>
			<D>6.300</D>
			<E>455.740</E>
			<L>0.159</L>
			<T>00:00:25</T>
			<MaxND>1</MaxND>
			<MIwoc>122</MIwoc>
			<MIcwc>0</MIcwc>
			<MI>122</MI>
			<operators>
				<token count="1">()</token>
				<token count="1">*</token>
				<token count="1">::</token>
				<token count="1">;</token>
				<token count="2">&lt;</token>
				<token count="3">&gt;</token>
				<token count="1">class</token>
				<token count="1">return</token>
				<token count="1">{}</token>
			</operators>
			<operands>
				<token count="1">LinkedList</token>
				<token count="1">ListItem</token>
				<token count="3">T</token>
				<token count="1">getHead</token>
				<token count="1">head</token>
			</operands>
		</function>
		<function name="LinkedList::getTail()">
			<start_line>208</start_line>
			<vG_b>3</vG_b>
			<vG_e>3</vG_e>
			<params>0</params>
			<LOCphy>17</LOCphy>
			<LOCpro>16</LOCpro>
			<LOCbl>0</LOCbl>
			<LOCcom alarmed="1">0</LOCcom>
			<N>51</N>
			<N1>31</N1>
			<N2>20</N2>
			<n>24</n>
			<n1>16</n1>
			<n2>8</n2>
			<V>233.833</V>
			<B>0.093</B>
			<D>20.000</D>
			<E>4676.662</E>
			<L>0.050</L>
			<T>00:04:19</T>
			<MaxND>3</MaxND>
			<MIwoc>96</MIwoc>
			<MIcwc>0</MIcwc>
			<MI>96</MI>
			<operators>
				<token count="1">!=</token>
				<token count="1">()</token>
				<token count="2">*</token>
				<token count="2">-&gt;</token>
				<token count="1">::</token>
				<token count="4">;</token>
				<token count="3">&lt;</token>
				<token count="2">=</token>
				<token count="1">==</token>
				<token count="4">&gt;</token>
				<token count="1">class</token>
				<token count="1">else</token>
				<token count="1">if()</token>
				<token count="2">return</token>
				<token count="1">while()</token>
				<token count="4">{}</token>
			</operators>
			<operands>
				<token count="1">LinkedList</token>
				<token count="2">ListItem</token>
				<token count="3">NULL</token>
				<token count="4">T</token>
				<token count="1">getTail</token>
				<token count="2">head</token>
				<token count="2">next</token>
				<token count="5">temp</token>
			</operands>
		</function>
		<function name="LinkedList::searchFor()">
			<start_line>226</start_line>
			<vG_b>3</vG_b>
			<vG_e>4</vG_e>
			<params>1</params>
			<LOCphy>19</LOCphy>
			<LOCpro>16</LOCpro>
			<LOCbl>2</LOCbl>
			<LOCcom alarmed="1">0</LOCcom>
			<N>57</N>
			<N1>33</N1>
			<N2>24</N2>
			<n>27</n>
			<n1>17</n1>
			<n2>10</n2>
			<V>271.029</V>
			<B>0.104</B>
			<D>20.400</D>
			<E>5528.983</E>
			<L>0.049</L>
			<T>00:05:07</T>
			<MaxND>3</MaxND>
			<MIwoc>93</MIwoc>
			<MIcwc>0</MIcwc>
			<MI>93</MI>
			<operators>
				<token count="2">!=</token>
				<token count="1">&amp;&amp;</token>
				<token count="1">()</token>
				<token count="2">*</token>
				<token count="2">-&gt;</token>
				<token count="1">::</token>
				<token count="4">;</token>
				<token count="3">&lt;</token>
				<token count="2">=</token>
				<token count="1">==</token>
				<token count="4">&gt;</token>
				<token count="1">class</token>
				<token count="1">else</token>
				<token count="1">if()</token>
				<token count="2">return</token>
				<token count="1">while()</token>
				<token count="4">{}</token>
			</operators>
			<operands>
				<token count="1">LinkedList</token>
				<token count="2">ListItem</token>
				<token count="3">NULL</token>
				<token count="5">T</token>
				<token count="2">head</token>
				<token count="2">item</token>
				<token count="1">next</token>
				<token count="1">searchFor</token>
				<token count="6">temp</token>
				<token count="1">value</token>
			</operands>
		</function>
		<function name="LinkedList::deleteElement()">
			<start_line>246</start_line>
			<vG_b>7</vG_b>
			<vG_e>7</vG_e>
			<params>1</params>
			<LOCphy>45</LOCphy>
			<LOCpro alarmed="1">41</LOCpro>
			<LOCbl>3</LOCbl>
			<LOCcom alarmed="1">0</LOCcom>
			<N>120</N>
			<N1>72</N1>
			<N2>48</N2>
			<n>32</n>
			<n1>18</n1>
			<n2>14</n2>
			<V>600.000</V>
			<B>0.233</B>
			<D>30.857</D>
			<E>18514.285</E>
			<L>0.032</L>
			<T>00:17:08</T>
			<MaxND>5</MaxND>
			<MIwoc>74</MIwoc>
			<MIcwc>0</MIcwc>
			<MI>74</MI>
			<operators>
				<token count="2">!=</token>
				<token count="4">()</token>
				<token count="2">*</token>
				<token count="11">-&gt;</token>
				<token count="1">::</token>
				<token count="11">;</token>
				<token count="3">&lt;</token>
				<token count="6">=</token>
				<token count="4">==</token>
				<token count="4">&gt;</token>
				<token count="1">break</token>
				<token count="1">class</token>
				<token count="1">delete</token>
				<token count="3">else</token>
				<token count="5">if()</token>
				<token count="2">return</token>
				<token count="1">while()</token>
				<token count="10">{}</token>
			</operators>
			<operands>
				<token count="1">LinkedList</token>
				<token count="2">ListItem</token>
				<token count="4">NULL</token>
				<token count="5">T</token>
				<token count="1">deleteElement</token>
				<token count="1">deleteHead</token>
				<token count="2">head</token>
				<token count="3">item</token>
				<token count="6">next</token>
				<token count="3">prev</token>
				<token count="5">temp</token>
				<token count="12">temp1</token>
				<token count="2">value</token>
				<token count="1">void</token>
			</operands>
		</function>
		<function name="LinkedList::deleteHead()">
			<start_line>292</start_line>
			<vG_b>3</vG_b>
			<vG_e>3</vG_e>
			<params>0</params>
			<LOCphy>18</LOCphy>
			<LOCpro>17</LOCpro>
			<LOCbl>0</LOCbl>
			<LOCcom alarmed="1">0</LOCcom>
			<N>50</N>
			<N1>30</N1>
			<N2>20</N2>
			<n>26</n>
			<n1>16</n1>
			<n2>10</n2>
			<V>235.022</V>
			<B>0.081</B>
			<D>16.000</D>
			<E>3760.352</E>
			<L>0.063</L>
			<T>00:03:28</T>
			<MaxND>3</MaxND>
			<MIwoc>95</MIwoc>
			<MIcwc>0</MIcwc>
			<MI>95</MI>
			<operators>
				<token count="1">!=</token>
				<token count="1">()</token>
				<token count="1">*</token>
				<token count="2">-&gt;</token>
				<token count="1">::</token>
				<token count="5">;</token>
				<token count="2">&lt;</token>
				<token count="3">=</token>
				<token count="1">==</token>
				<token count="3">&gt;</token>
				<token count="1">class</token>
				<token count="1">delete</token>
				<token count="1">else</token>
				<token count="2">if()</token>
				<token count="1">return</token>
				<token count="4">{}</token>
			</operators>
			<operands>
				<token count="1">LinkedList</token>
				<token count="1">ListItem</token>
				<token count="3">NULL</token>
				<token count="3">T</token>
				<token count="1">deleteHead</token>
				<token count="6">head</token>
				<token count="1">next</token>
				<token count="1">prev</token>
				<token count="2">temp</token>
				<token count="1">void</token>
			</operands>
		</function>
		<function name="LinkedList::deleteTail()">
			<start_line>311</start_line>
			<vG_b>4</vG_b>
			<vG_e>4</vG_e>
			<params>0</params>
			<LOCphy>27</LOCphy>
			<LOCpro>26</LOCpro>
			<LOCbl>0</LOCbl>
			<LOCcom alarmed="1">0</LOCcom>
			<N>76</N>
			<N1>46</N1>
			<N2>30</N2>
			<n>28</n>
			<n1>17</n1>
			<n2>11</n2>
			<V>365.359</V>
			<B>0.139</B>
			<D>23.182</D>
			<E>8469.686</E>
			<L>0.043</L>
			<T>00:07:50</T>
			<MaxND>3</MaxND>
			<MIwoc>86</MIwoc>
			<MIcwc>0</MIcwc>
			<MI>86</MI>
			<operators>
				<token count="1">!=</token>
				<token count="1">()</token>
				<token count="2">*</token>
				<token count="4">-&gt;</token>
				<token count="1">::</token>
				<token count="8">;</token>
				<token count="3">&lt;</token>
				<token count="5">=</token>
				<token count="2">==</token>
				<token count="4">&gt;</token>
				<token count="1">class</token>
				<token count="1">delete</token>
				<token count="2">else</token>
				<token count="2">if()</token>
				<token count="2">return</token>
				<token count="1">while()</token>
				<token count="6">{}</token>
			</operators>
			<operands>
				<token count="1">LinkedList</token>
				<token count="2">ListItem</token>
				<token count="5">NULL</token>
				<token count="4">T</token>
				<token count="1">deleteTail</token>
				<token count="3">head</token>
				<token count="3">next</token>
				<token count="1">prev</token>
				<token count="6">temp</token>
				<token count="3">temp1</token>
				<token count="1">void</token>
			</operands>
		</function>
		<function name="LinkedList::length()">
			<start_line>339</start_line>
			<vG_b>3</vG_b>
			<vG_e>3</vG_e>
			<params>0</params>
			<LOCphy>19</LOCphy>
			<LOCpro>18</LOCpro>
			<LOCbl>0</LOCbl>
			<LOCcom alarmed="1">0</LOCcom>
			<N>53</N>
			<N1>31</N1>
			<N2>22</N2>
			<n>28</n>
			<n1>17</n1>
			<n2>11</n2>
			<V>254.790</V>
			<B>0.089</B>
			<D>17.000</D>
			<E>4331.427</E>
			<L>0.059</L>
			<T>00:04:00</T>
			<MaxND>3</MaxND>
			<MIwoc>94</MIwoc>
			<MIcwc>0</MIcwc>
			<MI>94</MI>
			<operators>
				<token count="1">!=</token>
				<token count="1">()</token>
				<token count="1">*</token>
				<token count="1">++</token>
				<token count="1">-&gt;</token>
				<token count="1">::</token>
				<token count="6">;</token>
				<token count="2">&lt;</token>
				<token count="3">=</token>
				<token count="1">==</token>
				<token count="3">&gt;</token>
				<token count="1">class</token>
				<token count="1">else</token>
				<token count="1">if()</token>
				<token count="2">return</token>
				<token count="1">while()</token>
				<token count="4">{}</token>
			</operators>
			<operands>
				<token count="2">0</token>
				<token count="1">LinkedList</token>
				<token count="1">ListItem</token>
				<token count="2">NULL</token>
				<token count="3">T</token>
				<token count="3">counter</token>
				<token count="2">head</token>
				<token count="2">int</token>
				<token count="1">length</token>
				<token count="1">next</token>
				<token count="4">temp</token>
			</operands>
		</function>
		<function name="LinkedList::reverse()">
			<start_line>359</start_line>
			<vG_b>4</vG_b>
			<vG_e>4</vG_e>
			<params>0</params>
			<LOCphy>36</LOCphy>
			<LOCpro>27</LOCpro>
			<LOCbl>8</LOCbl>
			<LOCcom alarmed="1">5</LOCcom>
			<N>108</N>
			<N1>60</N1>
			<N2>48</N2>
			<n>28</n>
			<n1>16</n1>
			<n2>12</n2>
			<V>519.194</V>
			<B>0.217</B>
			<D>32.000</D>
			<E>16614.219</E>
			<L>0.031</L>
			<T>00:15:23</T>
			<MaxND>3</MaxND>
			<MIwoc>80</MIwoc>
			<MIcwc>27</MIcwc>
			<MI>107</MI>
			<operators>
				<token count="2">!=</token>
				<token count="1">()</token>
				<token count="3">*</token>
				<token count="9">-&gt;</token>
				<token count="1">::</token>
				<token count="12">;</token>
				<token count="4">&lt;</token>
				<token count="11">=</token>
				<token count="1">==</token>
				<token count="5">&gt;</token>
				<token count="1">class</token>
				<token count="1">else</token>
				<token count="2">if()</token>
				<token count="1">return</token>
				<token count="1">while()</token>
				<token count="5">{}</token>
			</operators>
			<operands>
				<token count="1">LinkedList</token>
				<token count="3">ListItem</token>
				<token count="3">NULL</token>
				<token count="5">T</token>
				<token count="4">head</token>
				<token count="5">next</token>
				<token count="4">prev</token>
				<token count="1">reverse</token>
				<token count="12">temp</token>
				<token count="6">temp1</token>
				<token count="3">temp2</token>
				<token count="1">void</token>
			</operands>
		</function>
		<function name="LinkedList::parityArrangement()">
			<start_line>396</start_line>
			<vG_b>6</vG_b>
			<vG_e>6</vG_e>
			<params>0</params>
			<LOCphy>55</LOCphy>
			<LOCpro alarmed="1">43</LOCpro>
			<LOCbl>10</LOCbl>
			<LOCcom alarmed="1">4</LOCcom>
			<N>167</N>
			<N1>96</N1>
			<N2>71</N2>
			<n>36</n>
			<n1>18</n1>
			<n2>18</n2>
			<V>863.378</V>
			<B>0.326</B>
			<D>35.500</D>
			<E>30649.900</E>
			<L>0.028</L>
			<T>00:28:22</T>
			<MaxND>4</MaxND>
			<MIwoc>70</MIwoc>
			<MIcwc>20</MIcwc>
			<MI>90</MI>
			<operators>
				<token count="2">!=</token>
				<token count="8">()</token>
				<token count="3">*</token>
				<token count="8">-&gt;</token>
				<token count="6">.</token>
				<token count="1">::</token>
				<token count="22">;</token>
				<token count="6">&lt;</token>
				<token count="12">=</token>
				<token count="3">==</token>
				<token count="7">&gt;</token>
				<token count="1">break</token>
				<token count="1">class</token>
				<token count="1">else</token>
				<token count="3">if()</token>
				<token count="3">return</token>
				<token count="2">while()</token>
				<token count="7">{}</token>
			</operators>
			<operands>
				<token count="3">LinkedList</token>
				<token count="3">ListItem</token>
				<token count="9">NULL</token>
				<token count="7">T</token>
				<token count="2">deleteHead</token>
				<token count="4">even</token>
				<token count="1">eveniter</token>
				<token count="2">getHead</token>
				<token count="8">head</token>
				<token count="2">insertAtTail</token>
				<token count="7">iter</token>
				<token count="5">next</token>
				<token count="4">odd</token>
				<token count="9">odditer</token>
				<token count="1">parityArrangement</token>
				<token count="1">prev</token>
				<token count="2">value</token>
				<token count="1">void</token>
			</operands>
		</function>
		<function name="LinkedList::print()">
			<start_line>452</start_line>
			<vG_b>2</vG_b>
			<vG_e>2</vG_e>
			<params>0</params>
			<LOCphy>12</LOCphy>
			<LOCpro>11</LOCpro>
			<LOCbl>0</LOCbl>
			<LOCcom alarmed="1">0</LOCcom>
			<N>58</N>
			<N1>31</N1>
			<N2>27</N2>
			<n>27</n>
			<n1>13</n1>
			<n2>14</n2>
			<V>275.783</V>
			<B>0.076</B>
			<D>12.536</D>
			<E>3457.143</E>
			<L>0.080</L>
			<T>00:03:12</T>
			<MaxND>2</MaxND>
			<MIwoc>101</MIwoc>
			<MIcwc>0</MIcwc>
			<MI>101</MI>
			<operators>
				<token count="1">!=</token>
				<token count="1">()</token>
				<token count="1">*</token>
				<token count="2">-&gt;</token>
				<token count="6">::</token>
				<token count="5">;</token>
				<token count="2">&lt;</token>
				<token count="4">&lt;&lt;</token>
				<token count="2">=</token>
				<token count="3">&gt;</token>
				<token count="1">class</token>
				<token count="1">while()</token>
				<token count="2">{}</token>
			</operators>
			<operands>
				<token count="1">&quot;, &quot;</token>
				<token count="1">LinkedList</token>
				<token count="1">ListItem</token>
				<token count="1">NULL</token>
				<token count="3">T</token>
				<token count="3">cout</token>
				<token count="2">endl</token>
				<token count="1">head</token>
				<token count="1">next</token>
				<token count="1">print</token>
				<token count="5">std</token>
				<token count="5">temp</token>
				<token count="1">value</token>
				<token count="1">void</token>
			</operands>
		</function>
		<function name="LinkedList::isPalindrome()">
			<start_line>465</start_line>
			<vG_b>5</vG_b>
			<vG_e>6</vG_e>
			<params>0</params>
			<LOCphy>31</LOCphy>
			<LOCpro>24</LOCpro>
			<LOCbl>6</LOCbl>
			<LOCcom alarmed="1">0</LOCcom>
			<N>92</N>
			<N1>55</N1>
			<N2>37</N2>
			<n>31</n>
			<n1>18</n1>
			<n2>13</n2>
			<V>455.786</V>
			<B>0.172</B>
			<D>25.615</D>
			<E>11675.135</E>
			<L>0.039</L>
			<T>00:10:48</T>
			<MaxND>3</MaxND>
			<MIwoc>82</MIwoc>
			<MIcwc>0</MIcwc>
			<MI>82</MI>
			<operators>
				<token count="4">!=</token>
				<token count="1">&amp;&amp;</token>
				<token count="1">()</token>
				<token count="2">*</token>
				<token count="6">-&gt;</token>
				<token count="1">::</token>
				<token count="9">;</token>
				<token count="3">&lt;</token>
				<token count="6">=</token>
				<token count="1">==</token>
				<token count="4">&gt;</token>
				<token count="1">class</token>
				<token count="2">false</token>
				<token count="2">if()</token>
				<token count="3">return</token>
				<token count="2">true</token>
				<token count="2">while()</token>
				<token count="5">{}</token>
			</operators>
			<operands>
				<token count="1">LinkedList</token>
				<token count="2">ListItem</token>
				<token count="4">NULL</token>
				<token count="4">T</token>
				<token count="8">back</token>
				<token count="2">bool</token>
				<token count="5">front</token>
				<token count="3">head</token>
				<token count="1">isPalindrome</token>
				<token count="3">next</token>
				<token count="1">pal</token>
				<token count="1">prev</token>
				<token count="2">value</token>
			</operands>
		</function>
		<file_total>
			<vG_b>47</vG_b>
			<vG_e>50</vG_e>
			<vG_b_max>7</vG_b_max>
			<vG_b_avg>3</vG_b_avg>
			<vG_e_max>7</vG_e_max>
			<vG_e_avg>3</vG_e_avg>
			<params>8</params>
			<LOCphy>496</LOCphy>
			<LOCpro alarmed="1">437</LOCpro>
			<LOCbl>57</LOCbl>
			<LOCcom alarmed="1">15</LOCcom>
			<N>1670</N>
			<N1>972</N1>
			<N2>698</N2>
			<n>84</n>
			<n1>33</n1>
			<n2>51</n2>
			<V alarmed="1">10675.170</V>
			<B alarmed="1">5.993</B>
			<D>225.824</D>
			<E>2410704.500</E>
			<L>0.004</L>
			<T>37:12:08</T>
			<MaxND>5</MaxND>
			<MIwoc>83</MIwoc>
			<MIcwc>13</MIcwc>
			<MI>97</MI>
			<operators>
				<token count="24">!=</token>
				<token count="5">#</token>
				<token count="1">&amp;</token>
				<token count="3">&amp;&amp;</token>
				<token count="40">()</token>
				<token count="37">*</token>
				<token count="1">++</token>
				<token count="1">,</token>
				<token count="105">-&gt;</token>
				<token count="8">.</token>
				<token count="23">::</token>
				<token count="168">;</token>
				<token count="86">&lt;</token>
				<token count="4">&lt;&lt;</token>
				<token count="124">=</token>
				<token count="22">==</token>
				<token count="88">&gt;</token>
				<token count="3">break</token>
				<token count="18">class</token>
				<token count="1">const</token>
				<token count="5">delete</token>
				<token count="19">else</token>
				<token count="1">endif</token>
				<token count="2">false</token>
				<token count="28">if()</token>
				<token count="1">ifndef</token>
				<token count="10">new</token>
				<token count="24">return</token>
				<token count="18">template</token>
				<token count="2">true</token>
				<token count="17">while()</token>
				<token count="82">{}</token>
				<token count="1">~</token>
			</operators>
			<operands>
				<token count="1">&quot;, &quot;</token>
				<token count="2">0</token>
				<token count="24">LinkedList</token>
				<token count="47">ListItem</token>
				<token count="65">NULL</token>
				<token count="93">T</token>
				<token count="2">__LIST_CPP</token>
				<token count="2">afterWhat</token>
				<token count="8">back</token>
				<token count="2">bool</token>
				<token count="3">counter</token>
				<token count="3">cout</token>
				<token count="1">define</token>
				<token count="1">deleteElement</token>
				<token count="4">deleteHead</token>
				<token count="1">deleteTail</token>
				<token count="2">dlt</token>
				<token count="2">endl</token>
				<token count="4">even</token>
				<token count="1">eveniter</token>
				<token count="5">front</token>
				<token count="3">getHead</token>
				<token count="1">getTail</token>
				<token count="58">head</token>
				<token count="2">include</token>
				<token count="1">insertAfter</token>
				<token count="1">insertAtHead</token>
				<token count="4">insertAtTail</token>
				<token count="1">insertSorted</token>
				<token count="2">int</token>
				<token count="1">isPalindrome</token>
				<token count="26">item</token>
				<token count="7">iter</token>
				<token count="1">length</token>
				<token count="56">next</token>
				<token count="4">odd</token>
				<token count="9">odditer</token>
				<token count="3">otherLinkedList</token>
				<token count="1">pal</token>
				<token count="1">parityArrangement</token>
				<token count="27">prev</token>
				<token count="1">print</token>
				<token count="1">reverse</token>
				<token count="1">searchFor</token>
				<token count="5">std</token>
				<token count="108">temp</token>
				<token count="60">temp1</token>
				<token count="3">temp2</token>
				<token count="5">toInsert</token>
				<token count="22">value</token>
				<token count="10">void</token>
			</operands>
		</file_total>
	</file>
	<system>
		<files>1</files>
		<functions>18</functions>
		<LOCphy>496</LOCphy>
		<LOCbl>57</LOCbl>
		<LOCpro>437</LOCpro>
		<LOCcom>15</LOCcom>
		<semicolons>168</semicolons>
		<vG_b>47</vG_b>
		<vG_e>50</vG_e>
		<params>8</params>
		<MIwoc>86</MIwoc>
		<MIcw>14</MIcw>
		<MI>99</MI>
		<alarms>
			<file_vG>
				<measured>1</measured>
				<alarmed>0</alarmed>
				<percent>0</percent>
				<lowlimit>1</lowlimit>
				<highlimit>100</highlimit>
			</file_vG>
			<file_LOCpro>
				<measured>1</measured>
				<alarmed>1</alarmed>
				<percent>100</percent>
				<lowlimit>4</lowlimit>
				<highlimit>400</highlimit>
			</file_LOCpro>
			<file_comment_percent>
				<measured>1</measured>
				<alarmed>1</alarmed>
				<percent>100</percent>
				<lowlimit>30</lowlimit>
				<highlimit>75</highlimit>
			</file_comment_percent>
			<file_V>
				<measured>1</measured>
				<alarmed>1</alarmed>
				<percent>100</percent>
				<lowlimit>100</lowlimit>
				<highlimit>8000</highlimit>
			</file_V>
			<file_B>
				<measured>1</measured>
				<alarmed>1</alarmed>
				<percent>100</percent>
				<lowlimit>0</lowlimit>
				<highlimit>2</highlimit>
			</file_B>
			<file_MI>
				<measured>1</measured>
				<alarmed>0</alarmed>
				<percent>0</percent>
				<lowlimit>65</lowlimit>
			</file_MI>
			<function_vG>
				<measured>18</measured>
				<alarmed>0</alarmed>
				<percent>0</percent>
				<lowlimit>1</lowlimit>
				<highlimit>10</highlimit>
			</function_vG>
			<function_LOCpro>
				<measured>18</measured>
				<alarmed>3</alarmed>
				<percent>16</percent>
				<lowlimit>4</lowlimit>
				<highlimit>40</highlimit>
			</function_LOCpro>
			<function_comment_percent>
				<measured>18</measured>
				<alarmed>16</alarmed>
				<percent>88</percent>
				<lowlimit>30</lowlimit>
				<highlimit>75</highlimit>
			</function_comment_percent>
			<function_V>
				<measured>18</measured>
				<alarmed>1</alarmed>
				<percent>5</percent>
				<lowlimit>20</lowlimit>
				<highlimit>1000</highlimit>
			</function_V>
			<function_MI>
				<measured>18</measured>
				<alarmed>0</alarmed>
				<percent>0</percent>
				<lowlimit>65</lowlimit>
			</function_MI>
		</alarms>
		<error_messages count="0">
		</error_messages>
	</system>
</cmt_long_report>
